email,first_name,profile_url,phone
info@beblecolombine.it,B&B Le Colombine,https://www.hotelsdrop.com/hotel/b-b-le-colombine-abbadia-lariana,+39 333 907 1899
info@bbcontradalunga.it,B&B Lecco Contrada Lunga,https://www.hotelsdrop.com/hotel/b-b-lecco-contrada-lunga-abbadia-lariana,+39 335 644 3223
casalarosaabbadialariana@gmail.com,Casa la Rosa Abbadia Lariana,https://www.hotelsdrop.com/hotel/casa-la-rosa-abbadia-lariana-abbadia-lariana,+39 340 863 8420
info@villaonedo.com,Villa Onedo - Lake Como,https://www.hotelsdrop.com/hotel/villa-onedo-lake-como-abbadia-lariana,+39 333 949 6937
info@bbgliarchi.it,B&B Gli Archi,https://www.hotelsdrop.com/hotel/b-b-gli-archi-abbadia-san-salvatore,+39 371 448 0935
info@bbilbiancospino.com,B&B Il Biancospino,https://www.hotelsdrop.com/hotel/b-b-il-biancospino-abbadia-san-salvatore,+39 334 344 5885
sanmarcoscalette@gmail.com,B&B Le Scalette | B&B San Marco,https://www.hotelsdrop.com/hotel/b-b-le-scalette-b-b-san-marco-abbadia-san-salvatore,+39 371 359 3707
hoteladriana@alice.it,Hotel Adriana Snc,https://www.hotelsdrop.com/hotel/hotel-adriana-snc-abbadia-san-salvatore,+39 338 592 0038
mail@agriturismosispiga.com,Agriturismo S'ispiga,https://www.hotelsdrop.com/hotel/agriturismo-s-ispiga-abbasanta,+39 347 302 2768
pinofodde@gmail.com,Agriturismo su Nuratolu,https://www.hotelsdrop.com/hotel/agriturismo-su-nuratolu-abbasanta,+39 338 248 4633
agriturvillagaia@tiscali.it,Agriturismo Villa Gaia Cabras,https://www.hotelsdrop.com/hotel/agriturismo-villa-gaia-cabras-abbasanta,+39 340 317 0324
bitulera@gmail.com,B&B Bitulera,https://www.hotelsdrop.com/hotel/b-b-bitulera-abbasanta,+39 349 395 0656
info@lacortedegliulivi.it,La Corte degli Ulivi | Albergo Rurale,https://www.hotelsdrop.com/hotel/la-corte-degli-ulivi-albergo-rurale-abbasanta,+39 393 872 4450
info@latinaia.eu,La Tinaia Country House Bed & Board,https://www.hotelsdrop.com/hotel/la-tinaia-country-house-bed-board-abbasanta,+39 348 381 2405
info@pessighette.it,Pessighette Dimora di Campagna Bosa,https://www.hotelsdrop.com/hotel/pessighette-dimora-di-campagna-bosa-abbasanta,+39 347 648 0478
info@regiahotel.com,Regia Hotel,https://www.hotelsdrop.com/hotel/regia-hotel-abbasanta,+39 377 099 4955
contact.casaorso@gmail.com,Casa dell’Orso,https://www.hotelsdrop.com/hotel/casa-dell-orso-abbateggio,+39 348 175 5863
countryhouse@antichedimore.net,Country House Antiche Dimore,https://www.hotelsdrop.com/hotel/country-house-antiche-dimore-abbateggio,+39 333 889 9567
info@dimoremontane.com,Dimore Montane • glamping • b&b • ristorante,https://www.hotelsdrop.com/hotel/dimore-montane-glamping-b-b-ristorante-abbateggio,+39 320 922 1069
lacasadallefinestreblu@gmail.com,La casa dalle finestre blu B&B,https://www.hotelsdrop.com/hotel/la-casa-dalle-finestre-blu-b-b-abbateggio,+39 348 773 5746
bblaquercia91@gmail.com,La Quercia B&B,https://www.hotelsdrop.com/hotel/la-quercia-b-b-abbateggio,+39 366 724 4879
info@lecameredellacervia.it,Affittacamere Le Camere della Cervia,https://www.hotelsdrop.com/hotel/affittacamere-le-camere-della-cervia-abbiategrasso,+39 331 188 2645
info@agriturismocascinapalazzo.it,Agriturismo Cascina Palazzo,https://www.hotelsdrop.com/hotel/agriturismo-cascina-palazzo-abbiategrasso,+39 345 148 9871
daniperini@libero.it,B&B Il Giardino,https://www.hotelsdrop.com/hotel/b-b-il-giardino-abbiategrasso,+39 392 747 4768
info@locandalugagnano.com,B&B Locanda Lugagnano,https://www.hotelsdrop.com/hotel/b-b-locanda-lugagnano-abbiategrasso,+39 393 279 2307
info@cascinasandonato.it,Cascina San Donato - Azienda agricola - Vendita diretta frutta e verdura - Fattoria Didattica,https://www.hotelsdrop.com/hotel/cascina-san-donato-azienda-agricola-vendita-dire-abbiategrasso,+39 347 056 8625
infodelightrooms@gmail.com,Delight Rooms,https://www.hotelsdrop.com/hotel/delight-rooms-abbiategrasso,+39 345 857 9724
info@lacardinala.it,La Cardinala,https://www.hotelsdrop.com/hotel/la-cardinala-abbiategrasso,+39 335 807 6411
info@mahthildis.net,Mahthildis Agriturismo B&B,https://www.hotelsdrop.com/hotel/mahthildis-agriturismo-b-b-abbiategrasso,+39 346 680 4097
info@bbdahu.it,B&B Dahu,https://www.hotelsdrop.com/hotel/b-b-dahu-abetone-cutigliano,+39 348 529 6800
bb85centro@gmail.com,B&B 85centro,https://www.hotelsdrop.com/hotel/b-b-85centro-abriola,+39 335 848 5441
info@sottoilcielo.it,La Fattoria Sotto il Cielo,https://www.hotelsdrop.com/hotel/la-fattoria-sotto-il-cielo-abriola,+39 345 672 5731
info@ostellovillafranca.com,Ostello Villafranca,https://www.hotelsdrop.com/hotel/ostello-villafranca-abriola,+39 349 003 1089
info@bagliocchipinti.com,Baglio Occhipinti,https://www.hotelsdrop.com/hotel/baglio-occhipinti-acate,+39 349 394 4359
info@dimoradidante.com,Dimora di Dante,https://www.hotelsdrop.com/hotel/dimora-di-dante-acate,+39 392 744 1466
ignazio55nicosia@gmail.com,Terra del sole b&b a Vittoria,https://www.hotelsdrop.com/hotel/terra-del-sole-b-b-a-vittoria-acate,+39 346 153 2571
info@terreibleeresort.com,TERRE IBLEE RESORT,https://www.hotelsdrop.com/hotel/terre-iblee-resort-acate,+39 338 807 8040
info@villaorchidea.it,Villa Orchidea,https://www.hotelsdrop.com/hotel/villa-orchidea-acate,+39 391 105 2271
info@acasanostracandela.it,A Casa Nostra,https://www.hotelsdrop.com/hotel/a-casa-nostra-accadia,+39 335 157 2312
info@casalecerere.it,Agriturismo Casale Cerere,https://www.hotelsdrop.com/hotel/agriturismo-casale-cerere-accadia,+39 329 923 5292
info@petrilli.it,Azienda Agrituristica Petrilli,https://www.hotelsdrop.com/hotel/azienda-agrituristica-petrilli-accadia,+39 324 849 0189
info@bbvillamilena.com,B&B Villa Milena,https://www.hotelsdrop.com/hotel/b-b-villa-milena-accadia,+39 338 424 2147
info@domusansantica.it,Domus Ansantica,https://www.hotelsdrop.com/hotel/domus-ansantica-accadia,+39 340 983 3779
info@lanticomonastero.com,L'Antico Monastero,https://www.hotelsdrop.com/hotel/l-antico-monastero-accadia,+39 375 510 2321
info@lemarmotte.com,Albergo Ristorante Le Marmotte,https://www.hotelsdrop.com/hotel/albergo-ristorante-le-marmotte-acceglio,+39 345 639 7132
info@brieis.it,"Brieis Relais Alpino - Camere, Ristorante & Spa",https://www.hotelsdrop.com/hotel/brieis-relais-alpino-camere-ristorante-spa-acceglio,+39 347 224 2137
terredicastelmagno@hotmail.com,La Meiro,https://www.hotelsdrop.com/hotel/la-meiro-acceglio,+39 366 227 1614
info@loupitavin.net,Locanda Occitana Lou Pitavin,https://www.hotelsdrop.com/hotel/locanda-occitana-lou-pitavin-acceglio,+39 350 147 0847
siroden06a@gmail.com,Morier,https://www.hotelsdrop.com/hotel/morier-acceglio,+39 340 280 3526
info@oronaye.com,Oronaye Bed and Breakfast Acceglio - Valle Maira,https://www.hotelsdrop.com/hotel/oronaye-bed-and-breakfast-acceglio-valle-maira-acceglio,+39 347 452 5036
rifugioloulindal@gmail.com,RIFUGIO LOU LINDAL,https://www.hotelsdrop.com/hotel/rifugio-lou-lindal-acceglio,+39 328 748 4076
info@sagnarotonda.com,Sagna Rotonda,https://www.hotelsdrop.com/hotel/sagna-rotonda-acceglio,+39 348 561 2890
info@visaisa.com,Visaisa Taverna & Foresteria,https://www.hotelsdrop.com/hotel/visaisa-taverna-foresteria-acceglio,+39 335 670 6604
info@auraglamping.it,Aura Glamping,https://www.hotelsdrop.com/hotel/aura-glamping-accettura,+39 329 404 2031
bbvignadelduca@gmail.com,B&B Vigna del Duca,https://www.hotelsdrop.com/hotel/b-b-vigna-del-duca-accettura,+39 328 109 7848
info@palazzolaureano.it,Palazzo Laureano - Dimora Storica,https://www.hotelsdrop.com/hotel/palazzo-laureano-dimora-storica-accettura,+39 346 474 6904
info@abruzzo-segreto.it,Abruzzo Segreto bed & breakfast,https://www.hotelsdrop.com/hotel/abruzzo-segreto-bed-breakfast-acciano,+39 338 399 7221
info@gorianovalli.it,B&B Goriano Valli,https://www.hotelsdrop.com/hotel/b-b-goriano-valli-acciano,+39 349 094 5341
info@charmeinperillis.it,Charme in Perillis,https://www.hotelsdrop.com/hotel/charme-in-perillis-acciano,+39 350 084 0400
info@collispetrirelais.it,Collis Petri Relais,https://www.hotelsdrop.com/hotel/collis-petri-relais-acciano,+39 388 877 4414
palazzopirro@gmail.com,Palazzo Pirro - Dimora Storica,https://www.hotelsdrop.com/hotel/palazzo-pirro-dimora-storica-acciano,+39 353 468 3618
info@agricampeggiocapestrano.it,Tenuta Il Guerriero - Agricampeggio Capestrano,https://www.hotelsdrop.com/hotel/tenuta-il-guerriero-agricampeggio-capestrano-acciano,+39 349 658 4465
contact@ourdomain.com,Agriturismo 'Coop. Grisciano',https://www.hotelsdrop.com/hotel/agriturismo-coop-grisciano-accumoli,+39 328 405 2893
info@ilcasalepica.it,Agriturismo Il Casale Pica,https://www.hotelsdrop.com/hotel/agriturismo-il-casale-pica-accumoli,+39 349 789 6258
info@agriturismolesorgenti.com,Agriturismo Le Sorgenti,https://www.hotelsdrop.com/hotel/agriturismo-le-sorgenti-accumoli,+39 347 891 2401
agriturismovalletezze@gmail.com,Agriturismo Valle Tezze,https://www.hotelsdrop.com/hotel/agriturismo-valle-tezze-accumoli,+39 347 810 4997
info@hotelvillastellacascia.com,Hotel Villa Stella,https://www.hotelsdrop.com/hotel/hotel-villa-stella-accumoli,+39 333 250 7957
info@traicastelli.it,B&B Tra I Castelli,https://www.hotelsdrop.com/hotel/b-b-tra-i-castelli-acerenza,337 901 255
lamurese@gmail.com,Borgo Lamurese,https://www.hotelsdrop.com/hotel/borgo-lamurese-acerenza,+39 393 261 3408
info@ilcasaledelborgo.it,Il Casale del Borgo,https://www.hotelsdrop.com/hotel/il-casale-del-borgo-acerenza,+39 389 439 2327
info@whiteroom.name,White Room,https://www.hotelsdrop.com/hotel/white-room-acerenza,+39 347 697 3629
lenza1968@hotmail.it,Agriturismo la Vecchia Lanterna,https://www.hotelsdrop.com/hotel/agriturismo-la-vecchia-lanterna-acerno,+39 338 830 6580
info@domusvivian.it,Domus Vivian b&b,https://www.hotelsdrop.com/hotel/domus-vivian-b-b-acerno,+39 351 518 5724
info@bbfabros.it,FABROS B&B,https://www.hotelsdrop.com/hotel/fabros-b-b-acerno,+39 339 899 0236
info@villa-alessandra.it,Villa Alessandra,https://www.hotelsdrop.com/hotel/villa-alessandra-acerno,+39 350 133 7876
info@vittoriaguesthouse.it,Vittoria Guest House Battipaglia,https://www.hotelsdrop.com/hotel/vittoria-guest-house-battipaglia-acerno,+39 371 340 8620
rosa.c_sun@hotmail.it,Bed & Breakfast La Primavera,https://www.hotelsdrop.com/hotel/bed-breakfast-la-primavera-acerra,+39 348 661 7188
info@hotelmovida.it,Hotel Movida,https://www.hotelsdrop.com/hotel/hotel-movida-acerra,+39 375 800 7100
info@livingbedandbreakfast.it,Living Bed and Breakfast,https://www.hotelsdrop.com/hotel/living-bed-and-breakfast-acerra,+39 351 848 4360
reservations@paradiseaclubandresidences.com,Paradisea Club and Residences,https://www.hotelsdrop.com/hotel/paradisea-club-and-residences-acerra,+39 377 350 7055
info@paveansuites.com,Pavean Suites Frattamaggiore,https://www.hotelsdrop.com/hotel/pavean-suites-frattamaggiore-acerra,+39 334 704 7940
info@casalottoinn.com,B&B Casalotto Inn,https://www.hotelsdrop.com/hotel/b-b-casalotto-inn-aci-bonaccorsi,+39 328 601 8254
info@icoloridelletnabb.it,B&B I Colori dell'Etna,https://www.hotelsdrop.com/hotel/b-b-i-colori-dell-etna-aci-bonaccorsi,+39 340 340 1981
info@leantichecisterne.it,B&B Le Antiche Cisterne,https://www.hotelsdrop.com/hotel/b-b-le-antiche-cisterne-aci-bonaccorsi,+39 339 162 8095
info@sottoleremo.it,B&B Sotto l'eremo,https://www.hotelsdrop.com/hotel/b-b-sotto-l-eremo-aci-bonaccorsi,+39 340 490 5659
maxct21@libero.it,B&B suite,https://www.hotelsdrop.com/hotel/b-b-suite-aci-bonaccorsi,+39 389 677 2586
info@sikeliarooms.it,Sikelia Rooms,https://www.hotelsdrop.com/hotel/sikelia-rooms-aci-bonaccorsi,+39 380 698 0069
bbepos@icloud.com,B&B Epos Acitrezza,https://www.hotelsdrop.com/hotel/b-b-epos-acitrezza-aci-castello,+39 392 484 8113
hellobnbacitrezza@gmail.com,Hello B&B,https://www.hotelsdrop.com/hotel/hello-b-b-aci-castello,+39 347 406 5907
oasiperladelmare@gmail.com,Oasi Perla del Mare - Bed&Breakfast,https://www.hotelsdrop.com/hotel/oasi-perla-del-mare-bed-breakfast-aci-castello,+39 351 729 3291
helpdesk@sicitaly.eu,SicItaly Acicastello,https://www.hotelsdrop.com/hotel/sicitaly-acicastello-aci-castello,+39 348 654 0517
ilvecchiosentiero@gmail.com,Il vecchio sentiero,https://www.hotelsdrop.com/hotel/il-vecchio-sentiero-aci-catena,+39 370 114 2251
info@bebcasadimari.it,BeB Casa di Mari,https://www.hotelsdrop.com/hotel/beb-casa-di-mari-aci-sant-antonio,+39 340 874 8965
info@villacorallodelletna.com,Villa Corallo dell'Etna,https://www.hotelsdrop.com/hotel/villa-corallo-dell-etna-aci-sant-antonio,+39 333 666 4545
palazzofiorini@gmail.com,B&B ACIREALE- il Cavalluccio Marino fronte mare,https://www.hotelsdrop.com/hotel/b-b-acireale-il-cavalluccio-marino-fronte-mare-acireale,+39 335 777 0739
info@luxurybeb-euphorbia.it,Luxury B&b Euphorbia,https://www.hotelsdrop.com/hotel/luxury-b-b-euphorbia-acireale,+39 329 748 8033
info@residenzacavour.net,Residenza Cavour,https://www.hotelsdrop.com/hotel/residenza-cavour-acireale,+39 393 914 5510
info@riflessiacireale.it,Riflessi Acireale Palace Suites,https://www.hotelsdrop.com/hotel/riflessi-acireale-palace-suites-acireale,+39 392 368 7239
villariannasicily@gmail.com,Villa Arianna Acireale,https://www.hotelsdrop.com/hotel/villa-arianna-acireale-acireale,+39 334 733 4234
info@pioppetocassino.com,Agriturismo Il Pioppeto,https://www.hotelsdrop.com/hotel/agriturismo-il-pioppeto-acquafondata,+39 349 431 2563
info@montagnarosa.it,B&B La Montagnarosa,https://www.hotelsdrop.com/hotel/b-b-la-montagnarosa-acquafondata,+39 329 264 9114
info@bbcheznous.it,Chez Nous Bed and Breakfast,https://www.hotelsdrop.com/hotel/chez-nous-bed-and-breakfast-acquafondata,+39 333 106 1109
info@locandabelvedere.eu,Locanda Belvedere da Stefano,https://www.hotelsdrop.com/hotel/locanda-belvedere-da-stefano-acquafondata,+39 338 173 0892
info@palazzolicinio.it,Palazzo Licinio,https://www.hotelsdrop.com/hotel/palazzo-licinio-acquafondata,+39 351 354 3286
bebillaghetto@gmail.com,B&B IL LAGHETTO,https://www.hotelsdrop.com/hotel/b-b-il-laghetto-acquaformosa,+39 320 259 7069
bedgreen23@gmail.com,Green Bed And Breakfast,https://www.hotelsdrop.com/hotel/green-bed-and-breakfast-acquaformosa,+39 347 244 9593
info@kamillordi.it,Ka Millordi,https://www.hotelsdrop.com/hotel/ka-millordi-acquaformosa,+39 328 405 4493
tiktakbedandbreakfast@gmail.com,Tik Tak Bed and Breakfast,https://www.hotelsdrop.com/hotel/tik-tak-bed-and-breakfast-acquaformosa,+39 392 342 9773
info@amirapalacehotel.com,AMIRA PALACE HOTEL,https://www.hotelsdrop.com/hotel/amira-palace-hotel-acquafredda,+39 331 560 8889
infobebilfienile@gmail.com,B&B Il Fienile,https://www.hotelsdrop.com/hotel/b-b-il-fienile-acquafredda,+39 351 771 8411
info@cascinacavallera.com,B&B Santa Cristina,https://www.hotelsdrop.com/hotel/b-b-santa-cristina-acquafredda,+39 338 838 1065
info@lavecchiatramviacamere.it,La Stazione Hotel(LA VECCHIA TRAMVIA),https://www.hotelsdrop.com/hotel/la-stazione-hotel-la-vecchia-tramvia-acquafredda,+39 338 543 0936
info@monticlaris.it,Monticlaris Foresteria Self Contained,https://www.hotelsdrop.com/hotel/monticlaris-foresteria-self-contained-acquafredda,+39 335 533 7524
info@bbpalazzo.it,Palazzo Bed and Breakfast,https://www.hotelsdrop.com/hotel/palazzo-bed-and-breakfast-acquafredda,+39 328 181 3717
info@vecchiaquercia.it,Agriturismo Alla Vecchia Quercia,https://www.hotelsdrop.com/hotel/agriturismo-alla-vecchia-quercia-acqualagna,+39 329 602 8302
info@brandio.it,B&B Fox's Hill,https://www.hotelsdrop.com/hotel/b-b-fox-s-hill-acqualagna,+39 333 776 9915
gfranco.paoloni@gmail.com,B&b Monte San Pietro,https://www.hotelsdrop.com/hotel/b-b-monte-san-pietro-acqualagna,+39 328 420 7908
info@bbdelteatro.it,Bed & Breakfast del Teatro,https://www.hotelsdrop.com/hotel/bed-breakfast-del-teatro-acqualagna,+39 333 951 0045
info@ristorantelagioconda.it,Cielo e Nuvole,https://www.hotelsdrop.com/hotel/cielo-e-nuvole-acqualagna,+39 339 350 7781
info@inlocoitaly.com,InLoco - Natural Experience,https://www.hotelsdrop.com/hotel/inloco-natural-experience-acqualagna,+39 378 406 9780
info@latanadelfurlo.it,La Tana del Furlo B&B,https://www.hotelsdrop.com/hotel/la-tana-del-furlo-b-b-acqualagna,+39 352 012 0325
info@albergoiltorchio.com,B & B Albergo Il Torchio Di Alchieri Moreno & C. Sas,https://www.hotelsdrop.com/hotel/b-b-albergo-il-torchio-di-alchieri-moreno-c-sas-acquanegra-cremonese,+39 347 241 0169
spaziovitale3@gmail.com,B&B Spaziovitale,https://www.hotelsdrop.com/hotel/b-b-spaziovitale-acquanegra-cremonese,+39 340 416 4989
info@bedandbikecremona.it,FORESTERIA LOMBARDA BED and BIKE CREMONA,https://www.hotelsdrop.com/hotel/foresteria-lombarda-bed-and-bike-cremona-acquanegra-cremonese,+39 331 791 4435
info@giardini-rooms-cremona.it,Giardini Rooms,https://www.hotelsdrop.com/hotel/giardini-rooms-acquanegra-cremonese,+39 328 550 8586
celiodiego@gmail.com,Mulino degli Orti S.n.c,https://www.hotelsdrop.com/hotel/mulino-degli-orti-s-n-c-acquanegra-cremonese,+39 340 222 7695
info@affittacamerecigole.it,Affittacamere Cigole,https://www.hotelsdrop.com/hotel/affittacamere-cigole-acquanegra-sul-chiese,+39 339 318 1599
toninidavide81@gmail.com,B&B La Casa sul Fiume,https://www.hotelsdrop.com/hotel/b-b-la-casa-sul-fiume-acquanegra-sul-chiese,+39 331 766 5452
bedandbiker@gmail.com,Bed&Biker,https://www.hotelsdrop.com/hotel/bed-biker-acquanegra-sul-chiese,+39 351 979 2181
casadellerondini5@gmail.com,Casa delle Rondini B&B,https://www.hotelsdrop.com/hotel/casa-delle-rondini-b-b-acquanegra-sul-chiese,+39 351 624 9450
info@cortepioppazza.it,Corte Pioppazza,https://www.hotelsdrop.com/hotel/corte-pioppazza-acquanegra-sul-chiese,+39 335 823 6386
postmaster@corterachele.it,Corte Rachele,https://www.hotelsdrop.com/hotel/corte-rachele-acquanegra-sul-chiese,+39 340 857 6912
lodirizzinir@gmail.com,House Sabbioneta,https://www.hotelsdrop.com/hotel/house-sabbioneta-acquanegra-sul-chiese,+39 333 547 3606
info@ilgigliobnb.it,il Giglio B&B,https://www.hotelsdrop.com/hotel/il-giglio-b-b-acquanegra-sul-chiese,+39 379 201 2223
info@bbalveare.com,L'Alveare,https://www.hotelsdrop.com/hotel/l-alveare-acquanegra-sul-chiese,+39 335 642 8622
lapiazzettagoito@gmail.com,La Piazzetta Goito,https://www.hotelsdrop.com/hotel/la-piazzetta-goito-acquanegra-sul-chiese,+39 350 825 6539
tosondorobb@gmail.com,Toson d'Oro Bed & Breakfast,https://www.hotelsdrop.com/hotel/toson-d-oro-bed-breakfast-acquanegra-sul-chiese,+39 379 247 0959
isabella.ilsentiero@gmail.com,Agriturismo Il Sentiero,https://www.hotelsdrop.com/hotel/agriturismo-il-sentiero-acquapendente,+39 328 589 6854
bbcasagalli@gmail.com,B&B CASA GALLI,https://www.hotelsdrop.com/hotel/b-b-casa-galli-acquapendente,+39 328 859 9462
info@bbsanfernando.com,B&B Predio San Fernando,https://www.hotelsdrop.com/hotel/b-b-predio-san-fernando-acquapendente,+39 320 059 7925
info@bblagrotta.eu,Bed And Breakfast la Grotta,https://www.hotelsdrop.com/hotel/bed-and-breakfast-la-grotta-acquapendente,+39 333 201 1879
info@athenapalacehotel.com,Athena Palace Hotel,https://www.hotelsdrop.com/hotel/athena-palace-hotel-acquappesa,+39 379 247 3198
info@lunaestelle.it,LUNA E STELLE Bed e Breakfast,https://www.hotelsdrop.com/hotel/luna-e-stelle-bed-e-breakfast-acquappesa,+39 329 615 9350
info@santarosacentrovacanze.it,Santa Rosa Centro Vacanze,https://www.hotelsdrop.com/hotel/santa-rosa-centro-vacanze-acquappesa,+39 328 294 3612
info@bebilgirasole.eu,B&B Il Girasole,https://www.hotelsdrop.com/hotel/b-b-il-girasole-acquaro-2,+39 351 551 5974
villa.maracuja.beb@gmail.com,B&B Villa Maracujà,https://www.hotelsdrop.com/hotel/b-b-villa-maracuja-acquaro,+39 351 703 6921
info@villamery.it,B&B Villa Mery,https://www.hotelsdrop.com/hotel/b-b-villa-mery-acquaro,+39 348 882 6853
info@ilvicolettoserrasanbruno.it,IL Vicoletto,https://www.hotelsdrop.com/hotel/il-vicoletto-acquaro,+39 320 473 5359
info@tenutadelbaronemarzano.it,Tenuta del Barone,https://www.hotelsdrop.com/hotel/tenuta-del-barone-acquaro,+39 351 396 7150
informa@cittadelladeisibillini.it,Agriturismo La Cittadella dei Sibillini,https://www.hotelsdrop.com/hotel/agriturismo-la-cittadella-dei-sibillini-acquasanta-terme,+39 333 255 3824
info@anticoborgopiceno.it,B&B Antico Borgo Piceno,https://www.hotelsdrop.com/hotel/b-b-antico-borgo-piceno-acquasanta-terme,+39 339 702 1069
info@bebmoscabianca.it,B&B Mosca Bianca,https://www.hotelsdrop.com/hotel/b-b-mosca-bianca-acquasanta-terme,+39 331 252 8568
info@casteldiluco.com,Dimora storica Castel di Luco,https://www.hotelsdrop.com/hotel/dimora-storica-castel-di-luco-acquasanta-terme,+39 338 213 2286
info@fattorialacona.it,Fattoria La Cona,https://www.hotelsdrop.com/hotel/fattoria-la-cona-acquasanta-terme,+39 331 762 0864
rhr@dormireinumbria.com,AGRITURISMO LA CASA DI GELSOMINO,https://www.hotelsdrop.com/hotel/agriturismo-la-casa-di-gelsomino-acquasparta,+39 335 648 9266
agriturismopianogrande@virgilio.it,Agriturismo Piano Grande,https://www.hotelsdrop.com/hotel/agriturismo-piano-grande-acquasparta,+39 335 700 1575
info@anticoportale.com,Antico Portale Bed & Breakfast e Guest House,https://www.hotelsdrop.com/hotel/antico-portale-bed-breakfast-e-guest-house-acquasparta,+39 349 904 0560
info@ilpizzagiallo.it,B&B Il Pizzagiallo,https://www.hotelsdrop.com/hotel/b-b-il-pizzagiallo-acquasparta,+39 347 152 6493
info@lecerque.it,Bed & Breakfast Le Cerque,https://www.hotelsdrop.com/hotel/bed-breakfast-le-cerque-acquasparta,+39 380 413 6336
info@lafortezzaalta.it,La Fortezza Alta,https://www.hotelsdrop.com/hotel/la-fortezza-alta-acquasparta,+39 349 558 3234
info@laperticara.com,La Perticara Agriturismo,https://www.hotelsdrop.com/hotel/la-perticara-agriturismo-acquasparta,+39 338 495 7012
tamericihouse@gmail.com,Tamerici House,https://www.hotelsdrop.com/hotel/tamerici-house-acquasparta,+39 392 814 2706
info@agriturismocollebianco.it,Agriturismo Colle Bianco,https://www.hotelsdrop.com/hotel/agriturismo-colle-bianco-acquaviva-collecroce,+39 338 638 5424
ndibello60@gmail.com,Agriturismo La Quiete,https://www.hotelsdrop.com/hotel/agriturismo-la-quiete-acquaviva-collecroce,+39 338 130 0045
info@molisewow.com,"Albergo Diffuso ""Borgo delle Fonti""",https://www.hotelsdrop.com/hotel/albergo-diffuso-borgo-delle-fonti-acquaviva-collecroce,+39 334 785 7284
info@trattorialaforacella.it,B&b Lume,https://www.hotelsdrop.com/hotel/b-b-lume-acquaviva-collecroce,+39 388 477 3641
info@cortereale.com,Corte Reale Luxury B&B,https://www.hotelsdrop.com/hotel/corte-reale-luxury-b-b-acquaviva-collecroce,+39 348 190 8557
ilgalloconglistivali@gmail.com,Il Gallo con gli Stivali,https://www.hotelsdrop.com/hotel/il-gallo-con-gli-stivali-acquaviva-collecroce,+39 339 576 7480
masseriagrandehotel@gmail.com,Masseria Grande Hotel - Ristorante,https://www.hotelsdrop.com/hotel/masseria-grande-hotel-ristorante-acquaviva-collecroce,+39 351 381 8775
info@bb-vistamare.it,Residenza B&B Vistamare,https://www.hotelsdrop.com/hotel/residenza-b-b-vistamare-acquaviva-collecroce,+39 351 312 3696
support@localsmalltour.com,B&B Giallo Siena,https://www.hotelsdrop.com/hotel/b-b-giallo-siena-acquaviva-d-isernia,+39 338 626 0330
info@bnbgocciaverde.one,B&B Gocciaverde,https://www.hotelsdrop.com/hotel/b-b-gocciaverde-acquaviva-d-isernia,+39 371 173 0883
mariavisco@tiscali.it,Bactaria - Bed and Breakfast,https://www.hotelsdrop.com/hotel/bactaria-bed-and-breakfast-acquaviva-d-isernia,+39 320 943 9014
info@borgodonnateresa.it,Borgo Donna Teresa,https://www.hotelsdrop.com/hotel/borgo-donna-teresa-acquaviva-d-isernia,+39 331 839 5720
info@borgolaforgia.it,Borgo La Forgia,https://www.hotelsdrop.com/hotel/borgo-la-forgia-acquaviva-d-isernia,+39 375 145 0005
info@masseriamontepizzi.it,Masseria Monte Pizzi,https://www.hotelsdrop.com/hotel/masseria-monte-pizzi-acquaviva-d-isernia,+39 333 351 9849
palazzodefarrocco@gmail.com,Palazzo De' Farrocco,https://www.hotelsdrop.com/hotel/palazzo-de-farrocco-acquaviva-d-isernia,+39 345 531 2246
booking@albertariobb.it,Albertario | B&B e Affittacamere,https://www.hotelsdrop.com/hotel/albertario-b-b-e-affittacamere-acquaviva-delle-fonti,+39 338 236 6201
bebpiazzakolbe@gmail.com,B&B PIAZZA KOLBE,https://www.hotelsdrop.com/hotel/b-b-piazza-kolbe-acquaviva-delle-fonti,+39 347 299 2220
bbsantaluciasbt@gmail.com,AFFITTACAMERE VILLA SANTA LUCIA,https://www.hotelsdrop.com/hotel/affittacamere-villa-santa-lucia-acquaviva-picena,+39 347 392 9113
info@bbilgiardinomediterraneo.com,B&B Il Giardino Mediterraneo,https://www.hotelsdrop.com/hotel/b-b-il-giardino-mediterraneo-acquaviva-picena,+39 345 600 0910
prenotazioni@hosthero.it,B&B La Fontanella,https://www.hotelsdrop.com/hotel/b-b-la-fontanella-acquaviva-picena,+39 376 263 2014
antonella.verdemare@gmail.com,B&B Verdemare,https://www.hotelsdrop.com/hotel/b-b-verdemare-acquaviva-picena,+39 349 210 6463
info@bebgeco.com,Bed & breakfast geco,https://www.hotelsdrop.com/hotel/bed-breakfast-geco-acquaviva-picena,+39 333 159 0423
ovivhotel@gmail.com,Hotel Oviv • La dimora del Borgo,https://www.hotelsdrop.com/hotel/hotel-oviv-la-dimora-del-borgo-acquaviva-picena,+39 349 852 3329
info@agriturismocasalicchio.it,Agriturismo Casalicchio,https://www.hotelsdrop.com/hotel/agriturismo-casalicchio-acquaviva-platani,+39 333 485 3658
laterrazzadegliscrittori@gmail.com,B&B La Terrazza degli Scrittori,https://www.hotelsdrop.com/hotel/b-b-la-terrazza-degli-scrittori-acquaviva-platani,+39 379 201 5961
info@manfredomus.it,Manfredomus,https://www.hotelsdrop.com/hotel/manfredomus-acquaviva-platani,+39 366 127 0826
info@bbmusmelia.it,Musmelia Rooms,https://www.hotelsdrop.com/hotel/musmelia-rooms-acquaviva-platani,+39 351 892 5355
info@regalpetrahotel.it,Regalpetra Hotel,https://www.hotelsdrop.com/hotel/regalpetra-hotel-acquaviva-platani,+39 334 352 8103
info@sorgepalace.it,Sorge Palace Room and Breakfast,https://www.hotelsdrop.com/hotel/sorge-palace-room-and-breakfast-acquaviva-platani,+39 366 671 2300
info@susafa.com,Susafa | A Member of Small Luxury Hotels of the World,https://www.hotelsdrop.com/hotel/susafa-a-member-of-small-luxury-hotels-of-the-wo-acquaviva-platani,+39 338 960 8713
info@lavalledegliuliviagriturismo.com,Agriturismo La Valle degli Ulivi | Nebrodi,https://www.hotelsdrop.com/hotel/agriturismo-la-valle-degli-ulivi-nebrodi-acquedolci,+39 320 261 6118
info@casagiada.it,Casa Giada,https://www.hotelsdrop.com/hotel/casa-giada-acquedolci,+39 393 248 6510
tabthea1@gmail.com,Thea B&B,https://www.hotelsdrop.com/hotel/thea-b-b-acquedolci,+39 328 831 2835
villadeiprincipi@gmail.com,Villa dei Principi,https://www.hotelsdrop.com/hotel/villa-dei-principi-acquedolci,+39 377 093 0033
info@borgoinferiore24.it,B&B Borgo Inferiore 24,https://www.hotelsdrop.com/hotel/b-b-borgo-inferiore-24-acqui-terme,+39 347 574 3755
cascinagalla@alice.it,B&B Cascina Galla,https://www.hotelsdrop.com/hotel/b-b-cascina-galla-acqui-terme,+39 389 185 2119
605a7baede844d278b89dc95ae0a9123@sentry-next.wixpress.com,B&B Cascina Luvot,https://www.hotelsdrop.com/hotel/b-b-cascina-luvot-acqui-terme,+39 349 746 1531
bbmaggiora131@gmail.com,B&B Maggiora 131,https://www.hotelsdrop.com/hotel/b-b-maggiora-131-acqui-terme,+39 339 878 9566
info@hotel-valentino.com,Hotel Valentino Acqui Terme,https://www.hotelsdrop.com/hotel/hotel-valentino-acqui-terme-acqui-terme,+39 371 455 2046
info@sambucoinnamorato.it,Il Sambuco innamorato country house,https://www.hotelsdrop.com/hotel/il-sambuco-innamorato-country-house-acqui-terme,+39 345 210 7578
info@bballoro.it,L'Alloro,https://www.hotelsdrop.com/hotel/l-alloro-acqui-terme,+39 347 143 0149
info@verdmont.co,Verdmont,https://www.hotelsdrop.com/hotel/verdmont-acqui-terme,+39 378 082 2761
lameziaterme@locautorent.it,B&B Sandro Pertini,https://www.hotelsdrop.com/hotel/b-b-sandro-pertini-acri,+39 340 866 1609
allaniviera@gmail.com,Alla Niviera B&B Adelfia,https://www.hotelsdrop.com/hotel/alla-niviera-b-b-adelfia-adelfia,+39 348 761 1377
acasuiteluxury@outlook.it,B&B ACA Suite Luxury,https://www.hotelsdrop.com/hotel/b-b-aca-suite-luxury-adelfia,+39 351 612 1323
bbduerioni@gmail.com,B&B Due Rioni,https://www.hotelsdrop.com/hotel/b-b-due-rioni-adelfia,+39 335 153 6968
info@agriturismocortearagonese.it,Agriturismo Corte Aragonese,https://www.hotelsdrop.com/hotel/agriturismo-corte-aragonese-adrano,+39 320 611 4524
info@gianferrante.it,Agriturismo Gianferrante,https://www.hotelsdrop.com/hotel/agriturismo-gianferrante-adrano,+39 328 913 2504
casaulivietna@gmail.com,B&B Casa degli Ulivi Etna,https://www.hotelsdrop.com/hotel/b-b-casa-degli-ulivi-etna-adrano,+39 346 361 9280
eurelios.sicurella@alice.it,B&B Eurelios,https://www.hotelsdrop.com/hotel/b-b-eurelios-adrano,+39 351 407 2657
boscoscuroetna@gmail.com,Boscoscuro,https://www.hotelsdrop.com/hotel/boscoscuro-adrano,+39 392 875 9322
cortenhotel@gmail.com,Corten Hotel,https://www.hotelsdrop.com/hotel/corten-hotel-adrano,+39 320 870 5770
info@localedimorarurale.com,Locale Dimora Rurale,https://www.hotelsdrop.com/hotel/locale-dimora-rurale-adrano,+39 389 998 5275
info@rifugioariel.it,Rifugio Ariel,https://www.hotelsdrop.com/hotel/rifugio-ariel-adrano,+39 368 733 7966
info@bebcasadelnonno.com,B&B Casa del Nonno,https://www.hotelsdrop.com/hotel/b-b-casa-del-nonno-adrara-san-martino,+39 347 598 8034
bblazzarini@hotmail.it,B&B I Lazzarini,https://www.hotelsdrop.com/hotel/b-b-i-lazzarini-adrara-san-martino,+39 345 827 7512
info@narciso-home.it,Narciso Home,https://www.hotelsdrop.com/hotel/narciso-home-adrara-san-rocco,+39 346 104 5637
appartamentisoleil@gmail.com,Adria bnb Nature Resort,https://www.hotelsdrop.com/hotel/adria-bnb-nature-resort-adria,+39 366 355 3750
info.cortezen@gmail.com,Bed & Breakfast Hotel Corte Zen,https://www.hotelsdrop.com/hotel/bed-breakfast-hotel-corte-zen-adria,+39 340 910 3914
info@hotelmauro.it,Hotel Mauro,https://www.hotelsdrop.com/hotel/hotel-mauro-adria,+39 349 432 7094
info@pointhotelconselve.it,Point Hotel Conselve,https://www.hotelsdrop.com/hotel/point-hotel-conselve-adria,+39 351 821 3154
info@agriturismoriondel.it,Agriturismo Riondel,https://www.hotelsdrop.com/hotel/agriturismo-riondel-affi,+39 348 750 7334
relaisilpigno@gmail.com,Il Pigno,https://www.hotelsdrop.com/hotel/il-pigno-affi,+39 333 699 4000
relaisanmichele@gmail.com,Relais San Michele,https://www.hotelsdrop.com/hotel/relais-san-michele-affi,+39 334 754 3994
info@agriturismocolletocci.it,Agriturismo Colle Tocci Subiaco,https://www.hotelsdrop.com/hotel/agriturismo-colle-tocci-subiaco-affile,+39 335 688 3955
bbcasadelgirasole@gmail.com,B&B Valmontone MagicLand - Casa del Girasole,https://www.hotelsdrop.com/hotel/b-b-valmontone-magicland-casa-del-girasole-affile,+39 333 948 5935
lapanardarapone@gmail.com,Bed and Breakfast - La Panarda,https://www.hotelsdrop.com/hotel/bed-and-breakfast-la-panarda-affile,+39 338 522 1846
casarosella.countryhouse@gmail.com,Bed and Breakfast Casa Rosella - Country House,https://www.hotelsdrop.com/hotel/bed-and-breakfast-casa-rosella-country-house-affile,+39 331 659 8420
nidodelnibbio@gmail.com,Nido del Nibbio,https://www.hotelsdrop.com/hotel/nido-del-nibbio-affile,+39 333 468 5133
suiteconceptitaly@gmail.com,SUITE CELESTIA CASORIA BY SUITE,https://www.hotelsdrop.com/hotel/suite-celestia-casoria-by-suite-afragola,+39 334 146 7573
suiteconceptitaly@gmail.com,Suite concept Italy,https://www.hotelsdrop.com/hotel/suite-concept-italy-afragola,+39 334 108 9501
casacosmano@gmail.com,B&B Casa Cosmano,https://www.hotelsdrop.com/hotel/b-b-casa-cosmano-africo,+39 338 119 9236
info@cortevena.com,Corte Vena,https://www.hotelsdrop.com/hotel/corte-vena-africo,+39 340 644 7734
erasippe@hotmail.it,Erasippe Residence,https://www.hotelsdrop.com/hotel/erasippe-residence-africo,+39 349 586 0121
info@hotelilgirasole.it,Hotel Il Girasole,https://www.hotelsdrop.com/hotel/hotel-il-girasole-africo,+39 335 591 7194
igallibnb@gmail.com,I Galli Bed and Breakfast,https://www.hotelsdrop.com/hotel/i-galli-bed-and-breakfast-agazzano,+39 320 068 8803
rist.leonardos@gmail.com,Affittacamere Leonardo's – Agerola | Costiera Amalfitana.,https://www.hotelsdrop.com/hotel/affittacamere-leonardo-s-agerola-costiera-amalfi-agerola,+39 349 517 3878
info@agriturismopuntasanlazzaro.com,Agriturismo Punta San Lazzaro,https://www.hotelsdrop.com/hotel/agriturismo-punta-san-lazzaro-agerola,+39 338 784 0316
bbsantamariaagerola@gmail.com,B&B SANTA MARIA AGEROLA,https://www.hotelsdrop.com/hotel/b-b-santa-maria-agerola-agerola,+39 351 507 8402
hederarooms@outlook.it,HEDÈRA ROOMS,https://www.hotelsdrop.com/hotel/hedera-rooms-agerola,+39 331 506 6558
info@ilvignetodinonnopietro.com,Il Vigneto di Nonno Pietro - Fraz.Pianillo,https://www.hotelsdrop.com/hotel/il-vigneto-di-nonno-pietro-fraz-pianillo-agerola,+39 339 777 1914
reception@lavillacarmelina.it,La Villa Carmelina,https://www.hotelsdrop.com/hotel/la-villa-carmelina-agerola,+39 351 394 6799
info@gmail.com,O Spritt House,https://www.hotelsdrop.com/hotel/o-spritt-house-agerola,+39 347 043 8728
info@relaismiloholidayrooms.com,Relais Miló,https://www.hotelsdrop.com/hotel/relais-milo-agerola,+39 339 271 6719
antonellarussino@tiscali.it,B&B Letto&Latte,https://www.hotelsdrop.com/hotel/b-b-letto-latte-aggius,+39 328 354 5022
info@concamarina.it,Conca Marina di Paolo Cuccu,https://www.hotelsdrop.com/hotel/conca-marina-di-paolo-cuccu-aggius,+39 338 411 7667
info@agnata.com,L'Agnata di De André,https://www.hotelsdrop.com/hotel/l-agnata-di-de-andre-aggius,+39 344 438 1599
stazzucoiga@gmail.com,Stazzu Coiga,https://www.hotelsdrop.com/hotel/stazzu-coiga-aggius,+39 340 307 3011
info@grandipgroup.com,Affittacamere Sikelìa,https://www.hotelsdrop.com/hotel/affittacamere-sikelia-agira,+39 333 967 7440
graziaanello@tiscali.it,B&B Casalbergo La Terza Stella,https://www.hotelsdrop.com/hotel/b-b-casalbergo-la-terza-stella-agira,+39 348 762 3447
villa.antonella2024@gmail.com,B&B Villa Antonella,https://www.hotelsdrop.com/hotel/b-b-villa-antonella-agira,+39 333 797 3217
info@grandipgroup.com,La Madonnina,https://www.hotelsdrop.com/hotel/la-madonnina-agira,+39 333 967 7440
agiramama@gmail.com,Mamà B&B,https://www.hotelsdrop.com/hotel/mama-b-b-agira,+39 328 232 4959
info@hotelrivieraenna.com,Riviera Hotel,https://www.hotelsdrop.com/hotel/riviera-hotel-agira,+39 334 321 0155
info@agriturismosaliceto.it,Agriturismo Saliceto,https://www.hotelsdrop.com/hotel/agriturismo-saliceto-agliana,+39 342 857 1169
info@locandalarotonda.com,B&B Locanda La Rotonda,https://www.hotelsdrop.com/hotel/b-b-locanda-la-rotonda-agliana,+39 340 547 1736
info@profumodestate.it,Bed & Breakfast Profumo D'Estate,https://www.hotelsdrop.com/hotel/bed-breakfast-profumo-d-estate-agliana,+39 339 641 9624
info@ilgrifone.info,Il Grifone,https://www.hotelsdrop.com/hotel/il-grifone-agliana,+39 333 383 8483
info@villartept.it,VILLARTE,https://www.hotelsdrop.com/hotel/villarte-agliana,+39 327 868 6798
legiustizie@gmail.com,Agriturismo “Le Giustizie”,https://www.hotelsdrop.com/hotel/agriturismo-le-giustizie-agliano-terme,+39 342 648 8545
salesoffice@dacapo.it,Agriturismo Dacapo,https://www.hotelsdrop.com/hotel/agriturismo-dacapo-agliano-terme,+39 335 709 1570
info@ameriovincenzo.it,Amerio Vincenzo Vini - Agriturismo Ca del Nono,https://www.hotelsdrop.com/hotel/amerio-vincenzo-vini-agriturismo-ca-del-nono-agliano-terme,+39 334 566 7494
info@cascinatrebotti.com,Cascina Tre Botti,https://www.hotelsdrop.com/hotel/cascina-tre-botti-agliano-terme,+39 375 670 1785
info@locandasangiacomo.com,Locanda San Giacomo,https://www.hotelsdrop.com/hotel/locanda-san-giacomo-agliano-terme,+39 377 776 8367
info@piemontecountryhouse.com,Piemonte Country House,https://www.hotelsdrop.com/hotel/piemonte-country-house-agliano-terme,+39 351 759 9265
lustabbiacciu@gmail.com,Agriturismo Lu Stabbiacciu,https://www.hotelsdrop.com/hotel/agriturismo-lu-stabbiacciu-aglientu,+39 345 746 9554
info@sardiniabeachapartments.it,Sardinia Beach Apartments,https://www.hotelsdrop.com/hotel/sardinia-beach-apartments-aglientu,+39 346 067 4703
info@relaisvillamarina.it,Villamarina,https://www.hotelsdrop.com/hotel/villamarina-aglientu,+39 340 478 6853
info@zennare.it,Agriturismo Zennare,https://www.hotelsdrop.com/hotel/agriturismo-zennare-agna,+39 348 279 3586
info@balabuskarooms.it,Balabuska Rooms & Garden,https://www.hotelsdrop.com/hotel/balabuska-rooms-garden-agna,+39 389 285 7340
info@cabrazzobedrelais.it,Ca' Brazzo Bed Relais,https://www.hotelsdrop.com/hotel/ca-brazzo-bed-relais-agna,+39 351 423 9295
permunian.roberta@gmail.com,CA’ CINI,https://www.hotelsdrop.com/hotel/ca-cini-agna,+39 347 915 5236
info@casasansovino.it,Casa Sansovino,https://www.hotelsdrop.com/hotel/casa-sansovino-agna,+39 328 874 6494
info@iltrenodeisogni.it,IL TRENO DEI SOGNI BED & RELAIS,https://www.hotelsdrop.com/hotel/il-treno-dei-sogni-bed-relais-agna,+39 347 936 7501
info@lecortibenedettine.it,LA GASTALDIA,https://www.hotelsdrop.com/hotel/la-gastaldia-agna,+39 329 422 8414
info@larebosola.it,LA REBOSOLA,https://www.hotelsdrop.com/hotel/la-rebosola-agna,+39 340 079 7522
prenotazioni@camumidha.it,B&B Camumidha,https://www.hotelsdrop.com/hotel/b-b-camumidha-agnana-calabra,+39 348 904 8180
anna@annalarosa.it,La Rosa Blu Bed & Breakfast,https://www.hotelsdrop.com/hotel/la-rosa-blu-bed-breakfast-agnana-calabra,+39 340 500 1161
info@palazzocandida.it,Palazzo Candida B&B,https://www.hotelsdrop.com/hotel/palazzo-candida-b-b-agnana-calabra,+39 370 143 5693
info@largoalighieri.it,B&B Largo Alighieri,https://www.hotelsdrop.com/hotel/b-b-largo-alighieri-agnone,+39 347 658 3635
aviodifrangia632@gmail.com,La Dimora del Sergente,https://www.hotelsdrop.com/hotel/la-dimora-del-sergente-agnone,+39 333 278 4957
info@acquasalsa.it,Masseria Acquasalsa,https://www.hotelsdrop.com/hotel/masseria-acquasalsa-agnone,+39 333 965 7207
info@rifugiodeisanniti.it,Rifugio dei Sanniti,https://www.hotelsdrop.com/hotel/rifugio-dei-sanniti-agnone,+39 327 852 0409
camerelodrino@gmail.com,ALBERGO LODRINO - Zeta affittacamere,https://www.hotelsdrop.com/hotel/albergo-lodrino-zeta-affittacamere-agnosine,+39 347 903 7082
cleo.bendotti@gmail.com,B&B L' Acero,https://www.hotelsdrop.com/hotel/b-b-l-acero-agnosine,+39 335 172 7860
info@settesette6.it,B&B Settesette6,https://www.hotelsdrop.com/hotel/b-b-settesette6-agnosine,+39 320 023 1823
cavallaromarzia@libero.it,Bed & breakfast Isola Verde,https://www.hotelsdrop.com/hotel/bed-breakfast-isola-verde-agnosine,+39 339 343 3003
info@cortetorchio.com,Corte Torchio B&B,https://www.hotelsdrop.com/hotel/corte-torchio-b-b-agnosine,+39 379 169 8656
info@piccolomondo1977.it,DiVino Rooms Deluxe,https://www.hotelsdrop.com/hotel/divino-rooms-deluxe-agnosine,+39 335 755 3236
bbsolfiori@libero.it,Agordo Cerbiatto,https://www.hotelsdrop.com/hotel/agordo-cerbiatto-agordo,+39 340 627 3085
info@busadeisbrase.it,Agriturismo Busa dei Sbrase,https://www.hotelsdrop.com/hotel/agriturismo-busa-dei-sbrase-agordo,+39 350 039 3671
info@montagnaantica.it,Bed and Breakfast Montagna Antica,https://www.hotelsdrop.com/hotel/bed-and-breakfast-montagna-antica-agordo,+39 347 684 5519
bbsolfiori@libero.it,Bed and Breakfast Sól Fiorì,https://www.hotelsdrop.com/hotel/bed-and-breakfast-sol-fiori-agordo,+39 340 627 3085
info@chaletgiasenei.com,Hotel Chalet Giasenei - Dolomitic Experience,https://www.hotelsdrop.com/hotel/hotel-chalet-giasenei-dolomitic-experience-agordo,+39 329 173 1869
info@ilsorrisodeimonti.it,B&B Il Sorriso Dei Monti,https://www.hotelsdrop.com/hotel/b-b-il-sorriso-dei-monti-agosta,+39 347 920 6626
agri.lalunanelpozzo@gmail.com,LA LUNA NEL POZZO,https://www.hotelsdrop.com/hotel/la-luna-nel-pozzo-agosta,+39 339 634 6508
andrea.piffero@gmail.com,"agriturismo ""da attilio""",https://www.hotelsdrop.com/hotel/agriturismo-da-attilio-agra,+39 338 341 3423
info@voeuja.it,Agriturismo ristorante Voeuja,https://www.hotelsdrop.com/hotel/agriturismo-ristorante-voeuja-agra,+39 344 267 5464
stewe.gabry@gmail.com,Al Rost B&B,https://www.hotelsdrop.com/hotel/al-rost-b-b-agra,+39 334 772 8975
info@villaviola.it,B&B Villa Viola,https://www.hotelsdrop.com/hotel/b-b-villa-viola-agra,+39 346 140 3220
info@hotelelveziacannobio.com,Hotel Elvezia,https://www.hotelsdrop.com/hotel/hotel-elvezia-agra,+39 375 646 4449
info@villapalmira.it,Hotel Villa Palmira,https://www.hotelsdrop.com/hotel/hotel-villa-palmira-agra,+39 335 653 2250
ilgiardinosegreto34@gmail.com,Il Giardino Segreto,https://www.hotelsdrop.com/hotel/il-giardino-segreto-agra,+39 347 626 9409
agriturismo@cascinamagana.it,Agriturismo Cascina Magana,https://www.hotelsdrop.com/hotel/agriturismo-cascina-magana-agrate-brianza,+39 331 385 6923
info@igelsi.com,Agriturismo I Gelsi,https://www.hotelsdrop.com/hotel/agriturismo-i-gelsi-agrate-brianza,+39 345 022 9955
agriturismolegiuggiole@gmail.com,Agriturismo le Giuggiole,https://www.hotelsdrop.com/hotel/agriturismo-le-giuggiole-agrate-brianza,+39 351 741 6372
prenotazioni@cascinabressanella.it,Cascina Bressanella | Agriturismo | Ortofrutta Km0,https://www.hotelsdrop.com/hotel/cascina-bressanella-agriturismo-ortofrutta-km0-agrate-brianza,+39 339 646 7231
info@cascinacosta.net,Cascina Costa,https://www.hotelsdrop.com/hotel/cascina-costa-agrate-brianza,+39 338 659 8230
info@campinglagoazzurro.it,Camping Lago Azzurro,https://www.hotelsdrop.com/hotel/camping-lago-azzurro-agrate-conturbia,+39 335 544 7599
prenotazioni.crystal@gmail.com,CRYSTAL b&b,https://www.hotelsdrop.com/hotel/crystal-b-b-agrate-conturbia,+39 340 987 4903
info@ilsalicebb.com,Il Salice B&B,https://www.hotelsdrop.com/hotel/il-salice-b-b-agrate-conturbia,+39 338 923 7744
lesarcs.countryhouse@gmail.com,Les Arcs,https://www.hotelsdrop.com/hotel/les-arcs-agrate-conturbia,+39 344 455 0173
magdaoliver197@gmail.com,Ritratto Sul Lago Bed & Breakfast,https://www.hotelsdrop.com/hotel/ritratto-sul-lago-bed-breakfast-agrate-conturbia,+39 327 316 9799
info@gctravel.it,Agrigento Bed,https://www.hotelsdrop.com/hotel/agrigento-bed-agrigento,+39 350 505 4261
alloggiodellapostavecchia@gmail.com,Alloggio Della Posta Vecchia,https://www.hotelsdrop.com/hotel/alloggio-della-posta-vecchia-agrigento,+39 347 750 8466
info@ventoditramontana.com,B&B VENTODITRAMONTANA,https://www.hotelsdrop.com/hotel/b-b-ventoditramontana-agrigento,+39 328 786 2943
info@lecasettedilu.it,Bed and Breakfast Le Casette di Lù CIN IT084001C1DOWHC9PB,https://www.hotelsdrop.com/hotel/bed-and-breakfast-le-casette-di-lu-cin-it084001c-agrigento,+39 339 235 2614
info@laterrazzadiempedocle.it,La Terrazza di Empedocle,https://www.hotelsdrop.com/hotel/la-terrazza-di-empedocle-agrigento,+39 338 488 8677
posta@bedandbeach.com,B & Beach,https://www.hotelsdrop.com/hotel/b-beach-agropoli,+39 338 636 5731
info@bebilgirasole.it,B&B Casa Vacanze Il Girasole,https://www.hotelsdrop.com/hotel/b-b-casa-vacanze-il-girasole-agropoli,+39 347 176 6722
info@bebcostablu.it,B&B Costa Blu,https://www.hotelsdrop.com/hotel/b-b-costa-blu-agropoli,+39 331 767 8075
mariorossi@email.com,B&B Stella Marina Agropoli,https://www.hotelsdrop.com/hotel/b-b-stella-marina-agropoli-agropoli,+39 392 192 6806
info@zeropensieribeb.it\,B&B Zeropensieri,https://www.hotelsdrop.com/hotel/b-b-zeropensieri-agropoli,+39 366 229 2388
info@cilentodamarebeb.it,Cilento d'aMare Bed and Breakfast,https://www.hotelsdrop.com/hotel/cilento-d-amare-bed-and-breakfast-agropoli,+39 392 640 9730
info@bbmarle.it,Marlè Rooms,https://www.hotelsdrop.com/hotel/marle-rooms-agropoli,+39 388 756 1777
info@qvattrostagioni.it,Qvattro Stagioni panoramic suites,https://www.hotelsdrop.com/hotel/qvattro-stagioni-panoramic-suites-agropoli,+39 350 085 9220
info@vedereimmobiliare.it,Villa Lery - Azzurra Home,https://www.hotelsdrop.com/hotel/villa-lery-azzurra-home-agropoli,+39 333 564 7990
info@camereantigogranaro.com,Agriturismo L'Antigo Granaro,https://www.hotelsdrop.com/hotel/agriturismo-l-antigo-granaro-agugliano,+39 348 751 9407
bb_soleluna@yahoo.it,"B&B ""Sole e Luna""- Parcheggio recintato - A14 Ancona Nord",https://www.hotelsdrop.com/hotel/b-b-sole-e-luna-parcheggio-recintato-a14-ancona-agugliano,+39 331 813 9244
info@bblemarche.com,B&B Villa LeMarche,https://www.hotelsdrop.com/hotel/b-b-villa-lemarche-agugliano,+39 342 580 8910
info@anticocasalevacanzeancona.it,CASA VACANZE ANTICO CASALE ANCONA,https://www.hotelsdrop.com/hotel/casa-vacanze-antico-casale-ancona-agugliano,+39 351 791 7810
nicola.sciulli@libero.it,La Casa del Sole e della Luna,https://www.hotelsdrop.com/hotel/la-casa-del-sole-e-della-luna-agugliano,+39 328 496 3471
info@lagradina.it,LA GRADINA B&B,https://www.hotelsdrop.com/hotel/la-gradina-b-b-agugliano,+39 328 665 6936
info@bbsanmatteo.com,Agriturismo San Matteo - Lozzo Atestino,https://www.hotelsdrop.com/hotel/agriturismo-san-matteo-lozzo-atestino-agugliaro,+39 347 253 9949
bedandbreakfast-lamartina@live.it,B&B LA MARTINA,https://www.hotelsdrop.com/hotel/b-b-la-martina-agugliaro,+39 347 694 2014
bedandbike.fiore@gmail.com,Bed&Bike.Belfiore,https://www.hotelsdrop.com/hotel/bed-bike-belfiore-agugliaro,+39 393 703 8239
casagricolamicizia@gmail.com,Casa Agricola Amicizia,https://www.hotelsdrop.com/hotel/casa-agricola-amicizia-agugliaro,+39 347 194 1673
info@labusadelloro.com,Fattoria Busa dell'Oro B&B,https://www.hotelsdrop.com/hotel/fattoria-busa-dell-oro-b-b-agugliaro,+39 346 637 4802
bebvillcarolina@gmail.com,B&B Villa Carolina,https://www.hotelsdrop.com/hotel/b-b-villa-carolina-aicurzio,+39 348 220 2306
bbbolbrianza@libero.it,bbbolbrianza,https://www.hotelsdrop.com/hotel/bbbolbrianza-aicurzio,+39 380 373 1880
info@lacorteguesthouse.com\,La Corte Guesthouse - Appartamento con Giardino privato,https://www.hotelsdrop.com/hotel/la-corte-guesthouse-appartamento-con-giardino-pr-aicurzio,+39 345 937 4463
prenota@satanchitta.it,Agriturismo Sa Tanchitta,https://www.hotelsdrop.com/hotel/agriturismo-sa-tanchitta-aidomaggiore,+39 328 861 6067
anforatramatza@hotmail.it,Hotel l'anfora,https://www.hotelsdrop.com/hotel/hotel-l-anfora-aidomaggiore,+39 349 471 9079
prenotazioni.templars@gmail.com,The Templars Guesthouse,https://www.hotelsdrop.com/hotel/the-templars-guesthouse-aidomaggiore,+39 379 292 6805
info@tenuteleano.com,Agriresort Leano,https://www.hotelsdrop.com/hotel/agriresort-leano-aidone,+39 328 214 4097
info@agriturismodrago.com,Agriturismo Il Drago,https://www.hotelsdrop.com/hotel/agriturismo-il-drago-aidone,+39 333 629 1517
info@hotelgh.it,GH Hotel & Restaurant,https://www.hotelsdrop.com/hotel/gh-hotel-restaurant-aidone,+39 331 123 6293
booking@moniabb.com,Monia rooms&hospitality,https://www.hotelsdrop.com/hotel/monia-rooms-hospitality-aidone,+39 393 765 0834
info@hotelresidenceilfeudo.it,Hotel Residence Il Feudo Dei Pierleoni,https://www.hotelsdrop.com/hotel/hotel-residence-il-feudo-dei-pierleoni-aielli,+39 339 823 1194
info@mastrodattia.it,Hotel Ristorante Mastrodattia,https://www.hotelsdrop.com/hotel/hotel-ristorante-mastrodattia-aielli,+39 338 153 9501
lacasettadellanonnabb@gmail.com,B&B La Casetta della Nonna Belmonte Calabro,https://www.hotelsdrop.com/hotel/b-b-la-casetta-della-nonna-belmonte-calabro-aiello-calabro,+39 347 738 8133
info@dimoremorelli.it,Dimore Morelli Amantea,https://www.hotelsdrop.com/hotel/dimore-morelli-amantea-aiello-calabro,+39 379 147 5433
info@lidotirreno.it,LIDO TIRRENO BEACH,https://www.hotelsdrop.com/hotel/lido-tirreno-beach-aiello-calabro,+39 348 036 3966
alcastellodiaiello@gmail.com,Al Castello di Aiello - Casa Vacanze,https://www.hotelsdrop.com/hotel/al-castello-di-aiello-casa-vacanze-aiello-del-friuli,+39 324 777 6584
beb@alvecchioconfine.it,al Vecchio Confine Cervignano del Friuli,https://www.hotelsdrop.com/hotel/al-vecchio-confine-cervignano-del-friuli-aiello-del-friuli,+39 324 685 6920
info@albergocommercio.it,Albergo Commercio,https://www.hotelsdrop.com/hotel/albergo-commercio-aiello-del-friuli,+39 388 973 9070
info@casadellafornace.it,Bed and Breakfast Casa della Fornace,https://www.hotelsdrop.com/hotel/bed-and-breakfast-casa-della-fornace-aiello-del-friuli,+39 333 777 2770
liguorinihouse@gmail.com,Liguorini House b&b in Avellino,https://www.hotelsdrop.com/hotel/liguorini-house-b-b-in-avellino-aiello-del-sabato,+39 366 197 9686
info@acasadiangela.com,A Casa di Angela,https://www.hotelsdrop.com/hotel/a-casa-di-angela-aieta,+39 349 837 6228
info@terrerossedimassadita.it,Agriturismo Terre Rosse Di Massadita,https://www.hotelsdrop.com/hotel/agriturismo-terre-rosse-di-massadita-aieta,+39 370 131 5021
contatto@esempio.it,Hotel Brutium,https://www.hotelsdrop.com/hotel/hotel-brutium-aieta,+39 366 341 2847
info@hotelnapoleone.it,Hotel Napoleone,https://www.hotelsdrop.com/hotel/hotel-napoleone-aieta,+39 347 762 9709
reservation@hotelprajamare.it,Hotel Praja mare,https://www.hotelsdrop.com/hotel/hotel-praja-mare-aieta,+39 377 347 2522
support@localsmalltour.com,B&B La casa di Anna,https://www.hotelsdrop.com/hotel/b-b-la-casa-di-anna-ailano,+39 327 624 2098
support@localsmalltour.com,La Quercia di Aorivola,https://www.hotelsdrop.com/hotel/la-quercia-di-aorivola-ailano,+39 333 393 0026
info@larossafantastica.it,La Rossa Fantastica,https://www.hotelsdrop.com/hotel/la-rossa-fantastica-ailano,+39 331 640 6231
info@lesaleresort.it,Le Sale Resort,https://www.hotelsdrop.com/hotel/le-sale-resort-ailano,+39 379 110 5121
info@agricanelbosco.it,Azienda Agricola con Agriturismo Ca' nel Bosco,https://www.hotelsdrop.com/hotel/azienda-agricola-con-agriturismo-ca-nel-bosco-ailoche,+39 349 801 5473
info@bbilcortile.it,B&B Il Cortile,https://www.hotelsdrop.com/hotel/b-b-il-cortile-ailoche,+39 333 857 5382
benvenutialgomitolo@gmail.com,B&B Il Gomitolo - Soggiorno di charme,https://www.hotelsdrop.com/hotel/b-b-il-gomitolo-soggiorno-di-charme-ailoche,+39 335 545 7469
bb.labiulla@libero.it,B&B La Biulla,https://www.hotelsdrop.com/hotel/b-b-la-biulla-ailoche,+39 349 330 0818
info@camere-camillo.com,Camere Camillo,https://www.hotelsdrop.com/hotel/camere-camillo-ailoche,+39 335 523 3861
info@casavalduggia.it,Casa Valduggia,https://www.hotelsdrop.com/hotel/casa-valduggia-ailoche,+39 388 985 1221
info@lacasaverdeitalia.com,La Casa Verde B&B,https://www.hotelsdrop.com/hotel/la-casa-verde-b-b-ailoche,+39 347 928 1355
info@appartahotel.eu,Apparta hotel,https://www.hotelsdrop.com/hotel/apparta-hotel-airasca,+39 339 709 3196
bbpiansavin@gmail.com,B&B Pian Savin,https://www.hotelsdrop.com/hotel/b-b-pian-savin-airasca,+39 328 479 1971
info@bbquattrogatti.it,B&B Quattro Gatti,https://www.hotelsdrop.com/hotel/b-b-quattro-gatti-airasca,+39 335 536 1760
info@casadelgrandevecchio.it,Casa Del Grande Vecchio,https://www.hotelsdrop.com/hotel/casa-del-grande-vecchio-airasca,+39 333 488 0946
info@mammamiasbeb.it,B&B Mamma Mia’s,https://www.hotelsdrop.com/hotel/b-b-mamma-mia-s-airola,+39 347 559 6205
info@lacampagnolahotel.it,Hotel La Campagnola Di Carbone Raffaela,https://www.hotelsdrop.com/hotel/hotel-la-campagnola-di-carbone-raffaela-airola,+39 327 787 7762
info@lacollinadeigoti.it,La Collina dei Goti Agriturismo,https://www.hotelsdrop.com/hotel/la-collina-dei-goti-agriturismo-airola,+39 333 843 1180
info@dagiua.it,Da Giua' Bed and Breakfast,https://www.hotelsdrop.com/hotel/da-giua-bed-and-breakfast-airole,+39 328 656 2885
oasirossese@virgilio.it,L'Oasi del Rossese,https://www.hotelsdrop.com/hotel/l-oasi-del-rossese-airole,+39 347 882 1298
info@lafavoritaapricale.com,La Favorita Apricale,https://www.hotelsdrop.com/hotel/la-favorita-apricale-airole,+39 342 874 0132
info@lapecoranera.eu,Osteria e Camere La Pecora Nera,https://www.hotelsdrop.com/hotel/osteria-e-camere-la-pecora-nera-airole,+39 345 469 0888
info@talkingstones.it,Talking Stones,https://www.hotelsdrop.com/hotel/talking-stones-airole,+39 333 662 4255
terrebianche@terrebianche.com,Terre Bianche,https://www.hotelsdrop.com/hotel/terre-bianche-airole,+39 351 401 2440
info@agriturismounmaredifiori.com,Un Mare di Fiori,https://www.hotelsdrop.com/hotel/un-mare-di-fiori-airole,+39 320 060 5421
villaparadis@outlook.it,B & B Villa Paradis,https://www.hotelsdrop.com/hotel/b-b-villa-paradis-airuno,+39 388 129 8703
info@agriturismofiordicampo.it,Agriturismo Fior Di Campo,https://www.hotelsdrop.com/hotel/agriturismo-fior-di-campo-aisone,+39 328 288 7852
info@laroccabianca.com,B&B La Rocca Bianca,https://www.hotelsdrop.com/hotel/b-b-la-rocca-bianca-aisone,+39 320 492 5307
stiera@pec.it,Stura River Village RAFTING,https://www.hotelsdrop.com/hotel/stura-river-village-rafting-aisone,+39 338 101 1194
info@aivellutai.it,Ai Vellutai,https://www.hotelsdrop.com/hotel/ai-vellutai-ala,+39 347 382 2028
info@polsavacanze.it,Aparthotel Bellavista,https://www.hotelsdrop.com/hotel/aparthotel-bellavista-ala,+39 329 881 7775
cauliviala@gmail.com,B&b Cà Ulivi,https://www.hotelsdrop.com/hotel/b-b-ca-ulivi-ala,+39 334 825 6063
info@polsavacanze.it,Camping Polsa **,https://www.hotelsdrop.com/hotel/camping-polsa-ala,+39 329 881 7775
info@lacadalora.com,Casa alla Fontana,https://www.hotelsdrop.com/hotel/casa-alla-fontana-ala,+39 339 735 1398
info@giuliobb.it,Giulio Mountain B&B,https://www.hotelsdrop.com/hotel/giulio-mountain-b-b-ala,+39 348 304 7962
info@hotelbaldo.it,Hotel Baldo,https://www.hotelsdrop.com/hotel/hotel-baldo-ala,+39 340 680 3296
info@alpradimuriet.it,Agriturismo Al pra di Muriet,https://www.hotelsdrop.com/hotel/agriturismo-al-pra-di-muriet-ala-di-stura,+39 320 272 7858
info@lafermedugrandparadis.it,Agriturismo La ferme du Grand Paradis,https://www.hotelsdrop.com/hotel/agriturismo-la-ferme-du-grand-paradis-ala-di-stura,+39 348 258 9500
info@lasforzata.com,Agriturismo La Sforzata - Da Dormire,https://www.hotelsdrop.com/hotel/agriturismo-la-sforzata-da-dormire-ala-di-stura,+39 349 272 6047
agriturismoplandelatour@gmail.com,Agriturismo Plan de la Tour,https://www.hotelsdrop.com/hotel/agriturismo-plan-de-la-tour-ala-di-stura,+39 371 477 3465
serrasdala@gmail.com,Agriturismo Serras D'ala,https://www.hotelsdrop.com/hotel/agriturismo-serras-d-ala-ala-di-stura,+39 329 562 7271
info@usurtala.com,Agriturismo Usurtala,https://www.hotelsdrop.com/hotel/agriturismo-usurtala-ala-di-stura,+39 348 859 7341
bb.cadambra@gmail.com,B&B Ca' D'ambra,https://www.hotelsdrop.com/hotel/b-b-ca-d-ambra-ala-di-stura,+39 338 595 3321
lacrestolina@gmail.com,B&B La Crestolina - CIN IT001003C1VBAR23UF,https://www.hotelsdrop.com/hotel/b-b-la-crestolina-cin-it001003c1vbar23uf-ala-di-stura,+39 351 456 2390
cinzialoturco@libero.it,baite del baus,https://www.hotelsdrop.com/hotel/baite-del-baus-ala-di-stura,+39 347 156 2130
info@bnbuja.com,bnbuja,https://www.hotelsdrop.com/hotel/bnbuja-ala-di-stura,+39 338 535 4025
casacurnet@yahoo.com,Casa Curnet,https://www.hotelsdrop.com/hotel/casa-curnet-ala-di-stura,+39 347 646 6862
info@alpesattal.com,B&B Alpe Sattal,https://www.hotelsdrop.com/hotel/b-b-alpe-sattal-alagna,+39 349 630 8738
camerelemieradici@gmail.com,LE MIE RADICI,https://www.hotelsdrop.com/hotel/le-mie-radici-alagna,+39 347 846 6529
olen@mhhotels.it,Mh Olen Hotel,https://www.hotelsdrop.com/hotel/mh-olen-hotel-alagna,+39 342 943 7393
info@residencemary.it,Residence Mary di Ferraris Stefania,https://www.hotelsdrop.com/hotel/residence-mary-di-ferraris-stefania-alagna,+39 348 700 3660
info@walsertal.it,Residence Walsertal,https://www.hotelsdrop.com/hotel/residence-walsertal-alagna-valsesia,+39 340 181 9867
nikkiabruzzo@gmail.com,Abruzzo Borgo,https://www.hotelsdrop.com/hotel/abruzzo-borgo-alanno,+39 328 687 2158
info@agriturismolamasseria.com,Agriturismo La Masseria,https://www.hotelsdrop.com/hotel/agriturismo-la-masseria-alanno,+39 349 616 2785
petrelli.alessandro@gmail.com,B&B Il Sogno,https://www.hotelsdrop.com/hotel/b-b-il-sogno-alanno,+39 320 696 6830
info@casaaurora.it,Casa Aurora B&B,https://www.hotelsdrop.com/hotel/casa-aurora-b-b-alanno,+39 389 166 9730
bblapiccolaoasi.2009@gmail.com,La Piccola Oasi,https://www.hotelsdrop.com/hotel/la-piccola-oasi-alanno,+39 340 466 4755
info@hotelgabbianoalassio.it,Hotel Gabbiano,https://www.hotelsdrop.com/hotel/hotel-gabbiano-alassio,+39 335 645 7740
sabbiablualassio@gmail.com,Sabbia Blu Alassio - GuestRoom,https://www.hotelsdrop.com/hotel/sabbia-blu-alassio-guestroom-alassio,+39 351 794 6700
ilrosone2022@gmail.com,Il Rosone - Rooms&Apartments,https://www.hotelsdrop.com/hotel/il-rosone-rooms-apartments-alatri,+39 334 539 8666
albamorus.info@gmail.com,Alba Morus Guest House,https://www.hotelsdrop.com/hotel/alba-morus-guest-house-alba,+39 349 382 8127
bbalbaserena@gmail.com,Alba Serena Camere e Appartamenti,https://www.hotelsdrop.com/hotel/alba-serena-camere-e-appartamenti-alba,+39 333 950 3545
info@almahospitality.it,ALMA,https://www.hotelsdrop.com/hotel/alma-alba,+39 335 582 6391
casa.albablu@gmail.com,Casa Alba Blu,https://www.hotelsdrop.com/hotel/casa-alba-blu-alba,+39 375 859 4267
info@labasiglia.com,La Basiglia,https://www.hotelsdrop.com/hotel/la-basiglia-alba,+39 349 447 4421
info@palazzofinati.it,Palazzo Finati,https://www.hotelsdrop.com/hotel/palazzo-finati-alba,+39 348 008 0806
info@bblinae.com,B&B Linae,https://www.hotelsdrop.com/hotel/b-b-linae-alba-adriatica,+39 328 337 2652
info@bostonalba.it,Hotel Boston,https://www.hotelsdrop.com/hotel/hotel-boston-alba-adriatica,+39 340 809 0444
info@hotelfloraalbaadriatica.it,Hotel Flora Alba Adriatica,https://www.hotelsdrop.com/hotel/hotel-flora-alba-adriatica-alba-adriatica,+39 327 145 3534
fabiola.deidda@tiscali.it,Agriturismo Andala,https://www.hotelsdrop.com/hotel/agriturismo-andala-albagiara,+39 349 861 0412
gianlusanna@gmail.com,B&B Daddanca,https://www.hotelsdrop.com/hotel/b-b-daddanca-albagiara,+39 346 154 6547
info@domoachenza.it,Domo Achenza Guesthouse,https://www.hotelsdrop.com/hotel/domo-achenza-guesthouse-albagiara,+39 345 500 2681
info@cascinascanna.it,Agriturismo Cascina Scanna,https://www.hotelsdrop.com/hotel/agriturismo-cascina-scanna-albairate,+39 388 060 2003
info@mind-milano.com,B&B Villa Milano,https://www.hotelsdrop.com/hotel/b-b-villa-milano-albairate,+39 347 665 5298
lapendolahotel@email.it,Hotel La Pendola,https://www.hotelsdrop.com/hotel/hotel-la-pendola-albairate,+39 389 781 3589
info@beb-ilgirasole.com,agriturismo Il Girasole,https://www.hotelsdrop.com/hotel/agriturismo-il-girasole-albanella,+39 339 872 7421
info@aiaresort.it,Aia Resort,https://www.hotelsdrop.com/hotel/aia-resort-albanella,+39 328 927 0730
info@la-mortella.it,B&B La Mortella,https://www.hotelsdrop.com/hotel/b-b-la-mortella-albanella,+39 333 639 4519
info@bbcasadegliulivi.it,Casa degli Ulivi,https://www.hotelsdrop.com/hotel/casa-degli-ulivi-albanella,+39 339 790 2433
info@ilcasolaredeglialburni.it,Il Casolare degli Alburni,https://www.hotelsdrop.com/hotel/il-casolare-degli-alburni-albanella,+39 333 666 3739
info@molinodellacontessa.com,Agriturismo Il Molino Della Contessa,https://www.hotelsdrop.com/hotel/agriturismo-il-molino-della-contessa-albano-di-lucania,+39 331 112 9830
carminepat@libero.it,B&B Il Patriarca,https://www.hotelsdrop.com/hotel/b-b-il-patriarca-albano-di-lucania,+39 348 740 4089
info@lacasadigiulietta.net,B&B La casa di Giulietta,https://www.hotelsdrop.com/hotel/b-b-la-casa-di-giulietta-albano-di-lucania,+39 333 488 4579
info@hoteldolomiticastelmezzano.com,Hotel Dolomiti Castelmezzano,https://www.hotelsdrop.com/hotel/hotel-dolomiti-castelmezzano-albano-di-lucania,+39 333 203 8290
info@residenzabalios.it,Residenza Balios,https://www.hotelsdrop.com/hotel/residenza-balios-albano-di-lucania,+39 375 843 0549
silosbergamo@hotmail.it,"""I Silos"" Guest House",https://www.hotelsdrop.com/hotel/i-silos-guest-house-albano-sant-alessandro,+39 333 538 7093
beb@corteseguini.it,B&B Corte Seguini,https://www.hotelsdrop.com/hotel/b-b-corte-seguini-albano-sant-alessandro,+39 366 431 1934
info@bbmiravalle.it,"B&B Miravalle Scanzorosciate BG: 2 camere, terrazzo panoramico vista colline Moscato, cantina eventi.CIN:IT016194C1CHPXAOEP",https://www.hotelsdrop.com/hotel/b-b-miravalle-scanzorosciate-bg-2-camere-terrazz-albano-sant-alessandro,+39 338 805 5160
villa.gio.bg@gmail.com,B&B Villa Giò,https://www.hotelsdrop.com/hotel/b-b-villa-gio-albano-sant-alessandro,+39 349 604 2407
info@bbcame.it,CaMé,https://www.hotelsdrop.com/hotel/came-albano-sant-alessandro,+39 392 571 0109
amycasettadicharme@gmail.com,AMY B&B Casetta di Charme,https://www.hotelsdrop.com/hotel/amy-b-b-casetta-di-charme-albano-vercellese,+39 388 798 0994
info.giusygabry@gmail.com,G&G Giusy e Gabry,https://www.hotelsdrop.com/hotel/g-g-giusy-e-gabry-albano-vercellese,+39 375 792 1591
labovessrl@gmail.com,Guest House Nonna Rosa,https://www.hotelsdrop.com/hotel/guest-house-nonna-rosa-albano-vercellese,+39 348 231 1289
lacittadelriso1@gmail.com,LA CITTA' DEL RISO,https://www.hotelsdrop.com/hotel/la-citta-del-riso-albano-vercellese,+39 353 478 6456
info@campagnole.com,Residence Campagnole,https://www.hotelsdrop.com/hotel/residence-campagnole-albano-vercellese,+39 335 753 9065
info@bbartemide.it,B&B Artemide,https://www.hotelsdrop.com/hotel/b-b-artemide-albaredo-d-adige,+39 340 554 6962
bbilconte2014@gmail.com,BeB Il Conte,https://www.hotelsdrop.com/hotel/beb-il-conte-albaredo-d-adige,+39 348 721 0993
info@lacasadellezie.it,Bed & Breakfast la Casa delle Zie,https://www.hotelsdrop.com/hotel/bed-breakfast-la-casa-delle-zie-albaredo-d-adige,+39 348 983 2862
borgoanticodisoave@gmail.com,Borgo Antico Affittacamere Soave Verona,https://www.hotelsdrop.com/hotel/borgo-antico-affittacamere-soave-verona-albaredo-d-adige,+39 349 651 9241
info@hotelstazionecerea.it,Hotel Stazione | Ex Hotel Lini,https://www.hotelsdrop.com/hotel/hotel-stazione-ex-hotel-lini-albaredo-d-adige,+39 379 263 9472
info@casadelleerbe.it,Agriturismo Casa Delle Erbe,https://www.hotelsdrop.com/hotel/agriturismo-casa-delle-erbe-albareto,+39 339 254 4184
captainmurph2000@yahoo.com,Agriturismo Mulino Marghen,https://www.hotelsdrop.com/hotel/agriturismo-mulino-marghen-albareto,+39 339 845 6395
prenotazioni@costalta.com,B&B Costalta,https://www.hotelsdrop.com/hotel/b-b-costalta-albareto,+39 348 511 8531
ilcasolarebioenergetico5@gmail.com,"B&B Il Casolare Bioenergetico : Seminari olistici, soggiorni per famiglie e gruppi.",https://www.hotelsdrop.com/hotel/b-b-il-casolare-bioenergetico-seminari-olistici-albareto,+39 347 541 0455
faustella201@libero.it,B&B Il Poggio di Traverde,https://www.hotelsdrop.com/hotel/b-b-il-poggio-di-traverde-albareto,+39 339 298 9349
info@borgocasale.it,Borgo Casale,https://www.hotelsdrop.com/hotel/borgo-casale-albareto,+39 346 965 5397
info@funghiefate.com,Funghi e Fate,https://www.hotelsdrop.com/hotel/funghi-e-fate-albareto,+39 328 215 1262
federicofarm95@gmail.com,La Casa del Sarto - FedericoFarm,https://www.hotelsdrop.com/hotel/la-casa-del-sarto-federicofarm-albareto,+39 333 884 1166
info@agriturismocasadelprincipe.it,Agriturismo Casa del principe,https://www.hotelsdrop.com/hotel/agriturismo-casa-del-principe-albaretto-della-torre,+39 392 118 3788
info@cascinapajanot.com,Agriturismo Cascina Pajanòt,https://www.hotelsdrop.com/hotel/agriturismo-cascina-pajanot-albaretto-della-torre,+39 388 693 1655
agriturismo.rihane@gmail.com,Agriturismo Rihane,https://www.hotelsdrop.com/hotel/agriturismo-rihane-albaretto-della-torre,+39 389 913 1971
info@agriturismoalbrich.it,Al Brich,https://www.hotelsdrop.com/hotel/al-brich-albaretto-della-torre,+39 392 142 5076
info@bblarola.it,B&B La Rola,https://www.hotelsdrop.com/hotel/b-b-la-rola-albaretto-della-torre,+39 338 684 6338
info@tenutabricchi.it,Tenuta Bricchi,https://www.hotelsdrop.com/hotel/tenuta-bricchi-albaretto-della-torre,+39 335 787 2079
sonnessa@pec.villamoglietta.it,Villa Moglietta Host in Langhe,https://www.hotelsdrop.com/hotel/villa-moglietta-host-in-langhe-albaretto-della-torre,+39 324 848 6224
trattoriasangiuseppe@yahoo.it,Affitta camere Foresteria San Giuseppe,https://www.hotelsdrop.com/hotel/affitta-camere-foresteria-san-giuseppe-albavilla,+39 331 235 8043
#iltalentonellaquiete@gmail.com,Agriturismo Il Talento Nella Quiete Lago di Como,https://www.hotelsdrop.com/hotel/agriturismo-il-talento-nella-quiete-lago-di-como-albavilla,+39 333 687 2570
info@aquarellebeb.it,AQUARELLE Bed and Breakfast,https://www.hotelsdrop.com/hotel/aquarelle-bed-and-breakfast-albavilla,+39 347 129 9215
ki@cucinadelleidee.it,Cucina Delle Agridee - Azienda Agricola,https://www.hotelsdrop.com/hotel/cucina-delle-agridee-azienda-agricola-albavilla,+39 333 650 1647
info@villabiancagh.it,La Villa Bianca guest house,https://www.hotelsdrop.com/hotel/la-villa-bianca-guest-house-albavilla,+39 347 176 7177
info@ingauniahub.com,Affittacamere Archivolto del Teatro,https://www.hotelsdrop.com/hotel/affittacamere-archivolto-del-teatro-albenga,+39 380 266 5836
info@santeodoro-albenga.it,Affittacamere San Teodoro,https://www.hotelsdrop.com/hotel/affittacamere-san-teodoro-albenga,+39 320 811 8109
info@agriturismononnamerj.it,Agriturismo Nonna Merj,https://www.hotelsdrop.com/hotel/agriturismo-nonna-merj-albenga,+39 327 573 5418
info@magnolia-hotel.it,Albergo Magnolia,https://www.hotelsdrop.com/hotel/albergo-magnolia-albenga,+39 389 506 1661
bandbleterrazze@gmail.com,B&B Le Terrazze,https://www.hotelsdrop.com/hotel/b-b-le-terrazze-albenga,+39 376 116 5973
info@salviaerosmarino.com,Salvia e Rosmarino - Affittacamere in Liguria,https://www.hotelsdrop.com/hotel/salvia-e-rosmarino-affittacamere-in-liguria-albenga,+39 328 951 7192
info@lasereta.it,Agriturismo La Sereta,https://www.hotelsdrop.com/hotel/agriturismo-la-sereta-albera-ligure,+39 349 582 6357
info@locandabelvederepey.it,Albergo Ristorante Locanda Belvedere Pey,https://www.hotelsdrop.com/hotel/albergo-ristorante-locanda-belvedere-pey-albera-ligure,+39 346 388 2147
info@bbgriffondoro.com,B&B Griffondoro,https://www.hotelsdrop.com/hotel/b-b-griffondoro-albera-ligure,+39 349 055 1613
bebilpodesta@gmail.com,B&B Il Podestà,https://www.hotelsdrop.com/hotel/b-b-il-podesta-albera-ligure,+39 377 310 5556
icappucciniw@gmail.com,I Cappuccini Wellness,https://www.hotelsdrop.com/hotel/i-cappuccini-wellness-albera-ligure,+39 339 380 7841
info@anticadimorasulfiume.it,L'Antica dimora sul fiume,https://www.hotelsdrop.com/hotel/l-antica-dimora-sul-fiume-albera-ligure,+39 392 989 0067
info@hotel-silva.it,Hotel Silva,https://www.hotelsdrop.com/hotel/hotel-silva-alberobello,+39 392 203 7016
turiantonio1995business@gmail.com,San Marco Boutique Rooms,https://www.hotelsdrop.com/hotel/san-marco-boutique-rooms-alberobello,+39 379 258 2020
info@trulliepuglia.com,Trulli e Puglia Resort,https://www.hotelsdrop.com/hotel/trulli-e-puglia-resort-alberobello,+39 338 533 7864
info@palazzo1892.it,Affittacamere Palazzo 1892,https://www.hotelsdrop.com/hotel/affittacamere-palazzo-1892-alberona,+39 347 187 4295
info@ilregiotratturo.it,Agriturismo Regio Tratturo,https://www.hotelsdrop.com/hotel/agriturismo-regio-tratturo-alberona,+39 389 985 7542
borgosciugolo@gmail.com,B&b Borgo Sciugolo,https://www.hotelsdrop.com/hotel/b-b-borgo-sciugolo-alberona,+39 342 020 5389
info@itemplaridialberona.com,I Templari di Alberona,https://www.hotelsdrop.com/hotel/i-templari-di-alberona-alberona,+39 328 549 4720
ilviandanterooms@gmail.com,Il Viandante Bed & Breakfast,https://www.hotelsdrop.com/hotel/il-viandante-bed-breakfast-alberona,+39 328 638 7458
casaleraffaello25@gmail.com,Casale Raffaello B&B,https://www.hotelsdrop.com/hotel/casale-raffaello-b-b-albese-con-cassano,+39 366 218 9659
info@lacortedilurago.com,Hotel La Corte di Lurago,https://www.hotelsdrop.com/hotel/hotel-la-corte-di-lurago-albese-con-cassano,+39 347 808 9691
contact@villacuore.it,Villa Cuore,https://www.hotelsdrop.com/hotel/villa-cuore-albese-con-cassano,+39 334 726 2292
bebiospa@gmail.com,B&Bio spa Catanzaro,https://www.hotelsdrop.com/hotel/b-bio-spa-catanzaro-albi,+39 329 851 2424
info@traserraelago.it,Agriturismo tra Serra e Lago,https://www.hotelsdrop.com/hotel/agriturismo-tra-serra-e-lago-albiano-d-ivrea,+39 335 789 1294
info@rmhospitality.it,Alfredo Residence,https://www.hotelsdrop.com/hotel/alfredo-residence-albiano-d-ivrea,+39 339 416 5233
info@cascinapozzoforte.it,B&B e Az. Agricola Cascina Pozzo Forte,https://www.hotelsdrop.com/hotel/b-b-e-az-agricola-cascina-pozzo-forte-albiano-d-ivrea,+39 329 190 3000
info@bbilpiccioneviaggiatore.com,B&B Il Piccione Viaggiatore,https://www.hotelsdrop.com/hotel/b-b-il-piccione-viaggiatore-albiano-d-ivrea,+39 338 950 5757
info@casaena.it,Casa Ena,https://www.hotelsdrop.com/hotel/casa-ena-albiano-d-ivrea,+39 334 600 3267
info@lafioranaivrea.it,La Fiorana Ivrea,https://www.hotelsdrop.com/hotel/la-fiorana-ivrea-albiano-d-ivrea,+39 340 332 4240
info@rmhospitality.it,Villa San Martino B&B,https://www.hotelsdrop.com/hotel/villa-san-martino-b-b-albiano-d-ivrea,+39 339 416 5233
crisfolci@gmail.com,B&B Brianza Overview CIN IT108011C1WTGGTO9M,https://www.hotelsdrop.com/hotel/b-b-brianza-overview-cin-it108011c1wtggto9m-albiate,+39 339 393 3139
rooms@ilcarrobiolo.com,Carro Rooms,https://www.hotelsdrop.com/hotel/carro-rooms-albiate,+39 388 801 3391
info@isidoroaffittacamere.it,isidoro affitta camere carugo,https://www.hotelsdrop.com/hotel/isidoro-affitta-camere-carugo-albiate,+39 351 888 9007
info@residencetrepini.it,Residence Tre Pini,https://www.hotelsdrop.com/hotel/residence-tre-pini-albiate,+39 338 769 6389
605a7baede844d278b89dc95ae0a9123@sentry-next.wixpress.com,B&B Mare E Monti,https://www.hotelsdrop.com/hotel/b-b-mare-e-monti-albidona,+39 347 381 2483
terredilevidonia@gmail.com,La Dimora dei Nonni,https://www.hotelsdrop.com/hotel/la-dimora-dei-nonni-albidona,+39 368 702 7382
info@merigio.it,Merigio',https://www.hotelsdrop.com/hotel/merigio-albidona,+39 333 294 3111
info@raduradelgrano.com,Rifugio Radura del Grano,https://www.hotelsdrop.com/hotel/rifugio-radura-del-grano-albidona,+39 351 806 4884
martinas.albignasego@gmail.com,Martina's Rooms,https://www.hotelsdrop.com/hotel/martina-s-rooms-albignasego,+39 351 651 6877
info@boscodelfracasso.com,Agriturismo BOSCO DEL FRACASSO,https://www.hotelsdrop.com/hotel/agriturismo-bosco-del-fracasso-albinea,+39 335 806 9070
info@casalehortensia.com,Casale Hortensia Hospitalite de Charme,https://www.hotelsdrop.com/hotel/casale-hortensia-hospitalite-de-charme-albinea,+39 370 372 8959
lamaisondeux2@gmail.com,La Maison Deux,https://www.hotelsdrop.com/hotel/la-maison-deux-albinea,+39 338 659 2528
info@parcodimontebello.it,Parco di Montebello,https://www.hotelsdrop.com/hotel/parco-di-montebello-albinea,+39 338 701 2328
marzia@bebcasadolcecasa.eu,B&B Casa Dolce Casa,https://www.hotelsdrop.com/hotel/b-b-casa-dolce-casa-albino,+39 333 618 9592
info@casavivabeb.it,B&B Casaviva,https://www.hotelsdrop.com/hotel/b-b-casaviva-albino,+39 339 889 8639
info@bbilghiro.it,Bed and Breakfast Il Ghiro,https://www.hotelsdrop.com/hotel/bed-and-breakfast-il-ghiro-albino,+39 333 261 9187
info@bbmontino.com,Bed And Breakfast Montino,https://www.hotelsdrop.com/hotel/bed-and-breakfast-montino-albino,+39 340 305 7978
info@bergamobnb.it,Bergamo BnB,https://www.hotelsdrop.com/hotel/bergamo-bnb-albino,+39 339 327 0717
nonnaita.house@gmail.com,Casa vacanze Nonna ITA,https://www.hotelsdrop.com/hotel/casa-vacanze-nonna-ita-albino,+39 350 156 9675
casaceruti@hotmail.it,B&B Casa Ceruti,https://www.hotelsdrop.com/hotel/b-b-casa-ceruti-albiolo,+39 339 166 6775
carosamalnate@gmail.com,Ca' Rosa B&B,https://www.hotelsdrop.com/hotel/ca-rosa-b-b-albiolo,+39 328 815 4424
agriturismocasalealfoino@gmail.com,Casale al Foino,https://www.hotelsdrop.com/hotel/casale-al-foino-albiolo,+39 340 342 2766
info@lacorteeluva.it,La Corte e L'Uva,https://www.hotelsdrop.com/hotel/la-corte-e-l-uva-albiolo,+39 338 425 9610
info@lamaisondigioegio.com,La Maison di Gio & Gio,https://www.hotelsdrop.com/hotel/la-maison-di-gio-gio-albiolo,+39 338 618 6597
filipporaviola.fr@gmail.com,Riarel | B&B - Rooms and hospitality,https://www.hotelsdrop.com/hotel/riarel-b-b-rooms-and-hospitality-albiolo,+39 375 845 8473
info@capotorreresort.it,B&B Capo Torre Resort & SPA,https://www.hotelsdrop.com/hotel/b-b-capo-torre-resort-spa-albisola-superiore,+39 340 476 9163
riobasco.guesthouse@gmail.com,Riobasco Guesthouse,https://www.hotelsdrop.com/hotel/riobasco-guesthouse-albisola-superiore,+39 379 274 2824
info@vitinsubria.it,Agriturismo Laghi d'Insubria Albizzate.,https://www.hotelsdrop.com/hotel/agriturismo-laghi-d-insubria-albizzate-albizzate,+39 348 008 3427
ilcortile@hotmail.it,B&B il Cortile,https://www.hotelsdrop.com/hotel/b-b-il-cortile-albizzate,+39 347 110 6528
bbilpozzo@libero.it,B&B Il Pozzo Malpensa,https://www.hotelsdrop.com/hotel/b-b-il-pozzo-malpensa-albizzate,+39 328 273 5376
ilcasolaredelmedioolona@gmail.com,Il Casolare del Medio Olona,https://www.hotelsdrop.com/hotel/il-casolare-del-medio-olona-albizzate,+39 338 429 7496
info@mxp-rooms.it,Residence Mxp rooms,https://www.hotelsdrop.com/hotel/residence-mxp-rooms-albizzate,+39 340 198 2450
info@bnbvigevano.com,Il Cottage,https://www.hotelsdrop.com/hotel/il-cottage-albonese,+39 334 201 4954
info@residencematteotti.it,Residence Matteotti,https://www.hotelsdrop.com/hotel/residence-matteotti-albonese,+39 392 787 6095
info@stellaorobica.com,Agriturismo Stella Orobica,https://www.hotelsdrop.com/hotel/agriturismo-stella-orobica-albosaggia,+39 328 753 1375
contatto@esempio.it,B&B Sopralapanca,https://www.hotelsdrop.com/hotel/b-b-sopralapanca-albosaggia,+39 335 685 1203
info@carossa.eu,Cà ROSSA - B&B,https://www.hotelsdrop.com/hotel/ca-rossa-b-b-albosaggia,+39 349 525 8247
info@lecassandre.com,Guest House Le Cassandre,https://www.hotelsdrop.com/hotel/guest-house-le-cassandre-albosaggia,+39 375 534 6359
manit_ambra@yahoo.com,Luna di miele,https://www.hotelsdrop.com/hotel/luna-di-miele-albosaggia,+39 328 597 0103
piasi.cortanze@gmail.com,'l piasì,https://www.hotelsdrop.com/hotel/l-piasi-albugnano,+39 339 142 1956
antonella.chareun@libero.it,Agriturismo Arcobaleno fattoria Didattica,https://www.hotelsdrop.com/hotel/agriturismo-arcobaleno-fattoria-didattica-albugnano,+39 347 419 1801
info.naturin@gmail.com,B&B Naturin - Vegan Eco Farm,https://www.hotelsdrop.com/hotel/b-b-naturin-vegan-eco-farm-albugnano,+39 334 133 9622
bb.bedbox@gmail.com,Bed & Breakfast “Bed & Box”,https://www.hotelsdrop.com/hotel/bed-breakfast-bed-box-albugnano,+39 335 819 7728
barbarene@outlook.it,Bed and Breakfast Ca d' Pinin,https://www.hotelsdrop.com/hotel/bed-and-breakfast-ca-d-pinin-albugnano,+39 328 099 8016
info@caborgovecchio.com,Ca' Borgo Vecchio di Coppero Cristina,https://www.hotelsdrop.com/hotel/ca-borgo-vecchio-di-coppero-cristina-albugnano,+39 329 905 9819
info@camariuccia.it,Ca'Mariuccia Agriturismo biologico,https://www.hotelsdrop.com/hotel/ca-mariuccia-agriturismo-biologico-albugnano,+39 335 750 7496
info@lacortedelbarbio.it,La Corte del Barbio,https://www.hotelsdrop.com/hotel/la-corte-del-barbio-albugnano,+39 335 742 9998
mfrooms.srl@gmail.com,B&B Amaca - affitti brevi,https://www.hotelsdrop.com/hotel/b-b-amaca-affitti-brevi-albuzzano,+39 320 973 6248
ilpettirossobb@gmail.com,B&B Il Pettirosso,https://www.hotelsdrop.com/hotel/b-b-il-pettirosso-albuzzano,+39 338 437 5598
bebpaolaefrancesco@gmail.com,B&B Paola e Francesco miglior prezzo/qualità CIN IT018137C1UV3UL8KZ,https://www.hotelsdrop.com/hotel/b-b-paola-e-francesco-miglior-prezzo-qualita-cin-albuzzano,+39 339 451 8048
info@cascinamarzana.it,Cascina Marzana,https://www.hotelsdrop.com/hotel/cascina-marzana-albuzzano,+39 349 590 8302
guesthousemaiocchi@gmail.com,Guest House Maiocchi,https://www.hotelsdrop.com/hotel/guest-house-maiocchi-albuzzano,+39 328 639 3588
info@italiacertosa.pavia.it,Hotel Italia,https://www.hotelsdrop.com/hotel/hotel-italia-albuzzano,+39 351 542 7257
info@casaleginisara.it,Casale Ginisara - B&B - Agriturismo - Castellammare del golfo,https://www.hotelsdrop.com/hotel/casale-ginisara-b-b-agriturismo-castellammare-de-alcamo,+39 327 719 0843
info@ciurialcamo.it,Ciuri' affittacamere,https://www.hotelsdrop.com/hotel/ciuri-affittacamere-alcamo,+39 327 586 0692
emilianogioitta@tiscali.it,Affittacamere Nicolò,https://www.hotelsdrop.com/hotel/affittacamere-nicolo-alcara-li-fusi,+39 347 292 7684
ilvignale@hotmail.com,Agriturismo il Vignale,https://www.hotelsdrop.com/hotel/agriturismo-il-vignale-alcara-li-fusi,+39 338 277 9383
turismovillaluca@gmail.com,Agriturismo Villa Luca,https://www.hotelsdrop.com/hotel/agriturismo-villa-luca-alcara-li-fusi,+39 328 266 1118
home@giardinodisicilia.com,Giardino di Sicilia,https://www.hotelsdrop.com/hotel/giardino-di-sicilia-alcara-li-fusi,+39 328 707 4615
info@lacollinadeinebrodi.it\&quot;,La Collina Dei Nebrodi,https://www.hotelsdrop.com/hotel/la-collina-dei-nebrodi-alcara-li-fusi,+39 388 636 0216
nebrodiagrivillage@virgilio.it,Nebrodi Agrivillage Bianca Sole Mia,https://www.hotelsdrop.com/hotel/nebrodi-agrivillage-bianca-sole-mia-alcara-li-fusi,+39 320 890 7014
reservation@locanda-arguta.it,Agriturismo e Camping Locanda de l'Arguta,https://www.hotelsdrop.com/hotel/agriturismo-e-camping-locanda-de-l-arguta-aldeno,+39 333 761 4660
info@bbalessandro.it,B&B Alessandro,https://www.hotelsdrop.com/hotel/b-b-alessandro-aldeno,+39 351 906 0306
info@lafinestrasulgiardino.com,La Finestra sul Giardino - B&B,https://www.hotelsdrop.com/hotel/la-finestra-sul-giardino-b-b-aldeno,+39 371 521 5388
info@zur-muhle.com,Albergo Gasthof zur Mühle | Ristorante Pizzeria,https://www.hotelsdrop.com/hotel/albergo-gasthof-zur-muhle-ristorante-pizzeria-aldino-aldein,+39 353 443 2298
info@rasterhof.it,Rasterhof,https://www.hotelsdrop.com/hotel/rasterhof-aldino-aldein,+39 333 365 7429
info@mentefredda.it\,Hotel Mistral,https://www.hotelsdrop.com/hotel/hotel-mistral-ales,+39 349 507 6518
info@lacasettaguesthouse.com,La Casetta Guest House,https://www.hotelsdrop.com/hotel/la-casetta-guest-house-ales,+39 389 454 0055
arcobalenobb@hotmail.it,B&B Arcobaleno,https://www.hotelsdrop.com/hotel/b-b-arcobaleno-alessandria,+39 331 771 2212
lacortebnb@gmail.com,La Corte,https://www.hotelsdrop.com/hotel/la-corte-alessandria,+39 351 847 4463
info@palazzopaleologi.com,Relais Palazzo Paleologi - Secolo XIV,https://www.hotelsdrop.com/hotel/relais-palazzo-paleologi-secolo-xiv-alessandria,+39 345 806 5758
residencemonferrato@libero.it,Residence Corso Monferrato,https://www.hotelsdrop.com/hotel/residence-corso-monferrato-alessandria,+39 334 581 9052
contatto@esempio.it,Bed and Breakfast LA CASETTA,https://www.hotelsdrop.com/hotel/bed-and-breakfast-la-casetta-alessandria-del-carretto,+39 376 096 0284
lbfrutta89@gmail.com,L&B B&B,https://www.hotelsdrop.com/hotel/l-b-b-b-alessandria-del-carretto,+39 329 417 3498
terra.dileuca@libero.it,Agriturismo Terra di Leuca,https://www.hotelsdrop.com/hotel/agriturismo-terra-di-leuca-alessano,+39 339 410 4698
info@acasadipaolo.it,B&B A casa di Paolo,https://www.hotelsdrop.com/hotel/b-b-a-casa-di-paolo-alessano,+39 328 338 7407
info@ilbaiocco.it,B&B il Baiocco,https://www.hotelsdrop.com/hotel/b-b-il-baiocco-alessano,+39 380 472 4093
info@lupalummaru.it,B&B Masseria Lu Palummaru,https://www.hotelsdrop.com/hotel/b-b-masseria-lu-palummaru-alessano,+39 338 883 7713
lelantanesalento@gmail.com,Le Lantane Luxury Rooms,https://www.hotelsdrop.com/hotel/le-lantane-luxury-rooms-alessano,+39 391 381 5505
trappeti@yahoo.it,Masseria Delle Rose,https://www.hotelsdrop.com/hotel/masseria-delle-rose-alessano,+39 328 052 0968
info@antichemacine.com,Villa B&B Antiche Macine del Salento nel cuore del Salento - villetta con piscina - punto strategico spiaggia del Salento,https://www.hotelsdrop.com/hotel/villa-b-b-antiche-macine-del-salento-nel-cuore-d-alessano,+39 327 980 7068
info@agriturismosantachiara.it,Agriturismo Santa Chiara,https://www.hotelsdrop.com/hotel/agriturismo-santa-chiara-alezio,+39 388 602 0270
info@mandarinoarancio.it,B&B Mandarino e Arancio by Montedelia Tour,https://www.hotelsdrop.com/hotel/b-b-mandarino-e-arancio-by-montedelia-tour-alezio,+39 335 190 0159
prenotazioni@madeturismo.it,B&B Sant'Antonio Gallipoli,https://www.hotelsdrop.com/hotel/b-b-sant-antonio-gallipoli-alezio,+39 329 708 6485
info@gioiadelmare.com,Gioia del Mare,https://www.hotelsdrop.com/hotel/gioia-del-mare-alezio,+39 328 154 1172
lafenicesalentina@hotmail.com,La Fenice Salentina B&B,https://www.hotelsdrop.com/hotel/la-fenice-salentina-b-b-alezio,+39 345 302 7904
e-mail:info@ostellosalento.com,Ostello Salento,https://www.hotelsdrop.com/hotel/ostello-salento-alezio,+39 335 818 4398
prenotazioni.palazzoaurora@gmail.com,Palazzo Aurora,https://www.hotelsdrop.com/hotel/palazzo-aurora-alezio,+39 379 369 4437
info@tenutadoxi.com,Tenuta Doxi,https://www.hotelsdrop.com/hotel/tenuta-doxi-alezio,+39 377 099 3055
info@masserialabaronessa.com,Tenuta La Baronessa - Masseria & Country Resort,https://www.hotelsdrop.com/hotel/tenuta-la-baronessa-masseria-country-resort-alezio,+39 351 570 1454
villamariacasevacanze@gmail.com,Villa Maria B&B,https://www.hotelsdrop.com/hotel/villa-maria-b-b-alezio,+39 375 684 4359
info@villaranciasalento.it,Villarancia B&B,https://www.hotelsdrop.com/hotel/villarancia-b-b-alezio,+39 347 848 0953
agriturismocasagiusta@gmail.com,Agriturismo Casa Giusta,https://www.hotelsdrop.com/hotel/agriturismo-casa-giusta-alfano,+39 331 141 6295
info@beb-palinuro.com,Amaltea Bed and Breakfast,https://www.hotelsdrop.com/hotel/amaltea-bed-and-breakfast-alfano,+39 320 853 3752
ilcasaledelbaronesgap@gmail.com,"Il Casale del Barone, SA",https://www.hotelsdrop.com/hotel/il-casale-del-barone-sa-alfano,+39 348 461 5569
contatto@esempio.it,affittacamere le rondini,https://www.hotelsdrop.com/hotel/affittacamere-le-rondini-alfedena,+39 350 140 7956
bbvillatina@gmail.com,B&B Villa Tina,https://www.hotelsdrop.com/hotel/b-b-villa-tina-alfedena,+39 335 695 8075
danonnali@gmail.com,Da Nonna Li bed & breakfast,https://www.hotelsdrop.com/hotel/da-nonna-li-bed-breakfast-alfedena,+39 335 822 8730
info@ilvicolettobeb.it,Il Vicoletto B&B,https://www.hotelsdrop.com/hotel/il-vicoletto-b-b-alfedena,+39 347 779 1472
contatto@esempio.it,La scarpetta di Venere B&B,https://www.hotelsdrop.com/hotel/la-scarpetta-di-venere-b-b-alfedena,+39 331 249 1181
info@cascinatavolette.it,Agriturismo Cascina Tavolette,https://www.hotelsdrop.com/hotel/agriturismo-cascina-tavolette-alfianello,+39 353 474 3712
lerustiche.foresteria@gmail.com,Foresteria Le Rustiche,https://www.hotelsdrop.com/hotel/foresteria-le-rustiche-alfianello,+39 351 727 6892
federica.gadaldi@yahoo.it,IL COLIBRÌ B&B,https://www.hotelsdrop.com/hotel/il-colibri-b-b-alfianello,+39 328 969 6006
info@crealto.it,Agriturismo Crealto,https://www.hotelsdrop.com/hotel/agriturismo-crealto-alfiano-natta,+39 345 568 6278
imandorli@gmail.com,B&B I Mandorli,https://www.hotelsdrop.com/hotel/b-b-i-mandorli-alfiano-natta,+39 335 619 7718
info@benbjulia.com,B&B Julia,https://www.hotelsdrop.com/hotel/b-b-julia-alfiano-natta,+39 388 881 5659
bblacasasuitetti@gmail.com,B&B Monferrato La Casa sui Tetti,https://www.hotelsdrop.com/hotel/b-b-monferrato-la-casa-sui-tetti-alfiano-natta,+39 320 233 3816
info@matunei.it,B&B The Wine Room - MATUNEI,https://www.hotelsdrop.com/hotel/b-b-the-wine-room-matunei-alfiano-natta,+39 340 763 6101
info@cascinavicentini.it,Cascina Vicentini,https://www.hotelsdrop.com/hotel/cascina-vicentini-alfiano-natta,+39 335 688 0594
magalocanda@gmail.com,Magalocanda | Stanze sotto il Castello,https://www.hotelsdrop.com/hotel/magalocanda-stanze-sotto-il-castello-alfiano-natta,+39 349 559 9374
info@amyrooms.it,Amy Rooms,https://www.hotelsdrop.com/hotel/amy-rooms-alfonsine,+39 340 950 9873
info@bblaquercia.it,B&B La Quercia In Giardino,https://www.hotelsdrop.com/hotel/b-b-la-quercia-in-giardino-alfonsine,+39 335 615 5060
info@villaerikalugo.com,B&B Villa Erika,https://www.hotelsdrop.com/hotel/b-b-villa-erika-alfonsine,335 204 427
aurora@casaurora.com,Casa Aurora,https://www.hotelsdrop.com/hotel/casa-aurora-alfonsine,+39 346 083 9911
info@letregemme.it,Le Tre Gemme - Luxury Rooms,https://www.hotelsdrop.com/hotel/le-tre-gemme-luxury-rooms-alfonsine,+39 344 709 3268
info@rbhotel.it,R&B Hotel,https://www.hotelsdrop.com/hotel/r-b-hotel-alfonsine,+39 349 105 3987
ravennasuites@gmail.com,Room & Breakfast D'Annunzio,https://www.hotelsdrop.com/hotel/room-breakfast-d-annunzio-alfonsine,+39 347 571 9361
info@alguest.com,Alguest,https://www.hotelsdrop.com/hotel/alguest-alghero,+39 380 655 7527
info@aigua.it,B&B Alghero Aigua centro,https://www.hotelsdrop.com/hotel/b-b-alghero-aigua-centro-alghero,+39 340 077 7688
info@algheroemobility.com,B&B Alghero Horizon,https://www.hotelsdrop.com/hotel/b-b-alghero-horizon-alghero,+39 389 566 1653
booking@casadeiliuti.it,Casa dei Liuti Luxury Guest House,https://www.hotelsdrop.com/hotel/casa-dei-liuti-luxury-guest-house-alghero,+39 379 262 4757
casafelicidadalguer@gmail.com,Casa Felicidad Alguer,https://www.hotelsdrop.com/hotel/casa-felicidad-alguer-alghero,+39 351 958 4570
info@lmgroupitalia.it,Dolmen Guest House,https://www.hotelsdrop.com/hotel/dolmen-guest-house-alghero,+39 331 920 1846
info@leolualghero.it,Leolù Alghero Guesthouse Bed & Breakfast,https://www.hotelsdrop.com/hotel/leolu-alghero-guesthouse-bed-breakfast-alghero,+39 328 930 7283
ottocentoguesthouse@gmail.com,Ottocento Guest House,https://www.hotelsdrop.com/hotel/ottocento-guest-house-alghero,+39 391 156 5792
losmeraldoaffittacamere@hotmail.com,R & D Bed and Breakfast,https://www.hotelsdrop.com/hotel/r-d-bed-and-breakfast-alghero,+39 340 883 6194
bebcascinaroncogrande@gmail.com,B&B Cascina Ronco Grande,https://www.hotelsdrop.com/hotel/b-b-cascina-ronco-grande-algua,+39 328 088 6750
bbcentrale.orio@libero.it,B&B CENTRALE,https://www.hotelsdrop.com/hotel/b-b-centrale-algua,+39 339 174 5005
info@bebsanfrancescoclass.it,B&B San Francesco Class,https://www.hotelsdrop.com/hotel/b-b-san-francesco-class-algua,+39 340 258 4538
info@baitanelbosco.it,Baita nel Bosco | BnB Rigosa,https://www.hotelsdrop.com/hotel/baita-nel-bosco-bnb-rigosa-algua,+39 329 857 3842
info@bnbbergamoalta.it,Bergamo Alta Guest House,https://www.hotelsdrop.com/hotel/bergamo-alta-guest-house-algua,+39 329 165 5581
info@gioelbergamo.it,GIO’EL Happiness Guest House,https://www.hotelsdrop.com/hotel/gio-el-happiness-guest-house-algua,+39 342 782 4324
info@bbsottolalben.it,Sotto l'Alben,https://www.hotelsdrop.com/hotel/sotto-l-alben-algua,+39 346 233 4325
staybergamo@gmail.com,Stay Bergamo Guesthouse,https://www.hotelsdrop.com/hotel/stay-bergamo-guesthouse-algua,+39 328 545 5515
agriturismoserramoneta@gmail.com,Agriturismo Serra Moneta,https://www.hotelsdrop.com/hotel/agriturismo-serra-moneta-alia,+39 371 472 6070
info@villakamara.it,Equiturismo San Lorenzo - Villa KAMARA,https://www.hotelsdrop.com/hotel/equiturismo-san-lorenzo-villa-kamara-alia,+39 324 592 6979
p.sopranaluxhouse@libero.it,Porta Soprana luxury guest House & spa,https://www.hotelsdrop.com/hotel/porta-soprana-luxury-guest-house-spa-alia,+39 389 635 9592
info@agriturismouvardar.it,Agriturismo 'U Vardar,https://www.hotelsdrop.com/hotel/agriturismo-u-vardar-aliano,+39 349 356 5221
roccosinisgalli@pec.cgn.it,Al Bosco delle Api,https://www.hotelsdrop.com/hotel/al-bosco-delle-api-aliano,+39 340 121 3887
colobraro.residence@gmail.com,"Girastrittue, Rooms for Rent",https://www.hotelsdrop.com/hotel/girastrittue-rooms-for-rent-aliano,+39 377 387 8859
info@allogio.com,Il Casale dei Calanchi,https://www.hotelsdrop.com/hotel/il-casale-dei-calanchi-aliano,+39 320 345 1268
info@ilpaesaggiolunare.it,Il Paesaggio Lunare - Affittacamere,https://www.hotelsdrop.com/hotel/il-paesaggio-lunare-affittacamere-aliano,+39 345 828 5416
info@lasterpina.com,La Sterpina,https://www.hotelsdrop.com/hotel/la-sterpina-aliano,+39 349 878 5133
alessandra@damatracassine.com,Agriturismo Da.matra',https://www.hotelsdrop.com/hotel/agriturismo-da-matra-alice-bel-colle,+39 345 290 1065
info@acasa-di-anna.it,B&B A Casa di Anna,https://www.hotelsdrop.com/hotel/b-b-a-casa-di-anna-alice-bel-colle,+39 339 129 5031
daniel.65levi@gmail.com,Casa Levi,https://www.hotelsdrop.com/hotel/casa-levi-alice-bel-colle,+39 348 845 6774
paolobobba67@gmail.com,B&B Bouganville,https://www.hotelsdrop.com/hotel/b-b-bouganville-alice-castello,+39 338 639 6761
info@spighepagliaegirasole.it,B&B Spighe Paglia e Girasole,https://www.hotelsdrop.com/hotel/b-b-spighe-paglia-e-girasole-alice-castello,+39 351 718 9444
info@fattoriadellerose.com,Fattoria delle Rose - Società Semplice Agricola,https://www.hotelsdrop.com/hotel/fattoria-delle-rose-societa-semplice-agricola-alice-castello,+39 333 845 3710
info@nauticatarello.it,Nautica Tarello,https://www.hotelsdrop.com/hotel/nautica-tarello-alice-castello,+39 334 600 3267
info@bedandbreakfast-riders.it,Riders,https://www.hotelsdrop.com/hotel/riders-alice-castello,+39 340 368 2004
info@thelakehouse-viverone.it,THE LAKE HOUSE,https://www.hotelsdrop.com/hotel/the-lake-house-alice-castello,+39 346 784 9240
info@animaantiqua.it,Anima Antiqua,https://www.hotelsdrop.com/hotel/anima-antiqua-alife,+39 320 447 9549
borgoscorciarinibnb@gmail.com,Borgo Scorciarini B&B,https://www.hotelsdrop.com/hotel/borgo-scorciarini-b-b-alife,+39 327 886 3899
info@ilrifugiopecorella.it,PURA Smart Veg Farmhouse - Il Rifugio Pecorella,https://www.hotelsdrop.com/hotel/pura-smart-veg-farmhouse-il-rifugio-pecorella-alife,+39 377 089 5917
agriturismo.gelso@gmail.com,Agriturismo Gelso,https://www.hotelsdrop.com/hotel/agriturismo-gelso-alimena,+39 334 389 9201
sergiorol@gmail.com,B&B La Casa In Pietra,https://www.hotelsdrop.com/hotel/b-b-la-casa-in-pietra-alimena,+39 328 191 4175
info@donnavi.it,Donna Vì Hotel,https://www.hotelsdrop.com/hotel/donna-vi-hotel-alimena,+39 370 156 7134
info@locandasusuiusu.it,Locanda Susuiusu,https://www.hotelsdrop.com/hotel/locanda-susuiusu-alimena,+39 333 657 4923
info@pgdesignennait.wpcomstaging.com,P&G DESIGN BY LAGO WELCOME,https://www.hotelsdrop.com/hotel/p-g-design-by-lago-welcome-alimena,+39 335 633 9797
info@villasplendore.com,"Agriturismo Villa Splendore - Ristorante tipico con piscina e camere, sicilian restaurant",https://www.hotelsdrop.com/hotel/agriturismo-villa-splendore-ristorante-tipico-co-aliminusa,+39 328 476 8198
giardinodeicedritrabia@gmail.com,B&B Giardino dei Cedri,https://www.hotelsdrop.com/hotel/b-b-giardino-dei-cedri-aliminusa,+39 379 235 9505
ottoluneaccomodations@gmail.com,B&B Ottolune Accomodations,https://www.hotelsdrop.com/hotel/b-b-ottolune-accomodations-aliminusa,+39 347 701 7474
info@bedandbreakfastulivo.it,Bed And Breakfast Ulivo,https://www.hotelsdrop.com/hotel/bed-and-breakfast-ulivo-aliminusa,+39 366 477 2955
info@wundergarten.it,Wundergarten Dimora dei frati,https://www.hotelsdrop.com/hotel/wundergarten-dimora-dei-frati-aliminusa,+39 339 206 5625
info@maisoncerise.eu,B&B Maison Cerise,https://www.hotelsdrop.com/hotel/b-b-maison-cerise-allein,+39 347 244 8934
info@chezmagan.it,Chez Magan,https://www.hotelsdrop.com/hotel/chez-magan-allein,+39 347 924 3861
lauracolella.clem@gmail.com,CleMaison Antica Dimora - Appartamenti,https://www.hotelsdrop.com/hotel/clemaison-antica-dimora-appartamenti-allein,+39 331 666 9800
info@maisondubonmegnadzo.com,La Maison du Bon Megnadzo,https://www.hotelsdrop.com/hotel/la-maison-du-bon-megnadzo-allein,+39 335 540 0404
info@belvederedellecrete.com,Agriturismo Belvedere Delle Crete,https://www.hotelsdrop.com/hotel/agriturismo-belvedere-delle-crete-allerona,+39 339 714 9326
agriturismomulinaccino@gmail.com,Agriturismo Casale Mulinaccino,https://www.hotelsdrop.com/hotel/agriturismo-casale-mulinaccino-allerona,+39 348 239 2569
info@piandifrattina.com,Agriturismo Pian di Frattina,https://www.hotelsdrop.com/hotel/agriturismo-pian-di-frattina-allerona,+39 366 538 7317
info@locandatoscanini.it,B&B Locanda Toscanini,https://www.hotelsdrop.com/hotel/b-b-locanda-toscanini-allerona,+39 331 163 7814
info@albergovittoriataviano.it,Albergo Vittoria 3 stelle,https://www.hotelsdrop.com/hotel/albergo-vittoria-3-stelle-alliste,360 833 338
bebcortere@gmail.com,Corterè B&B,https://www.hotelsdrop.com/hotel/cortere-b-b-alliste,+39 347 697 9369
info@dimoradonnafiora.it,DONNA FIORA Antica Dimora,https://www.hotelsdrop.com/hotel/donna-fiora-antica-dimora-alliste,+39 379 231 4984
prenotazioni@ilgiardinodipaola.it,Il Giardino di Paola B&B,https://www.hotelsdrop.com/hotel/il-giardino-di-paola-b-b-alliste,+39 348 473 3535
lagemmadelsalento@gmail.com,La Gemma del Salento,https://www.hotelsdrop.com/hotel/la-gemma-del-salento-alliste,+39 328 024 3944
info@bblegemelle.it,Le Gemelle Boutique Hotel,https://www.hotelsdrop.com/hotel/le-gemelle-boutique-hotel-alliste,+39 338 905 1330
info@rossosalento.it,Rosso Salento B&B,https://www.hotelsdrop.com/hotel/rosso-salento-b-b-alliste,+39 347 047 6234
salenterra@gmail.com,Salenterra B&B,https://www.hotelsdrop.com/hotel/salenterra-b-b-alliste,+39 324 899 1839
info@salenthouse.com,Salenthouse,https://www.hotelsdrop.com/hotel/salenthouse-alliste,+39 327 888 9311
info@autenticum.it,Autenticum Agriturismo Tolfa,https://www.hotelsdrop.com/hotel/autenticum-agriturismo-tolfa-allumiere,+39 347 898 9011
info@conventocappuccinitolfa.it,Convento dei Cappuccini,https://www.hotelsdrop.com/hotel/convento-dei-cappuccini-allumiere,+39 391 790 6068
info@villanaumanni.it,Locanda Villa Naumanni,https://www.hotelsdrop.com/hotel/locanda-villa-naumanni-allumiere,+39 393 930 5408
info@maisonderevel.it,Maison De Revel B&B Civitavecchia,https://www.hotelsdrop.com/hotel/maison-de-revel-b-b-civitavecchia-allumiere,+39 342 619 1540
info@tenutadellargento.com,Tenuta dell'Argento,https://www.hotelsdrop.com/hotel/tenuta-dell-argento-allumiere,+39 351 581 7934
lanticopioppo@gmail.com,B&B Antico Pioppo,https://www.hotelsdrop.com/hotel/b-b-antico-pioppo-alluvioni-piovera,+39 333 247 7601
info@lacortevecchiabandb.it,B&B La Cortevecchia,https://www.hotelsdrop.com/hotel/b-b-la-cortevecchia-alluvioni-piovera,+39 335 527 5868
infogh@marinellabeb.it,Marinella G.H.,https://www.hotelsdrop.com/hotel/marinella-g-h-alluvioni-piovera,+39 333 604 4995
prenotazioni.ilpostodellerose@gmail.com,Il Posto delle Rose,https://www.hotelsdrop.com/hotel/il-posto-delle-rose-almenno-san-bartolomeo,+39 351 630 5248
lacasadianna9@gmail.com,BnB La Casa di Anna,https://www.hotelsdrop.com/hotel/bnb-la-casa-di-anna-almenno-san-salvatore,+39 333 221 1664
lacurandera@lacurandera-bb.it,B&B La Curandera,https://www.hotelsdrop.com/hotel/b-b-la-curandera-almese,+39 348 292 0327
contact@turismotorino.org,B&B La Marmotta,https://www.hotelsdrop.com/hotel/b-b-la-marmotta-almese,+39 338 663 8927
alberto.omegna@gmail.com,Casa dei Nonni - Bed & Breakfast,https://www.hotelsdrop.com/hotel/casa-dei-nonni-bed-breakfast-almese,+39 335 669 2153
cascinabucolica@gmail.com,Cascina Bucolica,https://www.hotelsdrop.com/hotel/cascina-bucolica-almese,+39 328 756 6437
info@almhotel.it,Active Alm Hotel Moena,https://www.hotelsdrop.com/hotel/active-alm-hotel-moena-alm,+39 388 876 0326
bbalduca@gmail.com,Al Duca B&B - Bergamo centro - con piscina,https://www.hotelsdrop.com/hotel/al-duca-b-b-bergamo-centro-con-piscina-alm,+39 331 442 2544
almatorredellestelle@gmail.com,Almà Domos,https://www.hotelsdrop.com/hotel/alma-domos-alm,+39 340 724 5526
almasuite2023@gmail.com,Alma Rooms Appia,https://www.hotelsdrop.com/hotel/alma-rooms-appia-alm,+39 338 498 4429
info@almarebb.it,Almare' B&b,https://www.hotelsdrop.com/hotel/almare-b-b-alm,+39 347 057 9282
info@alalama.it,B&B Alalama,https://www.hotelsdrop.com/hotel/b-b-alalama-alm,+39 328 872 3176
almagardalake@gmail.com,B&B Alma Garda Lake (Boutique Villa Sara),https://www.hotelsdrop.com/hotel/b-b-alma-garda-lake-boutique-villa-sara-alm,+39 388 803 3103
info@bbalmare.it,B&B AlMaré,https://www.hotelsdrop.com/hotel/b-b-almare-alm,+39 347 497 9297
info@atelierdellamontagna.it,B&B Atelier della Montagna,https://www.hotelsdrop.com/hotel/b-b-atelier-della-montagna-alm,+39 338 254 5733
aiagrande@yahoo.it,Bed & Breakfast Aia Grande Puglia / Apulien,https://www.hotelsdrop.com/hotel/bed-breakfast-aia-grande-puglia-apulien-alm,+39 329 384 6275
info@hotelpiazzavecchia.it,Hotel Piazza Vecchia,https://www.hotelsdrop.com/hotel/hotel-piazza-vecchia-alm,+39 342 188 2660
agriturismocadoro@gmail.com,Agriturismo Ca' D'oro,https://www.hotelsdrop.com/hotel/agriturismo-ca-d-oro-alonte,+39 339 624 6025
info@castelbricon.it,Agriturismo Castel Bricon,https://www.hotelsdrop.com/hotel/agriturismo-castel-bricon-alonte,+39 352 013 1886
taste@lapria.it,La Pria Wine Resort,https://www.hotelsdrop.com/hotel/la-pria-wine-resort-alonte,+39 333 391 9209
info@hotellerievallesacra.it,Hôtellerie Valle Sacra B&B Centro benessere e spa,https://www.hotelsdrop.com/hotel/hotellerie-valle-sacra-b-b-centro-benessere-e-sp-alpette,+39 339 658 4249
nicoletta@vivietico.it,Il Pettirosso,https://www.hotelsdrop.com/hotel/il-pettirosso-alpette,+39 331 397 2928
info.casavalebb@gmail.com,B&B Casa V-Ale,https://www.hotelsdrop.com/hotel/b-b-casa-v-ale-alpignano,+39 347 325 9517
info@lafinestrasullareggia.it,La Finestra sulla Reggia,https://www.hotelsdrop.com/hotel/la-finestra-sulla-reggia-alpignano,+39 340 975 1888
info@villabellariabb.it,B&B Villa Bellaria,https://www.hotelsdrop.com/hotel/b-b-villa-bellaria-alseno,+39 338 692 5674
info@tenutaritasolari.com,Agriturismo Bacchanalis,https://www.hotelsdrop.com/hotel/agriturismo-bacchanalis-alta-val-tidone,+39 347 810 7358
info@anticocasaledibobbio.it,Antico Casale di Bobbio B&B,https://www.hotelsdrop.com/hotel/antico-casale-di-bobbio-b-b-alta-val-tidone,+39 380 123 5310
canovaoltrepo@gmail.com,B&B Ca’ Növa,https://www.hotelsdrop.com/hotel/b-b-ca-nova-alta-val-tidone,+39 338 637 4210
soggacaterina@gmail.com,B&B Casa Piantone,https://www.hotelsdrop.com/hotel/b-b-casa-piantone-alta-val-tidone,+39 339 223 7430
laura@ilgiardinodilaura.it\,B&B Il Giardino di Laura,https://www.hotelsdrop.com/hotel/b-b-il-giardino-di-laura-alta-val-tidone,+39 347 800 4248
info@relaisborgodeigatti.it,Borgo dei Gatti - Albergo diffuso,https://www.hotelsdrop.com/hotel/borgo-dei-gatti-albergo-diffuso-alta-val-tidone,+39 348 797 5541
info@borgoimpero.it,Hotel Locanda Borgo Impero,https://www.hotelsdrop.com/hotel/hotel-locanda-borgo-impero-alta-val-tidone,+39 334 843 9900
residenzedelborgo@gmail.com,Residenze del Borgo,https://www.hotelsdrop.com/hotel/residenze-del-borgo-alta-val-tidone,+39 352 066 0636
info@villasanfedele.com,Villa San Fedele - Hotel,https://www.hotelsdrop.com/hotel/villa-san-fedele-hotel-alta-valle-intelvi,+39 348 737 8152
panoramalucano@gmail.com,B & B Panorama Lucano - Foresteria Multicamere,https://www.hotelsdrop.com/hotel/b-b-panorama-lucano-foresteria-multicamere-altamura,+39 335 769 5789
capoventodellamurgia@gmail.com,B&B Capovento della Murgia,https://www.hotelsdrop.com/hotel/b-b-capovento-della-murgia-altamura,+39 371 510 3829
casafelda@gmail.com,B&B Casa Felda,https://www.hotelsdrop.com/hotel/b-b-casa-felda-altamura,+39 392 465 9987
info@beblunafedericiana.it,Beb Luna Federiciana,https://www.hotelsdrop.com/hotel/beb-luna-federiciana-altamura,+39 340 334 8458
f.lli.debernardis@gmail.com,deB&SPA,https://www.hotelsdrop.com/hotel/deb-spa-altamura,+39 378 061 9460
borgoanticoaltamura@libero.it,Il Borgo Antico - Bed & Breakfast Altamura,https://www.hotelsdrop.com/hotel/il-borgo-antico-bed-breakfast-altamura-altamura,+39 334 871 7114
info@ilnidodeifalchi.it,Il Nido Dei Falchi B&B,https://www.hotelsdrop.com/hotel/il-nido-dei-falchi-b-b-altamura,+39 338 542 9404
info@malandri.eu,Malandrì B&B,https://www.hotelsdrop.com/hotel/malandri-b-b-altamura,+39 349 804 0209
info@matteibeb.it,Mattei Luxury B&B,https://www.hotelsdrop.com/hotel/mattei-luxury-b-b-altamura,+39 339 358 1640
icalleri.cosseria@gmail.com,B&B I Calleri garden & rooms,https://www.hotelsdrop.com/hotel/b-b-i-calleri-garden-rooms-altare,+39 328 287 5100
info@prolocopallare.it,B&B Le Stanze del Moro,https://www.hotelsdrop.com/hotel/b-b-le-stanze-del-moro-altare,+39 366 353 4121
info@michelemaisano.com,Se mi vuoi lasciare,https://www.hotelsdrop.com/hotel/se-mi-vuoi-lasciare-altare,+39 333 221 1604
info@casadellefate.it,"Bed & Breakfast ""Casa delle fate""",https://www.hotelsdrop.com/hotel/bed-breakfast-casa-delle-fate-altavalle,+39 349 684 7041
info@hotelaltavalle.it,Hotel Garní Alta Valle,https://www.hotelsdrop.com/hotel/hotel-garni-alta-valle-altavalle,+39 375 606 1791
info@feudodicastelmozzo.it,Agriturismo e Winery FEUDO DI CASTELMOZZO,https://www.hotelsdrop.com/hotel/agriturismo-e-winery-feudo-di-castelmozzo-altavilla-irpina,+39 328 327 3516
infosangallo@allegroitalia.it,Allegroitalia Torre Artale Palermo,https://www.hotelsdrop.com/hotel/allegroitalia-torre-artale-palermo-altavilla-milicia,+39 392 914 2974
info@casaleformica.it,Antico Casale Formica,https://www.hotelsdrop.com/hotel/antico-casale-formica-altavilla-milicia,+39 366 645 2963
hotelborgodiciaula@gmail.com,Hotel Borgo di Ciàula,https://www.hotelsdrop.com/hotel/hotel-borgo-di-ciaula-altavilla-milicia,+39 334 713 5042
info@ladimoradeipaladini.com,La Dimora dei Paladini,https://www.hotelsdrop.com/hotel/la-dimora-dei-paladini-altavilla-milicia,+39 351 336 4024
info@principealogna.it,Principe Alogna Hotel & SPA,https://www.hotelsdrop.com/hotel/principe-alogna-hotel-spa-altavilla-milicia,+39 392 062 4512
lepalmesuite@gmail.com,Suite le palme,https://www.hotelsdrop.com/hotel/suite-le-palme-altavilla-milicia,+39 392 523 9419
info@castellodifrassinello.it,B&B Castello di Frassinello,https://www.hotelsdrop.com/hotel/b-b-castello-di-frassinello-altavilla-monferrato,+39 349 644 7343
info@belcasale.it,BELCASALE - Camere in collina,https://www.hotelsdrop.com/hotel/belcasale-camere-in-collina-altavilla-monferrato,+39 391 376 6069
info@belvederemonferrato.it,BELVEDERE MONFERRATO Relais&Wellness,https://www.hotelsdrop.com/hotel/belvedere-monferrato-relais-wellness-altavilla-monferrato,+39 375 835 7902
biotrapella@gmail.com,Cascina Trapella,https://www.hotelsdrop.com/hotel/cascina-trapella-altavilla-monferrato,+39 331 111 3439
booking@lelibellulerelais.com,Le Libellule Relais,https://www.hotelsdrop.com/hotel/le-libellule-relais-altavilla-monferrato,+39 335 545 3913
info@monferratoresort.it,Monferrato Resort,https://www.hotelsdrop.com/hotel/monferrato-resort-altavilla-monferrato,+39 333 108 6737
prenotazioni@villamorneto.it,Villa Morneto - Relais & Agriturismo,https://www.hotelsdrop.com/hotel/villa-morneto-relais-agriturismo-altavilla-monferrato,+39 349 851 0505
info@biancolivo.com,Biancolivo Country House,https://www.hotelsdrop.com/hotel/biancolivo-country-house-altavilla-silentina,+39 331 299 1747
girobancoblu@gmail.com,Hotel Locanda Botella,https://www.hotelsdrop.com/hotel/hotel-locanda-botella-altavilla-vicentina,+39 340 829 2420
info@abbracciodellavigna.it,L'Abbraccio della Vigna - Alloggio Agrituristico - Agriturismo,https://www.hotelsdrop.com/hotel/l-abbraccio-della-vigna-alloggio-agrituristico-a-altavilla-vicentina,+39 333 574 2121
villavalmaranadetoni@gmail.com,Villa Valmarana De Toni-Dimora Storica,https://www.hotelsdrop.com/hotel/villa-valmarana-de-toni-dimora-storica-altavilla-vicentina,+39 338 873 1538
info@acquarellorestaurant.it,Acquarello,https://www.hotelsdrop.com/hotel/acquarello-altidona,+39 324 771 7211
info@agriturismolapieve.net,Agriturismo La Pieve,https://www.hotelsdrop.com/hotel/agriturismo-la-pieve-altidona,+39 333 629 5114
bbalbasulmare@gmail.com,Alba sul Mare Guest House,https://www.hotelsdrop.com/hotel/alba-sul-mare-guest-house-altidona,+39 333 894 7161
lapoetabb@libero.it,B&B La poeta- vicino A14 Pedaso,https://www.hotelsdrop.com/hotel/b-b-la-poeta-vicino-a14-pedaso-altidona,+39 328 236 7013
info@monnaterra.it,Monna Terra B&B,https://www.hotelsdrop.com/hotel/monna-terra-b-b-altidona,+39 375 819 7014
prenotazioni@vicolomalavolta.it,Vicolo Malavolta 7 - Rooms and Suites,https://www.hotelsdrop.com/hotel/vicolo-malavolta-7-rooms-and-suites-altidona,+39 338 331 9022
info@bedandbreakfastcalabria.it,B&B Calabria,https://www.hotelsdrop.com/hotel/b-b-calabria-altilia,+39 349 878 1894
dalpagano@email.it,B&B L'arcobaleno,https://www.hotelsdrop.com/hotel/b-b-l-arcobaleno-altino,+39 380 311 0824
g.caniglia@libero.it,BB/Casavacanze Corneto,https://www.hotelsdrop.com/hotel/bb-casavacanze-corneto-altino,+39 340 239 2427
ilcastellodiatessa@gmail.com,Il Castello,https://www.hotelsdrop.com/hotel/il-castello-altino,+39 388 487 3398
info@giardinotto.it,Il Giardinotto Bed&Breakfast,https://www.hotelsdrop.com/hotel/il-giardinotto-bed-breakfast-altino,+39 339 527 9750
info@ospitati.it,Ospitati - B&B Le Tre Chiavi,https://www.hotelsdrop.com/hotel/ospitati-b-b-le-tre-chiavi-altino,+39 349 080 6000
agricelestina@gmail.com,Agriturismo Da Celestina,https://www.hotelsdrop.com/hotel/agriturismo-da-celestina-altissimo,+39 375 690 7048
amagi@email.com,Amagi Home,https://www.hotelsdrop.com/hotel/amagi-home-altissimo,+39 328 909 8197
info@angolodiparadisoaltissimo.it,Angolo di Paradiso,https://www.hotelsdrop.com/hotel/angolo-di-paradiso-altissimo,+39 335 543 2380
info@capanisacco.com%20,B&B Ca' Panisacco,https://www.hotelsdrop.com/hotel/b-b-ca-panisacco-altissimo,+39 347 670 0447
info@casalloro.com,Casalloro,https://www.hotelsdrop.com/hotel/casalloro-altissimo,+39 345 089 2774
larindola@gmail.com,La Rindola,https://www.hotelsdrop.com/hotel/la-rindola-altissimo,+39 331 480 7141
info@lecameredimarietta.it,Le Camere di Marietta,https://www.hotelsdrop.com/hotel/le-camere-di-marietta-altissimo,+39 379 106 3515
info@algiorgione.it,Al Giorgione,https://www.hotelsdrop.com/hotel/al-giorgione-altivole,+39 340 501 6145
casa@agriturismozambon.it,ALLOGGIO AGRITURISTICO ZAMBON,https://www.hotelsdrop.com/hotel/alloggio-agrituristico-zambon-altivole,+39 340 771 8345
info@fara1911.com,Fara1911,https://www.hotelsdrop.com/hotel/fara1911-altivole,+39 335 592 8029
info@relaisvillaannamaria.com,Hotel Relais Villa Annamaria bed and breakfast,https://www.hotelsdrop.com/hotel/hotel-relais-villa-annamaria-bed-and-breakfast-altivole,+39 345 333 1665
info@meloinfiore.it,Terrazza San Vettore,https://www.hotelsdrop.com/hotel/terrazza-san-vettore-altivole,+39 346 770 7324
prenotazioni@dellangeloalbergo.it,Albergo dell'Angelo,https://www.hotelsdrop.com/hotel/albergo-dell-angelo-alto,+39 335 708 5636
info@payarin.it,Albergo Ristorante Payarin,https://www.hotelsdrop.com/hotel/albergo-ristorante-payarin-alto,+39 333 134 1915
info@antico-convento.it,Antico Convento,https://www.hotelsdrop.com/hotel/antico-convento-alto,+39 333 535 2911
rossociliegiabb@gmail.com,B&B Rossociliegia,https://www.hotelsdrop.com/hotel/b-b-rossociliegia-alto,+39 350 028 5514
info@hotelmomora.com,Hotel Momora,https://www.hotelsdrop.com/hotel/hotel-momora-alto,+39 344 712 9083
kalimerabardineto@tiscali.it,Kalimera,https://www.hotelsdrop.com/hotel/kalimera-alto,+39 377 289 5060
lafornacegaressio@gmail.com,La Fornace di Garessio,https://www.hotelsdrop.com/hotel/la-fornace-di-garessio-alto,+39 331 224 7063
nonnamelianasino@gmail.com,NonnAmelia,https://www.hotelsdrop.com/hotel/nonnamelia-alto,+39 338 321 6637
lapostagaggio@gmail.com,ANTICA LOCANDA LA POSTA,https://www.hotelsdrop.com/hotel/antica-locanda-la-posta-alto-reno-terme,+39 348 361 8752
boris.bragalli@gmail.com,B&B La Presa,https://www.hotelsdrop.com/hotel/b-b-la-presa-alto-reno-terme,+39 334 350 1446
info@cagennara.com,Cà Gennara Agri B&B,https://www.hotelsdrop.com/hotel/ca-gennara-agri-b-b-alto-reno-terme,+39 338 274 7679
info@ecochiocciola.com,Ecochiocciola,https://www.hotelsdrop.com/hotel/ecochiocciola-alto-reno-terme,+39 335 822 1005
ocagiulivabologna@gmail.com,L'OCA GIULIVA RELAIS,https://www.hotelsdrop.com/hotel/l-oca-giuliva-relais-alto-reno-terme,+39 334 240 5509
tagliaferrocamere@gmail.com,Affittacamere Tagliaferro,https://www.hotelsdrop.com/hotel/affittacamere-tagliaferro-alto-sermenza,+39 333 888 5924
hotelsignalmacugnaga@gmail.com,Hotel Signal,https://www.hotelsdrop.com/hotel/hotel-signal-alto-sermenza,+39 393 233 8646
rifugioalpenrose.gta@gmail.com,Rifugio Alpenrose,https://www.hotelsdrop.com/hotel/rifugio-alpenrose-alto-sermenza,+39 349 362 3587
info@pescatoripiode.eu,Ristorante Dei Pescatori,https://www.hotelsdrop.com/hotel/ristorante-dei-pescatori-alto-sermenza,+39 351 871 8107
info@abt-laura.it,ABT L'AURA,https://www.hotelsdrop.com/hotel/abt-l-aura-altofonte,+39 329 887 9553
bbcasarossa@bbcasarossa.com,B&b Casa Rossa di Matri srl,https://www.hotelsdrop.com/hotel/b-b-casa-rossa-di-matri-srl-altofonte,+39 335 843 8400
info@locandareruggero.it,B&B Monreale Locanda Re Ruggero,https://www.hotelsdrop.com/hotel/b-b-monreale-locanda-re-ruggero-altofonte,+39 348 524 1341
reception@hotelpalazzosalerno.it,Hotel Palazzo Salerno,https://www.hotelsdrop.com/hotel/hotel-palazzo-salerno-altomonte,+39 331 937 5748
lemimosebeb@gmail.com,Le Mimose B&B,https://www.hotelsdrop.com/hotel/le-mimose-b-b-altomonte,+39 347 692 7402
info@villamonica.net,Agriturismo Villa Monica,https://www.hotelsdrop.com/hotel/agriturismo-villa-monica-altopascio,+39 339 313 4754
altopasciobb@gmail.com,La porta di San Rocco,https://www.hotelsdrop.com/hotel/la-porta-di-san-rocco-altopascio,+39 388 366 9468
sibollaholidays@gmail.com,Sibolla Holidays,https://www.hotelsdrop.com/hotel/sibolla-holidays-altopascio,+39 349 626 3270
info@agriturlasabbionara.com,Agritur La Sabbionara,https://www.hotelsdrop.com/hotel/agritur-la-sabbionara-altopiano-della-vigolana,+39 329 123 7272
info@agritur16.it,AGRITUR SEDICI - Bed and Breakfast,https://www.hotelsdrop.com/hotel/agritur-sedici-bed-and-breakfast-altopiano-della-vigolana,+39 348 892 3568
agrinonna@gmail.com,Azienda agricola e agritur Maso Flonkeri,https://www.hotelsdrop.com/hotel/azienda-agricola-e-agritur-maso-flonkeri-altopiano-della-vigolana,+39 348 068 0151
info@berryhouse.it,Berry House,https://www.hotelsdrop.com/hotel/berry-house-altopiano-della-vigolana,+39 328 956 9309
info@lacortedisanrocco.com,La Corte di San Rocco,https://www.hotelsdrop.com/hotel/la-corte-di-san-rocco-altopiano-della-vigolana,+39 388 627 0077
info@sanmarco-agriturismo.it,Agriturismo San Marco,https://www.hotelsdrop.com/hotel/agriturismo-san-marco-alvignano,+39 388 187 6074
info@mulinobencivenga.it,Mulino Bencivenga,https://www.hotelsdrop.com/hotel/mulino-bencivenga-alvignano,+39 371 626 3618
villafalcone8@gmail.com,Villa Falcone B&B,https://www.hotelsdrop.com/hotel/villa-falcone-b-b-alvignano,+39 353 398 8301
info@villaortensia.it,Villa Ortensia D'Avalos,https://www.hotelsdrop.com/hotel/villa-ortensia-d-avalos-alvignano,+39 351 925 5191
info@acasadialvito.it,“A casa di” bed and breakfast,https://www.hotelsdrop.com/hotel/a-casa-di-bed-and-breakfast-alvito,+39 347 424 8266
realestate.dinamica@gmail.com,Accogliente Dimora nel Centro Storico di Alvito Dinamica Real Estate,https://www.hotelsdrop.com/hotel/accogliente-dimora-nel-centro-storico-di-alvito-alvito,+39 350 025 5937
casalcominium@gmail.com,B&B Casal Cominium,https://www.hotelsdrop.com/hotel/b-b-casal-cominium-alvito,+39 333 255 5257
info@iltiglioalvito.it,Il Tiglio,https://www.hotelsdrop.com/hotel/il-tiglio-alvito,+39 320 537 0021
italyfarmstay@gmail.com,Italy Farm Stay,https://www.hotelsdrop.com/hotel/italy-farm-stay-alvito,+39 340 251 7941
info@collebuono.it,Relais Colle Buono,https://www.hotelsdrop.com/hotel/relais-colle-buono-alvito,+39 351 703 7623
info@csorsamaggiore.com,Rifugio Orsa Maggiore,https://www.hotelsdrop.com/hotel/rifugio-orsa-maggiore-alvito,+39 351 472 9394
info@tenutadeldaino.it,Tenuta Del Daino,https://www.hotelsdrop.com/hotel/tenuta-del-daino-alvito,+39 340 378 3780
lasogliadelparco@gmail.com,Agriturismo La soglia del parco,https://www.hotelsdrop.com/hotel/agriturismo-la-soglia-del-parco-alzano-lombardo,+39 349 662 4715
info@bbalgrattacielo.it,B&B Al Grattacielo,https://www.hotelsdrop.com/hotel/b-b-al-grattacielo-alzano-lombardo,+39 349 091 8567
info@hotelmarcellino.it,Hotel Ristorante Marcellino,https://www.hotelsdrop.com/hotel/hotel-ristorante-marcellino-alzano-lombardo,+39 333 291 3357
info@relaisvillacarrara.it,Relais Villa Carrara | Bed & Breakfast in provincia di Bergamo,https://www.hotelsdrop.com/hotel/relais-villa-carrara-bed-breakfast-in-provincia-alzano-lombardo,+39 335 563 2456
info@sanvalentinohotel.it,San Valentino Hotel,https://www.hotelsdrop.com/hotel/san-valentino-hotel-alzano-lombardo,+39 389 454 1063
info@elleborobeb.it,Elleboro B&B,https://www.hotelsdrop.com/hotel/elleboro-b-b-alzate-brianza,+39 347 969 4726
info@mioe.it,Affittacamere MIOE,https://www.hotelsdrop.com/hotel/affittacamere-mioe-al,+39 351 519 2319
innpugliaguesthouse@gmail.com,Inn Puglia Guest House,https://www.hotelsdrop.com/hotel/inn-puglia-guest-house-al,+39 389 788 3641
info@trulliestelle.it,Masseria Trulli&Stelle Bed & Breakfast,https://www.hotelsdrop.com/hotel/masseria-trulli-stelle-bed-breakfast-al,+39 347 753 4676
info@murrluxuryrooms.com,Murr Luxury Rooms,https://www.hotelsdrop.com/hotel/murr-luxury-rooms-al,+39 392 254 2933
viadelmarebeb@gmail.com,Via del Mare Apulia B&B Spa Suite,https://www.hotelsdrop.com/hotel/via-del-mare-apulia-b-b-spa-suite-al,+39 388 791 2996
info@103stintino.com,103 Boutique Hotel Stintino,https://www.hotelsdrop.com/hotel/103-boutique-hotel-stintino-al-dei-sardi,+39 388 802 9149
info@laciaccia.it,Hotel La Ciaccia,https://www.hotelsdrop.com/hotel/hotel-la-ciaccia-al-dei-sardi,+39 347 560 0190
sard.sassari@gmail.com,S'ARD Guest House Sassari,https://www.hotelsdrop.com/hotel/s-ard-guest-house-sassari-al-dei-sardi,+39 350 992 2331
info@beblagattabianca.it,B&B La Gatta Bianca,https://www.hotelsdrop.com/hotel/b-b-la-gatta-bianca-al-terme,+39 334 309 9258
bbtorreforte@bbtorreforte.com,B&B Torreforte,https://www.hotelsdrop.com/hotel/b-b-torreforte-al-terme,+39 351 716 0020
baariahousehotel@gmail.com,BAARIA House Hotel,https://www.hotelsdrop.com/hotel/baaria-house-hotel-al-terme,+39 346 707 5870
bbsciroccohouse@gmail.com,Scirocco House,https://www.hotelsdrop.com/hotel/scirocco-house-al-terme,+39 348 699 0317
info@amalfiholidayresort.it,Amalfi Resort,https://www.hotelsdrop.com/hotel/amalfi-resort-amalfi,+39 345 849 6233
info@bebamalficoast.it,B&B Amalfi Coast - Salerno,https://www.hotelsdrop.com/hotel/b-b-amalfi-coast-salerno-amalfi,+39 373 766 8855
info@ercolediamalfi.it,Bed & Breakfast Ercole di Amalfi,https://www.hotelsdrop.com/hotel/bed-breakfast-ercole-di-amalfi-amalfi,+39 334 249 4141
info@dint-a-torre.com,Dint' a Torre Bed & Breakfast,https://www.hotelsdrop.com/hotel/dint-a-torre-bed-breakfast-amalfi,+39 346 513 3137
info@villaparadiseamalfi.it,Villa Paradise Amalfi Coast,https://www.hotelsdrop.com/hotel/villa-paradise-amalfi-coast-amalfi,+39 328 418 8162
vistadamalfi@gmail.com,Vista d’ Amalfi,https://www.hotelsdrop.com/hotel/vista-d-amalfi-amalfi,+39 392 760 1679
anticomulinodeisibillini@gmail.com,Agriturismo Antico Mulino dei Sibillini,https://www.hotelsdrop.com/hotel/agriturismo-antico-mulino-dei-sibillini-amandola,+39 338 769 5040
parco@sibillini.net,Area Sosta Camper Sibillini,https://www.hotelsdrop.com/hotel/area-sosta-camper-sibillini-amandola,+39 320 331 4948
info@borgofortino.it,B&B Borgofortino,https://www.hotelsdrop.com/hotel/b-b-borgofortino-amandola,+39 328 453 7508
info@lamelarosa.it,La Mela Rosa,https://www.hotelsdrop.com/hotel/la-mela-rosa-amandola,+39 331 435 5247
info@laperlaamantea.it,La Perla Amantea - Rooms & Apartaments,https://www.hotelsdrop.com/hotel/la-perla-amantea-rooms-apartaments-amantea,+39 346 610 3960
info@comunerustico.it,Comune Rustico Sport Hotel,https://www.hotelsdrop.com/hotel/comune-rustico-sport-hotel-amaro,+39 349 470 6335
info@borgopiazza.it,Agriturismo Borgo Piazza | Ristorante - Fattoria Didattica,https://www.hotelsdrop.com/hotel/agriturismo-borgo-piazza-ristorante-fattoria-did-amaroni,+39 349 781 1695
agriturismocostantino@gmail.com,Agriturismo Costantino,https://www.hotelsdrop.com/hotel/agriturismo-costantino-amaroni,+39 339 184 1463
info@poderepansera.com,Agriturismo Podere Pansera,https://www.hotelsdrop.com/hotel/agriturismo-podere-pansera-amaroni,+39 348 521 9489
domusbbweb@gmail.com,Domus b&b,https://www.hotelsdrop.com/hotel/domus-b-b-amaroni,+39 324 792 2749
info@lvresidence.com,LVRESIDENCE,https://www.hotelsdrop.com/hotel/lvresidence-amaroni,+39 388 170 5509
info@sanmichelegermaneto.it,San Michele Apartments - B&B - Hotel- Residence con ristorante convenzionato,https://www.hotelsdrop.com/hotel/san-michele-apartments-b-b-hotel-residence-con-r-amaroni,+39 338 527 7233
scrivi@bebdagabry.it,"B&B ""Da Gabry""",https://www.hotelsdrop.com/hotel/b-b-da-gabry-amaseno,+39 329 936 7049
info@lacasadinonnatella.it,B&B La Casa Di Nonna Tella CIN: IT059012C1D4NCDPEV,https://www.hotelsdrop.com/hotel/b-b-la-casa-di-nonna-tella-cin-it059012c1d4ncdpe-amaseno,+39 329 386 5891
info@beboropuro.it,B&B Oro Puro,https://www.hotelsdrop.com/hotel/b-b-oro-puro-amaseno,+39 347 126 3678
yourclaudio@tiscali.it,B&B Solerosa,https://www.hotelsdrop.com/hotel/b-b-solerosa-amaseno,+39 339 647 2389
hotelvillasrl@gmail.com,"Hotel ""La Villa""",https://www.hotelsdrop.com/hotel/hotel-la-villa-amaseno,+39 351 816 5880
domenica.destefano@pec.agritel.it,La Tenuta di Trimalcione,https://www.hotelsdrop.com/hotel/la-tenuta-di-trimalcione-amaseno,+39 340 815 3274
rominagu79@gmail.com,Petalo Rosso,https://www.hotelsdrop.com/hotel/petalo-rosso-amaseno,+39 349 295 8690
info@lacasadiely.it,B&B La casa di Ely,https://www.hotelsdrop.com/hotel/b-b-la-casa-di-ely-amato,+39 338 827 8616
info@albergodiffusoamatrice.it,Albergo Diffuso Amatrice,https://www.hotelsdrop.com/hotel/albergo-diffuso-amatrice-amatrice,+39 346 305 1912
info@palazzosassatelli.it,Bed & Breakfast Palazzo Sassatelli,https://www.hotelsdrop.com/hotel/bed-breakfast-palazzo-sassatelli-amatrice,+39 351 761 2114
agriturismo@agribelvedere.it,Agriturismo Il Belvedere,https://www.hotelsdrop.com/hotel/agriturismo-il-belvedere-ambivere,+39 393 315 5954
info@al-colle.it,Al-Colle,https://www.hotelsdrop.com/hotel/al-colle-ambivere,+39 349 789 6403
info@binariomagicpub.it,Binario Magic Hotel,https://www.hotelsdrop.com/hotel/binario-magic-hotel-ambivere,+39 366 509 9666
bebdon@alice.it,B&B Claudia,https://www.hotelsdrop.com/hotel/b-b-claudia-amblar-don,+39 340 841 7064
605a7baede844d278b89dc95ae0a9123@sentry-next.wixpress.com,B&B Lupo,https://www.hotelsdrop.com/hotel/b-b-lupo-amblar-don,+39 329 411 5714
info@lecameredigio.it,Le Camere di Giò,https://www.hotelsdrop.com/hotel/le-camere-di-gio-ameglia,+39 340 928 6696
lesirene.tellaro@libero.it,Le Sirene,https://www.hotelsdrop.com/hotel/le-sirene-ameglia,+39 380 645 7655
unangeloallamiatavola1@gmail.com,Un Angelo Alla Mia Tavola,https://www.hotelsdrop.com/hotel/un-angelo-alla-mia-tavola-ameglia,+39 334 711 3354
saragiardini6@gmail.com,AFFITTACAMERE B&B NONNA ANITA,https://www.hotelsdrop.com/hotel/affittacamere-b-b-nonna-anita-amelia,+39 379 328 2731
marina.iuliano@libero.it,Agriturismo Marinella,https://www.hotelsdrop.com/hotel/agriturismo-marinella-amelia,+39 347 090 5423
casaleviridi@gmail.com,Casale Viridi,https://www.hotelsdrop.com/hotel/casale-viridi-amelia,+39 346 426 7004
lamagnoliabassano@gmail.com,Villa Magnolia,https://www.hotelsdrop.com/hotel/villa-magnolia-amelia,+39 379 216 2761
info@lapiazzettaroseto.it,B&B La Piazzetta,https://www.hotelsdrop.com/hotel/b-b-la-piazzetta-amendolara,+39 345 829 4912
info@bebrosetomare.it,B&B Roseto Mare,https://www.hotelsdrop.com/hotel/b-b-roseto-mare-amendolara,+39 338 948 8037
salvogermi@gmail.com,La dimora di Poseidone,https://www.hotelsdrop.com/hotel/la-dimora-di-poseidone-amendolara,+39 388 343 1112
agriturismolalista@gmail.com,Villaggio calabria agriturismo La Lista,https://www.hotelsdrop.com/hotel/villaggio-calabria-agriturismo-la-lista-amendolara,+39 392 042 6656
il_giardino_sul_lago@libero.it,B&B Il giardino sul lago,https://www.hotelsdrop.com/hotel/b-b-il-giardino-sul-lago-ameno,+39 333 759 6149
lavandaerosmarino@virgilio.it,B&B Lavanda e Rosmarino,https://www.hotelsdrop.com/hotel/b-b-lavanda-e-rosmarino-ameno,+39 349 849 8150
info@campingpuntacrabbia.it,Campeggio Punta di Crabbia,https://www.hotelsdrop.com/hotel/campeggio-punta-di-crabbia-ameno,+39 339 562 5257
info@hotelsanrocco.it,Hotel San Rocco,https://www.hotelsdrop.com/hotel/hotel-san-rocco-ameno,+39 334 978 0164
info@oasiamena.com,L'Oasi Amena,https://www.hotelsdrop.com/hotel/l-oasi-amena-ameno,+39 339 423 1743
info@ladarbia.com,La Darbia Resort,https://www.hotelsdrop.com/hotel/la-darbia-resort-ameno,+39 389 311 3813
ostellodelquadrifoglio@gmail.com,Ostello del Quadrifoglio by Le Pigne World,https://www.hotelsdrop.com/hotel/ostello-del-quadrifoglio-by-le-pigne-world-ameno,+39 334 979 7579
info@anticacolonia.com,Villa Antica Colonia Spa&Wellness,https://www.hotelsdrop.com/hotel/villa-antica-colonia-spa-wellness-ameno,+39 392 656 2131
info@corteciervo.it\&quot;,Agriturismo e Azienda Agricola Corte Ciervo,https://www.hotelsdrop.com/hotel/agriturismo-e-azienda-agricola-corte-ciervo-amorosi,+39 333 614 1926
info@amnesiaexperience.it,Choco B&B - Amnesia Experience,https://www.hotelsdrop.com/hotel/choco-b-b-amnesia-experience-amorosi,+39 375 904 5871
info@dimorarosae.it,Dimora Rosae B&B,https://www.hotelsdrop.com/hotel/dimora-rosae-b-b-amorosi,+39 392 892 0757
nerium.dl@gmail.com,Nerium house,https://www.hotelsdrop.com/hotel/nerium-house-amorosi,+39 351 931 3025
bikebikersinfo@gmail.com,BIKE & BIKERS HOTEL RESTAURANT,https://www.hotelsdrop.com/hotel/bike-bikers-hotel-restaurant-ampezzo,+39 393 404 1385
info@rifugiotitapiaz.com%20,Rifugio Tita Piaz / Perkhhite Tita Piaz,https://www.hotelsdrop.com/hotel/rifugio-tita-piaz-perkhhite-tita-piaz-ampezzo,+39 331 356 8500
minucciolacapri@gmail.com,La Minucciola,https://www.hotelsdrop.com/hotel/la-minucciola-anacapri,+39 331 500 1424
info@laromantique.it,La Romantique Anacapri,https://www.hotelsdrop.com/hotel/la-romantique-anacapri-anacapri,+39 379 266 0281
villamimosacapri@gmail.com,Villa Mimosa Anacapri,https://www.hotelsdrop.com/hotel/villa-mimosa-anacapri-anacapri,+39 327 111 8099
info@agriturismovico.it,Agriturismo Giudici - Tenuta Vico Moricino,https://www.hotelsdrop.com/hotel/agriturismo-giudici-tenuta-vico-moricino-anagni,+39 328 318 4188
anticadimoraciprani@gmail.com,Antica Dimora Palazzo Ciprani,https://www.hotelsdrop.com/hotel/antica-dimora-palazzo-ciprani-anagni,+39 338 723 8323
il-viaggiatore@hotmail.it,Il Viaggiatore,https://www.hotelsdrop.com/hotel/il-viaggiatore-anagni,+39 348 085 9085
laterrazza.anagni@gmail.com,La terrazza Anagni,https://www.hotelsdrop.com/hotel/la-terrazza-anagni-anagni,+39 340 965 7485
info.lestanzedelduomo@gmail.com,Le Stanze del Duomo,https://www.hotelsdrop.com/hotel/le-stanze-del-duomo-anagni,+39 345 667 0245
gettodelpeso34@gmail.com,B&B Alveare di Rita,https://www.hotelsdrop.com/hotel/b-b-alveare-di-rita-ancarano,+39 331 374 5123
countryhouseandromeda@gmail.com,Country House Andromeda,https://www.hotelsdrop.com/hotel/country-house-andromeda-ancarano,+39 348 330 5802
info@villayucca.it,Villa Yucca - B&B and Glamping,https://www.hotelsdrop.com/hotel/villa-yucca-b-b-and-glamping-ancarano,+39 388 574 3067
villanovecentobb@gmail.com,Villa9cento,https://www.hotelsdrop.com/hotel/villa9cento-ancarano,+39 328 884 8142
info@ankonhotel.com,Hotel Ankon,https://www.hotelsdrop.com/hotel/hotel-ankon-ancona,+39 346 955 9593
info@bebcassiodoro.com,Cassiodoro Rooms Affittacamere,https://www.hotelsdrop.com/hotel/cassiodoro-rooms-affittacamere-andali,+39 347 941 8237
info@hotelondableu.it,Hotel Onda Bleu,https://www.hotelsdrop.com/hotel/hotel-onda-bleu-andali,+39 328 826 3713
prenotazioni@hotellorizzonte.it,Hotel Ristorante L'Orizzonte,https://www.hotelsdrop.com/hotel/hotel-ristorante-l-orizzonte-andali,+39 328 200 3289
sand.hotel@outlook.it,Sandhotel via De Gasperi Botricello,https://www.hotelsdrop.com/hotel/sandhotel-via-de-gasperi-botricello-andali,+39 349 823 5190
ca.info.elsa@gmail.com,Cà Elsa B&B,https://www.hotelsdrop.com/hotel/ca-elsa-b-b-andalo-valtellino,+39 338 131 6035
info@hoteldelmera.com,Hotel del Mera,https://www.hotelsdrop.com/hotel/hotel-del-mera-andalo-valtellino,+39 351 862 6918
prenotazioni.florario@gmail.com,Agriturismo del Florario,https://www.hotelsdrop.com/hotel/agriturismo-del-florario-andezeno,+39 348 220 2600
info@cicoemamasita.com,Cico e Mamasita,https://www.hotelsdrop.com/hotel/cico-e-mamasita-andezeno,+39 380 758 1520
prenotazioni@hotelcascinasperanza.com,Hotel Cascina Speranza,https://www.hotelsdrop.com/hotel/hotel-cascina-speranza-andezeno,+39 331 131 0023
sara@puntodivista-bb.com,PUNTO DI VISTA - Bed and Breakfast,https://www.hotelsdrop.com/hotel/punto-di-vista-bed-and-breakfast-andezeno,+39 340 987 5334
info@rosatea-bedandbreakfast.it,Rosatea B&B,https://www.hotelsdrop.com/hotel/rosatea-b-b-andezeno,+39 375 617 5369
domus.serena@libero.it,Agriturismo Domus Serena,https://www.hotelsdrop.com/hotel/agriturismo-domus-serena-andora,+39 333 393 1598
info@andoramare.it,B&B Andoramare,https://www.hotelsdrop.com/hotel/b-b-andoramare-andora,+39 328 314 6959
villacorsinilaigueglia@hotmail.com,B&B Villa Corsini,https://www.hotelsdrop.com/hotel/b-b-villa-corsini-andora,+39 334 214 4581
info@dachifarm.it,Dachi casa vacanze,https://www.hotelsdrop.com/hotel/dachi-casa-vacanze-andora,+39 329 938 2970
roomandbreakfast@gliuliviandora.it,Gli Ulivi Rooms and Breakfast,https://www.hotelsdrop.com/hotel/gli-ulivi-rooms-and-breakfast-andora,+39 366 879 8143
info@borgocadelbecca.it,Agriturismo Borgo Cà del Becca,https://www.hotelsdrop.com/hotel/agriturismo-borgo-ca-del-becca-andorno-micca,+39 349 935 3224
info@agriturismolafucina.it,Agriturismo La Fucina,https://www.hotelsdrop.com/hotel/agriturismo-la-fucina-andorno-micca,+39 340 305 5264
domenico.conti.65@gmail.com,B&B Villa Maria,https://www.hotelsdrop.com/hotel/b-b-villa-maria-andorno-micca,+39 340 861 4875
info@cascinaserrabedandbreakfast.it,Cascina Serra Bed & Breakfast eco-house,https://www.hotelsdrop.com/hotel/cascina-serra-bed-breakfast-eco-house-andorno-micca,+39 348 883 0858
info@iltalucco.com,Il Talucco: Bed & Breakfast,https://www.hotelsdrop.com/hotel/il-talucco-bed-breakfast-andorno-micca,+39 334 339 1941
info@guesthouselanuvola.it,La Nuvola,https://www.hotelsdrop.com/hotel/la-nuvola-andorno-micca,+39 335 534 4328
chiaramartcm@libero.it,Le Terrazze Di Tavigliano,https://www.hotelsdrop.com/hotel/le-terrazze-di-tavigliano-andorno-micca,+39 349 851 7761
villa.bernardino.galliari@gmail.com,Villa Bernardino Galliari,https://www.hotelsdrop.com/hotel/villa-bernardino-galliari-andorno-micca,+39 339 694 5011
info@aiadisangiorgio.it,Aia di San Giorgio,https://www.hotelsdrop.com/hotel/aia-di-san-giorgio-andrano,+39 338 223 7722
bebbellavista@gmail.com,Bellavista B&B Castro (le),https://www.hotelsdrop.com/hotel/bellavista-b-b-castro-le-andrano,+39 328 383 6437
campurra.marittima@tiscali.it,CAMPURRA affittacamere,https://www.hotelsdrop.com/hotel/campurra-affittacamere-andrano,+39 392 114 5686
info@casaleeliados.it,Eliados Casa Vacanze,https://www.hotelsdrop.com/hotel/eliados-casa-vacanze-andrano,+39 328 382 0163
labalaustra@tiscali.it,La Balaustra B&B,https://www.hotelsdrop.com/hotel/la-balaustra-b-b-andrano,+39 328 667 0808
info@petrasudestcharme.it,PETRA. Charme a sud est,https://www.hotelsdrop.com/hotel/petra-charme-a-sud-est-andrano,+39 351 552 6119
mariavittoria.cozza@pec.it,Vignali Residence,https://www.hotelsdrop.com/hotel/vignali-residence-andrano,+39 327 239 5412
donatadeluca@virgilio.it,Vignavecchia,https://www.hotelsdrop.com/hotel/vignavecchia-andrano,+39 333 688 0974
maurizio@brunod.com,B&B Cascina Brunod,https://www.hotelsdrop.com/hotel/b-b-cascina-brunod-andrate,+39 339 647 2135
info@alberomaestro.it,B&B L'Albero Maestro,https://www.hotelsdrop.com/hotel/b-b-l-albero-maestro-andrate,+39 347 558 7766
info@cucinanatura.it\&quot;&gt;&lt;button,B&B La Coccinella - Ecologico e Biologico CIN: IT096028C1LO23OMD8,https://www.hotelsdrop.com/hotel/b-b-la-coccinella-ecologico-e-biologico-cin-it09-andrate,+39 333 647 7016
info@villatavallini.it,B&B Villa Tavallini Biella,https://www.hotelsdrop.com/hotel/b-b-villa-tavallini-biella-andrate,+39 393 016 2580
moreno.nico@gmail.com,L'Ospitalità del Castello,https://www.hotelsdrop.com/hotel/l-ospitalita-del-castello-andrate,+39 348 452 7017
info@lalocandadeigatti.it,La Locanda dei Gatti,https://www.hotelsdrop.com/hotel/la-locanda-dei-gatti-andrate,+39 333 790 8698
info@ostelloivrea.it,Ostello del Canoa - Acquapiatta,https://www.hotelsdrop.com/hotel/ostello-del-canoa-acquapiatta-andrate,+39 371 578 0055
info@relaisdelbrigante.com,Relais del Brigante,https://www.hotelsdrop.com/hotel/relais-del-brigante-andrate,+39 348 090 2808
bb.dacorona99@gmail.com,B&B il Gufo,https://www.hotelsdrop.com/hotel/b-b-il-gufo-andreis,+39 389 460 7267
info@ruralis.com,"Agriturismo ""A un tiro di schioppo""",https://www.hotelsdrop.com/hotel/agriturismo-a-un-tiro-di-schioppo-andretta,+39 380 732 7034
agriturismocaperroni@gmail.com,Agriturismo Caperroni,https://www.hotelsdrop.com/hotel/agriturismo-caperroni-andretta,+39 388 811 0870
info@iltritonebeb.com,B&B Il Tritone,https://www.hotelsdrop.com/hotel/b-b-il-tritone-andretta,+39 339 670 9669
info@domusromulea.it,Domus Romulea Albergo Locanda,https://www.hotelsdrop.com/hotel/domus-romulea-albergo-locanda-andretta,+39 347 186 3354
vicolo72.calitri@gmail.com,Vicolo72,https://www.hotelsdrop.com/hotel/vicolo72-andretta,+39 335 839 3873
allogginovilunio@gmail.com,B&B Novilunio,https://www.hotelsdrop.com/hotel/b-b-novilunio-andria,+39 389 559 6092
info@bbpalazzoducale.it,B&B Palazzo Ducale,https://www.hotelsdrop.com/hotel/b-b-palazzo-ducale-andria,+39 347 659 7431
info@borgomurgia.it,Borgomurgia,https://www.hotelsdrop.com/hotel/borgomurgia-andria,+39 347 399 8881
rooms@clubsessantaquattro.com,Club 64 Bed & Breakfast,https://www.hotelsdrop.com/hotel/club-64-bed-breakfast-andria,+39 342 550 5894
info@santamariavetere.it,Santa Maria Vetere,https://www.hotelsdrop.com/hotel/santa-maria-vetere-andria,+39 339 639 3279
info@trescharme.it,Trèscharme,https://www.hotelsdrop.com/hotel/trescharme-andria,+39 353 438 8515
lamadonnina@tiscali.it,Albergo La Madonnina,https://www.hotelsdrop.com/hotel/albergo-la-madonnina-anela,+39 349 686 0107
cossumonicapierina@gmail.com,Domos Antigas,https://www.hotelsdrop.com/hotel/domos-antigas-anela,+39 347 313 7757
info@letrerose.it,Hotel Ristorante Le Tre Rose,https://www.hotelsdrop.com/hotel/hotel-ristorante-le-tre-rose-anela,+39 349 764 1288
hotellapineta@gmail.com,Ristorante Hotel La Pineta,https://www.hotelsdrop.com/hotel/ristorante-hotel-la-pineta-anela,+39 320 301 8097
info@sanctuaryarmony.com,Sanctuary Armony,https://www.hotelsdrop.com/hotel/sanctuary-armony-anela,+39 340 305 5211
info@locandaampola.it,Albergo Ampola,https://www.hotelsdrop.com/hotel/albergo-ampola-anfo,+39 347 517 3158
info@hotelbonardi.it,Hotel Bonardi,https://www.hotelsdrop.com/hotel/hotel-bonardi-anfo,+39 348 873 4186
office@cascinacanee.com,Cascina Canée,https://www.hotelsdrop.com/hotel/cascina-canee-angera,+39 348 166 4411
info@littlesquarearona.com,Little Square Arona,https://www.hotelsdrop.com/hotel/little-square-arona-angera,+39 351 589 1950
info@cascinacampaccio.it,Relais Cascina al Campaccio,https://www.hotelsdrop.com/hotel/relais-cascina-al-campaccio-angera,+39 348 441 0249
terredianghiari@gmail.com,Agriturismo Terre di Anghiari,https://www.hotelsdrop.com/hotel/agriturismo-terre-di-anghiari-anghiari,+39 344 527 5942
info@anticadimoradelpellegrino.com,Antica Dimora del Pellegrino,https://www.hotelsdrop.com/hotel/antica-dimora-del-pellegrino-anghiari,+39 366 901 4050
info@vignadelpoggio.com,B&B Vigna del Poggio,https://www.hotelsdrop.com/hotel/b-b-vigna-del-poggio-anghiari,+39 349 199 0689
info@locandadelviandante.com,Bed & Breakfast Locanda del Viandante,https://www.hotelsdrop.com/hotel/bed-breakfast-locanda-del-viandante-anghiari,+39 334 795 6056
anghiari2016@yahoo.com,Casa vacanze Il Nido sulla Ruga,https://www.hotelsdrop.com/hotel/casa-vacanze-il-nido-sulla-ruga-anghiari,+39 349 084 6772
info@ilgiardinonascosto.com,Il Giardino Nascosto Affittacamere,https://www.hotelsdrop.com/hotel/il-giardino-nascosto-affittacamere-anghiari,+39 339 456 8430
info@cortesantomaso.it,B&B Corte San Tomaso,https://www.hotelsdrop.com/hotel/b-b-corte-san-tomaso-angiari,+39 347 730 9581
info@corteramedello.it,Corte Ramedello,https://www.hotelsdrop.com/hotel/corte-ramedello-angiari,+39 333 119 7339
hotelmilano1925@gmail.com,Hotel Milano,https://www.hotelsdrop.com/hotel/hotel-milano-angiari,+39 347 464 4020
info@impresacozyhome.eu,Soave Country House,https://www.hotelsdrop.com/hotel/soave-country-house-angiari,+39 348 987 9488
info@bramaverona.it,Villa Brama,https://www.hotelsdrop.com/hotel/villa-brama-angiari,+39 348 700 8700
info@lefrise.it,Agriturismo Le Frise,https://www.hotelsdrop.com/hotel/agriturismo-le-frise-angolo-terme,+39 347 157 0422
info@agriturismoserec.it,Agriturismo Serec | Ristorante e B&B,https://www.hotelsdrop.com/hotel/agriturismo-serec-ristorante-e-b-b-angolo-terme,+39 340 388 1623
info@casamarinoangri.com,Casa Marino Angri,https://www.hotelsdrop.com/hotel/casa-marino-angri-angri,+39 334 719 6878
bbcoasttocoast@libero.it,COAST TO COAST ROOMS And POOL,https://www.hotelsdrop.com/hotel/coast-to-coast-rooms-and-pool-angri,+39 393 869 4606
domusmonasteire@gmail.com,Domus Monasteire - B&B Guesthouse,https://www.hotelsdrop.com/hotel/domus-monasteire-b-b-guesthouse-angri,+39 329 310 5464
info@villaante.com,Villa Ante b&b,https://www.hotelsdrop.com/hotel/villa-ante-b-b-angri,+39 338 476 5205
info@blulavanda.net,B&B Blu Lavanda,https://www.hotelsdrop.com/hotel/b-b-blu-lavanda-angrogna,+39 338 321 4902
bb.ilgirasole@virgilio.it,B&B Il Girasole,https://www.hotelsdrop.com/hotel/b-b-il-girasole-angrogna,+39 347 667 6258
support@centralstay.eu,Cascina la Demilana,https://www.hotelsdrop.com/hotel/cascina-la-demilana-angrogna,+39 333 779 5556
info@casapayer.it,Country house Casa Payer,https://www.hotelsdrop.com/hotel/country-house-casa-payer-angrogna,+39 347 938 4034
locanda@locandailpomodoro.it,Locanda il Pomo d'Oro - Ristorante & Pizza,https://www.hotelsdrop.com/hotel/locanda-il-pomo-d-oro-ristorante-pizza-angrogna,+39 328 812 7449
info@agriturismozugarelli.it,Agriturismo Zugarelli,https://www.hotelsdrop.com/hotel/agriturismo-zugarelli-anguillara-sabazia,+39 348 252 8368
pescatori@gmail.com,B&B al Vicolo dei Pescatori,https://www.hotelsdrop.com/hotel/b-b-al-vicolo-dei-pescatori-anguillara-sabazia,+39 348 242 1910
bb.lacannella@gmail.com,La Cannella,https://www.hotelsdrop.com/hotel/la-cannella-anguillara-sabazia,+39 338 459 9940
info@auradimore.it,Aura Dimore ad Arquà Petrarca,https://www.hotelsdrop.com/hotel/aura-dimore-ad-arqua-petrarca-anguillara-veneta,+39 392 584 1008
info@campofiore.eu,Country House Campofiore,https://www.hotelsdrop.com/hotel/country-house-campofiore-anguillara-veneta,+39 333 648 2775
fuoricitta.bego@gmail.com,Hotel Fuori Città,https://www.hotelsdrop.com/hotel/hotel-fuori-citta-anguillara-veneta,+39 344 033 7471
info@quovadisbeb.com,Quo Vadis Qui Vieni,https://www.hotelsdrop.com/hotel/quo-vadis-qui-vieni-anguillara-veneta,+39 349 676 7992
info@armoniedellago.it,B&B Armonie del Lago,https://www.hotelsdrop.com/hotel/b-b-armonie-del-lago-annone-di-brianza,+39 338 181 7770
info@agriturismoquadrifogliorelax.com,Agriturismo Quadrifoglio Relax,https://www.hotelsdrop.com/hotel/agriturismo-quadrifoglio-relax-annone-veneto,+39 348 305 2539
info@borgostalis.com,Borgo Stalis Resort,https://www.hotelsdrop.com/hotel/borgo-stalis-resort-annone-veneto,+39 376 168 8399
http://francesco_caruso@libero.it,B&B Bed and breakfast Campo Sportivo,https://www.hotelsdrop.com/hotel/b-b-bed-and-breakfast-campo-sportivo-anoia,+39 347 621 8322
info@lavilla.academy,B&B La Villa Cittanova,https://www.hotelsdrop.com/hotel/b-b-la-villa-cittanova-anoia,+39 347 234 7099
info@elpidios.it,Elpidios Galatro Terme,https://www.hotelsdrop.com/hotel/elpidios-galatro-terme-anoia,+39 338 574 0869
info@laportadelsole.it,Hotel & Village La Porta Del Sole,https://www.hotelsdrop.com/hotel/hotel-village-la-porta-del-sole-anoia,+39 393 919 0141
insonnyroom@hotmail.com,Insonnyroom B&B,https://www.hotelsdrop.com/hotel/insonnyroom-b-b-anoia,+39 388 326 9879
mura17beb@gmail.com,mura 17 bed & breakfast,https://www.hotelsdrop.com/hotel/mura-17-bed-breakfast-anoia,+39 342 103 0556
giulyshome25@gmail.com,Giuly’s Home,https://www.hotelsdrop.com/hotel/giuly-s-home-antegnate,+39 345 915 9067
info@laresidenzadelviale.it,La Residenza del Viale - Affittacamere,https://www.hotelsdrop.com/hotel/la-residenza-del-viale-affittacamere-antegnate,+39 320 842 1111
info@perettihotels.com,Affittacamere Garden Cavalese,https://www.hotelsdrop.com/hotel/affittacamere-garden-cavalese-anterivo-altrei,+39 338 233 6680
masoschneider@gmail.com,Agriturismo Maso Schneider,https://www.hotelsdrop.com/hotel/agriturismo-maso-schneider-anterivo-altrei,+39 349 113 0824
info@bebnonnarosa.com,B&B nonna Rosa vista Lagorai,https://www.hotelsdrop.com/hotel/b-b-nonna-rosa-vista-lagorai-anterivo-altrei,+39 328 696 9902
info@loverdze.com,Affittacamere Lo verdze,https://www.hotelsdrop.com/hotel/affittacamere-lo-verdze-antey-saint-andr,+39 348 310 0286
info@aujardinfleuri.it,Agriturismo Au Jardin Fleuri,https://www.hotelsdrop.com/hotel/agriturismo-au-jardin-fleuri-antey-saint-andr,+39 348 481 8426
alexistomaselli@gmail.com,Agriturismo La Clochette - dormire a Torgnon,https://www.hotelsdrop.com/hotel/agriturismo-la-clochette-dormire-a-torgnon-antey-saint-andr,+39 333 927 9301
booking@hotel-du-soleil.it,Hotel du Soleil,https://www.hotelsdrop.com/hotel/hotel-du-soleil-antey-saint-andr,+39 379 335 7713
info@lobarba.it,Lo Barba,https://www.hotelsdrop.com/hotel/lo-barba-antey-saint-andr,+39 320 425 1778
info@maisondutata.it,Maison du Tatà,https://www.hotelsdrop.com/hotel/maison-du-tata-antey-saint-andr,+39 366 290 7497
agriquartuccio@gmail.com,AgriQuartuccio b&b/Piscina salata,https://www.hotelsdrop.com/hotel/agriquartuccio-b-b-piscina-salata-anticoli-corrado,+39 333 836 8619
custer@libero.it,Al Seminario,https://www.hotelsdrop.com/hotel/al-seminario-anticoli-corrado,+39 380 599 6086
lagiada@bbtivoli.com,La Giada,https://www.hotelsdrop.com/hotel/la-giada-anticoli-corrado,+39 329 181 1419
levilletivoli@gmail.com,"Le Ville Tivoli - Suites, Gregoriana, Vesta Alloggio Turistico",https://www.hotelsdrop.com/hotel/le-ville-tivoli-suites-gregoriana-vesta-alloggio-anticoli-corrado,+39 346 128 5860
agriturismoilfra@gmail.com,Agriturismo IL FRA',https://www.hotelsdrop.com/hotel/agriturismo-il-fra-antignano,+39 338 915 2151
lanticotralcio@gmail.com,Antico Tralcio Bed and Breakfast e Home Restaurant,https://www.hotelsdrop.com/hotel/antico-tralcio-bed-and-breakfast-e-home-restaura-antignano,+39 320 887 3276
info@agriturismocanadin.it,Ca' Nadin,https://www.hotelsdrop.com/hotel/ca-nadin-antignano,+39 338 810 1210
info@lacascinadelcastello.it,La Cascina del Castello,https://www.hotelsdrop.com/hotel/la-cascina-del-castello-antignano,+39 345 737 5280
relax@agrirelaxlagranda.it,La Granda agrirelax,https://www.hotelsdrop.com/hotel/la-granda-agrirelax-antignano,+39 340 984 1882
info@bedandbreakfastlavalle.asti.it,La Valle Bed and breakfast Asti,https://www.hotelsdrop.com/hotel/la-valle-bed-and-breakfast-asti-antignano,+39 339 760 5353
info@moonfra.it,Moonfrà,https://www.hotelsdrop.com/hotel/moonfra-antignano,+39 345 236 5803
info@wellhomeasti.it,WellHome Asti,https://www.hotelsdrop.com/hotel/wellhome-asti-antignano,+39 389 665 8553
info@bbquattrotorri.com,B&B Quattro Torri,https://www.hotelsdrop.com/hotel/b-b-quattro-torri-antillo,+39 331 464 9370
carmelonaselli@gmail.com,Camere Santa Margherita,https://www.hotelsdrop.com/hotel/camere-santa-margherita-antillo,+39 349 465 0887
info@ilbelvederevillabnb.it,Il Belvedere,https://www.hotelsdrop.com/hotel/il-belvedere-antillo,+39 393 167 3737
verdelloh@gmail.com,VERDELLO HOME SAVOCA,https://www.hotelsdrop.com/hotel/verdello-home-savoca-antillo,+39 327 357 1903
info@baronemacri.it,Barone G. R. Macrì,https://www.hotelsdrop.com/hotel/barone-g-r-macri-antonimina,+39 335 128 3052
geracebellavista@gmail.com,Bed And Breakfast Bellavista,https://www.hotelsdrop.com/hotel/bed-and-breakfast-bellavista-antonimina,+39 340 971 3490
info@magiadellaspromonte.com,Magia dell’Aspromonte,https://www.hotelsdrop.com/hotel/magia-dell-aspromonte-antonimina,+39 345 358 6524
info@visitantonimina.it,Visit.Antonimina | Affittacamere & Home,https://www.hotelsdrop.com/hotel/visit-antonimina-affittacamere-home-antonimina,+39 345 358 6524
giuseppe@agricupello.it,Agriturismo Cupello,https://www.hotelsdrop.com/hotel/agriturismo-cupello-antrodoco,+39 334 823 9379
contatti@lapalazzina.it,"Guest House La Palazzina a Rieti, zona Quattrostrade, vicino al Santuario della Foresta. Affitta camere confortevoli.",https://www.hotelsdrop.com/hotel/guest-house-la-palazzina-a-rieti-zona-quattrostr-antrodoco,+39 324 130 4709
info.archetto51@gmail.com,L'Archetto Apartment Rieti,https://www.hotelsdrop.com/hotel/l-archetto-apartment-rieti-antrodoco,+39 350 021 3551
lacasadellarocca@gmail.com,La Casa della Rocca,https://www.hotelsdrop.com/hotel/la-casa-della-rocca-antrodoco,+39 351 469 5385
ilcastagnoostello@gmail.com,Ostello Il Castagno,https://www.hotelsdrop.com/hotel/ostello-il-castagno-antrodoco,+39 346 947 1143
portaconcaapartments@gmail.com,Porta Conca Apartments,https://www.hotelsdrop.com/hotel/porta-conca-apartments-antrodoco,+39 328 654 5214
info@albergodacecilia.com,Albergo Ristorante Da Cecilia,https://www.hotelsdrop.com/hotel/albergo-ristorante-da-cecilia-antrona-schieranco,+39 328 324 9960
casquaroni@gmail.com,B&B Casa Quaroni,https://www.hotelsdrop.com/hotel/b-b-casa-quaroni-antrona-schieranco,+39 340 387 3843
info@hoteldufour.com,Hotel Dufour,https://www.hotelsdrop.com/hotel/hotel-dufour-antrona-schieranco,+39 392 368 6271
info@pacehotel.it,Hotel Pace,https://www.hotelsdrop.com/hotel/hotel-pace-antrona-schieranco,+39 338 190 9003
info@palazzo7.it,Palazzo 7,https://www.hotelsdrop.com/hotel/palazzo-7-antrona-schieranco,+39 375 697 5755
lamiacasadeinonni@gmail.com,B&B La Casa dei Nonni,https://www.hotelsdrop.com/hotel/b-b-la-casa-dei-nonni-anversa-degli-abruzzi,+39 349 634 1948
lanticoborgo2020@libero.it,L'Antico Borgo B&B,https://www.hotelsdrop.com/hotel/l-antico-borgo-b-b-anversa-degli-abruzzi,+39 320 316 9756
info@filippone.it,Ristorante Hotel Filippone,https://www.hotelsdrop.com/hotel/ristorante-hotel-filippone-anversa-degli-abruzzi,+39 351 922 3850
info@agriturismolacavallina.com,La Cavallina Azienda Agrituristica,https://www.hotelsdrop.com/hotel/la-cavallina-azienda-agrituristica-anzano-del-parco,+39 338 748 9775
info@trattorialascaletta.it,Ristorante La Scaletta Hotel,https://www.hotelsdrop.com/hotel/ristorante-la-scaletta-hotel-anzano-del-parco,+39 393 650 5405
info@agriturismolacerasola.it,Agriturismo La Cerasola - Masseria Grosso,https://www.hotelsdrop.com/hotel/agriturismo-la-cerasola-masseria-grosso-anzano-di-puglia,+39 335 672 7807
lanticaquerciahotel@gmail.com,L’Antica Quercia,https://www.hotelsdrop.com/hotel/l-antica-quercia-anzi,+39 345 443 4185
info@cavalieridoroanzio.it,Cavalieri D'Oro Luxury House ad Anzio,https://www.hotelsdrop.com/hotel/cavalieri-d-oro-luxury-house-ad-anzio-anzio,+39 333 443 4047
info@halex.it,Halex Room & Food,https://www.hotelsdrop.com/hotel/halex-room-food-anzio,+39 379 299 5033
info@resortlamagnolia.it,Resort la Magnolia,https://www.hotelsdrop.com/hotel/resort-la-magnolia-anzio,+39 335 717 7923
commerciale@casadellacapra.com,Casa della Capra,https://www.hotelsdrop.com/hotel/casa-della-capra-anzola-d-ossola,+39 392 220 3731
info@villachiovenda.it,VILLA CHIOVENDA Residenza d'Epoca,https://www.hotelsdrop.com/hotel/villa-chiovenda-residenza-d-epoca-anzola-d-ossola,+39 335 618 1551
support@centralstay.eu,Accogliente appartamento Anzola dell' emilia,https://www.hotelsdrop.com/hotel/accogliente-appartamento-anzola-dell-emilia-anzola-dell-emilia,+39 351 501 4213
support@centralstay.eu,carla's house,https://www.hotelsdrop.com/hotel/carla-s-house-anzola-dell-emilia,+39 331 360 5098
info@affittacamere-bologna.it,Emilia381 Suite,https://www.hotelsdrop.com/hotel/emilia381-suite-anzola-dell-emilia,+39 331 598 8662
teresazrt@gmail.com,La collinetta B&B,https://www.hotelsdrop.com/hotel/la-collinetta-b-b-anzola-dell-emilia,+39 347 434 9268
sanvincenzorooms@gmail.com,San Vincenzo Rooms,https://www.hotelsdrop.com/hotel/san-vincenzo-rooms-anzola-dell-emilia,+39 375 546 9692
info@santacaterinasuites.it,Santa Caterina 1604 Suites,https://www.hotelsdrop.com/hotel/santa-caterina-1604-suites-anzola-dell-emilia,+39 347 870 2838
info@bbambrosia.com,B&B Ambrosia,https://www.hotelsdrop.com/hotel/b-b-ambrosia-aosta,+39 339 574 9594
info@hotelmonemile.it,Mon Emile,https://www.hotelsdrop.com/hotel/mon-emile-aosta,+39 375 774 0807
info@agriturismocalicozzo.it,Agriturismo ca'Licozzo,https://www.hotelsdrop.com/hotel/agriturismo-ca-licozzo-apecchio,+39 333 464 8720
info@chignoni.it,Agriturismo Chignoni,https://www.hotelsdrop.com/hotel/agriturismo-chignoni-apecchio,+39 340 335 3492
info@fontesomma.it,Agriturismo Fontesomma,https://www.hotelsdrop.com/hotel/agriturismo-fontesomma-apecchio,+39 338 263 6602
agriturismopiandimolino.marche@gmail.com,Agriturismo Piandimolino,https://www.hotelsdrop.com/hotel/agriturismo-piandimolino-apecchio,+39 329 201 6664
info@casaleilsogno.nl,Casale il Sogno,https://www.hotelsdrop.com/hotel/casale-il-sogno-apecchio,+39 377 308 0740
info@casalelaspina.com,Casale La Spina,https://www.hotelsdrop.com/hotel/casale-la-spina-apecchio,+39 339 806 3402
info@castellodellapieve.it,Castello della Pieve,https://www.hotelsdrop.com/hotel/castello-della-pieve-apecchio,+39 328 151 2654
info@monteparadiso.net,Monte Paradiso Agriturismo,https://www.hotelsdrop.com/hotel/monte-paradiso-agriturismo-apecchio,+39 344 526 8165
info@palazzodonati.com,Palazzo Donati,https://www.hotelsdrop.com/hotel/palazzo-donati-apecchio,+39 339 401 6247
info@valguerriera.it,Relais Valguerriera,https://www.hotelsdrop.com/hotel/relais-valguerriera-apecchio,+39 334 667 4370
605a7baede844d278b89dc95ae0a9123@sentry-next.wixpress.com,"Agriturismo ""Al Castello del Principe""",https://www.hotelsdrop.com/hotel/agriturismo-al-castello-del-principe-apice,+39 339 166 4656
agriturismovillaluisa@gmail.com,Agriturismo Villa Luisa,https://www.hotelsdrop.com/hotel/agriturismo-villa-luisa-apice,+39 340 228 2483
info@artisticorelax.com,B&B Artistico Relax,https://www.hotelsdrop.com/hotel/b-b-artistico-relax-apice,+39 328 875 9718
relaisaeclanum@gmail.com,B&B Relais Aeclanum,https://www.hotelsdrop.com/hotel/b-b-relais-aeclanum-apice,+39 393 905 3522
bombrelais@gmail.com,Bombrelais,https://www.hotelsdrop.com/hotel/bombrelais-apice,+39 389 138 5822
amministrazione@boscolucarelli.it,Country Relais La Torretta Baronale,https://www.hotelsdrop.com/hotel/country-relais-la-torretta-baronale-apice,+39 339 384 2917
info@juliettejesi.com,Juliette Rooms Jesi affittacamere,https://www.hotelsdrop.com/hotel/juliette-rooms-jesi-affittacamere-apiro,+39 339 810 4585
trepassidallatorre@gmail.com,B&B Tre Passi dalla Torre,https://www.hotelsdrop.com/hotel/b-b-tre-passi-dalla-torre-apollosa,+39 391 402 9730
contact@globostay.com,Dimora del Duomo,https://www.hotelsdrop.com/hotel/dimora-del-duomo-apollosa,+39 320 400 8916
info@janara.net,Janara - Santa Sofia,https://www.hotelsdrop.com/hotel/janara-santa-sofia-apollosa,+39 375 562 6515
info@parvavinea.it,Parva Vinea,https://www.hotelsdrop.com/hotel/parva-vinea-apollosa,+39 351 966 0453
bblepalme33@gmail.com,B&B Le Palme,https://www.hotelsdrop.com/hotel/b-b-le-palme-appiano-gentile,+39 347 451 5387
reception.como@theconvo.com,Convo Al Lago,https://www.hotelsdrop.com/hotel/convo-al-lago-appiano-gentile,+39 375 804 8752
residenzascalabrini@gmail.com,Villa Scalabrini Como,https://www.hotelsdrop.com/hotel/villa-scalabrini-como-appiano-gentile,+39 340 057 3968
info@kreuzstein.com,Kreuzstein - Bar - Bed&Breakfast,https://www.hotelsdrop.com/hotel/kreuzstein-bar-bed-breakfast-appiano-sulla-strada-del-vino-ep,+39 348 530 3238
info@imori.net,Agriturismo i Mori,https://www.hotelsdrop.com/hotel/agriturismo-i-mori-appignano,+39 320 154 1301
agriturismoilconfine@gmail.com,AGRITURISMO IL CONFINE - Treia - Marche,https://www.hotelsdrop.com/hotel/agriturismo-il-confine-treia-marche-appignano,+39 338 363 2739
info@lemarchebedandbreakfast.com,La Vecchia Scuola,https://www.hotelsdrop.com/hotel/la-vecchia-scuola-appignano,+39 331 478 2959
info@ohsanlorenzo.it,OH! Outdoor Hostel San Lorenzo,https://www.hotelsdrop.com/hotel/oh-outdoor-hostel-san-lorenzo-appignano,+39 351 357 8561
info-agriturismo@allasolagna.it,Agriturismo Alla Solagna,https://www.hotelsdrop.com/hotel/agriturismo-alla-solagna-appignano-del-tronto,+39 329 928 9839
dimoranelborgo@hotmail.com,Dimora nel borgo,https://www.hotelsdrop.com/hotel/dimora-nel-borgo-appignano-del-tronto,+39 333 453 1639
bbpenakaprica@gmail.com,B&B Penak,https://www.hotelsdrop.com/hotel/b-b-penak-aprica,+39 333 431 8709
info@biancanevehotelresidence.it,Residence Hotel Biancaneve,https://www.hotelsdrop.com/hotel/residence-hotel-biancaneve-aprica,+39 351 567 0872
info@aurivu.com,Agriturismo Aurivu,https://www.hotelsdrop.com/hotel/agriturismo-aurivu-apricale,+39 347 894 2520
orengolaura@alice.it,Agriturismo dalla Mimmi,https://www.hotelsdrop.com/hotel/agriturismo-dalla-mimmi-apricale,+39 335 565 1968
info@apricuslocanda.com,Apricus Boutique Hotel,https://www.hotelsdrop.com/hotel/apricus-boutique-hotel-apricale,+39 338 173 3401
legemme@aol.com,B&B Le Gemme,https://www.hotelsdrop.com/hotel/b-b-le-gemme-apricale,+39 333 866 9323
info@damarta.com,Da Marta,https://www.hotelsdrop.com/hotel/da-marta-apricale,+39 328 656 2885
info@masseriacannella.it,Agriturismo Masseria Cannella,https://www.hotelsdrop.com/hotel/agriturismo-masseria-cannella-apricena,+39 320 180 9743
prenotazioni@bbcolorslesina.it,B&B Colors,https://www.hotelsdrop.com/hotel/b-b-colors-apricena,330 437 192
g@bedanonnarosa.com,B&b da nonna rosa,https://www.hotelsdrop.com/hotel/b-b-da-nonna-rosa-apricena,+39 379 298 8219
ilgiardinodellatorre@gmail.com,B&B Il Giardino Della Torre,https://www.hotelsdrop.com/hotel/b-b-il-giardino-della-torre-apricena,+39 333 636 6666
info@stelledelledaunia.it,B&B STELLE DELLA DAUNIA,https://www.hotelsdrop.com/hotel/b-b-stelle-della-daunia-apricena,+39 329 317 5750
bnbcorsoroma@tiscali.it,Bed & Breakfast Corso Roma,https://www.hotelsdrop.com/hotel/bed-breakfast-corso-roma-apricena,+39 349 640 3977
giovannimaddamma@gmail.com,Bed & Breakfast Porta del Gargano,https://www.hotelsdrop.com/hotel/bed-breakfast-porta-del-gargano-apricena,+39 348 870 8898
happybeb.torre@gmail.com,Happy b&b,https://www.hotelsdrop.com/hotel/happy-b-b-apricena,+39 378 066 4543
ag_c2002@yahoo.it,Agriturismo Il Costrano,https://www.hotelsdrop.com/hotel/agriturismo-il-costrano-aprigliano,+39 328 291 3336
casavacanzecosenza.alma@gmail.com,Alma B&B Home Cosenza,https://www.hotelsdrop.com/hotel/alma-b-b-home-cosenza-aprigliano,+39 391 719 7978
giovannitamino@libero.it,B&B L'antico Rudere,https://www.hotelsdrop.com/hotel/b-b-l-antico-rudere-aprigliano,+39 347 330 2448
donnagiovannaguesthouse@gmail.com,Donna Giovanna Guest House,https://www.hotelsdrop.com/hotel/donna-giovanna-guest-house-aprigliano,+39 338 870 3249
lemirageaprilia@gmail.com,Appartment Le Mirage 2.0,https://www.hotelsdrop.com/hotel/appartment-le-mirage-2-0-aprilia,+39 370 323 0488
comoexclusive23@gmail.com,COMÓ EXCLUSIVE affittacamere,https://www.hotelsdrop.com/hotel/como-exclusive-affittacamere-aprilia,+39 328 641 9782
info@dellapianaresidence.it,Della Piana Residence Srl,https://www.hotelsdrop.com/hotel/della-piana-residence-srl-aprilia,+39 348 403 5386
favolarooms@gmail.com,Favola Affittacamere,https://www.hotelsdrop.com/hotel/favola-affittacamere-aprilia,+39 380 785 2289
lucaia.web@gmail.com,Lucaia B&B,https://www.hotelsdrop.com/hotel/lucaia-b-b-aprilia,+39 338 844 8058
info@ladimoradelcroccio.it,Agriturimo La Dimora del Croccio,https://www.hotelsdrop.com/hotel/agriturimo-la-dimora-del-croccio-aquara,+39 328 462 0140
info@casalecondotti.it,Agriturismo Casale Condotti,https://www.hotelsdrop.com/hotel/agriturismo-casale-condotti-aquara,+39 339 768 4035
info@stiavucco.it,B&B O' Stiavucco,https://www.hotelsdrop.com/hotel/b-b-o-stiavucco-aquara,+39 377 094 7921
masusagri@gmail.com,Masusà,https://www.hotelsdrop.com/hotel/masusa-aquara,+39 350 186 6183
info@arvecastelbianco.it,Arvé Bed & Breakfast,https://www.hotelsdrop.com/hotel/arve-bed-breakfast-aquila-d-arroscia,+39 340 776 9356
laura.riolfo77@gmail.com,B&B 8A CASTELBIANCO,https://www.hotelsdrop.com/hotel/b-b-8a-castelbianco-aquila-d-arroscia,+39 347 259 3357
info@casadeinonni.it,La casa dei Nonni Castelbianco,https://www.hotelsdrop.com/hotel/la-casa-dei-nonni-castelbianco-aquila-d-arroscia,+39 339 693 3994
info@bblosporting.it,Lo Sporting,https://www.hotelsdrop.com/hotel/lo-sporting-aquila-d-arroscia,+39 320 194 4193
agriturismoilriccio@gmail.com,Agriturismo Il Riccio,https://www.hotelsdrop.com/hotel/agriturismo-il-riccio-aquilonia,+39 348 386 7677
info@bbmontevulture.com,B&B Monte Vulture,https://www.hotelsdrop.com/hotel/b-b-monte-vulture-aquilonia,+39 339 782 0397
r.villapatrizia@gmail.com,B&B Relais Villa Patrizia,https://www.hotelsdrop.com/hotel/b-b-relais-villa-patrizia-aquilonia,+39 349 295 5847
info@tuttocassino.it,Azienda Agrituristica La Vecchia Quercia,https://www.hotelsdrop.com/hotel/azienda-agrituristica-la-vecchia-quercia-aquino,+39 366 353 0534
info@aquinointerrazza.com,B&B Aquino in Terrazza,https://www.hotelsdrop.com/hotel/b-b-aquino-in-terrazza-aquino,+39 328 845 2373
info@tuttocassino.it,Ricci Rooms,https://www.hotelsdrop.com/hotel/ricci-rooms-aquino,+39 392 731 5976
info@villacapodacqua.it,Villa Capodacqua B&B,https://www.hotelsdrop.com/hotel/villa-capodacqua-b-b-aquino,335 327 853
iltorrinogalatina@libero.it,Il Torrino,https://www.hotelsdrop.com/hotel/il-torrino-aradeo,+39 392 558 8039
info@palazzodonnachicchi.it,Palazzo Donna Chicchi,https://www.hotelsdrop.com/hotel/palazzo-donna-chicchi-aradeo,+39 331 477 1145
info@palazzofrancescograssi.it,Palazzo Francesco Grassi B&B,https://www.hotelsdrop.com/hotel/palazzo-francesco-grassi-b-b-aradeo,+39 339 118 9933
info@pozzidolci.it,Pozzi Dolci B&B,https://www.hotelsdrop.com/hotel/pozzi-dolci-b-b-aradeo,+39 388 752 3883
bbresidenzasantaalucia@gmail.com,Residenza Santa Lucia,https://www.hotelsdrop.com/hotel/residenza-santa-lucia-aradeo,+39 338 855 9609
m.rita74@libero.it,B&B Domus 65,https://www.hotelsdrop.com/hotel/b-b-domus-65-aragona,+39 329 372 4118
info@camereasud.it,Camere a sud,https://www.hotelsdrop.com/hotel/camere-a-sud-aragona,+39 349 638 4424
info.acasadicarla@gmail.com,A casa di Carla B&B,https://www.hotelsdrop.com/hotel/a-casa-di-carla-b-b-aramengo,+39 339 332 9930
info@acquaementa.it,Acquaementa,https://www.hotelsdrop.com/hotel/acquaementa-aramengo,+39 340 761 7315
dallamagnalivia@gmail.com,Dalla Magna Livia L. & L. Di Cavalitto Alessandro,https://www.hotelsdrop.com/hotel/dalla-magna-livia-l-l-di-cavalitto-alessandro-aramengo,+39 331 897 5555
info@lacivignola.com,La Civignola - Agriturismo Resort,https://www.hotelsdrop.com/hotel/la-civignola-agriturismo-resort-aramengo,+39 340 395 3747
info@theresasullacollina.com,Theresa sulla collina b&b,https://www.hotelsdrop.com/hotel/theresa-sulla-collina-b-b-aramengo,+39 347 053 3419
info@cuoredilavanda.it,Bed & Breakfast Cuore di Lavanda,https://www.hotelsdrop.com/hotel/bed-breakfast-cuore-di-lavanda-arba,+39 392 211 5603
info@dolceneroresidence.com,Dolcenero Hotel Residence,https://www.hotelsdrop.com/hotel/dolcenero-hotel-residence-arba,+39 375 692 5113
info@portone180.it,Portone180 GuestHouse,https://www.hotelsdrop.com/hotel/portone180-guesthouse-arba,+39 388 784 8000
memos.affittacamere@gmail.com,Memo's Affittacamere - Room & Breakfast-,https://www.hotelsdrop.com/hotel/memo-s-affittacamere-room-breakfast-arborea,+39 389 105 1178
info@mentefredda.it\,Mistral 2 Hotel,https://www.hotelsdrop.com/hotel/mistral-2-hotel-arborea,+39 347 343 5237
info@labiandrina.it,Agriturismo La Biandrina,https://www.hotelsdrop.com/hotel/agriturismo-la-biandrina-arborio,+39 348 235 7402
villasofiafara@gmail.com,B&b Villa Sofia CIN IT003065B4KE2KB9YH,https://www.hotelsdrop.com/hotel/b-b-villa-sofia-cin-it003065b4ke2kb9yh-arborio,+39 329 342 6159
alepaladini87@gmail.com,Hotel Ristorante Paladini,https://www.hotelsdrop.com/hotel/hotel-ristorante-paladini-arborio,+39 334 221 1011
info@locandadellastazione.com,Locanda della Stazione,https://www.hotelsdrop.com/hotel/locanda-della-stazione-arborio,+39 329 090 7907
vicolungolodge@ondaland.it,VICOLUNGO Glamour Lodge & Spa,https://www.hotelsdrop.com/hotel/vicolungo-glamour-lodge-spa-arborio,+39 320 111 0435
agricostaverde@tiscali.it,Agriturismo Costa Verde,https://www.hotelsdrop.com/hotel/agriturismo-costa-verde-arbus,+39 347 108 3355
ginetta.leo@gmail.com,Agriturismo l'Aquila Arbus,https://www.hotelsdrop.com/hotel/agriturismo-l-aquila-arbus-arbus,+39 349 195 5182
roccebianche.agriturismo@gmail.com,Agriturismo Rocce Bianche,https://www.hotelsdrop.com/hotel/agriturismo-rocce-bianche-arbus,+39 348 284 7405
animahotelsardinia@gmail.com,Anima Sardinia,https://www.hotelsdrop.com/hotel/anima-sardinia-arbus,+39 377 082 0627
cavallolibero@tiscali.it,centro di turismo equestre Shangrila',https://www.hotelsdrop.com/hotel/centro-di-turismo-equestre-shangrila-arbus,+39 340 334 9570
booking@tartheshotel.com,Hotel Tarthesh,https://www.hotelsdrop.com/hotel/hotel-tarthesh-arbus,+39 338 298 4712
prenota@ulivogonnosfanadiga.it,L'Ulivo Affittacamere,https://www.hotelsdrop.com/hotel/l-ulivo-affittacamere-arbus,+39 350 123 3732
info@agriturismodazeffi.it,Agriturismo Da Zeffi,https://www.hotelsdrop.com/hotel/agriturismo-da-zeffi-arcade,+39 350 526 1676
hello@arcaguesthouse.it,Arca Guest House,https://www.hotelsdrop.com/hotel/arca-guest-house-arcade,+39 339 418 6844
info@arcadeluxuryloft.it,Arcade Luxury Loft,https://www.hotelsdrop.com/hotel/arcade-luxury-loft-arcade,+39 334 153 1720
alsognodilaura@gmail.com,B&B Al sogno di Laura,https://www.hotelsdrop.com/hotel/b-b-al-sogno-di-laura-arcade,+39 347 127 7393
mario.narder@alice.it,B&B Doberdo,https://www.hotelsdrop.com/hotel/b-b-doberdo-arcade,+39 338 484 0526
support@centralstay.eu,Casa vacanze La Madonnetta,https://www.hotelsdrop.com/hotel/casa-vacanze-la-madonnetta-arcade,+39 347 449 0115
info@casaledeiricordi.it,"Casale dei ricordi B&B, Home restaurant",https://www.hotelsdrop.com/hotel/casale-dei-ricordi-b-b-home-restaurant-arce,+39 348 042 6825
claudiagavin@gmail.com,Bed and Breakfast La Delice,https://www.hotelsdrop.com/hotel/bed-and-breakfast-la-delice-arcene,+39 392 191 4874
info@countryhotelcastelbarco.it,Botanique Hotel Vergani,https://www.hotelsdrop.com/hotel/botanique-hotel-vergani-arcene,+39 378 306 1563
info@hotelalbi.it,Hotel Albi,https://www.hotelsdrop.com/hotel/hotel-albi-arcene,+39 339 183 3566
ilcortiledatania@gmail.com,Il cortile da Tania,https://www.hotelsdrop.com/hotel/il-cortile-da-tania-arcene,+39 375 101 5098
info@albergoristorantepapa.it,Ristorante Albergo Papa,https://www.hotelsdrop.com/hotel/ristorante-albergo-papa-arcene,+39 338 616 0388
info@villazoia.it,San Giorgio,https://www.hotelsdrop.com/hotel/san-giorgio-arcene,+39 375 737 6241
a.acquasalata@libero.it,Agriturismo Acquasalata,https://www.hotelsdrop.com/hotel/agriturismo-acquasalata-arcevia,+39 333 138 9057
info@belfiore-italia.com,Agriturismo Borgo Belfiore,https://www.hotelsdrop.com/hotel/agriturismo-borgo-belfiore-arcevia,+39 348 462 7954
info@lacantinadibacco.it,Agriturismo la Cantina di Bacco,https://www.hotelsdrop.com/hotel/agriturismo-la-cantina-di-bacco-arcevia,+39 347 310 9933
info@bbinvinoveritas.com,B&B IN VINO VERITAS,https://www.hotelsdrop.com/hotel/b-b-in-vino-veritas-arcevia,+39 328 192 7453
info@lacasadiodessa.com,La casa di Odessa,https://www.hotelsdrop.com/hotel/la-casa-di-odessa-arcevia,+39 389 009 4241
info@lecunecountryhouse.com,Le Cune Country House and Farm,https://www.hotelsdrop.com/hotel/le-cune-country-house-and-farm-arcevia,+39 338 506 4697
info@sansettimio.it,Riserva Privata San Settimio,https://www.hotelsdrop.com/hotel/riserva-privata-san-settimio-arcevia,+39 335 630 3230
info@roccacontrada.com,Rocca Contrada,https://www.hotelsdrop.com/hotel/rocca-contrada-arcevia,+39 366 245 7272
sogno.divino.bb@gmail.com,Sogno diVino B&B,https://www.hotelsdrop.com/hotel/sogno-divino-b-b-arcevia,+39 333 494 8621
roberto@visitarcevia.com,VisitArcevia,https://www.hotelsdrop.com/hotel/visitarcevia-arcevia,+39 392 973 4953
info@casavistaverde.it,Casa Vistaverde · B&B,https://www.hotelsdrop.com/hotel/casa-vistaverde-b-b-archi,+39 351 514 2494
email@azienda.it,Agriturismo Le Casaline - Val d'Orcia,https://www.hotelsdrop.com/hotel/agriturismo-le-casaline-val-d-orcia-arcidosso,+39 339 757 7386
molinodelponte@libero.it,Agriturismo Molino del Ponte,https://www.hotelsdrop.com/hotel/agriturismo-molino-del-ponte-arcidosso,+39 347 498 1836
info@bebamiata.it,Bed & Breakfast Amiata Grosseto,https://www.hotelsdrop.com/hotel/bed-breakfast-amiata-grosseto-arcidosso,368 990 970
lacolombaia.amiata@gmail.com,La Colombaia Amiata,https://www.hotelsdrop.com/hotel/la-colombaia-amiata-arcidosso,+39 378 086 9440
info@lacortecciadelfaggio.it,La corteccia del faggio,https://www.hotelsdrop.com/hotel/la-corteccia-del-faggio-arcidosso,+39 388 449 9900
postmaster@lafugaluxuryexperience.it,La Fuga Luxury Experience,https://www.hotelsdrop.com/hotel/la-fuga-luxury-experience-arcidosso,+39 393 933 3652
king@kinghotelfiuggi.it,Albergo King,https://www.hotelsdrop.com/hotel/albergo-king-arcinazzo-romano,+39 320 979 1004
info@alnifontano.it,Al Nifontano B&B,https://www.hotelsdrop.com/hotel/al-nifontano-b-b-arcisate,+39 347 434 9598
adrianagosatti@gmail.com,B&B Villa Adriana Varese,https://www.hotelsdrop.com/hotel/b-b-villa-adriana-varese-arcisate,+39 338 590 4590
barbaroenzo@gmail.com,Corte Picasass,https://www.hotelsdrop.com/hotel/corte-picasass-arcisate,+39 333 457 9919
invilla.bnb@gmail.com,Invilla Bnb,https://www.hotelsdrop.com/hotel/invilla-bnb-arcisate,+39 333 275 5017
info@agriturmichelotti.it,Agritur Michelotti,https://www.hotelsdrop.com/hotel/agritur-michelotti-arco,+39 344 241 3419
welcome@bnb-nalu.it,B&B NALÙ,https://www.hotelsdrop.com/hotel/b-b-nalu-arco,+39 348 587 7350
info@hotelsangiorgioriva.eu,Hotel San Giorgio,https://www.hotelsdrop.com/hotel/hotel-san-giorgio-arco,+39 371 471 6561
info@o-liveresort.com,O_Live Agriresort,https://www.hotelsdrop.com/hotel/o-live-agriresort-arco,+39 338 468 3246
info@albergoserena.net,Albergo Serena -,https://www.hotelsdrop.com/hotel/albergo-serena-arcola,+39 327 626 7849
info@borgodegliangeliarcola.it,B&B Borgo degli Angeli Arcola,https://www.hotelsdrop.com/hotel/b-b-borgo-degli-angeli-arcola-arcola,+39 347 063 3948
lisa.sanguinetti@gmail.com,B&B Casa Lisa,https://www.hotelsdrop.com/hotel/b-b-casa-lisa-arcola,+39 339 610 3505
elide.dagiuse@gmail.com,B&B Da Giusè,https://www.hotelsdrop.com/hotel/b-b-da-giuse-arcola,+39 339 172 8379
info@poderemorucciola.com,B&B Podere Morucciola,https://www.hotelsdrop.com/hotel/b-b-podere-morucciola-arcola,+39 347 165 2877
bebantiquemaison@gmail.com,B&B Antique Maison,https://www.hotelsdrop.com/hotel/b-b-antique-maison-arcole,+39 328 080 7212
info@hotelvillabella.net,Villabella Hotel Ristorante Pizzeria,https://www.hotelsdrop.com/hotel/villabella-hotel-ristorante-pizzeria-arcole,+39 393 857 7183
info@villalbero.it,B&B VillAlbero,https://www.hotelsdrop.com/hotel/b-b-villalbero-arconate,+39 347 966 6325
bebincurti@tiscali.it,In Curti 1913,https://www.hotelsdrop.com/hotel/in-curti-1913-arconate,+39 376 099 9500
lostallone.rooms@gmail.com,Lo Stallone Rent a Room,https://www.hotelsdrop.com/hotel/lo-stallone-rent-a-room-arconate,+39 333 938 6928
secretgardenmonza@gmail.com,Al Giardino Segreto,https://www.hotelsdrop.com/hotel/al-giardino-segreto-arcore,+39 351 509 0315
info@contedurini.it,Conte Durini Apartments & Rooms,https://www.hotelsdrop.com/hotel/conte-durini-apartments-rooms-arcore,+39 340 510 0135
info@laraffahouse.com,La Raffa House - Location per eventi privati e Casa Vacanze,https://www.hotelsdrop.com/hotel/la-raffa-house-location-per-eventi-privati-e-cas-arcore,+39 335 584 1481
info@agrismichele.it,Agriturismo San Michele,https://www.hotelsdrop.com/hotel/agriturismo-san-michele-arcugnano,+39 349 736 2249
info@bebilsuonodelbosco.it,B&B Il Suono del Bosco,https://www.hotelsdrop.com/hotel/b-b-il-suono-del-bosco-arcugnano,+39 340 182 0017
info@beb-laquiete.it,B&B La Quiete,https://www.hotelsdrop.com/hotel/b-b-la-quiete-arcugnano,+39 333 385 7540
bed@bed-breakfast-italy.com,Bob And Jenny's B&B,https://www.hotelsdrop.com/hotel/bob-and-jenny-s-b-b-arcugnano,+39 335 572 9190
casafelicevicenza@gmail.com,"Casa Felice - soggiorni di relax, lavoro e gruppo ad Arcugnano",https://www.hotelsdrop.com/hotel/casa-felice-soggiorni-di-relax-lavoro-e-gruppo-a-arcugnano,+39 338 899 2362
info@fattorialevegre.it,Fattoria le Vegre - Azienda vitivinicola - Agriturismo con camere - Degustazione Vini Colli Berici,https://www.hotelsdrop.com/hotel/fattoria-le-vegre-azienda-vitivinicola-agrituris-arcugnano,+39 338 534 9883
casasuitettiozieri@yahoo.com,B&B La Casa sui Tetti,https://www.hotelsdrop.com/hotel/b-b-la-casa-sui-tetti-ardara,+39 345 063 1855
info@piazzasanpantaleo.it,B&B Piazza San Pantaleo,https://www.hotelsdrop.com/hotel/b-b-piazza-san-pantaleo-ardara,+39 340 936 0245
bebicappuccini@gmail.com,I Cappuccini B&B,https://www.hotelsdrop.com/hotel/i-cappuccini-b-b-ardara,+39 351 307 8338
icacadeddu1@gmail.com,La Terrazza sul Golfo Sennori,https://www.hotelsdrop.com/hotel/la-terrazza-sul-golfo-sennori-ardara,+39 340 977 9624
info@sumere.it,Locanda Su mere,https://www.hotelsdrop.com/hotel/locanda-su-mere-ardara,+39 347 777 6981
info@sugiardinu.com,Su Giardinu,https://www.hotelsdrop.com/hotel/su-giardinu-ardara,+39 347 087 5665
beb.isscabas@yahoo.it,Is scabas Guestrooms,https://www.hotelsdrop.com/hotel/is-scabas-guestrooms-ardauli,+39 380 798 2522
info@corteinfiore.com,Agriturismo Corte in Fiore,https://www.hotelsdrop.com/hotel/agriturismo-corte-in-fiore-ardea,+39 393 073 4557
info@colletiziano.it,B&B Colle Tiziano Lucchini Eva,https://www.hotelsdrop.com/hotel/b-b-colle-tiziano-lucchini-eva-ardea,+39 347 668 3166
info@residencenuovaflorida.it,Residence Del Mare,https://www.hotelsdrop.com/hotel/residence-del-mare-ardea,+39 353 324 6619
info@bbvaltellina.it,B&B Valtellina,https://www.hotelsdrop.com/hotel/b-b-valtellina-ardenno,+39 340 812 9269
info@bebariadimontagna.it,beb Aria di Montagna,https://www.hotelsdrop.com/hotel/beb-aria-di-montagna-ardenno,+39 347 527 2175
info@caselvetta.it,Cà Selvetta - Holiday Houses in Valtellina,https://www.hotelsdrop.com/hotel/ca-selvetta-holiday-houses-in-valtellina-ardenno,+39 347 010 6277
foresteria.traversi@gmail.com,Foresteria Traversi,https://www.hotelsdrop.com/hotel/foresteria-traversi-ardenno,+39 371 595 1234
info@baitavalleazzurra.it,Baita Valle Azzurra - Ostello e ristorante,https://www.hotelsdrop.com/hotel/baita-valle-azzurra-ostello-e-ristorante-ardesio,+39 335 679 3515
info@coral-blue.it,Bed And Breakfast Coral Blue,https://www.hotelsdrop.com/hotel/bed-and-breakfast-coral-blue-arena,+39 328 614 2478
support@centralstay.eu,Residenza Arena,https://www.hotelsdrop.com/hotel/residenza-arena-arena,+39 333 203 5486
info@bbmonteguzzo.it,B&B Monteguzzo,https://www.hotelsdrop.com/hotel/b-b-monteguzzo-arena-po,+39 347 590 8750
info@mhoteldoncarlo.com,M-Hotel Don Carlo,https://www.hotelsdrop.com/hotel/m-hotel-don-carlo-arena-po,+39 379 224 2115
ondachiaraarenzano@gmail.com,Affittacamere Onda Chiara,https://www.hotelsdrop.com/hotel/affittacamere-onda-chiara-arenzano,+39 329 227 6348
cadamunta@gmail.com,Câ da Muntà,https://www.hotelsdrop.com/hotel/ca-da-munta-arenzano,+39 340 851 4889
info@dimoremare.com,Dimore di Mare affittacamere,https://www.hotelsdrop.com/hotel/dimore-di-mare-affittacamere-arenzano,+39 338 780 5055
glemrooms@gmail.com,Glem Rooms and Breakfast,https://www.hotelsdrop.com/hotel/glem-rooms-and-breakfast-arenzano,335 393 533
info@mirandolasuites.com,Mirandola Suites,https://www.hotelsdrop.com/hotel/mirandola-suites-arenzano,+39 331 312 8932
info@residencearenzano.com,Via di Francia Residence Arenzano,https://www.hotelsdrop.com/hotel/via-di-francia-residence-arenzano-arenzano,+39 331 312 8932
info@villafigoli.it,Villa Figoli Suites,https://www.hotelsdrop.com/hotel/villa-figoli-suites-arenzano,+39 389 948 5991
adrirommsrho@gmail.com,AdriroomsRho,https://www.hotelsdrop.com/hotel/adriroomsrho-arese,+39 351 423 7446
hello@abrooms.it,Anjoy&Bleev Rooms - Rho Fiera,https://www.hotelsdrop.com/hotel/anjoy-bleev-rooms-rho-fiera-arese,+39 391 357 3526
silvia.grossi1956@gmail.com,B&B Amelie,https://www.hotelsdrop.com/hotel/b-b-amelie-arese,+39 348 093 8137
bedfiera@gmail.com,Bed,https://www.hotelsdrop.com/hotel/bed-arese,+39 348 043 3806
bedfiera@gmail.com,Bed Rho Fiera,https://www.hotelsdrop.com/hotel/bed-rho-fiera-arese,+39 393 930 9819
ufficiopassion@gmail.com,Exclusive Passion,https://www.hotelsdrop.com/hotel/exclusive-passion-arese,+39 340 504 1867
605a7baede844d278b89dc95ae0a9123@sentry-next.wixpress.com,Fish Art Restaurant,https://www.hotelsdrop.com/hotel/fish-art-restaurant-arese,+39 351 988 1496
holiday_rho@hotmail.com,Holiday Rooms Rho,https://www.hotelsdrop.com/hotel/holiday-rooms-rho-arese,+39 347 718 3373
allegratoscana@gmail.com,B&B Arezzo Allegra Toscana - bed&breakfast Apartments & Short lets,https://www.hotelsdrop.com/hotel/b-b-arezzo-allegra-toscana-bed-breakfast-apartme-arezzo,+39 377 253 9581
info@bibiarezzo.com,Bibi Boutique Arezzo,https://www.hotelsdrop.com/hotel/bibi-boutique-arezzo-arezzo,+39 392 742 3301
thehomestay.arezzo@gmail.com,THE HOMESTAY - Arezzo,https://www.hotelsdrop.com/hotel/the-homestay-arezzo-arezzo,+39 377 577 4064
info@cherryenrose.it,B&B Cherry en Rose,https://www.hotelsdrop.com/hotel/b-b-cherry-en-rose-argegno,+39 333 236 1788
bbgarzola@locandagarzola.it,B&B Garzola,https://www.hotelsdrop.com/hotel/b-b-garzola-argegno,+39 338 150 6399
info@ilnidodellosvasso.com,B&B Il Nido dello Svasso,https://www.hotelsdrop.com/hotel/b-b-il-nido-dello-svasso-argegno,+39 338 471 7186
info@nestonthelake.com,B&B Nest On The Lake,https://www.hotelsdrop.com/hotel/b-b-nest-on-the-lake-argegno,+39 328 478 5430
info@sostasullago.it,B&B Sosta Sul Lago,https://www.hotelsdrop.com/hotel/b-b-sosta-sul-lago-argegno,+39 349 293 8264
infocasapini@libero.it,Bed and Breakfast Casa Pini,https://www.hotelsdrop.com/hotel/bed-and-breakfast-casa-pini-argegno,+39 338 130 8945
fattoriadeicastagni@gmail.com,Fattoria dei Castagni,https://www.hotelsdrop.com/hotel/fattoria-dei-castagni-argegno,+39 349 125 2406
info@larioview.com,Larioview suites,https://www.hotelsdrop.com/hotel/larioview-suites-argegno,+39 391 140 8292
info@laposteria1817.it,Locanda Posta,https://www.hotelsdrop.com/hotel/locanda-posta-argegno,+39 349 589 5736
605a7baede844d278b89dc95ae0a9123@sentry-next.wixpress.com,Affittacamere levante,https://www.hotelsdrop.com/hotel/affittacamere-levante-argelato,+39 339 231 5294
lmelotti0@gmail.com,Affittacamere Villa Tigli,https://www.hotelsdrop.com/hotel/affittacamere-villa-tigli-argelato,+39 348 786 0931
icasalibologna@gmail.com,B&B i Casali (IT037050C1C59QKUUA),https://www.hotelsdrop.com/hotel/b-b-i-casali-it037050c1c59qkuua-argelato,+39 347 465 5701
villapacedoro@gmail.com,B&B Villa Pace D'Oro,https://www.hotelsdrop.com/hotel/b-b-villa-pace-d-oro-argelato,+39 327 872 9138
prenotazioni@agrilocandavalcampotto.it,Agrilocanda Val Campotto,https://www.hotelsdrop.com/hotel/agrilocanda-val-campotto-argenta,+39 377 084 9073
reception.duelaghi@f-gh.it,Agriturismo Ai Due Laghi del Verginese,https://www.hotelsdrop.com/hotel/agriturismo-ai-due-laghi-del-verginese-argenta,+39 393 161 2154
support@localsmalltour.com,B&B La Salghè,https://www.hotelsdrop.com/hotel/b-b-la-salghe-argenta,+39 335 616 1156
ferrarasuites@gmail.com,Boni Room & Breakfast/SMART ROOMS ARGENTA,https://www.hotelsdrop.com/hotel/boni-room-breakfast-smart-rooms-argenta-argenta,+39 327 207 2888
info@i2orficicona.it,I Due Orfici,https://www.hotelsdrop.com/hotel/i-due-orfici-argenta,+39 331 122 5687
info@residencevillamasi.it,Residence Appartamenti Villa Masi,https://www.hotelsdrop.com/hotel/residence-appartamenti-villa-masi-argenta,+39 339 419 8000
info@ilsacripante.it,Sacripante,https://www.hotelsdrop.com/hotel/sacripante-argenta,+39 334 365 5964
info@passaggioalpino.it,B&B del Villaggio,https://www.hotelsdrop.com/hotel/b-b-del-villaggio-argentera,+39 333 728 2525
lamarmulocanda@gmail.com,Locanda La Marmu e Osteria della Croce bianca Marmora,https://www.hotelsdrop.com/hotel/locanda-la-marmu-e-osteria-della-croce-bianca-ma-argentera,+39 342 807 0565
info@louloop.it,Lou Loop,https://www.hotelsdrop.com/hotel/lou-loop-argentera,+39 347 145 2505
becchirossirifugio@gmai.com,Rifugio Becchi Rossi,https://www.hotelsdrop.com/hotel/rifugio-becchi-rossi-argentera,+39 345 669 5092
info@capavaglione.it,B&B Ca' Pavaglione - Fraz.San Bovo,https://www.hotelsdrop.com/hotel/b-b-ca-pavaglione-fraz-san-bovo-arguello,+39 335 592 9263
bebtracieloeterra@gmail.com,B&B Tra Cielo e Terra,https://www.hotelsdrop.com/hotel/b-b-tra-cielo-e-terra-arguello,+39 348 351 9216
info@caginet.it,Ca' Ginet,https://www.hotelsdrop.com/hotel/ca-ginet-arguello,+39 333 796 6379
info@ciabotlanghe.it,Ciabot Langhe,https://www.hotelsdrop.com/hotel/ciabot-langhe-arguello,+39 334 994 2671
info@ilsole-laluna.com,Dimora Storico Romantica Il Sole E La Luna,https://www.hotelsdrop.com/hotel/dimora-storico-romantica-il-sole-e-la-luna-arguello,+39 349 433 6992
info@trepiasi.com,Hotel Trepiasì,https://www.hotelsdrop.com/hotel/hotel-trepiasi-arguello,+39 350 100 5945
lbunet@lbunet.it,Ristorante Albergo 'l bunet,https://www.hotelsdrop.com/hotel/ristorante-albergo-l-bunet-arguello,+39 334 251 7793
info@villaersilia.com,Villa Ersilia,https://www.hotelsdrop.com/hotel/villa-ersilia-argusto,+39 379 257 9888
605a7baede844d278b89dc95ae0a9123@sentry-next.wixpress.com,B&B Casa Madè,https://www.hotelsdrop.com/hotel/b-b-casa-made-ari,+39 392 383 4588
info@lacasadiannabnb.it,B&B La Casa di Anna,https://www.hotelsdrop.com/hotel/b-b-la-casa-di-anna-ari,+39 329 432 0899
annatolstaya18@gmail.com,Bed&Breakfast Stella Dell'Adriatico,https://www.hotelsdrop.com/hotel/bed-breakfast-stella-dell-adriatico-ari,+39 392 064 1813
info@mamamaja.it,Mama Maja,https://www.hotelsdrop.com/hotel/mama-maja-ari,+39 388 766 0798
info@villasantoro.it,Villa Santoro,https://www.hotelsdrop.com/hotel/villa-santoro-ariano-irpino,+39 392 542 0748
booking@agriturismobertilla.it,Agriturismo Bertilla,https://www.hotelsdrop.com/hotel/agriturismo-bertilla-ariano-nel-polesine,335 452 851
info@agriturismoforzello.it,Agriturismo Forzello,https://www.hotelsdrop.com/hotel/agriturismo-forzello-ariano-nel-polesine,+39 338 665 9575
tagliodipocasa@yahoo.it,B&B Da Toni,https://www.hotelsdrop.com/hotel/b-b-da-toni-ariano-nel-polesine,+39 349 501 9301
ufficiolavista@gmail.com,La Vista Agriturismo Boutique,https://www.hotelsdrop.com/hotel/la-vista-agriturismo-boutique-ariccia,+39 333 193 3809
605a7baede844d278b89dc95ae0a9123@sentry-next.wixpress.com,Mia Rooms Ariccia,https://www.hotelsdrop.com/hotel/mia-rooms-ariccia-ariccia,+39 347 630 3268
info@agriturismolacinciallegra.it,Agriturismo b&b La Cinciallegra,https://www.hotelsdrop.com/hotel/agriturismo-b-b-la-cinciallegra-arignano,+39 347 299 2395
fairycastlebeb@gmail.com,B&B Fairy Castle,https://www.hotelsdrop.com/hotel/b-b-fairy-castle-arignano,+39 366 400 9542
info@piccololeone.it,B&B Il Piccolo Leone,https://www.hotelsdrop.com/hotel/b-b-il-piccolo-leone-arignano,+39 320 119 4309
labaitaaritzo@yahoo.it,Bed and Breakfast - La Baita di Aritzo,https://www.hotelsdrop.com/hotel/bed-and-breakfast-la-baita-di-aritzo-aritzo,+39 327 127 7738
info@casamasini.it,Bed and Breakfast Casa Masini Fonni,https://www.hotelsdrop.com/hotel/bed-and-breakfast-casa-masini-fonni-aritzo,+39 346 956 5511
miramontiseulo@gmail.com,Hotel Miramonti Seulo,https://www.hotelsdrop.com/hotel/hotel-miramonti-seulo-aritzo,+39 333 566 8765
serbeiniedda@gmail.com,S'Erbei Niedda Guesthouse,https://www.hotelsdrop.com/hotel/s-erbei-niedda-guesthouse-aritzo,+39 340 805 9196
info@agriturismoalmotto.it,Agriturismo Al Motto,https://www.hotelsdrop.com/hotel/agriturismo-al-motto-arizzano,+39 339 845 6070
lalocandadelcinghiale@gmail.com,B&B La Locanda del Cinghiale,https://www.hotelsdrop.com/hotel/b-b-la-locanda-del-cinghiale-arizzano,+39 345 210 6695
info@chighinn.com,Chi Ghinn,https://www.hotelsdrop.com/hotel/chi-ghinn-arizzano,+39 366 721 4304
info@lacasanelboscobeb.it,la casa nel bosco BeB,https://www.hotelsdrop.com/hotel/la-casa-nel-bosco-beb-arizzano,+39 346 972 3141
cerrosughero@gmail.com,"Agriturismo ""Cerrosughero""",https://www.hotelsdrop.com/hotel/agriturismo-cerrosughero-arlena-di-castro,+39 352 025 4363
info@casalebonaparte.it,Agriturismo Casale Bonaparte,https://www.hotelsdrop.com/hotel/agriturismo-casale-bonaparte-arlena-di-castro,+39 349 257 7459
info@agriturismoleginestre.it,Agriturismo Le Ginestre,https://www.hotelsdrop.com/hotel/agriturismo-le-ginestre-arlena-di-castro,+39 335 548 7043
aldorocchi1@gmail.com,Agriturismo Prataccio,https://www.hotelsdrop.com/hotel/agriturismo-prataccio-arlena-di-castro,+39 324 614 7417
info@arteagricoltura.com,Arcipelago di Arte et Agricoltura,https://www.hotelsdrop.com/hotel/arcipelago-di-arte-et-agricoltura-arlena-di-castro,+39 335 650 3536
info@ilpoggiodimusignano.com,Il Poggio di Musignano,https://www.hotelsdrop.com/hotel/il-poggio-di-musignano-arlena-di-castro,+39 338 709 6908
lamelarosa2018@gmail.com,La Mela Rosa,https://www.hotelsdrop.com/hotel/la-mela-rosa-arlena-di-castro,+39 334 839 6415
info@latorretta.biz,La Torretta,https://www.hotelsdrop.com/hotel/la-torretta-arlena-di-castro,+39 333 226 3893
info@storiediterraedidolcezza.it,Residenze del Bosco,https://www.hotelsdrop.com/hotel/residenze-del-bosco-arlena-di-castro,+39 328 483 7243
info@lillyshome.it,B&B Lilly's Home,https://www.hotelsdrop.com/hotel/b-b-lilly-s-home-arluno,+39 340 289 6589
hotelml@libero.it,Hotel Madonna di Luciago,https://www.hotelsdrop.com/hotel/hotel-madonna-di-luciago-armeno,+39 339 865 0705
lefarfallediarmeno@gmail.com,Le Farfalle di Armeno CIN:IT003006C1PFUA6AR5,https://www.hotelsdrop.com/hotel/le-farfalle-di-armeno-cin-it003006c1pfua6ar5-armeno,+39 370 122 6413
affittacamereilportale@gmail.com,"Affittacamere ""Il Portale""",https://www.hotelsdrop.com/hotel/affittacamere-il-portale-armento,+39 339 172 2504
info@ilsospirobb.com,Il Sospiro B&B,https://www.hotelsdrop.com/hotel/il-sospiro-b-b-armento,+39 388 380 7030
info@dianomarinaluxuryrooms.it,A’Mare - Luxury B&B Spa & Social Food,https://www.hotelsdrop.com/hotel/a-mare-luxury-b-b-spa-social-food-armo,+39 392 772 6226
laura-ginevra@hotmail.it,B&B Ariadamare,https://www.hotelsdrop.com/hotel/b-b-ariadamare-armo,+39 329 458 9864
605a7baede844d278b89dc95ae0a9123@sentry-next.wixpress.com,B&B Ca' de Rossana,https://www.hotelsdrop.com/hotel/b-b-ca-de-rossana-armo,+39 328 400 6839
info@ilmirto.com,B&B Il Mirto,https://www.hotelsdrop.com/hotel/b-b-il-mirto-armo,+39 347 443 4988
info@luotti.it,Bed & Breakfast Luotti,https://www.hotelsdrop.com/hotel/bed-breakfast-luotti-armo,+39 348 326 1831
ilsoledipoggi@gmail.com,Il Sole di Poggi,https://www.hotelsdrop.com/hotel/il-sole-di-poggi-armo,+39 331 318 6017
saspecula.sanvito@tiscali.it,B&B Sa Specula,https://www.hotelsdrop.com/hotel/b-b-sa-specula-armungia,+39 349 711 1676
info@murahera.com,Murahera Guest House,https://www.hotelsdrop.com/hotel/murahera-guest-house-armungia,+39 327 919 3625
support@centralstay.eu,Su Cunventu,https://www.hotelsdrop.com/hotel/su-cunventu-armungia,+39 340 893 7241
romeofavre@gmail.com,Au coeur du village,https://www.hotelsdrop.com/hotel/au-coeur-du-village-arnad,+39 347 716 5095
mail@larmanac.it,L' Armanac de Toubie - Hotel & Restaurant,https://www.hotelsdrop.com/hotel/l-armanac-de-toubie-hotel-restaurant-arnad,+39 351 441 8238
maisondenoe@libero.it,Maison de Noé,https://www.hotelsdrop.com/hotel/maison-de-noe-arnad,+39 348 510 1479
info@dalillo.com,B&B da Lillo,https://www.hotelsdrop.com/hotel/b-b-da-lillo-arnara,+39 380 652 8141
ilgiglio.rooms@gmail.com,Il Giglio Rooms,https://www.hotelsdrop.com/hotel/il-giglio-rooms-arnara,+39 375 805 5727
info@ilpiccoloprincipe-bb.it,Il Piccolo Principe,https://www.hotelsdrop.com/hotel/il-piccolo-principe-arnara,+39 333 923 6526
info@torredeiventi.net,Torre Dei Venti,https://www.hotelsdrop.com/hotel/torre-dei-venti-arnara,+39 350 536 9506
info@albergocecchin.it,Albergo Ristorante Cecchin,https://www.hotelsdrop.com/hotel/albergo-ristorante-cecchin-arnasco,+39 328 436 0566
welcome@cadeberna.it,Hotel Ca de Berna,https://www.hotelsdrop.com/hotel/hotel-ca-de-berna-arnasco,+39 389 146 2726
casadianita@gmail.com,B&B Casa di Anita,https://www.hotelsdrop.com/hotel/b-b-casa-di-anita-arnesano,+39 329 817 3629
info@bedetoilesalento.it,B&b Ètoile,https://www.hotelsdrop.com/hotel/b-b-etoile-arnesano,+39 388 756 4966
loredana.ago@gmail.com,Dimora Donna Rita,https://www.hotelsdrop.com/hotel/dimora-donna-rita-arnesano,+39 392 718 7518
dimoralacupa@gmail.com,Dimora La Cupa,https://www.hotelsdrop.com/hotel/dimora-la-cupa-arnesano,+39 328 832 8811
info@lechiese.com,Le Chiese,https://www.hotelsdrop.com/hotel/le-chiese-arnesano,+39 320 033 8056
info@mattandre.it,Mattandrè B&B,https://www.hotelsdrop.com/hotel/mattandre-b-b-arnesano,+39 320 182 3438
info@villadinoi.it,Villa Di Noi,https://www.hotelsdrop.com/hotel/villa-di-noi-arnesano,+39 380 493 0974
alpebarchetto@gmail.com,Agriturismo Il Barchetto,https://www.hotelsdrop.com/hotel/agriturismo-il-barchetto-arola,+39 347 947 5771
info@bbmelizio.it,B&B Melizio,https://www.hotelsdrop.com/hotel/b-b-melizio-arola,+39 328 454 2252
info@whitelilac.it,"B&B White Lilac, Arona, Lago Maggiore",https://www.hotelsdrop.com/hotel/b-b-white-lilac-arona-lago-maggiore-arona,+39 347 488 6376
info@cavaediumarona.it,Cavaedium Guest House,https://www.hotelsdrop.com/hotel/cavaedium-guest-house-arona,+39 347 764 3892
info@efluxuryliving.it,EF Luxury Living B&B - Rooms and SPA,https://www.hotelsdrop.com/hotel/ef-luxury-living-b-b-rooms-and-spa-arpaia,+39 375 627 7819
info@piazzaromarooms.it,B&B Piazza Roma Rooms,https://www.hotelsdrop.com/hotel/b-b-piazza-roma-rooms-arpaise,+39 334 934 7275
info@igiardinidellacropoli.it,I Giardini Dell'Acropoli,https://www.hotelsdrop.com/hotel/i-giardini-dell-acropoli-arpino,+39 335 747 5409
info@tenutalafagiana.com,Tenuta La Fagiana,https://www.hotelsdrop.com/hotel/tenuta-la-fagiana-arpino,+39 331 946 8924
info@lavalledelleaquile.com,Agriturismo la Valle delle Aquile,https://www.hotelsdrop.com/hotel/agriturismo-la-valle-delle-aquile-arquata-del-tronto,+39 339 258 6218
info@lecastellare.it,Agriturismo le Castellare,https://www.hotelsdrop.com/hotel/agriturismo-le-castellare-arquata-del-tronto,+39 339 271 3954
info@monteveletta.it,Agriturismo Monte Veletta,https://www.hotelsdrop.com/hotel/agriturismo-monte-veletta-arquata-del-tronto,+39 348 524 5231
info@ilporticohotel.com,Albergo Il Portico Ristorante Pizzeria,https://www.hotelsdrop.com/hotel/albergo-il-portico-ristorante-pizzeria-arquata-scrivia,+39 347 252 4549
lafortezzadigavi@gmail.com,B&B - La Fortezza di Gavi,https://www.hotelsdrop.com/hotel/b-b-la-fortezza-di-gavi-arquata-scrivia,+39 389 852 2927
info@cascinadegliulivi.it,Cascina degli Ulivi,https://www.hotelsdrop.com/hotel/cascina-degli-ulivi-arquata-scrivia,+39 348 168 6350
info@lapradellina.it,La Pradellina B&B Arquata Scrivia Allevamento Jack Russell Terrier e Australian Cattle Dog,https://www.hotelsdrop.com/hotel/la-pradellina-b-b-arquata-scrivia-allevamento-ja-arquata-scrivia,+39 348 265 2489
info@locandadeldaino.com,Locanda Del Daino #casadicaccia,https://www.hotelsdrop.com/hotel/locanda-del-daino-casadicaccia-arquata-scrivia,+39 339 201 0920
amarasresidence@libero.it,ViaBasso11 Guest House,https://www.hotelsdrop.com/hotel/viabasso11-guest-house-arquata-scrivia,+39 335 666 5843
villaparadiso75@gmail.com,Villa Paradiso Charme&Design,https://www.hotelsdrop.com/hotel/villa-paradiso-charme-design-arquata-scrivia,+39 333 851 8636
agriturismo@borgobuzzaccarini.it,Agriturismo Borgo Buzzaccarini Rocca di Castello,https://www.hotelsdrop.com/hotel/agriturismo-borgo-buzzaccarini-rocca-di-castello-arqu-petrarca,+39 376 151 6387
contatti@hhpetrarca.com,Holiday house Petrarca,https://www.hotelsdrop.com/hotel/holiday-house-petrarca-arqu-petrarca,+39 333 779 9805
info@borgopetrarca.it,Locazione Turistica Borgo Petrarca,https://www.hotelsdrop.com/hotel/locazione-turistica-borgo-petrarca-arqu-petrarca,+39 388 588 3878
info@locazioneturisticalagiuggiola.it,Locazione Turistica La Giuggiola,https://www.hotelsdrop.com/hotel/locazione-turistica-la-giuggiola-arqu-petrarca,+39 347 809 0880
info@agriturismoiquarti.com,Agriturismo I Quarti,https://www.hotelsdrop.com/hotel/agriturismo-i-quarti-arqu-polesine,+39 348 225 8009
kastel@kastel.com,B&B Casa dell’Alma,https://www.hotelsdrop.com/hotel/b-b-casa-dell-alma-arqu-polesine,+39 342 915 6722
daniela.occhiali@libero.it,B&B Il giardino segreto,https://www.hotelsdrop.com/hotel/b-b-il-giardino-segreto-arqu-polesine,+39 347 678 3759
allacommenda@libero.it,Bed & Breakfast Alla Commenda,https://www.hotelsdrop.com/hotel/bed-breakfast-alla-commenda-arqu-polesine,+39 331 113 2554
mansofra@libero.it,"Bed and Breakfast "" da Zio Gianni """,https://www.hotelsdrop.com/hotel/bed-and-breakfast-da-zio-gianni-arqu-polesine,+39 348 223 6288
support@centralstay.eu,Casa Alice,https://www.hotelsdrop.com/hotel/casa-alice-arqu-polesine,+39 338 290 9247
info@bordeghina.it,La Bordeghina,https://www.hotelsdrop.com/hotel/la-bordeghina-arqu-polesine,+39 392 926 6961
info@motelkaribe.it,Motel Karibe,https://www.hotelsdrop.com/hotel/motel-karibe-arqu-polesine,+39 339 159 0866
info@torredelpo.it,Torre del Po,https://www.hotelsdrop.com/hotel/torre-del-po-arqu-polesine,+39 329 632 6768
info@ca-sagredo.it,Cà Sagredo Alloggi,https://www.hotelsdrop.com/hotel/ca-sagredo-alloggi-arre,+39 392 021 6252
info@albergolanterna.it,Hotel Lanterna,https://www.hotelsdrop.com/hotel/hotel-lanterna-arre,+39 351 529 9947
info@viviilborgo.com,Borgo San Valentino,https://www.hotelsdrop.com/hotel/borgo-san-valentino-arrone,+39 331 282 3802
info@casaperferiesanbernardino.it,Convento San Bernardino,https://www.hotelsdrop.com/hotel/convento-san-bernardino-arrone,+39 350 197 4026
info@guesthouseruncini.com,Guesthouse Runcini,https://www.hotelsdrop.com/hotel/guesthouse-runcini-arrone,+39 342 062 1616
info@hotelvilladesantis.it,Hotel Villa De Santis,https://www.hotelsdrop.com/hotel/hotel-villa-de-santis-arrone,+39 339 390 4124
info@ilcasolaredellacascata.com,Il Casolare della Cascata,https://www.hotelsdrop.com/hotel/il-casolare-della-cascata-arrone,+39 388 385 3753
susannamatteucci@libero.it,La Magnolia b&b come a casa tua,https://www.hotelsdrop.com/hotel/la-magnolia-b-b-come-a-casa-tua-arrone,+39 327 366 7698
mulinonera@gmail.com,Ristorante Locanda Mulino Nera,https://www.hotelsdrop.com/hotel/ristorante-locanda-mulino-nera-arrone,+39 345 028 8345
605a7baede844d278b89dc95ae0a9123@sentry-next.wixpress.com,B&B campagnoli CIN IT012123C1GP3K8AET,https://www.hotelsdrop.com/hotel/b-b-campagnoli-cin-it012123c1gp3k8aet-arsago-seprio,+39 392 611 5705
605a7baede844d278b89dc95ae0a9123@sentry-next.wixpress.com,Garzonera Agriturismo e Scuderia,https://www.hotelsdrop.com/hotel/garzonera-agriturismo-e-scuderia-arsago-seprio,+39 328 790 6606
info@damarco.net,Albergo Ristorante Da Marco al Cerbaro,https://www.hotelsdrop.com/hotel/albergo-ristorante-da-marco-al-cerbaro-arsiero,+39 338 586 9938
info@ilcapriolofelice.it,Il Capriolo Felice - Agriturismo,https://www.hotelsdrop.com/hotel/il-capriolo-felice-agriturismo-arsiero,+39 339 751 6230
info@ilgirasoleabruzzo.it,B&B Il Girasole,https://www.hotelsdrop.com/hotel/b-b-il-girasole-arsita,+39 388 372 2668
info@bbcolledegliangeli.it,Colle degli Angeli,https://www.hotelsdrop.com/hotel/colle-degli-angeli-arsita,+39 371 568 3795
info@ilparcodeipoeti.it,Il Parco dei Poeti Bed & Breakfast,https://www.hotelsdrop.com/hotel/il-parco-dei-poeti-bed-breakfast-arsita,+39 320 673 7567
info@bedandwellness.net,Bed & Wellness Fisterre,https://www.hotelsdrop.com/hotel/bed-wellness-fisterre-arsi,+39 348 781 0168
info@cadorhotel.it,Càdor Hotel,https://www.hotelsdrop.com/hotel/cador-hotel-arsi,+39 351 690 2915
info@bedandwellness.net,Sky Garden & Wellness R.,https://www.hotelsdrop.com/hotel/sky-garden-wellness-r-arsi,+39 348 781 0168
support@centralstay.eu,B&B Ad Un Passo Dal Cielo,https://www.hotelsdrop.com/hotel/b-b-ad-un-passo-dal-cielo-arsoli,+39 331 604 1065
info@casadiorazio.it,B&B Casa di Orazio,https://www.hotelsdrop.com/hotel/b-b-casa-di-orazio-arsoli,+39 340 311 9133
lavieenrosebuja@gmail.com,La Vie en Rose B&B,https://www.hotelsdrop.com/hotel/la-vie-en-rose-b-b-artegna,+39 347 980 1870
info@bbdellartista.it,B&B dell'Artista,https://www.hotelsdrop.com/hotel/b-b-dell-artista-artena,+39 335 800 0894
falcoeulivo@gmail.com,B&B IL Falco e l'Ulivo,https://www.hotelsdrop.com/hotel/b-b-il-falco-e-l-ulivo-artena,+39 338 785 7939
amministrazione@hostngo.it,HOST'n GO,https://www.hotelsdrop.com/hotel/host-n-go-artena,+39 351 795 6322
info@bblateiera.com,"B & B ""La Teiera""",https://www.hotelsdrop.com/hotel/b-b-la-teiera-artogne,+39 349 804 1502
alcortile.delbertolet@gmail.com,B&B Al Cortile del Bertolet,https://www.hotelsdrop.com/hotel/b-b-al-cortile-del-bertolet-artogne,+39 348 794 9297
info@lepateghe.it,B&B Le Pateghe,https://www.hotelsdrop.com/hotel/b-b-le-pateghe-artogne,+39 347 290 7251
beausejour114@gmail.com,Hôtel Beau Séjour,https://www.hotelsdrop.com/hotel/hotel-beau-sejour-arvier,+39 348 566 2027
info@hotelcoldumont.com,Hotel Col Du Mont,https://www.hotelsdrop.com/hotel/hotel-col-du-mont-arvier,+39 335 676 0865
hsn@libero.it,HOTEL SAINT NICOLAS,https://www.hotelsdrop.com/hotel/hotel-saint-nicolas-arvier,+39 351 358 0399
info@langolinodibonny.it,L'angolino di Bonny,https://www.hotelsdrop.com/hotel/l-angolino-di-bonny-arvier,+39 338 279 3576
605a7baede844d278b89dc95ae0a9123@sentry-next.wixpress.com,View of the vineyards,https://www.hotelsdrop.com/hotel/view-of-the-vineyards-arvier,+39 320 149 0030
info@hotelmeubleolimpia.it,Hotel Olimpia,https://www.hotelsdrop.com/hotel/hotel-olimpia-arzachena,+39 351 903 3664
info@hotelpedrasanta.com,Hotel Pedra Santa,https://www.hotelsdrop.com/hotel/hotel-pedra-santa-arzachena,+39 331 287 0859
info@stazzoluciaccaru.it,Stazzo Lu Ciaccaru,https://www.hotelsdrop.com/hotel/stazzo-lu-ciaccaru-arzachena,+39 333 801 4714
info@il-loto.com,BED AND BREAKFAST CON BAGNO PRIVATO,https://www.hotelsdrop.com/hotel/bed-and-breakfast-con-bagno-privato-arzago-d-adda,+39 335 757 4932
hotel.treviglio@gmail.com,Hotel Treviglio,https://www.hotelsdrop.com/hotel/hotel-treviglio-arzago-d-adda,+39 331 875 1810
support@centralstay.eu,Affittacamere il Vicoletto Aria Ona,https://www.hotelsdrop.com/hotel/affittacamere-il-vicoletto-aria-ona-arzana,+39 339 755 5471
lacortedeibaroni@gmail.com,B&B La Corte Dei Baroni,https://www.hotelsdrop.com/hotel/b-b-la-corte-dei-baroni-arzana,+39 348 449 2457
bebruinas23@gmail.com,B&B Ruinas,https://www.hotelsdrop.com/hotel/b-b-ruinas-arzana,+39 327 166 2225
info@cantosesonos.com,Cantos & Sonos,https://www.hotelsdrop.com/hotel/cantos-sonos-arzana,+39 379 234 6950
info@anticaposada.com,Hotel Antica Posada,https://www.hotelsdrop.com/hotel/hotel-antica-posada-arzana,+39 389 129 6025
hoteldeitacchi@gmail.com,Hotel Dei Tacchi,https://www.hotelsdrop.com/hotel/hotel-dei-tacchi-arzana,+39 377 089 1705
support@hotelmarieclaire.com,HOTEL MARIE CLAIRE,https://www.hotelsdrop.com/hotel/hotel-marie-claire-arzana,+39 379 284 5867
hotelilnidodellaquila@gmail.com,Hotel Ristorante Il Nido Dell'Aquila,https://www.hotelsdrop.com/hotel/hotel-ristorante-il-nido-dell-aquila-arzana,+39 320 352 8096
info@hotel-santefisio.com,Hotel Sant'Efisio,https://www.hotelsdrop.com/hotel/hotel-sant-efisio-arzana,+39 338 359 1742
redabbahouse@gmail.com,Redabba House - Rifugio naturalistico esperienziale in Ogliastra,https://www.hotelsdrop.com/hotel/redabba-house-rifugio-naturalistico-esperienzial-arzana,+39 366 165 1425
info@fattoriaalvaneta.it,Fattoria Alvaneta,https://www.hotelsdrop.com/hotel/fattoria-alvaneta-arzano,+39 328 704 6591
hoteldatoni@virgilio.it,Hotel Ristorante da Toni,https://www.hotelsdrop.com/hotel/hotel-ristorante-da-toni-arzergrande,+39 338 343 7209
605a7baede844d278b89dc95ae0a9123@sentry-next.wixpress.com,Il Farfasole,https://www.hotelsdrop.com/hotel/il-farfasole-arzergrande,+39 327 732 8121
info@cortediemma.it,Corte Di Emma,https://www.hotelsdrop.com/hotel/corte-di-emma-arzignano,+39 334 921 8112
m.fracasso71@gmail.com,el Canfin,https://www.hotelsdrop.com/hotel/el-canfin-arzignano,+39 349 052 6214
info@ilcentenario.com,Affittacamere Il Centenario,https://www.hotelsdrop.com/hotel/affittacamere-il-centenario-ascea,+39 349 051 3415
info@agriturismoilpozzo.it,Agriturismo il Pozzo,https://www.hotelsdrop.com/hotel/agriturismo-il-pozzo-ascea,+39 349 091 3483
info@terradielea.it,Agriturismo Terra di Elea,https://www.hotelsdrop.com/hotel/agriturismo-terra-di-elea-ascea,+39 339 586 1161
info@lachianarella.com,B&B La Chianarella,https://www.hotelsdrop.com/hotel/b-b-la-chianarella-ascea,+39 334 358 8879
prenotazioni@villamaredona.it,Hotel Villa Mar@dona,https://www.hotelsdrop.com/hotel/hotel-villa-mar-dona-ascea,+39 388 771 9694
info@lacasasulblu.it,La Casa sul Blu,https://www.hotelsdrop.com/hotel/la-casa-sul-blu-ascea,+39 338 195 5502
info@palazzodelbaglivo.it,Palazzo del Baglivo Hotel & Spa Cilento,https://www.hotelsdrop.com/hotel/palazzo-del-baglivo-hotel-spa-cilento-ascea,+39 342 696 5202
info@residencevillalaura.it,Villa Laura Residence Hotel Apartments & Studios,https://www.hotelsdrop.com/hotel/villa-laura-residence-hotel-apartments-studios-ascea,+39 334 394 1519
ilquadrifoglio_osteria@yahoo.com,Acetylene B&B,https://www.hotelsdrop.com/hotel/acetylene-b-b-asciano,+39 391 184 8286
info@dipinture.it,Agriturismo Dipinture,https://www.hotelsdrop.com/hotel/agriturismo-dipinture-asciano,+39 338 160 9285
info@homestoscana.com,Agriturismo Monte Oliveto Maggiore,https://www.hotelsdrop.com/hotel/agriturismo-monte-oliveto-maggiore-asciano,+39 388 122 7740
info@alle-terme.com,Alle Terme B&B Bio Rooms,https://www.hotelsdrop.com/hotel/alle-terme-b-b-bio-rooms-asciano,+39 366 372 8157
mailing@anticogranaione.com,Antico Granaione B&B Residenza d'Epoca IT052026B9LCNLYMEY,https://www.hotelsdrop.com/hotel/antico-granaione-b-b-residenza-d-epoca-it052026b-asciano,+39 393 957 2036
info@casatitty.com,Bed and Breakfast Casa Titty,https://www.hotelsdrop.com/hotel/bed-and-breakfast-casa-titty-asciano,+39 338 482 7646
andrea.cirina@mail.polimi.it,La Stalla de La Costa,https://www.hotelsdrop.com/hotel/la-stalla-de-la-costa-asciano,+39 331 946 0804
info@mirasolutions.it,B&B Domus Florea Ascoli,https://www.hotelsdrop.com/hotel/b-b-domus-florea-ascoli-ascoli-piceno,+39 366 476 7151
culla.sabini@yahoo.it,B&B La culla dei Sabini,https://www.hotelsdrop.com/hotel/b-b-la-culla-dei-sabini-ascoli-piceno,+39 340 801 6177
formagiunina@gmail.com,B&B Stella,https://www.hotelsdrop.com/hotel/b-b-stella-ascoli-piceno,+39 348 499 2871
arengobb@gmail.com,Bed & Breakfast L'Arengo,https://www.hotelsdrop.com/hotel/bed-breakfast-l-arengo-ascoli-piceno,+39 328 615 3195
bedandbreakfast700@gmail.com,Luxury B&B '700,https://www.hotelsdrop.com/hotel/luxury-b-b-700-ascoli-piceno,+39 347 361 9449
coopdauniaservice@libero.it,Affittacamere Number 1,https://www.hotelsdrop.com/hotel/affittacamere-number-1-ascoli-satriano,+39 347 220 5132
info@allacortedelduca.it,B&B Alla Corte del Duca,https://www.hotelsdrop.com/hotel/b-b-alla-corte-del-duca-ascoli-satriano,+39 339 210 6256
support@centralstay.eu,Le Stanze del Castello b&b,https://www.hotelsdrop.com/hotel/le-stanze-del-castello-b-b-ascoli-satriano,+39 333 922 8586
info@laripa.com,Agriturismo La Ripa,https://www.hotelsdrop.com/hotel/agriturismo-la-ripa-ascrea,+39 338 467 7159
info@laterrazzasufarfa.com,Agriturismo La Terrazza su Farfa,https://www.hotelsdrop.com/hotel/agriturismo-la-terrazza-su-farfa-ascrea,+39 379 256 3609
agriturismolecascinecdt@gmail.com,Agriturismo Le Cascine,https://www.hotelsdrop.com/hotel/agriturismo-le-cascine-ascrea,+39 345 223 3976
bebinsabina@gmail.com,B&B In Sabina,https://www.hotelsdrop.com/hotel/b-b-in-sabina-ascrea,+39 328 719 0397
605a7baede844d278b89dc95ae0a9123@sentry-next.wixpress.com,B&B Nonna Assunta,https://www.hotelsdrop.com/hotel/b-b-nonna-assunta-ascrea,+39 340 134 3070
ceraunavoltaffittacamere@gmail.com,C'era Una Volta Guest House Affittacamere,https://www.hotelsdrop.com/hotel/c-era-una-volta-guest-house-affittacamere-ascrea,+39 338 695 4978
info@stella-alpina-fontanelle.it,B&B Stella Alpina,https://www.hotelsdrop.com/hotel/b-b-stella-alpina-asiago,+39 349 341 6048
prenotazioni@begale.it,Begale - Rifugio Urbano - Appartamenti,https://www.hotelsdrop.com/hotel/begale-rifugio-urbano-appartamenti-asiago,+39 346 044 3461
info@sportingvillagemondina.it,La Mondina,https://www.hotelsdrop.com/hotel/la-mondina-asigliano-vercellese,+39 349 455 9227
info@bebconcaverde.com,B&B Conca Verde,https://www.hotelsdrop.com/hotel/b-b-conca-verde-asola,+39 339 768 2883
matteus@pcert.it,Hotel Ristorante Nuvole,https://www.hotelsdrop.com/hotel/hotel-ristorante-nuvole-asola,+39 350 100 1234
info@alreparo.it,Al Reparo,https://www.hotelsdrop.com/hotel/al-reparo-asolo,+39 353 443 9461
loris.spagnolo@gmail.com,B&B ANTICO MAGLIO,https://www.hotelsdrop.com/hotel/b-b-antico-maglio-asolo,+39 348 544 1221
martinasgarbossa.1@gmail.com,B&B La Fabbrica delle Idee,https://www.hotelsdrop.com/hotel/b-b-la-fabbrica-delle-idee-asolo,+39 351 556 5425
info@bbsweetdreams.it,B&B SWEET DREAMS,https://www.hotelsdrop.com/hotel/b-b-sweet-dreams-asolo,+39 340 872 2211
info@baroneasolo.it,Barone d'Asolo Country House Bed Breakfast Ristorazione,https://www.hotelsdrop.com/hotel/barone-d-asolo-country-house-bed-breakfast-risto-asolo,+39 349 090 1338
info@centorizzonti.com,Il Molino - Centorizzonti,https://www.hotelsdrop.com/hotel/il-molino-centorizzonti-asolo,+39 346 364 1857
info.npimmobiliare@gmail.com,Residenza Dante Asolo B&B,https://www.hotelsdrop.com/hotel/residenza-dante-asolo-b-b-asolo,+39 334 733 1534
info@villaflangini.it,Villa Flangini,https://www.hotelsdrop.com/hotel/villa-flangini-asolo,+39 333 528 7806
bottondorodue@pec.it,B&B Botton D’Oro 2,https://www.hotelsdrop.com/hotel/b-b-botton-d-oro-2-assago,+39 346 366 5597
info@ristorantedakico.it,Ristorante da Kico,https://www.hotelsdrop.com/hotel/ristorante-da-kico-assago,+39 391 166 0456
info@bebmartina.it,B&B Martina - Assemini - vicino Aeroporto Cagliari,https://www.hotelsdrop.com/hotel/b-b-martina-assemini-vicino-aeroporto-cagliari-assemini,+39 339 719 4251
eosanna@gmail.com,B&B Relaxing Spaces,https://www.hotelsdrop.com/hotel/b-b-relaxing-spaces-assemini,+39 349 670 0676
info@corteboero.com,Corte Boero Bed&Breakfast - Eventi,https://www.hotelsdrop.com/hotel/corte-boero-bed-breakfast-eventi-assemini,+39 329 298 3766
info@mansioresidence.it,Mansio Airport Hotel & Residence,https://www.hotelsdrop.com/hotel/mansio-airport-hotel-residence-assemini,+39 380 215 5555
villamostallino@gmail.com,Villa Mostallino Affittacamere,https://www.hotelsdrop.com/hotel/villa-mostallino-affittacamere-assemini,+39 347 938 7704
info@lapiaggia.it,Agriturismo La Piaggia - Assisi,https://www.hotelsdrop.com/hotel/agriturismo-la-piaggia-assisi-assisi,+39 338 889 4770
lavandaerosmarino@gmail.com,B&B Lavanda e Rosmarino,https://www.hotelsdrop.com/hotel/b-b-lavanda-e-rosmarino-assisi,+39 347 924 2148
info@laviafrancigena-assisi.it,Bed and Breakfast - La Via Francigena - Assisi,https://www.hotelsdrop.com/hotel/bed-and-breakfast-la-via-francigena-assisi-assisi,+39 320 430 8306
domusmariae.assisi@gmail.com,Domus Mariae B&B Assisi,https://www.hotelsdrop.com/hotel/domus-mariae-b-b-assisi-assisi,+39 333 969 9343
pallotta@pallottaassisi.it,Hotel Pallotta Assisi,https://www.hotelsdrop.com/hotel/hotel-pallotta-assisi-assisi,+39 338 740 7574
ilfienilediassisi@gmail.com,Il Fienile Di Assisi,https://www.hotelsdrop.com/hotel/il-fienile-di-assisi-assisi,+39 334 163 3462
info@villaclara-assisi.it,Villa Clara Assisi,https://www.hotelsdrop.com/hotel/villa-clara-assisi-assisi,+39 375 746 4477
info@villaluceassisi.it,Villa Luce Assisi Rooms & Suites,https://www.hotelsdrop.com/hotel/villa-luce-assisi-rooms-suites-assisi,+39 328 156 5160
info@crottodisomana.it,Agriturismo Crotto Di Somana,https://www.hotelsdrop.com/hotel/agriturismo-crotto-di-somana-asso,+39 338 451 9777
info@bbalpozzo.net,b&b Al Pozzo,https://www.hotelsdrop.com/hotel/b-b-al-pozzo-asso,+39 347 383 9609
lapusianella@gmail.com,B&B La Pusianella,https://www.hotelsdrop.com/hotel/b-b-la-pusianella-asso,+39 348 702 7287
info@hotelsaracaglio.it,Sara Hotel,https://www.hotelsdrop.com/hotel/sara-hotel-asso,+39 371 455 1213
orrumarcella85@gmail.com,Is Coronas affittacamere,https://www.hotelsdrop.com/hotel/is-coronas-affittacamere-assolo,+39 340 569 0141
info@bebstazionedittaino.it,B&B Stazione Dittaino,https://www.hotelsdrop.com/hotel/b-b-stazione-dittaino-assoro,+39 350 522 7688
massimorosso75@virgilio.it,B&B Casa del Ventiniere,https://www.hotelsdrop.com/hotel/b-b-casa-del-ventiniere-asti,+39 348 393 4263
desderibooking@outlook.com,Cascina Desderi Società Semplice Agricola,https://www.hotelsdrop.com/hotel/cascina-desderi-societa-semplice-agricola-asti,+39 333 101 2126
info.ospiti@lacarolina.it,Guest House La Carolina,https://www.hotelsdrop.com/hotel/guest-house-la-carolina-asti,+39 393 894 8558
info@albergoetico.asti.it,Hotel Asti Albergo Etico,https://www.hotelsdrop.com/hotel/hotel-asti-albergo-etico-asti,+39 320 337 5555
info@lacasa-celeste.com,"La Casa Celeste B&B - Asti, Italy",https://www.hotelsdrop.com/hotel/la-casa-celeste-b-b-asti-italy-asti,+39 371 590 1360
info@hexcelsior.com,Hotel Excelsior,https://www.hotelsdrop.com/hotel/hotel-excelsior-ateleta,+39 388 424 0032
booking@ilperoateleta.it,Il Pero Ateleta bed and relax,https://www.hotelsdrop.com/hotel/il-pero-ateleta-bed-and-relax-ateleta,+39 329 449 4399
alessio_minniti@yahoo.it,Azienda Agrituristica Rupe delle Sorbe,https://www.hotelsdrop.com/hotel/azienda-agrituristica-rupe-delle-sorbe-atella,+39 327 941 9530
ruvolatorre@gmail.com,B&B La Torre,https://www.hotelsdrop.com/hotel/b-b-la-torre-atella,+39 350 127 1222
bblatorre2013@tiscali.it,Bed & Breakfast La Torre,https://www.hotelsdrop.com/hotel/bed-breakfast-la-torre-atella,+39 349 493 1049
palazzobadiale@gmail.com,Palazzo Badiale History&Rooms,https://www.hotelsdrop.com/hotel/palazzo-badiale-history-rooms-atella,+39 392 710 5576
torreserena@hotmail.com,Torre Serena B&B,https://www.hotelsdrop.com/hotel/torre-serena-b-b-atella,+39 366 871 5915
info@villamartinapia.com,VILLA MARTINA PIA B&B,https://www.hotelsdrop.com/hotel/villa-martina-pia-b-b-atella,+39 328 492 0267
info@maliandi.it,1 e Resort Agriturismo Maliandi,https://www.hotelsdrop.com/hotel/1-e-resort-agriturismo-maliandi-atena-lucana,+39 347 803 2569
info@domusotium.it,Agriturismo Domus Otium,https://www.hotelsdrop.com/hotel/agriturismo-domus-otium-atena-lucana,+39 345 702 4181
info@amberhotel.it,Amber Hotel Italy,https://www.hotelsdrop.com/hotel/amber-hotel-italy-atessa,+39 340 450 8312
info@ospitati.it,Ospitati - B&B Sangro,https://www.hotelsdrop.com/hotel/ospitati-b-b-sangro-atessa,+39 349 080 6000
info@iciacca.com,Albergo Sotto le Stelle,https://www.hotelsdrop.com/hotel/albergo-sotto-le-stelle-atina,+39 342 946 5890
info@villavisocchi.com,Villa Visocchi B&B,https://www.hotelsdrop.com/hotel/villa-visocchi-b-b-atina,+39 347 936 7859
hello@amalfi.day,CristallPont: Amalfi.Day,https://www.hotelsdrop.com/hotel/cristallpont-amalfi-day-atrani,+39 327 097 2329
bbtiopepe@gmail.com,B&B TIO PEPE 1,https://www.hotelsdrop.com/hotel/b-b-tio-pepe-1-atri,+39 377 280 1186
info@laquerciabio.com,BioAgriturismo La Quercia,https://www.hotelsdrop.com/hotel/bioagriturismo-la-quercia-atri,+39 351 538 0330
casaincentrostorico@gmail.com,Casa in centro storico Atri - Locazione Turistica,https://www.hotelsdrop.com/hotel/casa-in-centro-storico-atri-locazione-turistica-atri,+39 329 225 0603
informazioni@hotelitalia.org,Hotel Italia,https://www.hotelsdrop.com/hotel/hotel-italia-atri,+39 338 521 5386
support@centralstay.eu,La finestra sul cortile,https://www.hotelsdrop.com/hotel/la-finestra-sul-cortile-atri,+39 334 671 7989
info@bellavigna.it,Bellavigna Country House,https://www.hotelsdrop.com/hotel/bellavigna-country-house-atripalda,+39 393 878 0345
info@lequercebomarzo.it,Agriturismo Le Querce,https://www.hotelsdrop.com/hotel/agriturismo-le-querce-attigliano,+39 338 164 3220
info@hotel-lazio.it,Hotel Lazio Ristorante,https://www.hotelsdrop.com/hotel/hotel-lazio-ristorante-attigliano,+39 333 790 4100
agri.clochiatti@gmail.com,Agriturismo Clochiatti,https://www.hotelsdrop.com/hotel/agriturismo-clochiatti-attimis,+39 348 493 9687
info@borgodiponte.it,Borgo di Ponte Holiday Apartments & Rooms,https://www.hotelsdrop.com/hotel/borgo-di-ponte-holiday-apartments-rooms-attimis,+39 347 911 8162
daiminisins@gmail.com,Dai Minisins,https://www.hotelsdrop.com/hotel/dai-minisins-attimis,+39 380 314 6178
605a7baede844d278b89dc95ae0a9123@sentry-next.wixpress.com,La Vrata Gialla - B&B Taipana,https://www.hotelsdrop.com/hotel/la-vrata-gialla-b-b-taipana-attimis,+39 334 249 1029
laplazaollolai@gmail.com,La Plaza Affittacamere Ollolai,https://www.hotelsdrop.com/hotel/la-plaza-affittacamere-ollolai-atzara,+39 338 703 4270
info@gardenholiday-bb.it,B&B Garden Holiday,https://www.hotelsdrop.com/hotel/b-b-garden-holiday-augusta,+39 335 658 7996
info@bebrucoli.com,B&Brucoli,https://www.hotelsdrop.com/hotel/b-brucoli-augusta,+39 348 731 7616
hotel@cittadellanotte.com,"Città della Notte - hotel tra Catania e Siracusa, Sicily hotel, cinema multisala, teatro, sala congressi, discoteca.",https://www.hotelsdrop.com/hotel/citta-della-notte-hotel-tra-catania-e-siracusa-s-augusta,+39 391 415 1651
iltriangolohotel@gmail.com,Il Triangolo Hotel,https://www.hotelsdrop.com/hotel/il-triangolo-hotel-augusta,+39 331 792 3329
torricellifabio@libero.it,B&B Anastasia,https://www.hotelsdrop.com/hotel/b-b-anastasia-auletta,+39 331 495 7165
info@palazzosabini.it,Palazzo Sabini,https://www.hotelsdrop.com/hotel/palazzo-sabini-auletta,+39 320 269 7197
bnbtorredisancaprasio@gmail.com,B&B Aulla Torre di San Caprasio,https://www.hotelsdrop.com/hotel/b-b-aulla-torre-di-san-caprasio-aulla,+39 389 622 0343
info@bedandbreakfastcadrecca.it,B&B Cadrecca Tra Terra Luna e Mare,https://www.hotelsdrop.com/hotel/b-b-cadrecca-tra-terra-luna-e-mare-aulla,+39 347 471 1947
infoeremodeipoeti@gmail.com,Villa Borgo degli artisti boutique rooms,https://www.hotelsdrop.com/hotel/villa-borgo-degli-artisti-boutique-rooms-aulla,+39 328 011 8945
lombardinisabrina83@icloud.com,Agriturismo casa Ferrari,https://www.hotelsdrop.com/hotel/agriturismo-casa-ferrari-aurigo,+39 340 964 1107
info@olioarmato.it,Agriturismo Nonni Devia,https://www.hotelsdrop.com/hotel/agriturismo-nonni-devia-aurigo,+39 338 147 5966
sanmicheledolcedo@gmail.com,Agriturismo San Michele,https://www.hotelsdrop.com/hotel/agriturismo-san-michele-aurigo,+39 333 253 8853
info@rifugiocardella.com,Ca' da Cardella,https://www.hotelsdrop.com/hotel/ca-da-cardella-aurigo,+39 333 616 0187
cascione@casevacanzegliulivi.it,Case Vacanze Gli Ulivi,https://www.hotelsdrop.com/hotel/case-vacanze-gli-ulivi-aurigo,+39 347 403 3912
info@ilpoggiodimaro.it,Il Poggio di Maro',https://www.hotelsdrop.com/hotel/il-poggio-di-maro-aurigo,+39 328 211 7600
info@secretgardens.it,Secret Gardens B&B,https://www.hotelsdrop.com/hotel/secret-gardens-b-b-aurigo,+39 342 351 1186
turappartamenti@libero.it,B&B Al Castel,https://www.hotelsdrop.com/hotel/b-b-al-castel-auronzo-di-cadore,+39 333 494 1931
bucanevebeb@gmail.com,B&B Il Bucaneve,https://www.hotelsdrop.com/hotel/b-b-il-bucaneve-auronzo-di-cadore,+39 340 710 9465
info@meublegiustina.it,B&b Meuble Bar Giustina,https://www.hotelsdrop.com/hotel/b-b-meuble-bar-giustina-auronzo-di-cadore,+39 328 334 5082
info@dolomitirossodisera.com,B&B Rossodisera,https://www.hotelsdrop.com/hotel/b-b-rossodisera-auronzo-di-cadore,+39 334 171 3309
bblacoa@gmail.com,Bed&Breakfast Bar La Coa,https://www.hotelsdrop.com/hotel/bed-breakfast-bar-la-coa-auronzo-di-cadore,+39 376 033 9813
belvedereauronzo@gmail.com,Belvedere Alloggio Turistico,https://www.hotelsdrop.com/hotel/belvedere-alloggio-turistico-auronzo-di-cadore,+39 351 973 3345
info@cedavecia.it,Cedavécia Bed & Breakfast,https://www.hotelsdrop.com/hotel/cedavecia-bed-breakfast-auronzo-di-cadore,+39 348 321 5107
auronzo.dolomites@melia.com,"Hotel Auronzo Dolomites, Affiliated by Meliá",https://www.hotelsdrop.com/hotel/hotel-auronzo-dolomites-affiliated-by-melia-auronzo-di-cadore,+39 351 483 6845
info@lecrodeauronzo.it,Le Crode Auronzo,https://www.hotelsdrop.com/hotel/le-crode-auronzo-auronzo-di-cadore,+39 392 120 0291
info@tenutadelvarco.it,"AZIENDA AGRITURISTICA ""LA TENUTA DEL FALCO""",https://www.hotelsdrop.com/hotel/azienda-agrituristica-la-tenuta-del-falco-ausonia,+39 338 192 6950
info@bbholidayformia.it,B&B Holiday Formia beach,https://www.hotelsdrop.com/hotel/b-b-holiday-formia-beach-ausonia,+39 320 288 5912
bedandbreakfastleterrazze@yahoo.it,B&B Le Terrazze,https://www.hotelsdrop.com/hotel/b-b-le-terrazze-ausonia,+39 347 270 6930
alessiofusco84@gmail.com,B&B Nonna Elvira,https://www.hotelsdrop.com/hotel/b-b-nonna-elvira-ausonia,+39 328 794 8711
infocasafratellicastelli@gmail.com,Bed & Breakfast Casa Fratelli Castelli,https://www.hotelsdrop.com/hotel/bed-breakfast-casa-fratelli-castelli-ausonia,+39 344 653 4610
info@hotel-ausonia.com,Hotel Ausonia,https://www.hotelsdrop.com/hotel/hotel-ausonia-ausonia,+39 342 579 8375
hotelmariacristina74@gmail.com,Hotel Maria Cristina 2 stelle,https://www.hotelsdrop.com/hotel/hotel-maria-cristina-2-stelle-ausonia,+39 331 123 3318
anitacalza.ac@gmail.com,ANITA B&B,https://www.hotelsdrop.com/hotel/anita-b-b-avegno,+39 389 637 7170
iglicini@yahoo.it,B&B I glicini,https://www.hotelsdrop.com/hotel/b-b-i-glicini-avegno,+39 340 799 9837
info@passoselvatico.it,B&B Passo Selvatico,https://www.hotelsdrop.com/hotel/b-b-passo-selvatico-avegno,+39 339 327 7289
info@crazysuites.it,Crazy Suites,https://www.hotelsdrop.com/hotel/crazy-suites-avella,+39 350 094 3363
yourfavoriteroom@libero.it,Favorite room,https://www.hotelsdrop.com/hotel/favorite-room-avella,+39 328 793 9005
info@ghekale.it,Ghe Kale' Resort,https://www.hotelsdrop.com/hotel/ghe-kale-resort-avella,+39 338 600 0985
lacontessa.hotel@gmail.com,B&B Torrette,https://www.hotelsdrop.com/hotel/b-b-torrette-avellino,+39 388 574 7087
info@villaantinea.it,Bed & Breakfast Villa Antinea,https://www.hotelsdrop.com/hotel/bed-breakfast-villa-antinea-avellino,+39 339 623 6952
info@ilpostoaccanto.it,Il Posto Accanto,https://www.hotelsdrop.com/hotel/il-posto-accanto-avellino,+39 335 841 9338
info@hoteladler-foppolo.it,Hotel Adler,https://www.hotelsdrop.com/hotel/hotel-adler-averara,+39 327 869 2307
info@bbdimoranormanna.it,B&B Dimora Normanna,https://www.hotelsdrop.com/hotel/b-b-dimora-normanna-aversa,+39 392 939 6626
info@rigeneraspa.com,B&B Sognando Vietri e Spa esclusiva,https://www.hotelsdrop.com/hotel/b-b-sognando-vietri-e-spa-esclusiva-aversa,+39 331 637 0219
hoasuites@gmail.com,Hoa Suites,https://www.hotelsdrop.com/hotel/hoa-suites-aversa,+39 334 183 9252
info@laresilienzarelais.it,La Resilienza Relais,https://www.hotelsdrop.com/hotel/la-resilienza-relais-aversa,+39 331 336 1750
lechiavidipolidoro@gmail.com,le chiavi di polidoro,https://www.hotelsdrop.com/hotel/le-chiavi-di-polidoro-aversa,+39 340 276 1496
tenutadonalfondo@gmail.com,Tenuta Don Alfonso,https://www.hotelsdrop.com/hotel/tenuta-don-alfonso-aversa,+39 338 732 2430
support@centralstay.eu,B&B Cala del Conte,https://www.hotelsdrop.com/hotel/b-b-cala-del-conte-avetrana,+39 333 609 1324
info@bedlargoimperiali.it,Bed&Breakfast Largo Imperiali,https://www.hotelsdrop.com/hotel/bed-breakfast-largo-imperiali-avetrana,+39 340 728 8938
ctpro@ctpro.it,HOTEL CARAIBISIACO PUGLIA SUL MARE IONIO,https://www.hotelsdrop.com/hotel/hotel-caraibisiaco-puglia-sul-mare-ionio-avetrana,+39 338 895 4120
info@japigiadomus.it,La Vetrana Rooms | JD Vacanze,https://www.hotelsdrop.com/hotel/la-vetrana-rooms-jd-vacanze-avetrana,+39 347 906 9709
support@centralstay.eu,Li Caseddi ti lu Cesarinu,https://www.hotelsdrop.com/hotel/li-caseddi-ti-lu-cesarinu-avetrana,+39 320 455 0811
site@masserialaporticella.it,Masseria La Porticella,https://www.hotelsdrop.com/hotel/masseria-la-porticella-avetrana,+39 349 114 7801
info@palazzomancini.it,Palazzo Mancini,https://www.hotelsdrop.com/hotel/palazzo-mancini-avetrana,+39 375 892 0333
info@relaismarlene.it,B&B Relais Marlene,https://www.hotelsdrop.com/hotel/b-b-relais-marlene-avezzano,+39 338 668 6769
pitarienrico@gmail.com,B&B' Tra i due Parchi',https://www.hotelsdrop.com/hotel/b-b-tra-i-due-parchi-avezzano,+39 333 543 5818
support@centralstay.eu,Il Risorgimento Avezzano,https://www.hotelsdrop.com/hotel/il-risorgimento-avezzano-avezzano,+39 329 438 2189
avianresidenze@coopacli.it,Avianresidenze,https://www.hotelsdrop.com/hotel/avianresidenze-aviano,+39 347 800 2889
villaorsolina@libero.it,Bed & Breakfast Villa Orsolina,https://www.hotelsdrop.com/hotel/bed-breakfast-villa-orsolina-aviano,+39 320 353 6641
info@smartresidenceaviano.it,Smart Residence Aviano,https://www.hotelsdrop.com/hotel/smart-residence-aviano-aviano,+39 349 244 0594
info@agriturismolafontanabg.it,Agriturismo La Fontana,https://www.hotelsdrop.com/hotel/agriturismo-la-fontana-aviatico,+39 345 262 5953
info@albergorelax.it,Albergo Relax di Razzetti C. Sas,https://www.hotelsdrop.com/hotel/albergo-relax-di-razzetti-c-sas-aviatico,+39 349 718 8457
ghilardiezio@gmail.com,B&B Casa Arcangeli,https://www.hotelsdrop.com/hotel/b-b-casa-arcangeli-aviatico,+39 338 967 6659
borgodoro.bergamo@gmail.com,Borgo d'Oro Loft CIN:It016024c17jkcaxkv,https://www.hotelsdrop.com/hotel/borgo-d-oro-loft-cin-it016024c17jkcaxkv-aviatico,+39 339 445 4885
info@cablewayroom.it,CableWayRoom Experience,https://www.hotelsdrop.com/hotel/cablewayroom-experience-aviatico,+39 338 797 2999
info@chaletdellagoavigliana.com,Hotel Chalet del Lago Avigliana,https://www.hotelsdrop.com/hotel/hotel-chalet-del-lago-avigliana-avigliana,+39 329 197 8807
info@ladimoradifederico.eu,"B&B ""La Dimora di Federico"" di Canestrini Vitina",https://www.hotelsdrop.com/hotel/b-b-la-dimora-di-federico-di-canestrini-vitina-avigliano,+39 389 628 4603
info@bblapigna.it,B&B La Pigna,https://www.hotelsdrop.com/hotel/b-b-la-pigna-avigliano,+39 348 015 1158
info@legemmelagopesole.it,B&B Le Gemme,https://www.hotelsdrop.com/hotel/b-b-le-gemme-avigliano,+39 393 952 4476
info@bebgianturco.it,Gianturco Bed & Breakfast,https://www.hotelsdrop.com/hotel/gianturco-bed-breakfast-avigliano,+39 340 992 9667
info@arcobb.it,L’Arco Bed&Breakfast,https://www.hotelsdrop.com/hotel/l-arco-bed-breakfast-avigliano,+39 348 414 0965
info@trecancellirooms.com,TRE CANCELLI ROOMS,https://www.hotelsdrop.com/hotel/tre-cancelli-rooms-avigliano,+39 347 995 2976
info@cerqueti.it,Agriturismo Cerqueti,https://www.hotelsdrop.com/hotel/agriturismo-cerqueti-avigliano-umbro,+39 339 176 7922
lazita1900@gmail.com,LaZita B&B,https://www.hotelsdrop.com/hotel/lazita-b-b-avigliano-umbro,+39 338 931 5144
info@villa-monica.it,Villa Monica,https://www.hotelsdrop.com/hotel/villa-monica-avio,+39 339 384 0124
info@bebluca76.com,B&B Luca76,https://www.hotelsdrop.com/hotel/b-b-luca76-avise,+39 333 233 0899
info@bbsarre.com,La vieille Meison de Pappa,https://www.hotelsdrop.com/hotel/la-vieille-meison-de-pappa-avise,+39 328 291 3783
info@maisonbovard.com,Maison Bovard,https://www.hotelsdrop.com/hotel/maison-bovard-avise,+39 346 090 5728
info@ermesicilia.it,B&B Ermes,https://www.hotelsdrop.com/hotel/b-b-ermes-avola,+39 366 208 5950
meliorarooms.it@gmail.com,B&B Meliora Rooms,https://www.hotelsdrop.com/hotel/b-b-meliora-rooms-avola,+39 392 251 3163
info@bbnonnanina.it,B&B Nonna Nina,https://www.hotelsdrop.com/hotel/b-b-nonna-nina-avola,+39 329 892 4477
info@pantanelloroomsavola.com,B&B Pantanello Rooms,https://www.hotelsdrop.com/hotel/b-b-pantanello-rooms-avola,+39 328 311 3505
serenazagarella1988@gmail.com,B&B Salvo e Terry,https://www.hotelsdrop.com/hotel/b-b-salvo-e-terry-avola,+39 346 746 9278
info@hotelvillaionia.it,Hotel Villa Ionia,https://www.hotelsdrop.com/hotel/hotel-villa-ionia-avola,+39 344 107 0237
hyblamajor@gmail.com,Hybla Major B&B,https://www.hotelsdrop.com/hotel/hybla-major-b-b-avola,+39 345 845 5204
touristicavaldinotorealestate@gmail.com,Il Moro Charming Rooms,https://www.hotelsdrop.com/hotel/il-moro-charming-rooms-avola,+39 347 859 5800
info@marricriu.it,Marricriu BeB Rooms and Pool Avola,https://www.hotelsdrop.com/hotel/marricriu-beb-rooms-and-pool-avola-avola,+39 320 763 1528
miramarerooms@gmail.com,Miramare Rooms,https://www.hotelsdrop.com/hotel/miramare-rooms-avola,+39 348 721 2025
info@shurhuq.com,Shurhuq | Ospitalità Siciliana,https://www.hotelsdrop.com/hotel/shurhuq-ospitalita-siciliana-avola,+39 339 329 7943
info@zanzibarholidayavola.it,Zanzi 's Charming Rooms,https://www.hotelsdrop.com/hotel/zanzi-s-charming-rooms-avola,+39 347 742 1395
locandadelbarco@santagatafossili.com,Locanda del Barco - Tenuta Bellingeri,https://www.hotelsdrop.com/hotel/locanda-del-barco-tenuta-bellingeri-avolasca,+39 349 061 0063
info@alpineforest.it,Alpine Forest Hotel,https://www.hotelsdrop.com/hotel/alpine-forest-hotel-ayas,+39 380 758 0936
info@hotelleriedemascognaz.com,Hotellerie de Mascognaz,https://www.hotelsdrop.com/hotel/hotellerie-de-mascognaz-ayas,+39 338 729 5708
welcome@fleurdesneiges.it,Le Fleur des neiges,https://www.hotelsdrop.com/hotel/le-fleur-des-neiges-ayas,+39 335 776 1503
service@holidu.com\,Alpine A&S CIR VDA AYMAVILLES n.0003,https://www.hotelsdrop.com/hotel/alpine-a-s-cir-vda-aymavilles-n-0003-aymavilles,+39 340 076 9906
info@adisartur.it,AdisArtur Elegant B&B,https://www.hotelsdrop.com/hotel/adisartur-elegant-b-b-azzanello,+39 375 739 3780
agriturismo@padernello.it,Agriturismo Padernello,https://www.hotelsdrop.com/hotel/agriturismo-padernello-azzanello,+39 333 483 0612
lacrota.asti@gmail.com,B&B La Crota,https://www.hotelsdrop.com/hotel/b-b-la-crota-azzano-d-asti,+39 339 866 2872
lanternadellefate@gmail.com,B&B Lanterna delle Fate,https://www.hotelsdrop.com/hotel/b-b-lanterna-delle-fate-azzano-d-asti,+39 333 462 0240
locandadeifiori@gmail.com,B&B Locanda dei fiori,https://www.hotelsdrop.com/hotel/b-b-locanda-dei-fiori-azzano-d-asti,+39 328 245 2859
info@locandadellasestafelicita.com,B&B Locanda della Sesta Felicità,https://www.hotelsdrop.com/hotel/b-b-locanda-della-sesta-felicita-azzano-d-asti,+39 348 807 3231
info.cajole@gmail.com,B&B Ca' Jole,https://www.hotelsdrop.com/hotel/b-b-ca-jole-azzano-decimo,+39 331 299 8960
veronicatacu1984@gmail.com,B&B Delta Majestic,https://www.hotelsdrop.com/hotel/b-b-delta-majestic-azzano-decimo,+39 324 604 9422
info@cameredamirna.it,Camere da Mirna di Claudio Piccolo,https://www.hotelsdrop.com/hotel/camere-da-mirna-di-claudio-piccolo-azzano-decimo,+39 347 048 4519
villayemaya83@gmail.com,Villa Yemaya,https://www.hotelsdrop.com/hotel/villa-yemaya-azzano-decimo,+39 328 251 8566
info@locandacrocevia.it,Bar Locanda Crocevia,https://www.hotelsdrop.com/hotel/bar-locanda-crocevia-azzano-mella,+39 334 369 9120
info@bresciabedandbreakfast.it,Bed And Breakfast la Terrazza,https://www.hotelsdrop.com/hotel/bed-and-breakfast-la-terrazza-azzano-mella,+39 338 226 8132
ristorantepizzeriaamalfitana@gmail.com,Hotel L'Amalfitana,https://www.hotelsdrop.com/hotel/hotel-l-amalfitana-azzano-mella,+39 392 945 1759
info@ilcolleappartamenti.it,Il Colle,https://www.hotelsdrop.com/hotel/il-colle-azzano-mella,+39 327 483 6561
alda1987@hotmail.it,B&B Aeroporto,https://www.hotelsdrop.com/hotel/b-b-aeroporto-azzano-san-paolo,+39 342 843 1946
casaleonardobgy@gmail.com,Casa Leonardo Airport,https://www.hotelsdrop.com/hotel/casa-leonardo-airport-azzano-san-paolo,+39 339 471 1396
info@elementsbeb.com,Elements B&B,https://www.hotelsdrop.com/hotel/elements-b-b-azzano-san-paolo,+39 351 702 7241
info@bebmansardapascoli.it,B&B Mansarda Pascoli,https://www.hotelsdrop.com/hotel/b-b-mansarda-pascoli-azzate,+39 328 656 9305
info@villacampodeifioribnbvarese.it,Villa Campo Dei Fiori B.B,https://www.hotelsdrop.com/hotel/villa-campo-dei-fiori-b-b-azzate,+39 329 139 7520
info@agriturismocampodeifiori.it,agriturismo campo dei fiori,https://www.hotelsdrop.com/hotel/agriturismo-campo-dei-fiori-azzio,+39 348 769 9340
info@ilcortile.biz,Il Cortile,https://www.hotelsdrop.com/hotel/il-cortile-azzio,+39 333 889 6013
incampagna@outlook.com,In Campagna,https://www.hotelsdrop.com/hotel/in-campagna-azzio,+39 346 336 9945
booking@icasamia.it,La Posteria by iCasamia,https://www.hotelsdrop.com/hotel/la-posteria-by-icasamia-azzio,+39 379 111 1139
picciocchicarla@gmail.com,Locanda del Brinsc,https://www.hotelsdrop.com/hotel/locanda-del-brinsc-azzio,+39 338 390 3392
7304521ostello4matte@gmail.com,Ostello Gardenia,https://www.hotelsdrop.com/hotel/ostello-gardenia-azzone,+39 380 317 3882
info@hotelmontegiove.com,Albergo Hotel Monte Giove,https://www.hotelsdrop.com/hotel/albergo-hotel-monte-giove-baceno,+39 328 925 5566
albergo.panorama2023@gmail.com,Albergo Panorama,https://www.hotelsdrop.com/hotel/albergo-panorama-baceno,+39 379 275 5984
info@casatoma.it,B&B Casa Tomà,https://www.hotelsdrop.com/hotel/b-b-casa-toma-baceno,+39 333 860 9763
info@dimoradartista.it,Bed & Breakfast Dimora d'Artista,https://www.hotelsdrop.com/hotel/bed-breakfast-dimora-d-artista-baceno,+39 329 052 7648
info@lacasermetta.com,La Casermetta - Santa Maria Maggiore,https://www.hotelsdrop.com/hotel/la-casermetta-santa-maria-maggiore-baceno,+39 338 254 0983
montezeus@viciniaziendaagricola.it,Rifugio Monte Zeus,https://www.hotelsdrop.com/hotel/rifugio-monte-zeus-baceno,+39 347 222 7421
info@baiaflegrea.it,Baia Flegrea Meublè,https://www.hotelsdrop.com/hotel/baia-flegrea-meuble-bacoli,+39 335 520 8749
info@domusdianabaia.it,Domus Diana Baia,https://www.hotelsdrop.com/hotel/domus-diana-baia-bacoli,+39 348 594 4187
hotelvilladelmare@libero.it,Hotel Villa Del Mare Ho.Gi. Srl,https://www.hotelsdrop.com/hotel/hotel-villa-del-mare-ho-gi-srl-bacoli,+39 338 953 4512
prenotazioni@pharusmiseni.it,Pharus Miseni suites and rooms,https://www.hotelsdrop.com/hotel/pharus-miseni-suites-and-rooms-bacoli,+39 320 160 5635
villamustafa@libero.it,Suite B&B Mustafà pozzuoli,https://www.hotelsdrop.com/hotel/suite-b-b-mustafa-pozzuoli-bacoli,+39 333 259 8804
info@tere-ceriana.it,Affittacamere Teré Ceriana,https://www.hotelsdrop.com/hotel/affittacamere-tere-ceriana-badalucco,+39 335 530 1054
info@agriturismoladagio.it,Agriturismo L'Adagio,https://www.hotelsdrop.com/hotel/agriturismo-l-adagio-badalucco,+39 335 722 6309
hotel_graziella@yahoo.it,Albergo Graziella Arma di Taggia,https://www.hotelsdrop.com/hotel/albergo-graziella-arma-di-taggia-badalucco,+39 349 651 7822
info@albergolucciola.com,Albergo Lucciola Riviera dei Fiori,https://www.hotelsdrop.com/hotel/albergo-lucciola-riviera-dei-fiori-badalucco,+39 366 309 7140
info@albergoideal.net,Hotel Ideal,https://www.hotelsdrop.com/hotel/hotel-ideal-badalucco,+39 351 622 3215
bbcasettaalmare@gmail.com,B&B casetta al mare,https://www.hotelsdrop.com/hotel/b-b-casetta-al-mare-badesi,+39 351 718 8669
leonardo.deruda@gmail.com,Borgo Bellavista Badesi - Affitto case vacanza,https://www.hotelsdrop.com/hotel/borgo-bellavista-badesi-affitto-case-vacanza-badesi,+39 328 208 8287
hotel.panorama@tiscali.it,Hotel Panorama,https://www.hotelsdrop.com/hotel/hotel-panorama-badesi,+39 338 708 0730
grussua@alice.it,Villa Agnese,https://www.hotelsdrop.com/hotel/villa-agnese-badesi,+39 335 165 4343
info@cortebonfigliocolombari.it,Corte Bonfiglio Colombari,https://www.hotelsdrop.com/hotel/corte-bonfiglio-colombari-badia-calavena,+39 352 007 8097
605a7baede844d278b89dc95ae0a9123@sentry-next.wixpress.com,Corte Marani - Country & Adventure Retreat,https://www.hotelsdrop.com/hotel/corte-marani-country-adventure-retreat-badia-calavena,+39 346 667 1699
info@malgazebari.it,COUNTRY HOUSE MALGA ZEBARI,https://www.hotelsdrop.com/hotel/country-house-malga-zebari-badia-calavena,+39 340 645 3359
info@palazzofritz.it,Palazzo Fritz,https://www.hotelsdrop.com/hotel/palazzo-fritz-badia-calavena,+39 347 937 8973
605a7baede844d278b89dc95ae0a9123@sentry-next.wixpress.com,B&B Dragonfly,https://www.hotelsdrop.com/hotel/b-b-dragonfly-badia-pavese,+39 347 270 5973
agriturismolabicocca@gmail.com,Agriturismo La Bicocca,https://www.hotelsdrop.com/hotel/agriturismo-la-bicocca-badia-polesine,+39 331 563 1453
605a7baede844d278b89dc95ae0a9123@sentry-next.wixpress.com,Agriturismo La Bisa,https://www.hotelsdrop.com/hotel/agriturismo-la-bisa-badia-polesine,+39 331 479 1477
support@centralstay.eu,Amy&Julie Bed&Breakfast,https://www.hotelsdrop.com/hotel/amy-julie-bed-breakfast-badia-polesine,+39 348 744 0110
info@bblillalladige.it,B&B Lilla All'Adige,https://www.hotelsdrop.com/hotel/b-b-lilla-all-adige-badia-polesine,+39 347 081 2582
info@beb-rb.it,B&B RB,https://www.hotelsdrop.com/hotel/b-b-rb-badia-polesine,+39 351 980 4979
%20hotellory.ficarolo@hotmail.com,HOTEL LORY FICAROLO,https://www.hotelsdrop.com/hotel/hotel-lory-ficarolo-badia-polesine,+39 338 355 9433
labussolacamere@gmail.com,La Bussola Badia Polesine - Camere & Appartamenti,https://www.hotelsdrop.com/hotel/la-bussola-badia-polesine-camere-appartamenti-badia-polesine,+39 351 684 0085
suitesantasofia@gmail.com,Santa Sofia Suite Lendinara Hotel,https://www.hotelsdrop.com/hotel/santa-sofia-suite-lendinara-hotel-badia-polesine,+39 377 356 1309
corrarezzo@gruppocorriere.it,Agriturismo Il Casalone,https://www.hotelsdrop.com/hotel/agriturismo-il-casalone-badia-tedalda,+39 339 373 1825
info@agriturismoilfalco.it,Agriturismo Il Falco,https://www.hotelsdrop.com/hotel/agriturismo-il-falco-badia-tedalda,+39 340 695 4194
info@agriturismo-piandibotta.com,Agriturismo Pian di Botta,https://www.hotelsdrop.com/hotel/agriturismo-pian-di-botta-badia-tedalda,+39 338 491 5685
ecovillaggioeden@gmail.com,Agriturismo Villaggio Eden,https://www.hotelsdrop.com/hotel/agriturismo-villaggio-eden-badia-tedalda,+39 351 515 8674
info@ilborgocasteldelci.com,Il Borgo Casteldelci,https://www.hotelsdrop.com/hotel/il-borgo-casteldelci-badia-tedalda,+39 347 088 8263
ciadinat.badia@yahoo.it,Garnì Ciadinat,https://www.hotelsdrop.com/hotel/garni-ciadinat-badia-abtei,+39 320 624 6005
info@pensionatlantic.it,Pension Atlantic,https://www.hotelsdrop.com/hotel/pension-atlantic-badia-abtei,+39 379 339 4272
info@agriturismovillavittoria.it,Agriturismo Villa Vittoria,https://www.hotelsdrop.com/hotel/agriturismo-villa-vittoria-badolato,+39 347 301 5903
sertursrl@libero.it,Aquamarine Residence,https://www.hotelsdrop.com/hotel/aquamarine-residence-badolato,+39 350 046 4605
info@stillachiara.it,B & B Stillachiara,https://www.hotelsdrop.com/hotel/b-b-stillachiara-badolato,+39 366 453 8577
milanohotelsresort@gmail.com,Casa Vacanza Borgo Antico,https://www.hotelsdrop.com/hotel/casa-vacanza-borgo-antico-badolato,+39 328 862 7144
info@ilborgobb.com,Il Borgo & Feudo b&b,https://www.hotelsdrop.com/hotel/il-borgo-feudo-b-b-badolato,+39 388 944 2663
info@bb-santacaterina.it,Affittacamere Santa Caterina,https://www.hotelsdrop.com/hotel/affittacamere-santa-caterina-bagaladi,+39 340 713 0171
athenaluxuryrooms@gmail.com,Athena Luxury Room,https://www.hotelsdrop.com/hotel/athena-luxury-room-bagaladi,+39 352 004 9390
ilgabbianorc@gmail.com,B&B Il Gabbiano,https://www.hotelsdrop.com/hotel/b-b-il-gabbiano-bagaladi,+39 388 471 9283
info@paradisohb.it,Paradiso Hotel & Banqueting,https://www.hotelsdrop.com/hotel/paradiso-hotel-banqueting-bagaladi,+39 349 682 1196
info@bbrhegion.it,Rhegion B&B,https://www.hotelsdrop.com/hotel/rhegion-b-b-bagaladi,+39 329 282 5501
gruppodattola@gmail.com,Villa sul Mare Bed & Breakfast,https://www.hotelsdrop.com/hotel/villa-sul-mare-bed-breakfast-bagaladi,+39 346 532 7425
info@anticacortelugo.it,Antica Corte Lugo - Affitti Brevi e Appartamenti Vacanza,https://www.hotelsdrop.com/hotel/antica-corte-lugo-affitti-brevi-e-appartamenti-v-bagnacavallo,+39 351 309 0882
info@la-palazza.com,B&B La Palazza,https://www.hotelsdrop.com/hotel/b-b-la-palazza-bagnacavallo,+39 331 865 6704
info@residencelatorre.net,B&B La Torre,https://www.hotelsdrop.com/hotel/b-b-la-torre-bagnacavallo,+39 333 913 1131
info@villadeigelsi.it,B&B Villa dei Gelsi a Cotignola,https://www.hotelsdrop.com/hotel/b-b-villa-dei-gelsi-a-cotignola-bagnacavallo,+39 335 543 0155
info@dimoradeco.it,Dimora Decò,https://www.hotelsdrop.com/hotel/dimora-deco-bagnacavallo,+39 333 532 9800
tizi.balza@gmail.com,La Casetta Di Cotignola di Tiziano Balzarotti,https://www.hotelsdrop.com/hotel/la-casetta-di-cotignola-di-tiziano-balzarotti-bagnacavallo,+39 377 114 5788
affittacamerenightday@gmail.com,Night&Day Affittacamere di Laura Patuelli,https://www.hotelsdrop.com/hotel/night-day-affittacamere-di-laura-patuelli-bagnacavallo,+39 347 481 9340
bagnaravistamare@gmail.com,B&B Bagnara Vista Mare,https://www.hotelsdrop.com/hotel/b-b-bagnara-vista-mare-bagnara-calabra,+39 345 460 0119
emiliobagala61@gmail.com,B&B degli Artisti,https://www.hotelsdrop.com/hotel/b-b-degli-artisti-bagnara-calabra,+39 329 450 3248
info@domuspalmi.it,B&B Domus Palmi CIN IT080057C1ROZIM64U,https://www.hotelsdrop.com/hotel/b-b-domus-palmi-cin-it080057c1rozim64u-bagnara-calabra,+39 340 391 8090
info@dimoradonciccillo.it,Dimora Don Ciccillo B&B,https://www.hotelsdrop.com/hotel/dimora-don-ciccillo-b-b-bagnara-calabra,+39 392 464 9514
info@lalocandiera.org,La Locandiera,https://www.hotelsdrop.com/hotel/la-locandiera-bagnara-calabra,+39 338 209 6727
info@maresolresidence.it,Maresol Residence,https://www.hotelsdrop.com/hotel/maresol-residence-bagnara-calabra,+39 333 327 7719
info@sanroccorooms.it,San Rocco Rooms - Affittacamere,https://www.hotelsdrop.com/hotel/san-rocco-rooms-affittacamere-bagnara-calabra,+39 353 398 6224
booking@imolaresidence.it,Imola Residence - Self Check-in,https://www.hotelsdrop.com/hotel/imola-residence-self-check-in-bagnara-di-romagna,+39 348 648 0093
info@locandamerlaschio.it,Locanda Merlaschio B&B con ristorante,https://www.hotelsdrop.com/hotel/locanda-merlaschio-b-b-con-ristorante-bagnara-di-romagna,+39 335 562 1036
smartautodromo@gmail.com,Smart Hotel Autodromo,https://www.hotelsdrop.com/hotel/smart-hotel-autodromo-bagnara-di-romagna,+39 393 242 1175
info@lefragranze.it,Agriturismo Le Fragranze,https://www.hotelsdrop.com/hotel/agriturismo-le-fragranze-bagnaria,+39 328 367 1609
info@ilfiorile.com,Il Fiorile,https://www.hotelsdrop.com/hotel/il-fiorile-bagnaria,+39 340 404 4664
alleagavi024@gmail.com,b&b alle agavi,https://www.hotelsdrop.com/hotel/b-b-alle-agavi-bagnaria-arsa,+39 339 251 8172
laselcefarmhouse@gmail.com,La Selce Farmhouse,https://www.hotelsdrop.com/hotel/la-selce-farmhouse-bagnaria-arsa,+39 333 118 0020
info@mulinodelletolle.it,Mulino delle Tolle,https://www.hotelsdrop.com/hotel/mulino-delle-tolle-bagnaria-arsa,+39 320 966 7776
info@lisoladlacerrea.it,B&B L'Isola D'la Cerrea,https://www.hotelsdrop.com/hotel/b-b-l-isola-d-la-cerrea-bagnasco,+39 368 734 0214
info@locandamontecarlo.it,B&B Locanda Montecarlo,https://www.hotelsdrop.com/hotel/b-b-locanda-montecarlo-bagnasco,+39 339 309 3824
info@campingyoghiebubu.it,Camping Yoghi e Bubu,https://www.hotelsdrop.com/hotel/camping-yoghi-e-bubu-bagnasco,+39 347 250 4615
info@cebon.it,Fattoria Cebon,https://www.hotelsdrop.com/hotel/fattoria-cebon-bagnasco,+39 320 402 0196
info@leghie.it,Le Ghie,https://www.hotelsdrop.com/hotel/le-ghie-bagnasco,+39 350 173 1796
info@agrispacelatordela.net,AgriSpace LaTordela - Agriturismo La Tordela,https://www.hotelsdrop.com/hotel/agrispace-latordela-agriturismo-la-tordela-bagnatica,+39 334 785 6136
info@dimoradelledonnole.it,B&B Dimora delle Donnole,https://www.hotelsdrop.com/hotel/b-b-dimora-delle-donnole-bagnatica,+39 338 417 7515
clienti@sadirabenessere.it,Sadira Agriturismo e Az. Agricola,https://www.hotelsdrop.com/hotel/sadira-agriturismo-e-az-agricola-bagnatica,+39 350 024 1768
info@latorreagriturismo.com,Agriturismo La Torre,https://www.hotelsdrop.com/hotel/agriturismo-la-torre-bagni-di-lucca,+39 348 154 9005
info@piandifiume.it,Agriturismo Pian di Fiume,https://www.hotelsdrop.com/hotel/agriturismo-pian-di-fiume-bagni-di-lucca,+39 340 578 7699
info@burlamacchivillas.it,Burlamacchi Villas,https://www.hotelsdrop.com/hotel/burlamacchi-villas-bagni-di-lucca,+39 333 683 0988
info@tenuta-lafratta.com,Tenuta la Fratta,https://www.hotelsdrop.com/hotel/tenuta-la-fratta-bagni-di-lucca,+39 348 293 1199
info@villarosalena.com,Villa Rosalena,https://www.hotelsdrop.com/hotel/villa-rosalena-bagni-di-lucca,+39 346 721 1741
info@agriturismovilladauphine.com,Agriturismo Villa Dauphiné,https://www.hotelsdrop.com/hotel/agriturismo-villa-dauphine-bagno-a-ripoli,+39 333 458 6722
info@bebmiele.com,B&B Dolce Miele,https://www.hotelsdrop.com/hotel/b-b-dolce-miele-bagno-a-ripoli,360 480 509
bebiltabernacolo@gmail.com,B&B Il Tabernacolo,https://www.hotelsdrop.com/hotel/b-b-il-tabernacolo-bagno-a-ripoli,+39 393 937 4155
reservations@florencecountryrelais.com,Florence Country Relais,https://www.hotelsdrop.com/hotel/florence-country-relais-bagno-a-ripoli,+39 370 331 5039
info@agriturismoalmonte.it,Agriturismo al Monte,https://www.hotelsdrop.com/hotel/agriturismo-al-monte-bagno-di-romagna,+39 339 246 4940
hotelromagnacesena@gmail.com,Hotel Romagna,https://www.hotelsdrop.com/hotel/hotel-romagna-bagno-di-romagna,+39 340 915 0618
ilrespirodelbosco25@gmail.com,Il Respiro del Bosco,https://www.hotelsdrop.com/hotel/il-respiro-del-bosco-bagno-di-romagna,+39 328 719 0084
info@iltomoloagnone.it,B&B Il Tomolo,https://www.hotelsdrop.com/hotel/b-b-il-tomolo-bagnoli-del-trigno,+39 329 108 5057
gustavo.distavolo@gmail.com,B&B SoleLuna,https://www.hotelsdrop.com/hotel/b-b-soleluna-bagnoli-del-trigno,+39 388 114 2660
info@nelverdedicarinci.it,Nel verde di Carinci,https://www.hotelsdrop.com/hotel/nel-verde-di-carinci-bagnoli-del-trigno,+39 351 715 9756
apartmentapbeb@gmail.com,AP APARTMENT B&B,https://www.hotelsdrop.com/hotel/ap-apartment-b-b-bagnoli-irpino,+39 334 865 7925
info@hotellalucciola.eu,Hotel ristorante La Lucciola,https://www.hotelsdrop.com/hotel/hotel-ristorante-la-lucciola-bagnoli-irpino,+39 333 949 8193
info@agriturismoitreulivi.it,I Tre Ulivi,https://www.hotelsdrop.com/hotel/i-tre-ulivi-bagnoli-irpino,+39 333 283 2397
info@irpiniabikehouse.com,Irpinia BikeHouse,https://www.hotelsdrop.com/hotel/irpinia-bikehouse-bagnoli-irpino,+39 329 668 4595
info@laboschina.it,Agriturismo La Boschina,https://www.hotelsdrop.com/hotel/agriturismo-la-boschina-bagnolo-cremasco,+39 335 521 3469
relaisvimercaticr@gmail.com,Hotel Albergo Relais Vimercati - Dimora storica a Crema,https://www.hotelsdrop.com/hotel/hotel-albergo-relais-vimercati-dimora-storica-a-bagnolo-cremasco,+39 331 167 9168
info@icoloridellavitabenessere.it,I Colori della Vita - Centro Benessere & Pernottamento,https://www.hotelsdrop.com/hotel/i-colori-della-vita-centro-benessere-pernottamen-bagnolo-cremasco,+39 393 262 1975
info@torcitoresort.it,FRUIT Village Otranto - TORCITO RESORT Sport Village,https://www.hotelsdrop.com/hotel/fruit-village-otranto-torcito-resort-sport-villa-bagnolo-del-salento,+39 320 862 3143
info@ilcorallo1.com,Il Corallo del Salento,https://www.hotelsdrop.com/hotel/il-corallo-del-salento-bagnolo-del-salento,+39 347 549 2451
info@lemurgedelsalento.it,Le Murge Del Salento B&B,https://www.hotelsdrop.com/hotel/le-murge-del-salento-b-b-bagnolo-del-salento,+39 347 240 0760
info@palazzovillanilubelli.com,Palazzo Villani Lubelli,https://www.hotelsdrop.com/hotel/palazzo-villani-lubelli-bagnolo-del-salento,+39 351 808 6719
info@tenutapigliano.it,Tenuta Pigliano Hotel,https://www.hotelsdrop.com/hotel/tenuta-pigliano-hotel-bagnolo-del-salento,+39 320 619 5190
lafornetta@gmail.com,Agriturismo La Fornetta,https://www.hotelsdrop.com/hotel/agriturismo-la-fornetta-bagnolo-di-po,+39 331 790 1151
boutiquehotelferrara@gmail.com,Boutique Hotel Ferrara,https://www.hotelsdrop.com/hotel/boutique-hotel-ferrara-bagnolo-di-po,+39 392 048 8740
info@ilgiardinodirebecca.it,Il Giardino di Rebecca,https://www.hotelsdrop.com/hotel/il-giardino-di-rebecca-bagnolo-di-po,+39 338 529 6400
contact@globostay.com,Le stanze di LaVi,https://www.hotelsdrop.com/hotel/le-stanze-di-lavi-bagnolo-di-po,+39 331 698 4311
info@hotelrosecrown.it,Albergo Hotel Rose e Crown,https://www.hotelsdrop.com/hotel/albergo-hotel-rose-e-crown-bagnolo-in-piano,+39 349 553 0789
arcobalenostanze@gmail.com,"Arcobaleno Stanze - Bed & Breakfast, B&B vicino centro storico,vicino stazione Reggio Emilia",https://www.hotelsdrop.com/hotel/arcobaleno-stanze-bed-breakfast-b-b-vicino-centr-bagnolo-in-piano,+39 338 825 2161
bedebasta@bedebasta.it,Bed&Basta City,https://www.hotelsdrop.com/hotel/bed-basta-city-bagnolo-in-piano,+39 328 924 1849
info@lerondini.net,Le Rondini,https://www.hotelsdrop.com/hotel/le-rondini-bagnolo-mella,+39 339 139 5640
anostro.mizoun@gmail.com,Agriturismo A Nostro Mizoun,https://www.hotelsdrop.com/hotel/agriturismo-a-nostro-mizoun-bagnolo-piemonte,+39 339 761 6431
info@agriturismoaiprusot.it,Agriturismo Ai Prüsot,https://www.hotelsdrop.com/hotel/agriturismo-ai-prusot-bagnolo-piemonte,336 233 483
casa@cadelclat.it,Agriturismo Ca' del Clat - Azienda Agricola Dolci Bacche della me,https://www.hotelsdrop.com/hotel/agriturismo-ca-del-clat-azienda-agricola-dolci-b-bagnolo-piemonte,+39 329 028 9791
605a7baede844d278b89dc95ae0a9123@sentry-next.wixpress.com,B&B L'Orto di Ortensia,https://www.hotelsdrop.com/hotel/b-b-l-orto-di-ortensia-bagnolo-piemonte,+39 349 576 7809
info@bargiolina.it,Bargiolina,https://www.hotelsdrop.com/hotel/bargiolina-bagnolo-piemonte,+39 348 092 0900
info@canostrabeb.it,CA' NOSTRA B&B,https://www.hotelsdrop.com/hotel/ca-nostra-b-b-bagnolo-piemonte,+39 338 800 3299
mail@castellodibagnolo.it,"Castello di Bagnolo, Parco e Agriturismo",https://www.hotelsdrop.com/hotel/castello-di-bagnolo-parco-e-agriturismo-bagnolo-piemonte,+39 335 524 4080
info@prealpinahotel.it,Hotel Prealpina,https://www.hotelsdrop.com/hotel/hotel-prealpina-bagnolo-piemonte,+39 320 178 7613
support@centralstay.eu,La casa di cate & adry,https://www.hotelsdrop.com/hotel/la-casa-di-cate-adry-bagnolo-piemonte,+39 339 719 4824
info@rifugiovesulus.it,Locanda la Via del Sale,https://www.hotelsdrop.com/hotel/locanda-la-via-del-sale-bagnolo-piemonte,+39 349 792 2428
info@alparcobeb.it,Al Parco b&b,https://www.hotelsdrop.com/hotel/al-parco-b-b-bagnolo-san-vito,+39 328 692 0940
info@acasamiabbmantova.it,B&B A Casa Mia,https://www.hotelsdrop.com/hotel/b-b-a-casa-mia-bagnolo-san-vito,+39 348 592 8326
bbmartinpescatore@gmail.com,B&B Il Martin Pescatore,https://www.hotelsdrop.com/hotel/b-b-il-martin-pescatore-bagnolo-san-vito,+39 328 839 6887
bbcasamanuela@gmail.com,Corte castella,https://www.hotelsdrop.com/hotel/corte-castella-bagnolo-san-vito,+39 333 412 8023
info@hotelmantovasud.com,Hotel Mantova Sud,https://www.hotelsdrop.com/hotel/hotel-mantova-sud-bagnolo-san-vito,+39 339 368 7098
bortolotti.franco@gmail.com,Residenza il Salice,https://www.hotelsdrop.com/hotel/residenza-il-salice-bagnolo-san-vito,335 294 705
info@stayly.it,Residenze Mazzini,https://www.hotelsdrop.com/hotel/residenze-mazzini-bagnolo-san-vito,+39 391 721 8722
info@zarasuzzara.it,Zara Rooms & Suites,https://www.hotelsdrop.com/hotel/zara-rooms-suites-bagnolo-san-vito,+39 388 182 2771
monique@giunasco.it,Agriturismo Giunasco,https://www.hotelsdrop.com/hotel/agriturismo-giunasco-bagnone,+39 348 872 1621
info@agriturismoigiunchi.com,Agriturismo I Giunchi,https://www.hotelsdrop.com/hotel/agriturismo-i-giunchi-bagnone,+39 339 326 2349
info@lunigianagreen.it,B&B Luna & Stelle,https://www.hotelsdrop.com/hotel/b-b-luna-stelle-bagnone,+39 378 303 7530
you@company.com,B&B Poggio delle Rondini,https://www.hotelsdrop.com/hotel/b-b-poggio-delle-rondini-bagnone,+39 347 294 3811
info@podereconti.com,Hotel Podere Conti,https://www.hotelsdrop.com/hotel/hotel-podere-conti-bagnone,+39 348 268 1830
lacascinadeichicchi@gmail.com,La Cascina dei Chicchi,https://www.hotelsdrop.com/hotel/la-cascina-dei-chicchi-bagnone,+39 335 617 9019
ristorantelocandafermento@gmail.com,Ristorante Locanda Fermento,https://www.hotelsdrop.com/hotel/ristorante-locanda-fermento-bagnone,+39 389 021 1962
info@dopoilsettimocielo.com,"....""dopo il settimo cielo""",https://www.hotelsdrop.com/hotel/dopo-il-settimo-cielo-bagnoregio,+39 349 359 7732
contact@globostay.com,Agriturismo La Peonia,https://www.hotelsdrop.com/hotel/agriturismo-la-peonia-bagnoregio,+39 347 998 2596
annamariacrocoli7@gmail.com,B&B Butterfly,https://www.hotelsdrop.com/hotel/b-b-butterfly-bagnoregio,+39 347 825 5550
bbilcardellino@gmail.com,B&B Il Cardellino,https://www.hotelsdrop.com/hotel/b-b-il-cardellino-bagnoregio,+39 389 347 2881
info@bebpodereospedaletto.it,B&B Podere Ospedaletto,https://www.hotelsdrop.com/hotel/b-b-podere-ospedaletto-bagnoregio,+39 349 535 0844
info@cortedellamaesta.com,CORTE DELLA MAESTA' - ANTICA RESIDENZA,https://www.hotelsdrop.com/hotel/corte-della-maesta-antica-residenza-bagnoregio,+39 335 879 3077
palazzomazzini.bagnoregio@gmail.com,Palazzo Mazzini,https://www.hotelsdrop.com/hotel/palazzo-mazzini-bagnoregio,+39 347 768 8026
info@bnblavittoria.com,B&B La Vittoria,https://www.hotelsdrop.com/hotel/b-b-la-vittoria-bagolino,335 452 039
ostellosullago@gmail.com,Ostello,https://www.hotelsdrop.com/hotel/ostello-bagolino,+39 379 109 6806
info@bebdolcisogni.it,B&B Dolci Sogni - Bed & Breakfast Mugnano del Cardinale,https://www.hotelsdrop.com/hotel/b-b-dolci-sogni-bed-breakfast-mugnano-del-cardin-baiano,+39 320 814 7627
assistenza@webador.it,B&B I Due Angeli,https://www.hotelsdrop.com/hotel/b-b-i-due-angeli-baiano,+39 334 107 1520
info@agrirelaislabolla.com,Agrirelais La Bolla,https://www.hotelsdrop.com/hotel/agrirelais-la-bolla-bairo,+39 392 943 4144
contatti@lacascinadiaglie.com,B&B La Cascina,https://www.hotelsdrop.com/hotel/b-b-la-cascina-bairo,+39 346 307 0115
info@lalibellulabb.it,B&B la libellula,https://www.hotelsdrop.com/hotel/b-b-la-libellula-bairo,+39 347 345 2225
info@bbcasaomnia.it,Casa Omnia B&B,https://www.hotelsdrop.com/hotel/casa-omnia-b-b-bairo,+39 351 787 3217
info@sharygroup.it,"Hotel Motel & Residence ""S"" - Front",https://www.hotelsdrop.com/hotel/hotel-motel-residence-s-front-bairo,+39 333 587 8108
roberto.giacoletto.rg@gmail.com,Il Vecchio Comune B&B,https://www.hotelsdrop.com/hotel/il-vecchio-comune-b-b-bairo,+39 347 413 0377
info@cadelciuco.it,Agriturismo Ca' del Ciuco,https://www.hotelsdrop.com/hotel/agriturismo-ca-del-ciuco-baiso,+39 329 157 5914
info@agriturismodisordiglio.com,Agriturismo di Sordiglio,https://www.hotelsdrop.com/hotel/agriturismo-di-sordiglio-baiso,+39 346 235 7187
castellodisanromano@gmail.com,Bed and Breakfast CASTELLO SAN ROMANO,https://www.hotelsdrop.com/hotel/bed-and-breakfast-castello-san-romano-baiso,+39 339 132 2286
fattoria.branciana@gmail.com,Fattoria Branciana,https://www.hotelsdrop.com/hotel/fattoria-branciana-baiso,+39 335 562 6508
info@residencehotelmatilde.it,Hotel Matilde,https://www.hotelsdrop.com/hotel/hotel-matilde-baiso,+39 334 823 8432
info@ponchietta.com,Agriturismo Cascina Ponchietta,https://www.hotelsdrop.com/hotel/agriturismo-cascina-ponchietta-balangero,+39 333 127 3044
info@agriturismolarbo.com,Agriturismo l'Arbo,https://www.hotelsdrop.com/hotel/agriturismo-l-arbo-balangero,+39 347 236 4382
agri@agriturismoilgelso.it,Agriturismo nelle Langhe - Il Gelso - appartamenti nella Valle del Barolo,https://www.hotelsdrop.com/hotel/agriturismo-nelle-langhe-il-gelso-appartamenti-n-balangero,+39 333 997 1134
info@samandra.it,Azienda Agrituristica Sa Mandra,https://www.hotelsdrop.com/hotel/azienda-agrituristica-sa-mandra-balangero,+39 320 968 7641
info@tretigli.com,Cascina Tre Tigli,https://www.hotelsdrop.com/hotel/cascina-tre-tigli-balangero,+39 338 779 4287
info@cascinabambi.asti.it,CASCINA BAMBI,https://www.hotelsdrop.com/hotel/cascina-bambi-baldichieri-d-asti,+39 347 571 0566
info@castellodistrabinello.com,Bed and Breakfast Castello di Strambinello,https://www.hotelsdrop.com/hotel/bed-and-breakfast-castello-di-strambinello-baldissero-canavese,+39 347 311 6476
info@casarosadawellness.com,CasaRosada Wellness-Healing Retreat,https://www.hotelsdrop.com/hotel/casarosada-wellness-healing-retreat-baldissero-canavese,+39 346 104 6822
info@cascinamontiglio.it,Cascina Montiglio,https://www.hotelsdrop.com/hotel/cascina-montiglio-baldissero-canavese,+39 349 159 2006
info@damamma.it,Agriturismo da Mamma,https://www.hotelsdrop.com/hotel/agriturismo-da-mamma-baldissero-d-alba,+39 331 203 5943
portalanghe@gmail.com,Casa a Pollenzo,https://www.hotelsdrop.com/hotel/casa-a-pollenzo-baldissero-d-alba,+39 393 689 2262
info@divinroero.it,Di Vin Roero,https://www.hotelsdrop.com/hotel/di-vin-roero-baldissero-d-alba,+39 333 901 3173
lottavosapore@gmail.com,L'Ottavo Sapore - Ospitalità Rurale,https://www.hotelsdrop.com/hotel/l-ottavo-sapore-ospitalita-rurale-baldissero-d-alba,+39 349 548 0602
info@lacollinadeipasseri.it,La collina dei Passeri,https://www.hotelsdrop.com/hotel/la-collina-dei-passeri-baldissero-d-alba,+39 335 607 8629
lanoisettebeb@gmail.com,La noisette B&B,https://www.hotelsdrop.com/hotel/la-noisette-b-b-baldissero-d-alba,+39 331 566 4507
info@sinergiaoutdoor.com,Parco Didattico Le Colline di Giuca C/O Agriturismo I Bageta,https://www.hotelsdrop.com/hotel/parco-didattico-le-colline-di-giuca-c-o-agrituri-baldissero-d-alba,+39 335 130 1912
info@pocoburro.it,Pocoburro Ca' d'arte,https://www.hotelsdrop.com/hotel/pocoburro-ca-d-arte-baldissero-d-alba,+39 328 211 2873
info@aiguiet.it,Agriturismo Ai Guiet,https://www.hotelsdrop.com/hotel/agriturismo-ai-guiet-baldissero-torinese,+39 351 460 1124
contact@globostay.com,Loft Regio Parco,https://www.hotelsdrop.com/hotel/loft-regio-parco-baldissero-torinese,+39 338 504 5308
info@amarmare.it,AmarMare Bed & Breakfast,https://www.hotelsdrop.com/hotel/amarmare-bed-breakfast-balestrate,+39 347 580 1079
info@casaruffino.it,b&b Casa Ruffino,https://www.hotelsdrop.com/hotel/b-b-casa-ruffino-balestrate,+39 342 150 7679
info@balestratecenterrooms.it,Balestrate Center Rooms,https://www.hotelsdrop.com/hotel/balestrate-center-rooms-balestrate,+39 329 842 3137
info@caseplaya.it,Case Playa,https://www.hotelsdrop.com/hotel/case-playa-balestrate,+39 388 057 4645
ilgirasolebalestrate@gmail.com,Il Girasole B & B,https://www.hotelsdrop.com/hotel/il-girasole-b-b-balestrate,+39 338 692 9711
info@labalestrabb.eu,La Balestra B&B,https://www.hotelsdrop.com/hotel/la-balestra-b-b-balestrate,+39 388 790 3538
info@sunsethousebalestrate.it,Sunset House,https://www.hotelsdrop.com/hotel/sunset-house-balestrate,+39 327 224 6892
info@anticomelo.it,Antico Melo,https://www.hotelsdrop.com/hotel/antico-melo-balestrino,+39 329 314 3795
info@ghepensumi.it,B&B Ghe pensu mi,https://www.hotelsdrop.com/hotel/b-b-ghe-pensu-mi-balestrino,+39 340 406 9309
info@comenellefavolebeb.com,Come nelle Favole,https://www.hotelsdrop.com/hotel/come-nelle-favole-balestrino,+39 348 370 0227
605a7baede844d278b89dc95ae0a9123@sentry-next.wixpress.com,Gemy,https://www.hotelsdrop.com/hotel/gemy-balestrino,+39 345 580 4682
info@ilpittoredistelle.it,Il Pittore di Stelle,https://www.hotelsdrop.com/hotel/il-pittore-di-stelle-balestrino,+39 327 889 4303
ilcastagneto@hotmail.it,B&B Il Castagneto,https://www.hotelsdrop.com/hotel/b-b-il-castagneto-ballabio,+39 329 104 2290
info@ilcolombebb.it,B&B Il Colombé,https://www.hotelsdrop.com/hotel/b-b-il-colombe-ballabio,+39 334 882 8250
roccadellinnominato@gmail.com,Rocca dell’Innominato,https://www.hotelsdrop.com/hotel/rocca-dell-innominato-ballabio,+39 335 132 5130
gamamiraglia@gmail.com,Tra Monti e Lago,https://www.hotelsdrop.com/hotel/tra-monti-e-lago-ballabio,+39 327 946 0853
sabrina.cucciatti@gmail.com,Albergo Gran Paradiso - centro benessere - ristorante - Noasca,https://www.hotelsdrop.com/hotel/albergo-gran-paradiso-centro-benessere-ristorant-balme,+39 340 472 9334
info@sunriseinn.it,Sunrise Inn & Spa,https://www.hotelsdrop.com/hotel/sunrise-inn-spa-balme,+39 388 729 1480
info@labaitadellecoccinelle.it,B&B LA BAITA DELLE COCCINELLE,https://www.hotelsdrop.com/hotel/b-b-la-baita-delle-coccinelle-balmuccia,+39 348 353 1454
info@walserhouse.com,Casa Gemma,https://www.hotelsdrop.com/hotel/casa-gemma-balmuccia,+39 347 366 3960
info@castellodellabastia.it,Castello della Bastia,https://www.hotelsdrop.com/hotel/castello-della-bastia-balocco,+39 393 988 0469
booking@centovigne.it,La Carosera B&B,https://www.hotelsdrop.com/hotel/la-carosera-b-b-balocco,+39 335 525 2890
anticatenuta@gmail.com,ANTICA TENUTA AGRITURISMO,https://www.hotelsdrop.com/hotel/antica-tenuta-agriturismo-balsorano,+39 333 750 9142
info@valledelrio.it,"Azienda Agrituristica ""Valle del Rio"" di Tuzi Fabio",https://www.hotelsdrop.com/hotel/azienda-agrituristica-valle-del-rio-di-tuzi-fabi-balsorano,+39 333 298 0885
charmesora@gmail.com,B&B Charme,https://www.hotelsdrop.com/hotel/b-b-charme-balsorano,+39 329 709 8010
lacollinadipeppino@hotmail.com,B&B La Collina di Peppino,https://www.hotelsdrop.com/hotel/b-b-la-collina-di-peppino-balsorano,+39 333 222 7500
solesenzanuvole@live.it,Casa Radiosa,https://www.hotelsdrop.com/hotel/casa-radiosa-balsorano,+39 349 199 0541
info@gelsi-lux.com,Gelsi Luxury Suites,https://www.hotelsdrop.com/hotel/gelsi-luxury-suites-balsorano,+39 335 665 9329
locanda.delponte@gmail.com,Locanda Del Ponte,https://www.hotelsdrop.com/hotel/locanda-del-ponte-balsorano,+39 339 784 5961
info@villabenice.com,Villa Benice,https://www.hotelsdrop.com/hotel/villa-benice-balsorano,+39 333 584 0490
assistenza@webador.it,BeB Villareal,https://www.hotelsdrop.com/hotel/beb-villareal-balvano,+39 329 971 0559
info@ilrifugiodellestelle.it,Il rifugio delle stelle,https://www.hotelsdrop.com/hotel/il-rifugio-delle-stelle-balvano,+39 333 142 2291
info@cascinasortina.it,b&b CASCINA SORTINA - bed and breakfast in Monferrato - Treville (AL),https://www.hotelsdrop.com/hotel/b-b-cascina-sortina-bed-and-breakfast-in-monferr-balzola,+39 339 326 9452
info@doit-piemonte.com,döit - Turismo e Cultura,https://www.hotelsdrop.com/hotel/doit-turismo-e-cultura-balzola,+39 345 335 0871
hello@gabanon.com,Gabanon Hostel,https://www.hotelsdrop.com/hotel/gabanon-hostel-balzola,+39 351 410 2020
info@bbchiarodiluna.com,Affittacamere Chiaro di Luna,https://www.hotelsdrop.com/hotel/affittacamere-chiaro-di-luna-banari,+39 320 301 8097
locanda.minerva@gmail.com,Hotel Locanda Minerva,https://www.hotelsdrop.com/hotel/hotel-locanda-minerva-banari,+39 328 432 6017
info@bebsamariposa.it,Sa Mariposa,https://www.hotelsdrop.com/hotel/sa-mariposa-banari,+39 333 614 0671
info@villasilviaolivetti.eu,Villa Silvia Olivetti Ivrea (Torino),https://www.hotelsdrop.com/hotel/villa-silvia-olivetti-ivrea-torino-banchette,+39 347 579 5193
infoturismo@distrettolaghi.it,B&B Villa Rosa,https://www.hotelsdrop.com/hotel/b-b-villa-rosa-bannio-anzino,+39 342 747 0373
info@walserhouse.com,Walser House Albergo Diffuso,https://www.hotelsdrop.com/hotel/walser-house-albergo-diffuso-bannio-anzino,+39 347 366 3960
corsovittorio134@gmail.com,Corso Vittorio Bed e Breakfast Venosa,https://www.hotelsdrop.com/hotel/corso-vittorio-bed-e-breakfast-venosa-banzi,+39 320 315 0715
hotelkristall3@libero.it,Hotel Kristall,https://www.hotelsdrop.com/hotel/hotel-kristall-banzi,+39 340 862 1627
lorellapicelli@libero.it,Bed & Breakfast Al Ponticello,https://www.hotelsdrop.com/hotel/bed-breakfast-al-ponticello-baone,+39 349 390 1812
info@ilborgodellarcangelo.com,"""Il borgo dell'Arcangelo""",https://www.hotelsdrop.com/hotel/il-borgo-dell-arcangelo-baradili,+39 340 592 4236
info@albergodiffusoilmandorlo.com,Albergo Diffuso Il Mandorlo,https://www.hotelsdrop.com/hotel/albergo-diffuso-il-mandorlo-baradili,+39 351 709 1881
ladimorabedandbreakfast@gmail.com,Dimora B&B,https://www.hotelsdrop.com/hotel/dimora-b-b-baradili,+39 380 475 1522
info@beblestagioni.it,B&B Le Stagioni,https://www.hotelsdrop.com/hotel/b-b-le-stagioni-baragiano,+39 347 199 2030
info@rifugiodellaluna.it,B&B Rifugio della luna,https://www.hotelsdrop.com/hotel/b-b-rifugio-della-luna-baragiano,+39 348 864 2610
artstudiosei@gmail.com%20,B&B ArtStudio6 Dimora Artistica Campobasso,https://www.hotelsdrop.com/hotel/b-b-artstudio6-dimora-artistica-campobasso-baranello,+39 392 568 5496
novantatrecb@gmail.com,B&B Novantatrè,https://www.hotelsdrop.com/hotel/b-b-novantatre-baranello,+39 329 253 8005
support@centralstay.eu,Casa degli Orefici,https://www.hotelsdrop.com/hotel/casa-degli-orefici-baranello,+39 392 371 6129
support@centralstay.eu,ILBE bed & breakfast,https://www.hotelsdrop.com/hotel/ilbe-bed-breakfast-baranello,+39 333 224 7382
info@lafontebnb.it,La Fonte B&B,https://www.hotelsdrop.com/hotel/la-fonte-b-b-baranello,+39 392 873 3194
webmaster@residenzasantandrea-campobasso.it,Residenza Sant'Andrea,https://www.hotelsdrop.com/hotel/residenza-sant-andrea-baranello,+39 339 100 1100
info@tenutadafne.it,Tenuta Dafne,https://www.hotelsdrop.com/hotel/tenuta-dafne-baranello,+39 392 752 7797
hotelsunsetgreen@gmail.com,Hotel Sunset Green Ischia,https://www.hotelsdrop.com/hotel/hotel-sunset-green-ischia-barano-d-ischia,+39 377 321 6234
info.hotelvillaalmaresas@gmail.com,Hotel Villa al Mare,https://www.hotelsdrop.com/hotel/hotel-villa-al-mare-barano-d-ischia,+39 334 178 9378
info@anticacortemilanese.it,Appartamenti Antica Corte Milanese,https://www.hotelsdrop.com/hotel/appartamenti-antica-corte-milanese-baranzate,+39 338 706 7796
cortdiquela@gmail.com,B&B Cort di Quèla,https://www.hotelsdrop.com/hotel/b-b-cort-di-quela-baranzate,+39 339 665 0624
info@ilsassobianco.it,B&B il Sasso Bianco IT012055C16CJVBT5T,https://www.hotelsdrop.com/hotel/b-b-il-sasso-bianco-it012055c16cjvbt5t-barasso,+39 345 873 5703
info@viadeimari.it,"""Via dei Mari"" Guest House",https://www.hotelsdrop.com/hotel/via-dei-mari-guest-house-baratili-san-pietro,+39 334 796 0497
tramontosulmare21@gmail.com,Affittacamere Shardana,https://www.hotelsdrop.com/hotel/affittacamere-shardana-baratili-san-pietro,+39 366 866 7510
info@sacrannaccia.com,Agriturismo Sa Crannaccia,https://www.hotelsdrop.com/hotel/agriturismo-sa-crannaccia-baratili-san-pietro,+39 329 441 6774
info@alrimedio.it,B&B Al Rimedio,https://www.hotelsdrop.com/hotel/b-b-al-rimedio-baratili-san-pietro,+39 389 267 9948
lecalle1@yahoo.it,B&B Rita & Renzo,https://www.hotelsdrop.com/hotel/b-b-rita-renzo-baratili-san-pietro,+39 340 077 4053
info@gioiaguesthouse.it,Gioia Guest House,https://www.hotelsdrop.com/hotel/gioia-guest-house-baratili-san-pietro,+39 334 796 0497
info@agriturismoilgiglio.com,Il Giglio,https://www.hotelsdrop.com/hotel/il-giglio-baratili-san-pietro,+39 329 453 9688
info@agriturismocanaveselabedina.it,Agriturismo la Bedina,https://www.hotelsdrop.com/hotel/agriturismo-la-bedina-barbania,+39 327 548 6579
info@bbdakate.it,Bed & Breakfast da Kate,https://www.hotelsdrop.com/hotel/bed-breakfast-da-kate-barbania,+39 333 142 1371
info@dimoraacorte.it,Dimora A Corte,https://www.hotelsdrop.com/hotel/dimora-a-corte-barbania,+39 329 445 4863
info@bacucco.com,Agriturismo il Bacucco,https://www.hotelsdrop.com/hotel/agriturismo-il-bacucco-barbara,+39 380 775 7887
vivalpabandb@gmail.com,Il Pozzo di Vivalpa,https://www.hotelsdrop.com/hotel/il-pozzo-di-vivalpa-barbara,+39 351 675 0225
sagraro@inwind.it,Agriturismo da Sagraro,https://www.hotelsdrop.com/hotel/agriturismo-da-sagraro-barbarano-mossano,+39 347 290 7072
info@bnbinvalle.com,Bed and Breakfast In Valle Vicenza,https://www.hotelsdrop.com/hotel/bed-and-breakfast-in-valle-vicenza-barbarano-mossano,+39 391 437 7320
info@bnbiltramonto.it,B&B Il Tramonto,https://www.hotelsdrop.com/hotel/b-b-il-tramonto-barbarano-romano,+39 335 630 2897
info@bblaripa.com,La Ripa,https://www.hotelsdrop.com/hotel/la-ripa-barbarano-romano,+39 338 207 1514
info@terrazzecasabonelli.it,Le Terrazze di Casa Bonelli,https://www.hotelsdrop.com/hotel/le-terrazze-di-casa-bonelli-barbarano-romano,+39 333 490 9001
centroturisticoepica@epicaworld.it,LOCANDA EPICA (Albergo Diffuso),https://www.hotelsdrop.com/hotel/locanda-epica-albergo-diffuso-barbarano-romano,+39 351 751 7391
agriturismoercolana@gmail.com,Agriturismo Ercolana,https://www.hotelsdrop.com/hotel/agriturismo-ercolana-barbaresco,+39 340 568 5325
info@bricdalu.it,Bric d'Alû,https://www.hotelsdrop.com/hotel/bric-d-alu-barbaresco,+39 333 390 9115
info@cadeicurra.com,Ca dei Currà,https://www.hotelsdrop.com/hotel/ca-dei-curra-barbaresco,+39 335 625 2225
info@hotellebotti.it,Hotel le Botti,https://www.hotelsdrop.com/hotel/hotel-le-botti-barbaresco,+39 331 313 4492
info@iquattrograppoli.it,I Quattro Grappoli,https://www.hotelsdrop.com/hotel/i-quattro-grappoli-barbaresco,+39 340 401 1881
info@relaispqlin.it,Relais Pqlin,https://www.hotelsdrop.com/hotel/relais-pqlin-barbaresco,+39 392 445 4416
info@vindellolmo.it,Vin dell'Olmo,https://www.hotelsdrop.com/hotel/vin-dell-olmo-barbaresco,+39 335 718 7234
infobellavistadesenzano@gmail.com,B&B Desenzano Bellavista Exclusive,https://www.hotelsdrop.com/hotel/b-b-desenzano-bellavista-exclusive-barbariga,+39 347 243 0079
info@bebdolcerisveglio.com,B&B Dolce Risveglio,https://www.hotelsdrop.com/hotel/b-b-dolce-risveglio-barbariga,+39 377 522 1588
info@ilglicine.it,B&B Il Glicine,https://www.hotelsdrop.com/hotel/b-b-il-glicine-barbariga,+39 333 465 0125
barbarinocasavacanze@gmail.com,Barbarino Casa Appartamento Vacanze,https://www.hotelsdrop.com/hotel/barbarino-casa-appartamento-vacanze-barbariga,+39 351 556 4856
info@corteallago.com,Corte al Lago Bed & Breakfast,https://www.hotelsdrop.com/hotel/corte-al-lago-bed-breakfast-barbariga,+39 352 086 0392
welcome@lahome.it,LA HOME,https://www.hotelsdrop.com/hotel/la-home-barbariga,+39 331 368 8202
info@ilcasaledisantamettole.it,Il Casale di Santamettole,https://www.hotelsdrop.com/hotel/il-casale-di-santamettole-barberino-di-mugello,+39 333 487 8839
vignolinobedandbreakfast@gmail.com,Il Vignolino Home Restaurant - Bed & Breakfast,https://www.hotelsdrop.com/hotel/il-vignolino-home-restaurant-bed-breakfast-barberino-di-mugello,335 428 455
info@residencemugello.it,Residence Mugello Resort,https://www.hotelsdrop.com/hotel/residence-mugello-resort-barberino-di-mugello,+39 351 600 0190
info@poggioallelame.it,Agriturismo Poggio alle Lame,https://www.hotelsdrop.com/hotel/agriturismo-poggio-alle-lame-barberino-tavarnelle,+39 328 001 7277
info@anticapieve.net,Antica Pieve B&B,https://www.hotelsdrop.com/hotel/antica-pieve-b-b-barberino-tavarnelle,+39 328 030 3674
info@ilparetaio.it,Il Paretaio,https://www.hotelsdrop.com/hotel/il-paretaio-barberino-tavarnelle,+39 338 737 9626
info@palazzomalaspina.it,Palazzo Malaspina B&B,https://www.hotelsdrop.com/hotel/palazzo-malaspina-b-b-barberino-tavarnelle,+39 320 325 9923
accoglienza@alberodikarta.com,alberodikarta b&b,https://www.hotelsdrop.com/hotel/alberodikarta-b-b-barbianello,+39 347 088 9418
assistenza@webador.it,Beb l’ulivo,https://www.hotelsdrop.com/hotel/beb-l-ulivo-barbianello,+39 331 766 6456
bresbotbeb@gmail.com,Bresbot B&B,https://www.hotelsdrop.com/hotel/bresbot-b-b-barbianello,+39 327 472 5399
info@fruehaufhof.it,Frühaufhof apartments,https://www.hotelsdrop.com/hotel/fruhaufhof-apartments-barbiano-barbian,+39 348 252 2876
messnerhof@rolmail.net,Gasthof Messnerhof,https://www.hotelsdrop.com/hotel/gasthof-messnerhof-barbiano-barbian,+39 347 174 0775
info@gostnerhof.com,Gostnerhof,https://www.hotelsdrop.com/hotel/gostnerhof-barbiano-barbian,+39 339 622 5166
info@matronerhof.it,Mair Josef,https://www.hotelsdrop.com/hotel/mair-josef-barbiano-barbian,+39 340 616 5011
info.vianazionale@gmail.com,B&B Via Nazionale,https://www.hotelsdrop.com/hotel/b-b-via-nazionale-barcellona-pozzo-di-gotto,+39 333 920 1524
info@5centobb.it,Cinquecento B&B,https://www.hotelsdrop.com/hotel/cinquecento-b-b-barcellona-pozzo-di-gotto,+39 338 963 7676
info@anticopozzocompany.it,Hotel Ristorante all'Antico Pozzo,https://www.hotelsdrop.com/hotel/hotel-ristorante-all-antico-pozzo-barcellona-pozzo-di-gotto,+39 345 010 8803
idriabnb@gmail.com,Idria B&B,https://www.hotelsdrop.com/hotel/idria-b-b-barcellona-pozzo-di-gotto,+39 347 109 0325
at.aimonti@virgilio.it,Agriturismo Ai Monti,https://www.hotelsdrop.com/hotel/agriturismo-ai-monti-barcis,+39 392 869 6070
info@albergodiffusobarcis.it,Albergo Diffuso Lago di Barcis e Dolomiti Friulane,https://www.hotelsdrop.com/hotel/albergo-diffuso-lago-di-barcis-e-dolomiti-friula-barcis,+39 333 163 1333
info@albergodolomiticlaut.it,Albergo Ristorante Dolomiti Claut,https://www.hotelsdrop.com/hotel/albergo-ristorante-dolomiti-claut-barcis,+39 333 425 7501
605a7baede844d278b89dc95ae0a9123@sentry-next.wixpress.com,Dimora Gilles,https://www.hotelsdrop.com/hotel/dimora-gilles-bard,+39 348 752 2279
hotelcavour@fortedibard.it,Hôtel Cavour et des Officiers,https://www.hotelsdrop.com/hotel/hotel-cavour-et-des-officiers-bard,+39 366 674 6226
info@lamaisondesvignerons.it,La maison des vignerons b&b chambres d'hôtes,https://www.hotelsdrop.com/hotel/la-maison-des-vignerons-b-b-chambres-d-hotes-bard,+39 347 433 4936
info@lo-sougnet.com,Lo Sougnet,https://www.hotelsdrop.com/hotel/lo-sougnet-bard,+39 347 435 7346
info@oucrierel.com,"Ostello ""Ou Crierel""",https://www.hotelsdrop.com/hotel/ostello-ou-crierel-bard,+39 347 060 7525
3hospitality.info@gmail.com,Villa Sardino,https://www.hotelsdrop.com/hotel/villa-sardino-bard,+39 339 365 4980
info@poderebarzia.it,Agriturismo Podere Barzia,https://www.hotelsdrop.com/hotel/agriturismo-podere-barzia-bardi,+39 339 816 6494
info@poggiodincanto.it,Agriturismo Poggio d'incanto,https://www.hotelsdrop.com/hotel/agriturismo-poggio-d-incanto-bardi,+39 333 575 3787
info@leseidame.it,B & B Le Sei Dame,https://www.hotelsdrop.com/hotel/b-b-le-sei-dame-bardi,+39 333 840 9000
info@cadelgrano.it,Ca' del Grano,https://www.hotelsdrop.com/hotel/ca-del-grano-bardi,+39 327 732 2836
info@roomsbreakfastmtb.it,"Tolasudolsa Rooms, Breakfast & Mountain Bike",https://www.hotelsdrop.com/hotel/tolasudolsa-rooms-breakfast-mountain-bike-bardi,+39 331 294 6881
info@villaggioturisticoilfalco.com,Villaggio Turistico Il Falco,https://www.hotelsdrop.com/hotel/villaggio-turistico-il-falco-bardi,+39 349 863 3807
info@agriturismocadivoi.com,Ca di Voi,https://www.hotelsdrop.com/hotel/ca-di-voi-bardineto,+39 333 356 8200
luciatortella@gmail.com,B&B Lucy Bardolino,https://www.hotelsdrop.com/hotel/b-b-lucy-bardolino-bardolino,+39 348 592 5962
info@cafiore.it,Ca' Fiore Hotel,https://www.hotelsdrop.com/hotel/ca-fiore-hotel-bardonecchia,+39 331 364 6340
info@caseverdi.it,Case Verdi Bardonecchia,https://www.hotelsdrop.com/hotel/case-verdi-bardonecchia-bardonecchia,+39 388 343 6111
info@bellevuechalet.it,"Chalet Bellevue, hotel meublé",https://www.hotelsdrop.com/hotel/chalet-bellevue-hotel-meuble-bardonecchia,+39 371 788 1107
reservation@savoiaresort.com,Savoia Mountain Resort,https://www.hotelsdrop.com/hotel/savoia-mountain-resort-bardonecchia,+39 338 251 2137
info@agriturismocascinalapalazzina.it,B&B Agriturismo Cascina la Palazzina,https://www.hotelsdrop.com/hotel/b-b-agriturismo-cascina-la-palazzina-bareggio,+39 348 414 6208
locanda_dei_gemelli@tiscali.it,B&B dei Gemelli,https://www.hotelsdrop.com/hotel/b-b-dei-gemelli-bareggio,+39 377 323 9097
info@mind-milano.com,soggiorni al casolare,https://www.hotelsdrop.com/hotel/soggiorni-al-casolare-bareggio,+39 347 665 5298
magichousenovara@gmail.com,B&BMagicHouse Cin IT003106C1TA3BSIY9,https://www.hotelsdrop.com/hotel/b-bmagichouse-cin-it003106c1ta3bsiy9-barengo,+39 393 050 1968
info@ilcorbezzolo.it,Il Corbezzolo,https://www.hotelsdrop.com/hotel/il-corbezzolo-baressa,+39 349 881 0537
beb.lafonte@gmail.com,B&B La Fonte,https://www.hotelsdrop.com/hotel/b-b-la-fonte-barete,+39 339 610 2931
genmar49@virgilio.it,Hotel Aquila noleggio e-bike,https://www.hotelsdrop.com/hotel/hotel-aquila-noleggio-e-bike-barete,+39 388 785 7337
info@ladimoradistefy.com,La Dimora di Stefy - Bed & Breakfast,https://www.hotelsdrop.com/hotel/la-dimora-di-stefy-bed-breakfast-barete,+39 377 452 6330
info@lefarinedelmaestro.it,Le Farine Del Maestro - Mulino di Riolitto e Cavalli F.,https://www.hotelsdrop.com/hotel/le-farine-del-maestro-mulino-di-riolitto-e-caval-barete,+39 345 042 6549
info@agriturismoicedri.it,Agriturismo I Cedri,https://www.hotelsdrop.com/hotel/agriturismo-i-cedri-barga,+39 348 224 9305
ljusenok@gmail.com,Agriturismo Puro,https://www.hotelsdrop.com/hotel/agriturismo-puro-barga,+39 388 573 1657
incastellogarfagnana@gmail.com,In Castello,https://www.hotelsdrop.com/hotel/in-castello-barga,+39 327 986 4538
julie@nelcielodibarga.com,Nel Cielo di Barga Bed & Breakfast,https://www.hotelsdrop.com/hotel/nel-cielo-di-barga-bed-breakfast-barga,+39 320 828 8021
cadeifre@live.it,B&B Cà dei Frè,https://www.hotelsdrop.com/hotel/b-b-ca-dei-fre-bargagli,+39 366 537 3707
liguriadventure@gmail.com,B&B Casa Bea,https://www.hotelsdrop.com/hotel/b-b-casa-bea-bargagli,+39 349 245 4794
accoglienza@collegioemiliani.it,Casa per ferie Collegio Emiliani,https://www.hotelsdrop.com/hotel/casa-per-ferie-collegio-emiliani-bargagli,+39 370 110 3606
danielaolivieri0@gmail.com,Il Maestro di Tourlach - Luxury room in the woods with two pools,https://www.hotelsdrop.com/hotel/il-maestro-di-tourlach-luxury-room-in-the-woods-bargagli,+39 347 293 8100
info@giardinodeisemplici.eu,B&B Il Giardino Dei Semplici,https://www.hotelsdrop.com/hotel/b-b-il-giardino-dei-semplici-barge,+39 347 761 7987
info@barbabertu.com,Barba Bertu Bed&Breakfast,https://www.hotelsdrop.com/hotel/barba-bertu-bed-breakfast-barge,+39 347 582 5566
info@lagemmadelgarda.it,B&B La Gemma,https://www.hotelsdrop.com/hotel/b-b-la-gemma-barghe,+39 339 145 3025
info@hotelateliergardoneriviera.it,Hotel Atelier Gardone Riviera & Beach,https://www.hotelsdrop.com/hotel/hotel-atelier-gardone-riviera-beach-barghe,+39 338 247 1602
info@barirooms.it,BARI ROOMS - Imbriani 15 - Best price guarantee,https://www.hotelsdrop.com/hotel/bari-rooms-imbriani-15-best-price-guarantee-bari,+39 347 497 6710
casarabari22@gmail.com,CasaRA,https://www.hotelsdrop.com/hotel/casara-bari,+39 371 528 2778
info@kibari.it,KiBari b&b,https://www.hotelsdrop.com/hotel/kibari-b-b-bari,+39 347 733 3308
garofalocosimo.gc@gmail.com,Villa Grace Luxury Apartaments,https://www.hotelsdrop.com/hotel/villa-grace-luxury-apartaments-bari,+39 334 134 0579
vivabaribb@gmail.com,Viva' bed & breakfast,https://www.hotelsdrop.com/hotel/viva-bed-breakfast-bari,+39 375 737 9026
info@sottolestellevacanze.com,Affittacamere B&B Sotto le Stelle,https://www.hotelsdrop.com/hotel/affittacamere-b-b-sotto-le-stelle-bari-sardo,+39 328 128 5107
info@agriturismochiaifrancesco.com,Agriturismo Chiai Francesco,https://www.hotelsdrop.com/hotel/agriturismo-chiai-francesco-bari-sardo,+39 349 571 4716
info@susolianu.it,Agriturismo Su Solianu,https://www.hotelsdrop.com/hotel/agriturismo-su-solianu-bari-sardo,+39 346 373 6093
info@campumoru.it,B&B Campu Moru,https://www.hotelsdrop.com/hotel/b-b-campu-moru-bari-sardo,+39 347 666 4835
info@hotelbajazzurra.com,Hotel Baja Azzurra,https://www.hotelsdrop.com/hotel/hotel-baja-azzurra-bari-sardo,+39 329 177 0132
info@hotelcardedu.com,Hotel Cardedu,https://www.hotelsdrop.com/hotel/hotel-cardedu-bari-sardo,+39 375 589 1509
primalunarooms@gmail.com,Prima Luna,https://www.hotelsdrop.com/hotel/prima-luna-bari-sardo,+39 379 203 0737
alessioarchettu@gmail.com,Residence Cort'E Accas,https://www.hotelsdrop.com/hotel/residence-cort-e-accas-bari-sardo,+39 328 931 6910
info@baiacea.com,Resort Baia Cea,https://www.hotelsdrop.com/hotel/resort-baia-cea-bari-sardo,+39 329 432 3689
campingtorredibarisardo@gmail.com,Sosta Camping Torre di Bari Sardo,https://www.hotelsdrop.com/hotel/sosta-camping-torre-di-bari-sardo-bari-sardo,+39 328 555 5848
info@corteroeli.it,Agriturismo Corte Roeli,https://www.hotelsdrop.com/hotel/agriturismo-corte-roeli-baricella,+39 352 097 1288
dolcevita303@gmail.com,B&B Dolce Vita,https://www.hotelsdrop.com/hotel/b-b-dolce-vita-baricella,+39 392 397 0668
info@housegardenloft.com,B&B House Garden Loft,https://www.hotelsdrop.com/hotel/b-b-house-garden-loft-baricella,+39 335 824 3717
info@bb-ilgiardino.it,bed and breakfast il giardino,https://www.hotelsdrop.com/hotel/bed-and-breakfast-il-giardino-baricella,+39 339 450 1441
info@casamorandi.com,Casa Morandi B&B,https://www.hotelsdrop.com/hotel/casa-morandi-b-b-baricella,+39 339 825 7977
info@ciccilia.it,Ciccilia B&B,https://www.hotelsdrop.com/hotel/ciccilia-b-b-baricella,+39 338 393 2580
brucomela@gmail.com,"""Zia Sisina"" - Dimora Storica",https://www.hotelsdrop.com/hotel/zia-sisina-dimora-storica-barile,+39 347 670 5078
vino@elated-themes.com,ALLEGROFRANCO B&B,https://www.hotelsdrop.com/hotel/allegrofranco-b-b-barile,+39 338 497 3154
info.villaulivi@gmail.com,Villa Ulivi - Bubble Glamping - B&B,https://www.hotelsdrop.com/hotel/villa-ulivi-bubble-glamping-b-b-barile,+39 331 930 5437
info@palazzolaloggia.it,B&B Palazzo la Loggia,https://www.hotelsdrop.com/hotel/b-b-palazzo-la-loggia-barisciano,+39 348 313 6682
support@centralstay.eu,Bed e Breakfast LA DOTE,https://www.hotelsdrop.com/hotel/bed-e-breakfast-la-dote-barisciano,+39 349 749 7106
camereaurroa@email.it,Complesso Turistico Aurora - camere & appartamenti,https://www.hotelsdrop.com/hotel/complesso-turistico-aurora-camere-appartamenti-barisciano,+39 328 835 2347
gransassoletiziabb@gmail.com,Gran Sasso Letizia B&B,https://www.hotelsdrop.com/hotel/gran-sasso-letizia-b-b-barisciano,+39 327 572 0600
info@labiforalelune.com,La Bifora e Le Lune,https://www.hotelsdrop.com/hotel/la-bifora-e-le-lune-barisciano,+39 347 724 2841
info@ilpiccologolf.it,"""IL PICCOLO GOLF"" - Foresteria Lombarda",https://www.hotelsdrop.com/hotel/il-piccolo-golf-foresteria-lombarda-barlassina,+39 335 618 5211
ettorevai@hotmail.com,B&B Elisa,https://www.hotelsdrop.com/hotel/b-b-elisa-barlassina,+39 327 431 8068
info@bbdenittis.com,B&B De Nittis - Meridia Collection,https://www.hotelsdrop.com/hotel/b-b-de-nittis-meridia-collection-barletta,+39 338 592 8577
info@ladisfidadibarletta.it,B&B La Disfida di Barletta,https://www.hotelsdrop.com/hotel/b-b-la-disfida-di-barletta-barletta,+39 388 444 0895
beblemuse@libero.it,B&b le muse,https://www.hotelsdrop.com/hotel/b-b-le-muse-barletta,+39 351 205 2537
info@saint-patrick.it,B&B Saint Patrick,https://www.hotelsdrop.com/hotel/b-b-saint-patrick-barletta,+39 345 284 2270
binario1rooms@gmail.com,Binario 1 Rooms | B&B a Barletta,https://www.hotelsdrop.com/hotel/binario-1-rooms-b-b-a-barletta-barletta,+39 338 480 9189
info@domatia.it,Domatia Bed and Breakfast,https://www.hotelsdrop.com/hotel/domatia-bed-and-breakfast-barletta,+39 388 099 1799
alcentrostorico@libero.it,Guest House Al Centro Storico,https://www.hotelsdrop.com/hotel/guest-house-al-centro-storico-barletta,+39 328 411 5076
lalunaeilsole@yahoo.com,La Luna e il Sole,https://www.hotelsdrop.com/hotel/la-luna-e-il-sole-barletta,+39 345 665 9718
info@bbliddo.it,Liddo Boutique Hotel Barletta,https://www.hotelsdrop.com/hotel/liddo-boutique-hotel-barletta-barletta,+39 347 549 8321
info@vinslounge.it,VinsLounge B&B Suite,https://www.hotelsdrop.com/hotel/vinslounge-b-b-suite-barletta,+39 347 591 6026
paiardilaura@gmail.com,B&B L'Erica,https://www.hotelsdrop.com/hotel/b-b-l-erica-barni,+39 338 666 2206
sibi71@alice.it,B&B SIBI,https://www.hotelsdrop.com/hotel/b-b-sibi-barni,+39 348 642 2947
hotel.mirabeau.bellagio@gmail.com,Hotel Mirabeau Bellagio,https://www.hotelsdrop.com/hotel/hotel-mirabeau-bellagio-barni,+39 347 051 8344
info@mammaciccia.it,Mamma Ciccia rooms & apartments,https://www.hotelsdrop.com/hotel/mamma-ciccia-rooms-apartments-barni,+39 371 338 9845
info@gioco-delloca.it,Agriturismo Il Gioco Dell'Oca,https://www.hotelsdrop.com/hotel/agriturismo-il-gioco-dell-oca-barolo,+39 338 599 9426
//info@lagiolitta.it,La Giolitta Accomodations di Daniela Vacca,https://www.hotelsdrop.com/hotel/la-giolitta-accomodations-di-daniela-vacca-barolo,+39 333 238 9220
info@green-guesthouse.it,The Green Guesthouse,https://www.hotelsdrop.com/hotel/the-green-guesthouse-barolo,+39 345 242 7676
info@torrebarolo.com,TorreBarolo,https://www.hotelsdrop.com/hotel/torrebarolo-barolo,+39 333 238 9220
hospitality@villacarlabarolo.it,Villa Carla Barolo,https://www.hotelsdrop.com/hotel/villa-carla-barolo-barolo,+39 331 905 1456
info@vineho.it,Vineho,https://www.hotelsdrop.com/hotel/vineho-barolo,+39 338 115 3103
info.poesiediviaggio@gmail.com,B&B Poesie di Viaggio,https://www.hotelsdrop.com/hotel/b-b-poesie-di-viaggio-barone-canavese,+39 370 325 2500
contact@alidelfalco.com,Le Ali del Falco,https://www.hotelsdrop.com/hotel/le-ali-del-falco-barone-canavese,+39 320 763 9244
info@villa-albaluce.it,Villa Albaluce,https://www.hotelsdrop.com/hotel/villa-albaluce-barone-canavese,+39 344 130 7055
fasgiu@gmail.com,B&B Gli Agrumi | Bed and Breakfast Salerno - Università,https://www.hotelsdrop.com/hotel/b-b-gli-agrumi-bed-and-breakfast-salerno-univers-baronissi,+39 347 238 0563
info@salernobb.com,B&B IL CAVALIERE,https://www.hotelsdrop.com/hotel/b-b-il-cavaliere-baronissi,+39 393 910 0645
info@beblacasettarossa.it,B&B La Casetta Rossa,https://www.hotelsdrop.com/hotel/b-b-la-casetta-rossa-baronissi,+39 391 755 7115
info@latintabedandbreakfast.it,B&B La Tinta,https://www.hotelsdrop.com/hotel/b-b-la-tinta-baronissi,+39 347 983 9954
%20michelaforino@gmail.com,B&B Michela,https://www.hotelsdrop.com/hotel/b-b-michela-baronissi,+39 328 115 6409
support@centralstay.eu,Mezzaluna Guest House,https://www.hotelsdrop.com/hotel/mezzaluna-guest-house-baronissi,+39 340 180 8765
info@salernobb.com,Salerno B&B,https://www.hotelsdrop.com/hotel/salerno-b-b-baronissi,+39 393 910 0645
support@centralstay.eu,Tree Luxury,https://www.hotelsdrop.com/hotel/tree-luxury-baronissi,+39 350 852 8012
borgofurma@gmail.com,Agriturismo Borgo Furma,https://www.hotelsdrop.com/hotel/agriturismo-borgo-furma-barrafranca,+39 338 138 0923
info@lafattoriadisanfrancesco.it,Agriturismo La Fattoria di San Francesco,https://www.hotelsdrop.com/hotel/agriturismo-la-fattoria-di-san-francesco-barrafranca,+39 327 978 2279
info@bbdantebarrafranca.it,B&B Dante,https://www.hotelsdrop.com/hotel/b-b-dante-barrafranca,+39 339 354 4726
info@camurriasicilianbb.it,Camurria Sicilian B&B,https://www.hotelsdrop.com/hotel/camurria-sicilian-b-b-barrafranca,+39 380 581 3336
info@bbquerciaeasino.it,La Quercia e l'Asino,https://www.hotelsdrop.com/hotel/la-quercia-e-l-asino-barrafranca,+39 328 682 0251
appartamentijil@gmail.com,Affitacamere JIL,https://www.hotelsdrop.com/hotel/affitacamere-jil-barrali,+39 327 799 5442
info@donnicalia.it,Donnicalia B&B - Bed & Bliss,https://www.hotelsdrop.com/hotel/donnicalia-b-b-bed-bliss-barrali,+39 379 298 3986
kaizenflats@gmail.com,4Flats in Orto Di Venanzio,https://www.hotelsdrop.com/hotel/4flats-in-orto-di-venanzio-barrea,+39 340 465 0850
ostelloelfi@gmail.com,Albergo Ostello dagli Elfi,https://www.hotelsdrop.com/hotel/albergo-ostello-dagli-elfi-barrea,+39 339 527 5982
info@ilrifugionelparco.it,B&B Il Rifugio Nel Parco,https://www.hotelsdrop.com/hotel/b-b-il-rifugio-nel-parco-barrea,+39 329 986 6250
info@hotel-holidays.it,Hotel Holidays,https://www.hotelsdrop.com/hotel/hotel-holidays-barrea,+39 331 302 7064
info@hotelverdeneve.com,Hotel Verdeneve,https://www.hotelsdrop.com/hotel/hotel-verdeneve-barrea,+39 353 322 6566
bedandbreakfastsustrintu@gmail.com,B&B Su Strintu,https://www.hotelsdrop.com/hotel/b-b-su-strintu-barumini,+39 347 042 9291
art.hotel@diecizero.com,Diecizero Inn Guesthouse,https://www.hotelsdrop.com/hotel/diecizero-inn-guesthouse-barumini,+39 348 798 6963
info@isperdas.it,"Is Perdas Agriturismo, Rural Retreat & Spa",https://www.hotelsdrop.com/hotel/is-perdas-agriturismo-rural-retreat-spa-barumini,+39 347 061 7836
oasi.laconi@gmail.com,Oasi Francescana Laconi,https://www.hotelsdrop.com/hotel/oasi-francescana-laconi-barumini,+39 331 739 3002
contatto@esempio.it,Sa Mola Experience,https://www.hotelsdrop.com/hotel/sa-mola-experience-barumini,+39 340 799 8409
redhousegarlate@gmail.com,Red House,https://www.hotelsdrop.com/hotel/red-house-barzago,+39 388 468 8761
info@casaatena.it,Casa ATENA,https://www.hotelsdrop.com/hotel/casa-atena-barzana,+39 353 385 4168
info@agriturismolapossa.it,Agriturismo La Possa,https://www.hotelsdrop.com/hotel/agriturismo-la-possa-barzan,+39 348 490 9834
info@lamasangiorgio.it,Masseria Agrituristica Lama San Giorgio,https://www.hotelsdrop.com/hotel/masseria-agrituristica-lama-san-giorgio-barzan,+39 348 334 2889
roccadibajedo@gmail.com,B&B Rocca di Bajedo,https://www.hotelsdrop.com/hotel/b-b-rocca-di-bajedo-barzio,+39 335 827 4497
info@villacavallier.it,B&B Villa Cavallier,https://www.hotelsdrop.com/hotel/b-b-villa-cavallier-barzio,+39 335 588 9332
clm@ariete87.it,Como's Lake Mountains,https://www.hotelsdrop.com/hotel/como-s-lake-mountains-barzio,+39 379 253 5749
info@bottondoro-valleimagna.it,Foresteria Botton d'oro,https://www.hotelsdrop.com/hotel/foresteria-botton-d-oro-barzio,+39 389 103 0096
info@garnilegrigne.it,Garni Le Grigne,https://www.hotelsdrop.com/hotel/garni-le-grigne-barzio,+39 350 183 3506
info@cantinasanmatteo.it,Agriturismo San Matteo,https://www.hotelsdrop.com/hotel/agriturismo-san-matteo-basaluzzo,+39 392 485 6319
ferriera8noviligure@gmail.com,Bed&Breakfast Ferriera 8,https://www.hotelsdrop.com/hotel/bed-breakfast-ferriera-8-basaluzzo,+39 338 891 1498
info@rozzanoaffittacamere.it,B&b Rozzano affittacamere,https://www.hotelsdrop.com/hotel/b-b-rozzano-affittacamere-bascap,+39 334 786 8860
info@milanguesthouse.it,Poste Regie - Milan Guest House,https://www.hotelsdrop.com/hotel/poste-regie-milan-guest-house-bascap,+39 340 839 7412
buriano@buriano.it,Agriturismo Buriano by Bellaluce,https://www.hotelsdrop.com/hotel/agriturismo-buriano-by-bellaluce-baschi,335 224 870
lecasetteumbria@gmail.com,Agriturismo Le Casette,https://www.hotelsdrop.com/hotel/agriturismo-le-casette-baschi,336 607 708
rapol@tiscali.it,B&B Dimora Paolina,https://www.hotelsdrop.com/hotel/b-b-dimora-paolina-baschi,+39 366 705 5465
info@casaleallago.com,Casale al lago,https://www.hotelsdrop.com/hotel/casale-al-lago-baschi,+39 347 013 1807
luigicappelloni@gmail.com,Il Borgo Affitacamere,https://www.hotelsdrop.com/hotel/il-borgo-affitacamere-baschi,+39 334 710 7448
info@palazzopistocchi.com,B&B letterario Palazzo Pistocchi,https://www.hotelsdrop.com/hotel/b-b-letterario-palazzo-pistocchi-basciano,+39 392 004 3188
lacasadigemmabnb@gmail.com,La Casa di Gemma B&B,https://www.hotelsdrop.com/hotel/la-casa-di-gemma-b-b-basciano,+39 348 380 9872
contact@globostay.com,La Villetta sul Mavone,https://www.hotelsdrop.com/hotel/la-villetta-sul-mavone-basciano,+39 320 071 2033
info@villalidiateramo.it,Villa Lidia Teramo B&B,https://www.hotelsdrop.com/hotel/villa-lidia-teramo-b-b-basciano,+39 347 698 7834
bike.bed.breakfast.millepini@gmail.com,Bike Bed & Breakfast Mille Pini,https://www.hotelsdrop.com/hotel/bike-bed-breakfast-mille-pini-baselga-di-pin,+39 320 060 3386
info@oasipianaromana.it,Casa Albergo Oasi Piana Romana,https://www.hotelsdrop.com/hotel/casa-albergo-oasi-piana-romana-baselice,+39 346 241 1654
info@laffresco.it,L'Affresco di Mobilia Massimo,https://www.hotelsdrop.com/hotel/l-affresco-di-mobilia-massimo-baselice,+39 333 312 1711
info@accoglientedimora.it,Accogliente Dimora,https://www.hotelsdrop.com/hotel/accogliente-dimora-basic,+39 342 153 7324
bebyinviaggio@gmail.com,b&b beby in viaggio,https://www.hotelsdrop.com/hotel/b-b-beby-in-viaggio-basic,+39 349 617 7560
info@bellavistamonopoli.it,B&B Bellavista,https://www.hotelsdrop.com/hotel/b-b-bellavista-basic,+39 349 617 1501
bbilcivico2@gmail.com,Bed and Breakfast Il Civico 2,https://www.hotelsdrop.com/hotel/bed-and-breakfast-il-civico-2-basic,+39 340 160 7584
info@agriturismolerisaie.it,Agriturismo Le Risaie,https://www.hotelsdrop.com/hotel/agriturismo-le-risaie-basiglio,+39 333 487 0785
info@bottondorobasiglio.com,B&B Botton d'Oro,https://www.hotelsdrop.com/hotel/b-b-botton-d-oro-basiglio,+39 373 783 4142
info@bbisalici.it,BB I Salici,https://www.hotelsdrop.com/hotel/bb-i-salici-basiglio,+39 388 948 6374
patyveronica07@gmail.com,B&B Villa mi Sueño,https://www.hotelsdrop.com/hotel/b-b-villa-mi-sueno-basiliano,+39 335 721 7896
2515info@italoeanna.com,Guest House Italo & Anna,https://www.hotelsdrop.com/hotel/guest-house-italo-anna-basiliano,+39 339 178 2515
info@hotelconcorde.ud.it,Hotel Concorde,https://www.hotelsdrop.com/hotel/hotel-concorde-basiliano,+39 338 412 3069
info@lablaverooms.it,La Blave Rooms,https://www.hotelsdrop.com/hotel/la-blave-rooms-basiliano,+39 350 073 9582
stopsleepudine@gmail.com,Sleep In Udine,https://www.hotelsdrop.com/hotel/sleep-in-udine-basiliano,+39 339 592 5869
info@nicolaruvioli.it,Franciacorta Executive Resort,https://www.hotelsdrop.com/hotel/franciacorta-executive-resort-bassano-bresciano,+39 338 936 9844
larosadeiventi@blserviziedili.it,La Rosa Dei Venti,https://www.hotelsdrop.com/hotel/la-rosa-dei-venti-bassano-bresciano,335 295 650
residenzaborgo@gmail.com,RESIDENZA BORGO MANERBIO,https://www.hotelsdrop.com/hotel/residenza-borgo-manerbio-bassano-bresciano,+39 338 196 6961
info@bacariabedandbreakfast.it,Bacaria,https://www.hotelsdrop.com/hotel/bacaria-bassano-del-grappa,+39 392 547 1730
giordanamilanibnb@gmail.co,Bed & Breakfast Rezzonico,https://www.hotelsdrop.com/hotel/bed-breakfast-rezzonico-bassano-del-grappa,+39 333 454 8510
info@cabaracca.it,Ca' Baracca & Bellavista,https://www.hotelsdrop.com/hotel/ca-baracca-bellavista-bassano-del-grappa,+39 349 571 8497
48bassano@gmail.com,CA' BASSANO Bed & Breakfast,https://www.hotelsdrop.com/hotel/ca-bassano-bed-breakfast-bassano-del-grappa,+39 347 005 1805
luca.rebe68@gmail.com,Le Betulle B&B,https://www.hotelsdrop.com/hotel/le-betulle-b-b-bassano-del-grappa,+39 348 005 1682
prenotazioni@ostellobassanodelgrappa.it,Ostello Bassano del Grappa,https://www.hotelsdrop.com/hotel/ostello-bassano-del-grappa-bassano-del-grappa,+39 331 157 6723
palazzettodieda@gmail.com,Palazzetto Dieda,https://www.hotelsdrop.com/hotel/palazzetto-dieda-bassano-del-grappa,+39 324 023 4694
info@laquercia-b-b.it,B&B La Quercia,https://www.hotelsdrop.com/hotel/b-b-la-quercia-bassano-in-teverina,+39 327 334 0255
info@isegretidelborgo.it,I Segreti Del Borgo,https://www.hotelsdrop.com/hotel/i-segreti-del-borgo-bassano-in-teverina,+39 393 499 8426
info@lortodihans.com,L' Orto di Hans - Bio Agriturismo,https://www.hotelsdrop.com/hotel/l-orto-di-hans-bio-agriturismo-bassano-in-teverina,+39 346 228 5770
ilfragolino@gmail.com,Agriturismo Il Fragolino,https://www.hotelsdrop.com/hotel/agriturismo-il-fragolino-bassano-romano,+39 327 456 6725
manuelaarcioni@tiscali.it,Casale Sant'Elia,https://www.hotelsdrop.com/hotel/casale-sant-elia-bassano-romano,+39 392 354 3510
info@cortesospesa.com,Corte Sospesa Guest House & Spa,https://www.hotelsdrop.com/hotel/corte-sospesa-guest-house-spa-bassano-romano,+39 351 751 6715
info@bnbpiazzaroma.it,B&B Piazza Roma,https://www.hotelsdrop.com/hotel/b-b-piazza-roma-bassiano,+39 340 778 7062
605a7baede844d278b89dc95ae0a9123@sentry-next.wixpress.com,Eco House San Michele,https://www.hotelsdrop.com/hotel/eco-house-san-michele-bassiano,+39 328 886 0921
hotelexcelsior@gruppoflamini.com,Hotel Excelsior,https://www.hotelsdrop.com/hotel/hotel-excelsior-bassiano,+39 377 529 7158
bbperbacco@tiscali.it,B&B Perbacco,https://www.hotelsdrop.com/hotel/b-b-perbacco-bassignana,+39 335 666 8354
big.sara@yahoo.it,La Casetta,https://www.hotelsdrop.com/hotel/la-casetta-bassignana,+39 328 657 6434
ilbriccodellaguardia@gmail.com,B&B Bricco della Guardia,https://www.hotelsdrop.com/hotel/b-b-bricco-della-guardia-bastia-mondov,+39 371 371 8773
briccofiore@gmail.com,B&B Bricco Fiore,https://www.hotelsdrop.com/hotel/b-b-bricco-fiore-bastia-mondov,+39 334 128 4983
info@torreinlanga.it,B&B Torre in Langa,https://www.hotelsdrop.com/hotel/b-b-torre-in-langa-bastia-mondov,+39 338 117 8637
info@vistalanghe.it,B&B Vista Sulle Langhe,https://www.hotelsdrop.com/hotel/b-b-vista-sulle-langhe-bastia-mondov,+39 349 857 0551
cadelmagu@gmail.com,ca' del magu,https://www.hotelsdrop.com/hotel/ca-del-magu-bastia-mondov,+39 327 386 9832
info@casacalleri.it,Casa Calleri,https://www.hotelsdrop.com/hotel/casa-calleri-bastia-mondov,+39 380 265 7976
iperticali@gmail.com\,I Perticali,https://www.hotelsdrop.com/hotel/i-perticali-bastia-mondov,+39 328 741 0079
info@laroccadicarru.com,La Rocca Residence,https://www.hotelsdrop.com/hotel/la-rocca-residence-bastia-mondov,+39 331 472 9381
info@cameremariella.it,B&B Camere Mariella,https://www.hotelsdrop.com/hotel/b-b-camere-mariella-bastia-umbra,+39 338 634 6091
info@camerelabasilica.it,Camere la Basilica,https://www.hotelsdrop.com/hotel/camere-la-basilica-bastia-umbra,+39 327 935 9465
info@hotelmomassisi.it,Hotel Mom - Fraz.S.M.degli Angeli,https://www.hotelsdrop.com/hotel/hotel-mom-fraz-s-m-degli-angeli-bastia-umbra,+39 333 369 9783
info@casaledellafornace.it,Il Casale della Fornace,https://www.hotelsdrop.com/hotel/il-casale-della-fornace-bastia-umbra,+39 338 269 3638
info@casapelizza.it,Agriturismo Casa Pelizza,https://www.hotelsdrop.com/hotel/agriturismo-casa-pelizza-bastida-pancarana,+39 346 402 0620
mail@gualdana.it,Agriturismo Corti della Gualdana,https://www.hotelsdrop.com/hotel/agriturismo-corti-della-gualdana-bastida-pancarana,+39 366 731 6089
prenota@lentiaffittacamere.it,Lenti Affittacamere,https://www.hotelsdrop.com/hotel/lenti-affittacamere-bastida-pancarana,+39 335 837 0356
info@cortetamellini.com,Agriturismo Corte Tamellini,https://www.hotelsdrop.com/hotel/agriturismo-corte-tamellini-bastiglia,+39 340 988 6489
info@ilcavicchio.it,Agriturismo Il Cavicchio,https://www.hotelsdrop.com/hotel/agriturismo-il-cavicchio-bastiglia,+39 352 053 6366
agriturismolabellis@gmail.com,Agriturismo La Bellis,https://www.hotelsdrop.com/hotel/agriturismo-la-bellis-bastiglia,+39 371 319 9863
info@lavoltadellerondini.it,Agriturismo La Volta delle Rondini,https://www.hotelsdrop.com/hotel/agriturismo-la-volta-delle-rondini-bastiglia,+39 331 217 3133
info@balsamicodop.it,Alloggio Cantalupo,https://www.hotelsdrop.com/hotel/alloggio-cantalupo-bastiglia,+39 335 842 5571
info@quattrol.eu,B&B Quattrol,https://www.hotelsdrop.com/hotel/b-b-quattrol-bastiglia,+39 348 590 4535
pariderebecchi@rgpsrl.it,B&B Real Pidkova,https://www.hotelsdrop.com/hotel/b-b-real-pidkova-bastiglia,+39 333 560 4646
info@ilterrazzosultramonto.it,Il terrazzo sul tramonto - Bastiglia (MO),https://www.hotelsdrop.com/hotel/il-terrazzo-sul-tramonto-bastiglia-mo-bastiglia,+39 345 436 1980
info@agriturismocortegialla.it,La Corte Gialla,https://www.hotelsdrop.com/hotel/la-corte-gialla-bastiglia,+39 379 139 9804
direzione@labotalla.it,Agriturismo LA BOTALLA,https://www.hotelsdrop.com/hotel/agriturismo-la-botalla-battifollo,+39 333 171 4232
info@ca-luna.it,CA' LUNA GUEST HOUSE,https://www.hotelsdrop.com/hotel/ca-luna-guest-house-battifollo,+39 348 703 7870
valearena.1985@libero.it,Villa Valentina B&B,https://www.hotelsdrop.com/hotel/villa-valentina-b-b-battifollo,+39 320 727 9029
info@lecomprese.it,Le comprese - B&B experience,https://www.hotelsdrop.com/hotel/le-comprese-b-b-experience-battipaglia,+39 324 816 4638
info@shamika.it,Shamika Luxury Rooms,https://www.hotelsdrop.com/hotel/shamika-luxury-rooms-battipaglia,+39 334 191 0222
bb.lacasetta@libero.it,"B&B "" La Casetta """,https://www.hotelsdrop.com/hotel/b-b-la-casetta-battuda,+39 346 689 5984
lacasa.gialla@libero.it,"Bed and Breakfast ""La casa gialla""",https://www.hotelsdrop.com/hotel/bed-and-breakfast-la-casa-gialla-baucina,+39 328 007 7683
info@sadomudesapalla.com,B&B Sa Domu de Palla,https://www.hotelsdrop.com/hotel/b-b-sa-domu-de-palla-bauladu,+39 349 363 3046
bedandclimbing@gmail.com,bedandclimbing,https://www.hotelsdrop.com/hotel/bedandclimbing-baunei,+39 340 837 2642
support@centralstay.eu,Drommire In Plassa E Clesia,https://www.hotelsdrop.com/hotel/drommire-in-plassa-e-clesia-baunei,+39 328 459 0832
elunebb@gmail.com,Elune B&B,https://www.hotelsdrop.com/hotel/elune-b-b-baunei,+39 328 088 0716
info@coopgoloritze.com,Goloritzè Room and Breakfast,https://www.hotelsdrop.com/hotel/goloritze-room-and-breakfast-baunei,+39 379 281 2472
info@hotelplammas.com,Hotel Plammas,https://www.hotelsdrop.com/hotel/hotel-plammas-baunei,+39 379 292 4881
monteforru@gmail.com,Monte Forru Bedrooms,https://www.hotelsdrop.com/hotel/monte-forru-bedrooms-baunei,+39 340 490 1825
viaromabaunei@gmail.com,Via Roma Charming Rooms,https://www.hotelsdrop.com/hotel/via-roma-charming-rooms-baunei,+39 329 918 4403
bbvillaoriana@gmail.com,B&B Ori Villa Oriana,https://www.hotelsdrop.com/hotel/b-b-ori-villa-oriana-baveno,+39 347 484 4122
info@hotelroyalstresa.com,Hotel Royal Stresa,https://www.hotelsdrop.com/hotel/hotel-royal-stresa-baveno,+39 327 779 7813
info@locandanelia.com,Locanda Nelia,https://www.hotelsdrop.com/hotel/locanda-nelia-baveno,+39 349 171 0464
info@villavalesca.com,Villa Valesca,https://www.hotelsdrop.com/hotel/villa-valesca-baveno,+39 340 089 2845
indirizzo@email.com,B&B Dolci Ricordi Cunardo,https://www.hotelsdrop.com/hotel/b-b-dolci-ricordi-cunardo-bedero-valcuvia,+39 331 567 3015
info@stampa1968.com,Stampa 1968 Hotel e Ristorante,https://www.hotelsdrop.com/hotel/stampa-1968-hotel-e-ristorante-bedero-valcuvia,+39 342 510 3748
info@bb-imelograni.com,B&B I Melograni,https://www.hotelsdrop.com/hotel/b-b-i-melograni-bedizzole,+39 340 520 9386
danielapea@virgilio.it,Cornelia,https://www.hotelsdrop.com/hotel/cornelia-bedizzole,+39 338 965 6966
info@lalocandadigeppetto.it,B&B La Locanda di Geppetto,https://www.hotelsdrop.com/hotel/b-b-la-locanda-di-geppetto-bedollo,+39 339 185 3261
info@lemolinarehomerelax.it,B&B Le Molinare Home Relax,https://www.hotelsdrop.com/hotel/b-b-le-molinare-home-relax-bedollo,+39 366 260 2396
g.salurn@gmail.com,Gasthof Salurn,https://www.hotelsdrop.com/hotel/gasthof-salurn-bedollo,+39 339 107 0921
info@relaisdolomiti.it,Relais Dolomiti,https://www.hotelsdrop.com/hotel/relais-dolomiti-bedollo,+39 339 126 5195
info@cacigolara.it,Agriturismo Agricampeggio Società Agricola Cacigolara,https://www.hotelsdrop.com/hotel/agriturismo-agricampeggio-societa-agricola-cacig-bedonia,+39 320 272 3447
villatreangeli@gmail.com,Villa Tre Angeli,https://www.hotelsdrop.com/hotel/villa-tre-angeli-bedonia,+39 329 722 0190
info@hotelristoranteposta.it,ALBERGHI PER ANZIANI ROTA D'IMAGNA HOTEL POSTA,https://www.hotelsdrop.com/hotel/alberghi-per-anziani-rota-d-imagna-hotel-posta-bedulita,+39 331 284 6718
ducasguesthouse@gmail.com,Duca's Guest House,https://www.hotelsdrop.com/hotel/duca-s-guest-house-beinasco,+39 366 431 1696
info@stayly.it,Turin Metro Young - Hostel,https://www.hotelsdrop.com/hotel/turin-metro-young-hostel-beinasco,+39 342 800 8390
info@santinoshouse.it,Affittacamere Santino's house - CIN: IT004163B4IOUF7XOX,https://www.hotelsdrop.com/hotel/affittacamere-santino-s-house-cin-it004163b4iouf-beinette,+39 348 414 2235
allaborgata@gmail.com,B&B Alla Borgata,https://www.hotelsdrop.com/hotel/b-b-alla-borgata-beinette,+39 328 225 8650
info@anticheradici.com,B&B antiche radici,https://www.hotelsdrop.com/hotel/b-b-antiche-radici-beinette,+39 333 299 1407
labisimauda@libero.it,B&B La Bisimauda,https://www.hotelsdrop.com/hotel/b-b-la-bisimauda-beinette,+39 347 847 2721
info@lacasaarancione.it,B&B La Casa Arancione - Camere & Charme CIN IT004028C2S6F8UZHQ,https://www.hotelsdrop.com/hotel/b-b-la-casa-arancione-camere-charme-cin-it004028-beinette,+39 351 840 5552
info@virgulabb.it,B&B Virgula,https://www.hotelsdrop.com/hotel/b-b-virgula-beinette,+39 391 148 9460
info@cuneoguesthouse.it,Cuneo Guest House,https://www.hotelsdrop.com/hotel/cuneo-guest-house-beinette,+39 380 212 7925
bbfontanagiulia@gmail.com,B&B FONTANA GIULIA,https://www.hotelsdrop.com/hotel/b-b-fontana-giulia-belcastro,+39 347 913 6503
info@aziendailmelograno.it,Agriturismo Il Melograno,https://www.hotelsdrop.com/hotel/agriturismo-il-melograno-belfiore,+39 349 295 2653
info@anticocasalebergamini.com,Antico Casale Bergamini,https://www.hotelsdrop.com/hotel/antico-casale-bergamini-belfiore,+39 392 878 7404
info@cabetania.nl,Agriturismo Ca'Betania,https://www.hotelsdrop.com/hotel/agriturismo-ca-betania-belforte-all-isauro,+39 389 214 4278
info@la-pace.it,"B&B ""La Pace""",https://www.hotelsdrop.com/hotel/b-b-la-pace-belforte-all-isauro,+39 338 128 0770
info@lagrottadeifolletti.it,La Grotta dei Folletti,https://www.hotelsdrop.com/hotel/la-grotta-dei-folletti-belforte-all-isauro,+39 349 759 1123
info@palazzosantinelli.it,Palazzo Santinelli B&b,https://www.hotelsdrop.com/hotel/palazzo-santinelli-b-b-belforte-all-isauro,+39 348 951 1116
utente@dominio.com,Agriturismo Colle Casini Cortesi,https://www.hotelsdrop.com/hotel/agriturismo-colle-casini-cortesi-belforte-del-chienti,+39 327 292 0947
info@azzurrodivallepietra.it,Azzurro di Vallepietra,https://www.hotelsdrop.com/hotel/azzurro-di-vallepietra-belforte-del-chienti,+39 334 956 6477
info@coroncina.it,Coroncina Country Relais,https://www.hotelsdrop.com/hotel/coroncina-country-relais-belforte-del-chienti,+39 366 923 8075
info@lincantodeisibillini.com,Country House L'Incanto dei Sibillini,https://www.hotelsdrop.com/hotel/country-house-l-incanto-dei-sibillini-belforte-del-chienti,+39 378 069 7486
info@il-villino.com,Il Villino Bed & Breakfast,https://www.hotelsdrop.com/hotel/il-villino-bed-breakfast-belforte-del-chienti,+39 333 524 0905
prenotazioni@osteriadeibinelli.it,Agriturismo Cascina Binelli,https://www.hotelsdrop.com/hotel/agriturismo-cascina-binelli-belforte-monferrato,+39 338 639 2189
info@paitin.it,Agriturismo Paitin,https://www.hotelsdrop.com/hotel/agriturismo-paitin-belforte-monferrato,+39 345 260 6812
info@ladiligenzabb.it,B&B La Diligenza,https://www.hotelsdrop.com/hotel/b-b-la-diligenza-belforte-monferrato,+39 348 750 0498
info@cascinagiardini.it,Cascina Giardini B&B,https://www.hotelsdrop.com/hotel/cascina-giardini-b-b-belforte-monferrato,+39 338 965 4528
ladimoradibcairoli@gmail.com,La Dimora di B. Cairoli,https://www.hotelsdrop.com/hotel/la-dimora-di-b-cairoli-belforte-monferrato,+39 349 265 3300
info@relaischiarene.it,Relais Chiarene,https://www.hotelsdrop.com/hotel/relais-chiarene-belforte-monferrato,+39 338 533 0959
remo.bolner@gmail.com,Villa Belforte,https://www.hotelsdrop.com/hotel/villa-belforte-belforte-monferrato,+39 335 744 4848
info@vitaedilanga.it,Vitae di Langa - Agriturismo,https://www.hotelsdrop.com/hotel/vitae-di-langa-agriturismo-belforte-monferrato,+39 368 700 0524
info@bbcastellani.it,B&B Castellani,https://www.hotelsdrop.com/hotel/b-b-castellani-belgioioso,+39 347 988 3585
ilfollettodellago@gmail.com,"B&B "" Il Folletto del Lago """,https://www.hotelsdrop.com/hotel/b-b-il-folletto-del-lago-belgirate,+39 392 570 0611
bebilcappellaiodierika@gmail.com,B&B Il Cappellaio di Erika,https://www.hotelsdrop.com/hotel/b-b-il-cappellaio-di-erika-belgirate,+39 334 871 7234
laciliegiabiancabb@gmail.com,B&B La Ciliegia Bianca,https://www.hotelsdrop.com/hotel/b-b-la-ciliegia-bianca-belgirate,+39 347 431 6228
b.b.torrelara@hotmail.it,Bed & Breakfast Torre Lara,https://www.hotelsdrop.com/hotel/bed-breakfast-torre-lara-belgirate,+39 329 178 9704
info@heavenlylagomaggiore.com,Heavenly Lago Maggiore – Casa Vacanze,https://www.hotelsdrop.com/hotel/heavenly-lago-maggiore-casa-vacanze-belgirate,+39 328 038 0361
orchidslago@gmail.com,Le Orchidee del Lago Maggiore - La Ghirlandina B&B,https://www.hotelsdrop.com/hotel/le-orchidee-del-lago-maggiore-la-ghirlandina-b-b-belgirate,+39 340 514 9139
info@bellabasilicata.it,Bed & Breakfast Bella Basilicata,https://www.hotelsdrop.com/hotel/bed-breakfast-bella-basilicata-bella,+39 320 021 5198
giglio.doro@tiscali.it,Locanda al Giglio d' Oro,https://www.hotelsdrop.com/hotel/locanda-al-giglio-d-oro-bella,+39 388 619 6389
nonnafelicia.pz@gmail.com,Nonna Felicia B&B,https://www.hotelsdrop.com/hotel/nonna-felicia-b-b-bella,+39 351 771 6234
ilcolle@bellagioitaly.holiday,Agriturismo Il Colle Bellagio,https://www.hotelsdrop.com/hotel/agriturismo-il-colle-bellagio-bellagio,+39 380 265 1164
info@aquaecobellagio.com,Aqua&co,https://www.hotelsdrop.com/hotel/aqua-co-bellagio,+39 335 676 9080
info@casalarosa.it,B&B Villa la Rosa,https://www.hotelsdrop.com/hotel/b-b-villa-la-rosa-bellagio,+39 348 313 5353
info@bellagiobedandbreakfast.com,Bellagio Bed and Breakfast,https://www.hotelsdrop.com/hotel/bellagio-bed-and-breakfast-bellagio,+39 335 522 7007
casalumacalagodicomo@gmail.com,Casa Lumaca B&B di Charme,https://www.hotelsdrop.com/hotel/casa-lumaca-b-b-di-charme-bellagio,+39 347 212 2197
info@glampingbellagio.com,Luxury Lodges,https://www.hotelsdrop.com/hotel/luxury-lodges-bellagio,+39 347 113 3004
info@theiconiclodge.com,The Iconic Lodge,https://www.hotelsdrop.com/hotel/the-iconic-lodge-bellagio,+39 333 294 4877
info@bebvicoloagliorti.it,B&B Il Vicolo agli Orti,https://www.hotelsdrop.com/hotel/b-b-il-vicolo-agli-orti-bellano,+39 351 350 4180
info@hotelilportichetto.com,Hotel Il Portichetto,https://www.hotelsdrop.com/hotel/hotel-il-portichetto-bellano,+39 347 905 6030
info@hotellauro.com,Hotel Lauro,https://www.hotelsdrop.com/hotel/hotel-lauro-bellano,+39 348 264 6726
villavistalagobellano@gmail.com,Il Pontile Historic Center with AC by villavistalago Bellano,https://www.hotelsdrop.com/hotel/il-pontile-historic-center-with-ac-by-villavista-bellano,+39 338 224 2548
info@bbcstone.com,La Casa Sul Sasso B&B and apartments,https://www.hotelsdrop.com/hotel/la-casa-sul-sasso-b-b-and-apartments-bellano,+39 342 141 7244
info@valledeimulinilakecomo.it,Valle dei Mulini Rent Room&Apartments,https://www.hotelsdrop.com/hotel/valle-dei-mulini-rent-room-apartments-bellano,+39 340 621 9962
info@villamarinabellano.com,Villa Marina,https://www.hotelsdrop.com/hotel/villa-marina-bellano,+39 340 744 3091
assy.81@hotmail.it,B&B Al Vicoletto,https://www.hotelsdrop.com/hotel/b-b-al-vicoletto-bellante,+39 333 767 0524
info@casaledeicilieg.it,Casale dei Ciliegi,https://www.hotelsdrop.com/hotel/casale-dei-ciliegi-bellante,+39 335 740 6495
mirko@dimoramorello.com,Dimora Morello,https://www.hotelsdrop.com/hotel/dimora-morello-bellante,+39 328 225 3829
info@agriturismoilcasolare.com,Il Casolare,https://www.hotelsdrop.com/hotel/il-casolare-bellante,+39 338 203 0908
info@villafloriana.com,Villa Floriana,https://www.hotelsdrop.com/hotel/villa-floriana-bellante,+39 328 801 5688
villamonacoinformation@gmail.com,Villa Monaco,https://www.hotelsdrop.com/hotel/villa-monaco-bellante,+39 389 826 5358
info@hotelteti.info,Hotel Teti | Igea Marina - Bellaria,https://www.hotelsdrop.com/hotel/hotel-teti-igea-marina-bellaria-bellaria-igea-marina,+39 392 190 6113
info@freehtml5.co,Agriturismo Lou Saret,https://www.hotelsdrop.com/hotel/agriturismo-lou-saret-bellino,+39 347 975 3899
info@laguiette.it,B&B La Guiette,https://www.hotelsdrop.com/hotel/b-b-la-guiette-bellino,+39 347 123 7764
locandadielva@gmail.com,La Locanda di Elva,https://www.hotelsdrop.com/hotel/la-locanda-di-elva-bellino,+39 379 237 4383
info@lecolonneresort.it,Le Colonne Resort,https://www.hotelsdrop.com/hotel/le-colonne-resort-bellino,+39 375 625 9675
lamisundeciafre@gmail.com,Locanda Alboin La Misun de Ciafrè,https://www.hotelsdrop.com/hotel/locanda-alboin-la-misun-de-ciafre-bellino,+39 338 122 7622
info@locandadelsilenzio.com,Locanda Del Silenzio S.a.s.,https://www.hotelsdrop.com/hotel/locanda-del-silenzio-s-a-s-bellino,+39 348 513 6952
info@lapeirogroso.com,Locanda La Peiro Groso,https://www.hotelsdrop.com/hotel/locanda-la-peiro-groso-bellino,+39 371 320 3301
lousubric@gmail.com,Locanda Lou Subric Osteria e Camere,https://www.hotelsdrop.com/hotel/locanda-lou-subric-osteria-e-camere-bellino,+39 320 119 6687
lecameredialadino@gmail.com,B&B Le camere di Aladino,https://www.hotelsdrop.com/hotel/b-b-le-camere-di-aladino-bellinzago-lombardo,+39 340 463 4775
agri.camisi@gmail.com,CAMISI QH,https://www.hotelsdrop.com/hotel/camisi-qh-bellinzago-lombardo,+39 334 988 5470
lalocandadellatorre@gmail.com,La locanda della Torre,https://www.hotelsdrop.com/hotel/la-locanda-della-torre-bellinzago-lombardo,+39 349 458 1612
lafarazzina@gmail.com,"Agriturismo ""La Farazzina""",https://www.hotelsdrop.com/hotel/agriturismo-la-farazzina-bellinzago-novarese,+39 339 478 7815
lavillettasalerno@gmail.com,B&B La Villetta Salerno Airport,https://www.hotelsdrop.com/hotel/b-b-la-villetta-salerno-airport-bellizzi,+39 351 964 0511
bebvillanapolibattipaglia@gmail.com,B&B Villa Napoli,https://www.hotelsdrop.com/hotel/b-b-villa-napoli-bellizzi,+39 333 100 9469
info@bebtoctoc.it,Toc Toc Bed & Breakfast Pontecagnano,https://www.hotelsdrop.com/hotel/toc-toc-bed-breakfast-pontecagnano-bellizzi,+39 388 309 1745
support@centralstay.eu,B&B White One,https://www.hotelsdrop.com/hotel/b-b-white-one-bellona,+39 379 249 9740
info@sottolestelledicapua.it,Sotto le stelle di capua B&B,https://www.hotelsdrop.com/hotel/sotto-le-stelle-di-capua-b-b-bellona,335 232 965
info@liguira.it,Agriturismo Li Guira,https://www.hotelsdrop.com/hotel/agriturismo-li-guira-bellosguardo,+39 320 146 4485
info@bnbantonellacilento.it,B&B Antonella,https://www.hotelsdrop.com/hotel/b-b-antonella-bellosguardo,+39 338 401 1751
agriturismocasadebertoldi@gmail.com,Casa de Bertoldi - Agriturismo,https://www.hotelsdrop.com/hotel/casa-de-bertoldi-agriturismo-belluno,+39 393 316 2399
daru1964@libero.it,Dolomiti Suite,https://www.hotelsdrop.com/hotel/dolomiti-suite-belluno,+39 335 843 3097
dolomiti.nice1@gmail.com,DolomitiNice1,https://www.hotelsdrop.com/hotel/dolomitinice1-belluno,+39 351 648 2755
info@dormirecaldi.it,DORMIRE CALDI Affittacamere,https://www.hotelsdrop.com/hotel/dormire-caldi-affittacamere-belluno,+39 389 103 7177
info@latieda.it,La Tieda - locazione turistica,https://www.hotelsdrop.com/hotel/la-tieda-locazione-turistica-belluno,+39 349 545 8827
fra.alba79@libero.it,A Taverna Intru u Vicu,https://www.hotelsdrop.com/hotel/a-taverna-intru-u-vicu-belmonte-calabro,+39 348 518 7612
booking@flautomagicobelmonte.it,Il Flauto Magico B&B,https://www.hotelsdrop.com/hotel/il-flauto-magico-b-b-belmonte-calabro,+39 335 673 7117
info@villalepalmelongobardi.it,Villa le Palme Longobardi,https://www.hotelsdrop.com/hotel/villa-le-palme-longobardi-belmonte-calabro,+39 327 622 9553
casavillamaria04@gmail.com,Villa Maria B&B,https://www.hotelsdrop.com/hotel/villa-maria-b-b-belmonte-calabro,+39 340 054 6434
roberta.ricasoli@erbadoro.com,Agriturismo di charme erbadoro,https://www.hotelsdrop.com/hotel/agriturismo-di-charme-erbadoro-belmonte-castello,+39 392 468 4271
lacaruscia@gmail.com,Bed&Breakfast La Caruscia,https://www.hotelsdrop.com/hotel/bed-breakfast-la-caruscia-belmonte-del-sannio,+39 331 216 2889
info@stagheaddesigns.com,Hotel Lo Smeraldo | Sala Ricevimenti,https://www.hotelsdrop.com/hotel/hotel-lo-smeraldo-sala-ricevimenti-belmonte-del-sannio,+39 333 618 2267
info@palazzodellacitta.it,Palazzo Della Città,https://www.hotelsdrop.com/hotel/palazzo-della-citta-belmonte-del-sannio,+39 328 083 7306
info@casolarebrindavan.com,Brindavan Country House,https://www.hotelsdrop.com/hotel/brindavan-country-house-belmonte-in-sabina,+39 339 764 1107
info@bbangolo83.com,B&B Angolo83,https://www.hotelsdrop.com/hotel/b-b-angolo83-belmonte-mezzagno,+39 327 898 9247
lefuoriserieappartamenti@gmail.com,Casa Vacanza Monviso LeFuoriserieAppartamenti,https://www.hotelsdrop.com/hotel/casa-vacanza-monviso-lefuoriserieappartamenti-belmonte-mezzagno,+39 350 510 8301
prenotazioni@altheaetnagarden.it,B&B - Althea Etna Garden,https://www.hotelsdrop.com/hotel/b-b-althea-etna-garden-belpasso,+39 328 142 5566
bcens100@gmail.com,B&B BcenS la città delle 100 sculture,https://www.hotelsdrop.com/hotel/b-b-bcens-la-citta-delle-100-sculture-belpasso,+39 348 883 1505
booking@laportadelletna.it,B&B La Porta dell'Etna,https://www.hotelsdrop.com/hotel/b-b-la-porta-dell-etna-belpasso,+39 347 559 4542
info@bblarenarossanicolosi.com,B&B La Rena Rossa,https://www.hotelsdrop.com/hotel/b-b-la-rena-rossa-belpasso,+39 347 764 0452
info@bebprimaclasse.it,B&B PRIMACLASSE,https://www.hotelsdrop.com/hotel/b-b-primaclasse-belpasso,+39 338 651 8191
etnapetitrelais@gmail.com,Etna Petit Relais,https://www.hotelsdrop.com/hotel/etna-petit-relais-belpasso,+39 338 502 1292
bebkarte@gmail.com,Kartè,https://www.hotelsdrop.com/hotel/karte-belpasso,+39 340 895 9299
info.boutiquesuites@gmail.com,Boutique Suites - Palazzo Crati 1800,https://www.hotelsdrop.com/hotel/boutique-suites-palazzo-crati-1800-belsito,+39 351 446 7971
info@casadifiore.it,B&B Casa di Fiore,https://www.hotelsdrop.com/hotel/b-b-casa-di-fiore-belvedere-di-spinello,+39 379 247 1736
oasidelpoetakr@gmail.com,L'Oasi del Poeta,https://www.hotelsdrop.com/hotel/l-oasi-del-poeta-belvedere-di-spinello,+39 350 141 9029
info@poggiodelleginestre.com,B&B POGGIO DELLE GINESTRE,https://www.hotelsdrop.com/hotel/b-b-poggio-delle-ginestre-belvedere-langhe,+39 339 231 6099
605a7baede844d278b89dc95ae0a9123@sentry-next.wixpress.com,Belvedere Affittacamere,https://www.hotelsdrop.com/hotel/belvedere-affittacamere-belvedere-langhe-2,+39 324 584 6914
bbcascinagrattinera@gmail.com,Cascina Grattinera B&B,https://www.hotelsdrop.com/hotel/cascina-grattinera-b-b-belvedere-langhe,+39 333 348 3095
latanamurazzano@gmail.com,La Tana dello Scoiattolo CIR 004245beb00002 CIN IT004145C1JLAW3JYF,https://www.hotelsdrop.com/hotel/la-tana-dello-scoiattolo-cir-004245beb00002-cin-belvedere-langhe,+39 347 141 8665
info@tenutamonteoliveto.it,Tenuta MonteOliveto - Agriturismo nelle Langhe,https://www.hotelsdrop.com/hotel/tenuta-monteoliveto-agriturismo-nelle-langhe-belvedere-langhe,+39 338 996 6821
support@centralstay.eu,B&B Crispino,https://www.hotelsdrop.com/hotel/b-b-crispino-belvedere-marittimo,+39 351 827 3097
support@centralstay.eu,Ely Sea B&B,https://www.hotelsdrop.com/hotel/ely-sea-b-b-belvedere-marittimo,+39 333 695 0333
prenotazioni@larisaccarelais.com,La Risacca Relais,https://www.hotelsdrop.com/hotel/la-risacca-relais-belvedere-marittimo,+39 338 706 7114
whiteclubresidence@gmail.com,White Club Residence,https://www.hotelsdrop.com/hotel/white-club-residence-belvedere-marittimo,+39 347 156 1885
info@tenutabelvedere.eu,AgriturismoTenuta Belvedere,https://www.hotelsdrop.com/hotel/agriturismotenuta-belvedere-belvedere-ostrense,+39 339 779 3725
apisintabula@gmail.com,Apis in tabula,https://www.hotelsdrop.com/hotel/apis-in-tabula-belvedere-ostrense,+39 339 545 4254
info@casalimarchigiani.com,Casa della Musica - Casali Marchigiani,https://www.hotelsdrop.com/hotel/casa-della-musica-casali-marchigiani-belvedere-ostrense,+39 349 617 4953
lacollinadeicavalieri@gmail.it,La Collina dei Cavalieri,https://www.hotelsdrop.com/hotel/la-collina-dei-cavalieri-belvedere-ostrense,+39 393 826 7755
juliagilmour22@gmail.com,Casa Del Roseto,https://www.hotelsdrop.com/hotel/casa-del-roseto-belveglio,+39 347 503 5633
info@cascinareggio.it,Cascina REGGIO,https://www.hotelsdrop.com/hotel/cascina-reggio-belveglio,+39 329 876 8916
corteprenotazioni@gmail.com,Corte dell'uva holiday apartments,https://www.hotelsdrop.com/hotel/corte-dell-uva-holiday-apartments-belveglio,+39 338 751 7285
info@ottoquadri.it,OttoQuadri,https://www.hotelsdrop.com/hotel/ottoquadri-belveglio,+39 347 210 7592
u00a0info@agriturismoeco.it,Agriturismo l'Eco,https://www.hotelsdrop.com/hotel/agriturismo-l-eco-bema,+39 346 004 5546
info@volpegolosa.com,Agriturismo Volpe Golosa,https://www.hotelsdrop.com/hotel/agriturismo-volpe-golosa-bema,+39 329 662 1831
605a7baede844d278b89dc95ae0a9123@sentry-next.wixpress.com,B&B Portobello,https://www.hotelsdrop.com/hotel/b-b-portobello-bema,+39 348 552 4150
anna.dellorto@hotmail.it,B&B A Casa di Anna,https://www.hotelsdrop.com/hotel/b-b-a-casa-di-anna-bene-lario,+39 328 053 4643
info@bbsullago.com,Foresteria BB Sul Lago,https://www.hotelsdrop.com/hotel/foresteria-bb-sul-lago-bene-lario,+39 366 494 3410
info@hotelloveno.com,Hotel Loveno 2 stars,https://www.hotelsdrop.com/hotel/hotel-loveno-2-stars-bene-lario,+39 331 282 7882
valterservetti@gmail.com,Antica Dimora Gallo Basteris,https://www.hotelsdrop.com/hotel/antica-dimora-gallo-basteris-bene-vagienna,+39 335 535 3126
amolelanghe@gmail.com,B&B Amò le Langhe,https://www.hotelsdrop.com/hotel/b-b-amo-le-langhe-bene-vagienna,+39 347 313 1544
bene.breakfast@gmail.com,B&b Bene&breakfast,https://www.hotelsdrop.com/hotel/b-b-bene-breakfast-bene-vagienna,+39 340 460 3139
chiara.cavallero70@gmail.com,B&B Ca' Rino,https://www.hotelsdrop.com/hotel/b-b-ca-rino-bene-vagienna,+39 338 473 6824
cadelviaggiatore@gmail.com,Ca' del Viaggiatore,https://www.hotelsdrop.com/hotel/ca-del-viaggiatore-bene-vagienna,+39 345 071 9283
info@cascinabelmonte.com,Cascina Belmonte B&B,https://www.hotelsdrop.com/hotel/cascina-belmonte-b-b-bene-vagienna,+39 334 269 7909
postmaster@pec.cortilegancia.it,Cortile Gancia Sweet House,https://www.hotelsdrop.com/hotel/cortile-gancia-sweet-house-bene-vagienna,+39 339 693 9110
info@lavignadelmaestro.com,La Vigna Del Maestro,https://www.hotelsdrop.com/hotel/la-vigna-del-maestro-bene-vagienna,+39 338 713 5668
info@carrales.it,Carrales Guest•House,https://www.hotelsdrop.com/hotel/carrales-guest-house-benetutti,+39 392 200 3210
info@peoniabianca.it,Domo Peonia Bianca,https://www.hotelsdrop.com/hotel/domo-peonia-bianca-benetutti,+39 370 131 1000
bookings@sacorte.it,Locanda Tipica Sa Corte,https://www.hotelsdrop.com/hotel/locanda-tipica-sa-corte-benetutti,+39 347 263 3784
info@pagheexperience.it,Paghe Eco Luxury Experience,https://www.hotelsdrop.com/hotel/paghe-eco-luxury-experience-benetutti,+39 340 560 8616
info@lestanzedellamusica.com,B&B Le Stanze della Musica,https://www.hotelsdrop.com/hotel/b-b-le-stanze-della-musica-benevello,+39 347 717 5496
info@casaremussi.it,Casa Remussi,https://www.hotelsdrop.com/hotel/casa-remussi-benevello,+39 339 104 3861
info@lasismonda.it,La Sismonda B&B,https://www.hotelsdrop.com/hotel/la-sismonda-b-b-benevello,+39 334 913 3098
info@locandasanlorenzo.eu,Locanda San Lorenzo,https://www.hotelsdrop.com/hotel/locanda-san-lorenzo-benevello,+39 347 848 1138
info@moncrivelrooms.it,Moncrivel Rooms & Relax,https://www.hotelsdrop.com/hotel/moncrivel-rooms-relax-benevello,+39 339 813 3280
info@domustraiani.it,B&B Domus Traiani,https://www.hotelsdrop.com/hotel/b-b-domus-traiani-benevento,+39 347 562 1812
info@hotelanticheterme.com,Hotel Antiche Terme,https://www.hotelsdrop.com/hotel/hotel-antiche-terme-benevento,+39 379 262 0423
contact@globostay.com,Palazzo dei Catenielli 63 B&B,https://www.hotelsdrop.com/hotel/palazzo-dei-catenielli-63-b-b-benevento,+39 389 502 7460
info@unafranca.it,Affittacamere con Camere di Charme,https://www.hotelsdrop.com/hotel/affittacamere-con-camere-di-charme-benna,+39 348 905 1902
alpacabiella@gmail.com,B&B Alpaca Biella,https://www.hotelsdrop.com/hotel/b-b-alpaca-biella-benna,+39 339 157 4753
cascinabelsito@gmail.com,b&b Cascina Belsito Guest House,https://www.hotelsdrop.com/hotel/b-b-cascina-belsito-guest-house-benna,+39 389 101 3269
info@bebilglicine.com,B&B Il Glicine,https://www.hotelsdrop.com/hotel/b-b-il-glicine-benna,+39 347 362 3900
info@villaluisabb.it,B&B Villa Luisa,https://www.hotelsdrop.com/hotel/b-b-villa-luisa-benna,+39 380 524 7010
bbvillabotto@gmail.com,Bed and Breakfast Villa Botto,https://www.hotelsdrop.com/hotel/bed-and-breakfast-villa-botto-benna,+39 366 807 0546
bentivogliobeb@gmail.com,Ben Ti Voglio BeB,https://www.hotelsdrop.com/hotel/ben-ti-voglio-beb-bentivoglio,+39 351 809 2470
carmengueri@gmail.com,B&B Carmen,https://www.hotelsdrop.com/hotel/b-b-carmen-berbenno,+39 339 652 4163
i.baloss@yahoo.it,B&B I Baloss,https://www.hotelsdrop.com/hotel/b-b-i-baloss-berbenno,+39 329 101 4404
info@lecortideisassi.it,Le Corti Dei Sassi,https://www.hotelsdrop.com/hotel/le-corti-dei-sassi-berbenno-di-valtellina,+39 389 282 3330
info@ilmulinodellarocca.it,Agriturismo e Azienda Agricola IL MULINO DELLA ROCCA,https://www.hotelsdrop.com/hotel/agriturismo-e-azienda-agricola-il-mulino-della-r-berceto,+39 348 736 4561
agriturismoitrecolli@gmail.com,Agriturismo I Tre Colli,https://www.hotelsdrop.com/hotel/agriturismo-i-tre-colli-berceto,+39 340 279 0821
info@casadeicuori.it,Casa dei cuori - B&B - Azienda agricola - Natura e Relax,https://www.hotelsdrop.com/hotel/casa-dei-cuori-b-b-azienda-agricola-natura-e-rel-berceto,+39 329 232 1176
info@lacasadeinonniberceto.it,La Casa dei Nonni - Room & Breakfast,https://www.hotelsdrop.com/hotel/la-casa-dei-nonni-room-breakfast-berceto,+39 333 294 2210
notterosa.relax@gmail.com,Notte Rosa Suites & Relax,https://www.hotelsdrop.com/hotel/notte-rosa-suites-relax-berceto,+39 353 424 7609
info@berse.it,Ristorante Hotel Bersè,https://www.hotelsdrop.com/hotel/ristorante-hotel-berse-berceto,+39 335 146 0484
m.marenghi@segarati.com,Segarati Relax Albergo Diffuso,https://www.hotelsdrop.com/hotel/segarati-relax-albergo-diffuso-berceto,+39 346 044 7785
igranitimonti@gmail.com,Agriturismo I Graniti,https://www.hotelsdrop.com/hotel/agriturismo-i-graniti-berchidda,+39 328 712 4469
villateresa2024@gmail.com,B&B Villa Teresa,https://www.hotelsdrop.com/hotel/b-b-villa-teresa-berchidda,+39 340 409 5167
borgolupuleu@libero.it,Borgo Lu Puleu,https://www.hotelsdrop.com/hotel/borgo-lu-puleu-berchidda,+39 331 251 5282
kenzarooms@gmail.com,Kenza Rooms,https://www.hotelsdrop.com/hotel/kenza-rooms-berchidda,+39 349 670 6153
info@hotelvallicciola.com,Vallicciola - Monte Limbara Nature Hotel,https://www.hotelsdrop.com/hotel/vallicciola-monte-limbara-nature-hotel-berchidda,+39 393 801 9224
booking@duefiumi1908.com,B&B Due Fiumi 1908,https://www.hotelsdrop.com/hotel/b-b-due-fiumi-1908-bereguardo,+39 340 884 1154
unlettonelcortile@gmail.com,Un letto nel cortile - Casa vacanze,https://www.hotelsdrop.com/hotel/un-letto-nel-cortile-casa-vacanze-bereguardo,+39 347 056 8033
info@cascinabelvedere.eu,CASCINA BELVEDERE,https://www.hotelsdrop.com/hotel/cascina-belvedere-bergamasco,+39 339 350 5937
info@castellodioviglio.it,Castello di Oviglio,https://www.hotelsdrop.com/hotel/castello-di-oviglio-bergamasco,+39 376 262 0282
ilnoccioletto@gmail.com,Il Noccioletto,https://www.hotelsdrop.com/hotel/il-noccioletto-bergamasco,+39 351 615 1180
ilmuronguesthouse@gmail.com,Monferrato Guest House - Il Murôn,https://www.hotelsdrop.com/hotel/monferrato-guest-house-il-muron-bergamasco,+39 366 458 4296
entrolemura@tiscali.it,B&B Entro Le Mura,https://www.hotelsdrop.com/hotel/b-b-entro-le-mura-bergamo,+39 338 507 1629
foresteria@bebroomitaly.it,Bed & Breakfast Room Italy,https://www.hotelsdrop.com/hotel/bed-breakfast-room-italy-bergamo,+39 338 767 8782
dimoradelriccio@gmail.com,Dimora del Riccio,https://www.hotelsdrop.com/hotel/dimora-del-riccio-bergamo,+39 347 295 1600
olianina@osv.it,Agriturismo Olianina,https://www.hotelsdrop.com/hotel/agriturismo-olianina-bergantino,+39 349 467 8345
marisamalinverno@gmail.com,B&B da Mary,https://www.hotelsdrop.com/hotel/b-b-da-mary-bergantino,+39 340 687 7827
camere@soldoutvr.it,Sold Out Locazione Turistica,https://www.hotelsdrop.com/hotel/sold-out-locazione-turistica-bergantino,+39 349 090 2188
bbcasadellancora@gmail.com,B&B Casa dell'ancora codice CIN: IT009010B4X85AVHXI,https://www.hotelsdrop.com/hotel/b-b-casa-dell-ancora-codice-cin-it009010b4x85avh-bergeggi,+39 375 622 5588
casalecoreallospotorno@gmail.com,Casale Coreallo,https://www.hotelsdrop.com/hotel/casale-coreallo-bergeggi,+39 348 135 7979
berzefi@solutionhotel.net,Guest house Berzefi,https://www.hotelsdrop.com/hotel/guest-house-berzefi-bergeggi,+39 329 476 5665
h.costazzurra@gmail.com,Hotel Costa Azzurra - Free Parking - Easy Stay,https://www.hotelsdrop.com/hotel/hotel-costa-azzurra-free-parking-easy-stay-bergeggi,+39 348 476 8588
info@villacardellini.it,"B&B Villa Cardellini - Dimora storica , Struttura di Charme, Oasi di Relax, Vicino alle Langhe",https://www.hotelsdrop.com/hotel/b-b-villa-cardellini-dimora-storica-struttura-di-bergolo,+39 348 276 7321
info@ilglicinefranciacorta.com,il Glicine B&B e RISTORANTE,https://www.hotelsdrop.com/hotel/il-glicine-b-b-e-ristorante-berlingo,+39 328 424 9654
villafrancainfranciacorta@gmail.com,Villa Franca in Franciacorta,https://www.hotelsdrop.com/hotel/villa-franca-in-franciacorta-berlingo,+39 392 642 2563
info@casaricotta.it,Agriturismo Casa Ricotta,https://www.hotelsdrop.com/hotel/agriturismo-casa-ricotta-bernalda,+39 389 026 9266
segreteria@poderecarriero.it,Agriturismo La Volpe e la Stella,https://www.hotelsdrop.com/hotel/agriturismo-la-volpe-e-la-stella-bernalda,+39 339 534 0173
info@bbcasavenezia.it,B&B Casa Venezia,https://www.hotelsdrop.com/hotel/b-b-casa-venezia-bernalda,+39 335 637 5704
foresteriabbazia@gmail.com,Foresteria dell'Abbazia,https://www.hotelsdrop.com/hotel/foresteria-dell-abbazia-bernalda,+39 331 238 8929
contatto@esempio.it,House Pitagorici Bernalda,https://www.hotelsdrop.com/hotel/house-pitagorici-bernalda-bernalda,+39 388 921 5978
user@domain.com,Masseria Scannaturco,https://www.hotelsdrop.com/hotel/masseria-scannaturco-bernalda,+39 347 290 6208
t.orsanese@gmail.com,Tenuta Orsanese,https://www.hotelsdrop.com/hotel/tenuta-orsanese-bernalda,+39 393 803 0045
info@altanadelmottorosso.it,Agriturismo - Altana del Motto Rosso,https://www.hotelsdrop.com/hotel/agriturismo-altana-del-motto-rosso-bernate-ticino,+39 335 612 4797
prenotazioni@cascinaresta.com,Agriturismo Cascina Resta,https://www.hotelsdrop.com/hotel/agriturismo-cascina-resta-bernate-ticino,+39 327 526 7669
info@agriturismofanosfarm.it,Agriturismo&Scuderia Fano's Farm,https://www.hotelsdrop.com/hotel/agriturismo-scuderia-fano-s-farm-bernate-ticino,+39 334 167 3796
bedviaroma@gmail.com,B&B Via Roma,https://www.hotelsdrop.com/hotel/b-b-via-roma-bernate-ticino,+39 393 918 5856
prenotazioni@tenutabramasole.com,Tenuta Bramasole,https://www.hotelsdrop.com/hotel/tenuta-bramasole-bernate-ticino,+39 327 862 1035
magia2021@libero.it,Bed and breakfast Ma.Gi.A,https://www.hotelsdrop.com/hotel/bed-and-breakfast-ma-gi-a-bernezzo,+39 320 637 4433
info@camea.it,Ca’ Mea room wellness food,https://www.hotelsdrop.com/hotel/ca-mea-room-wellness-food-bernezzo,+39 392 630 0090
info@bbdelborgobertinoro.it,B&B del Borgo Bertinoro,https://www.hotelsdrop.com/hotel/b-b-del-borgo-bertinoro-bertinoro,+39 331 947 9152
agnesemigliori@libero.it,Casa delle ginestre,https://www.hotelsdrop.com/hotel/casa-delle-ginestre-bertinoro,+39 349 085 6560
info.giardino34@gmail.com,Giardino34,https://www.hotelsdrop.com/hotel/giardino34-bertinoro,+39 350 044 3255
info@lacanadolce.com,la cana dolce,https://www.hotelsdrop.com/hotel/la-cana-dolce-bertinoro,+39 340 480 9508
info@respiroglamping.com,Respiro Glamping,https://www.hotelsdrop.com/hotel/respiro-glamping-bertinoro,+39 339 428 1696
infobebgildo@gmail.com,B&B Gildo,https://www.hotelsdrop.com/hotel/b-b-gildo-bertiolo,+39 339 436 1865
agriturismogastone@gmail.com,da Gastone,https://www.hotelsdrop.com/hotel/da-gastone-bertiolo,+39 333 295 1774
ederadeiguatto@gmail.com,EDERA dei Guatto,https://www.hotelsdrop.com/hotel/edera-dei-guatto-bertiolo,+39 333 601 7260
info@chiosodisotto.it,Agriturismo Chioso di Sotto,https://www.hotelsdrop.com/hotel/agriturismo-chioso-di-sotto-bertonico,+39 347 407 2391
info@agriturismobellaciao.com,Agriturismo Bella Ciao,https://www.hotelsdrop.com/hotel/agriturismo-bella-ciao-berzano-di-san-pietro,+39 377 080 4411
casaletierramadre@libero.it,APS Casale Tierra Madre,https://www.hotelsdrop.com/hotel/aps-casale-tierra-madre-berzano-di-san-pietro,+39 338 659 2358
info@cortenascosta.com,La Corte Nascosta Volpedo,https://www.hotelsdrop.com/hotel/la-corte-nascosta-volpedo-berzano-di-tortona,+39 380 282 3147
info@bornobb.it,"B&B Borno, Borno Bed & Breakfast",https://www.hotelsdrop.com/hotel/b-b-borno-borno-bed-breakfast-berzo-demo,+39 328 369 7242
info@leaquane.it,B&B LE AQUANE,https://www.hotelsdrop.com/hotel/b-b-le-aquane-berzo-demo,+39 333 231 2969
allafontana@scalve.it,"Bed & Breakfast ""Alla Fontana""",https://www.hotelsdrop.com/hotel/bed-breakfast-alla-fontana-berzo-demo,+39 333 626 1239
info@campingpiandellaregina.it,Camping & Chalet Pian della Regina,https://www.hotelsdrop.com/hotel/camping-chalet-pian-della-regina-berzo-demo,+39 349 667 8030
cortegiorgi@gmail.com,Corte Giorgi B&B,https://www.hotelsdrop.com/hotel/corte-giorgi-b-b-berzo-demo,+39 389 931 6275
info@bbalaria.it,B&B a la Ria,https://www.hotelsdrop.com/hotel/b-b-a-la-ria-berzo-inferiore,+39 347 138 4077
latorreacolori@gmail.com,La Torre a Colori B&B,https://www.hotelsdrop.com/hotel/la-torre-a-colori-b-b-berzo-inferiore,+39 339 307 4827
info@quader.it,Quader nidi nel verde,https://www.hotelsdrop.com/hotel/quader-nidi-nel-verde-berzo-inferiore,+39 335 182 5206
cadelmanet@yahoo.it,Agriturismo Cà del Manét,https://www.hotelsdrop.com/hotel/agriturismo-ca-del-manet-berzo-san-fermo,+39 335 760 5868
info@martinicoldipaste.com,Agriturismo Ippolita Lucchetti,https://www.hotelsdrop.com/hotel/agriturismo-ippolita-lucchetti-berzo-san-fermo,+39 339 112 9896
info@terraelago.it,Agriturismo Terra e Lago,https://www.hotelsdrop.com/hotel/agriturismo-terra-e-lago-berzo-san-fermo,+39 333 577 7741
info@bed-and-breakfast-circuito.it,B&B Circuito,https://www.hotelsdrop.com/hotel/b-b-circuito-besana-in-brianza,+39 334 340 9566
info@bbmonza.it,Birabiro b&b - CIN IT108015C13TGU7TEW,https://www.hotelsdrop.com/hotel/birabiro-b-b-cin-it108015c13tgu7tew-besana-in-brianza,+39 339 437 6558
info@masonello.it,Agritur Maso Nello,https://www.hotelsdrop.com/hotel/agritur-maso-nello-besenello,+39 328 662 9720
info@laterzola.it,Agriturismo La Terzola 3.0,https://www.hotelsdrop.com/hotel/agriturismo-la-terzola-3-0-besenzone,+39 393 562 5925
locandadaromano1936@gmail.com,Locanda Da Romano,https://www.hotelsdrop.com/hotel/locanda-da-romano-besenzone,+39 339 846 0297
info@lacortedelgallo.it,La Corte Del Gallo,https://www.hotelsdrop.com/hotel/la-corte-del-gallo-besnate,+39 346 187 8462
ilbelgiardinetto@gmail.com,"Bed and Breakfast ""Il bel Giardinetto"" Lago Maggiore",https://www.hotelsdrop.com/hotel/bed-and-breakfast-il-bel-giardinetto-lago-maggio-besozzo,+39 339 732 6142
assistenza@webador.it,B&B La Forgia,https://www.hotelsdrop.com/hotel/b-b-la-forgia-bettola,+39 346 413 6724
info@grazzanoanticastazione.it,Grazzano Antica Stazione,https://www.hotelsdrop.com/hotel/grazzano-antica-stazione-bettola,+39 331 110 5981
info@veleiaromana.it,Veleia Locanda,https://www.hotelsdrop.com/hotel/veleia-locanda-bettola,+39 331 744 0201
raffaellanassisi@ulivetomagico.it,Agriturismo L'Uliveto Magico,https://www.hotelsdrop.com/hotel/agriturismo-l-uliveto-magico-bettona,+39 375 666 1144
umbriansunrise@gmail.com,Agriturismo Umbrian Sunrise,https://www.hotelsdrop.com/hotel/agriturismo-umbrian-sunrise-bettona,+39 335 634 6969
santannabettona@gmail.com,Borgo Sant'Anna,https://www.hotelsdrop.com/hotel/borgo-sant-anna-bettona,+39 333 770 5231
info@ilsambro.it,Country House Il Sambro,https://www.hotelsdrop.com/hotel/country-house-il-sambro-bettona,+39 347 354 7592
info@agriturismotensa.it,Agriturismo La Tensa,https://www.hotelsdrop.com/hotel/agriturismo-la-tensa-beura-cardezza,+39 345 956 6496
albergobiglia@gmail.com,Albergo Biglia,https://www.hotelsdrop.com/hotel/albergo-biglia-beura-cardezza,+39 348 013 8598
info@bbtiffany.it,Bed & Breakfast Tiffany a Domodossola,https://www.hotelsdrop.com/hotel/bed-breakfast-tiffany-a-domodossola-beura-cardezza,+39 347 660 9625
dimoradomese@gmail.com,Dimora Domese,https://www.hotelsdrop.com/hotel/dimora-domese-beura-cardezza,+39 339 464 0548
agriturismovillaggiogreen@gmail.com,Agriturismo Villaggio Green,https://www.hotelsdrop.com/hotel/agriturismo-villaggio-green-bevagna,+39 338 203 4015
info@bbportaperugina.it,B&B Porta Perugina,https://www.hotelsdrop.com/hotel/b-b-porta-perugina-bevagna,+39 334 973 1964
info@bbnuovomondo.it,Nuovo Mondo,https://www.hotelsdrop.com/hotel/nuovo-mondo-bevagna,+39 346 685 1304
info@acasadigaia.com,A Casa di Gaia,https://www.hotelsdrop.com/hotel/a-casa-di-gaia-beverino,+39 340 849 6510
info@lascortica.com,"Affittacamere Casa di Campagna La Scortica, camere di charme, ristorantino tipico",https://www.hotelsdrop.com/hotel/affittacamere-casa-di-campagna-la-scortica-camer-beverino,+39 338 611 8031
infoangionelcere@gmail.com,Agriturismo Angiò nel Ceré,https://www.hotelsdrop.com/hotel/agriturismo-angio-nel-cere-beverino,+39 347 298 0304
info@oasi5terre.it,B&B Oasi Verde,https://www.hotelsdrop.com/hotel/b-b-oasi-verde-beverino,+39 333 457 3286
info@beblafontanella.net,Bed & Breakfast La Fontanella,https://www.hotelsdrop.com/hotel/bed-breakfast-la-fontanella-beverino,+39 328 739 9129
casadelsole5terre@yahoo.com,"Bed and breakfast ""La Casa del Sole""",https://www.hotelsdrop.com/hotel/bed-and-breakfast-la-casa-del-sole-beverino,+39 329 298 0695
hotel.contact.us@gmail.com,Il Portico affittacamere,https://www.hotelsdrop.com/hotel/il-portico-affittacamere-beverino,+39 393 834 3993
info@villabaietta.com,B&B Madonna Villa Baietta,https://www.hotelsdrop.com/hotel/b-b-madonna-villa-baietta-bevilacqua,+39 340 957 6056
info@cabevilacqua.com,Ca' Bevilacqua B&B,https://www.hotelsdrop.com/hotel/ca-bevilacqua-b-b-bevilacqua,+39 333 817 7783
infodimorealborgo@gmail.com,Dimore Al Borgo,https://www.hotelsdrop.com/hotel/dimore-al-borgo-bevilacqua,+39 351 774 6398
info@palazzogalifi.it,Affittacamere Palazzo Galifi,https://www.hotelsdrop.com/hotel/affittacamere-palazzo-galifi-biancavilla,+39 320 603 9641
laginestradelletna@gmail.com,La Ginestra dell'Etna,https://www.hotelsdrop.com/hotel/la-ginestra-dell-etna-biancavilla,+39 379 315 1350
info@residenceserralanave.com,Residence Serra La Nave,https://www.hotelsdrop.com/hotel/residence-serra-la-nave-biancavilla,+39 347 906 8910
info@bblacolonna.com,B&B LA COLONNA,https://www.hotelsdrop.com/hotel/b-b-la-colonna-bianchi,+39 375 126 7028
prenotazioni.dapeppino@gmail.com,"Bed and breakfast, da Peppino",https://www.hotelsdrop.com/hotel/bed-and-breakfast-da-peppino-bianchi,+39 339 196 3108
info@hotelcaligiuri.com,Ristorante Hotel Caligiuri,https://www.hotelsdrop.com/hotel/ristorante-hotel-caligiuri-bianchi,+39 333 503 3720
info@greenmotel.it,Green Hotel,https://www.hotelsdrop.com/hotel/green-hotel-biandronno,+39 331 248 8566
p.viaggiatore@libero.it,B&B Cascina Piazzoli,https://www.hotelsdrop.com/hotel/b-b-cascina-piazzoli-bianzano,+39 333 354 4346
daiana@bebnotteedi.it,B&B Notte e Dì,https://www.hotelsdrop.com/hotel/b-b-notte-e-di-bianzano,+39 340 558 9791
info@palazzoeleonora.com,B&B Palazzo Eleonora,https://www.hotelsdrop.com/hotel/b-b-palazzo-eleonora-bianzano,+39 392 476 6953
agriturismoprada.bianzone@gmail.com,Agriturismo prada,https://www.hotelsdrop.com/hotel/agriturismo-prada-bianzone,+39 370 363 4014
foresteriastazzona@gmail.com,Foresteria Stazzona,https://www.hotelsdrop.com/hotel/foresteria-stazzona-bianzone,+39 346 842 3604
ilpostoalsole.bb@gmail.com,IL POSTO AL SOLE B&B e FORESTERIA LOMBARDA,https://www.hotelsdrop.com/hotel/il-posto-al-sole-b-b-e-foresteria-lombarda-bianzone,+39 333 834 7446
info@agriturismogreppi.it,Agriturismo Greppi,https://www.hotelsdrop.com/hotel/agriturismo-greppi-bianz,+39 346 187 8120
info@alsuite-milano.com,AL SUITE,https://www.hotelsdrop.com/hotel/al-suite-biassono,+39 349 318 5991
info@agriturismoilfilare.it,Agriturismo Il Filare,https://www.hotelsdrop.com/hotel/agriturismo-il-filare-bibbiano,+39 349 582 9900
info@cortebebbi.it,B&B - Corte Bebbi,https://www.hotelsdrop.com/hotel/b-b-corte-bebbi-bibbiano,+39 348 560 6321
info@bbletregemme.it,B&B Le Tre Gemme,https://www.hotelsdrop.com/hotel/b-b-le-tre-gemme-bibbiano,+39 331 482 4076
info@quattrocolli.it,Bed and Breakfast Quattro Colli,https://www.hotelsdrop.com/hotel/bed-and-breakfast-quattro-colli-bibbiano,+39 340 647 4953
info@borgodieci.it,BORGODIECI Camere e Colazione,https://www.hotelsdrop.com/hotel/borgodieci-camere-e-colazione-bibbiano,+39 353 362 6750
idueportalibibbiena@gmail.com,B&B I Due Portali,https://www.hotelsdrop.com/hotel/b-b-i-due-portali-bibbiena,+39 328 108 6271
info@borgoromena.it,Borgo Romena,https://www.hotelsdrop.com/hotel/borgo-romena-bibbiena,+39 379 101 2380
isabella@fattoriamarena.it,Fattoria di Marena - Agriturismo - Family Holidays,https://www.hotelsdrop.com/hotel/fattoria-di-marena-agriturismo-family-holidays-bibbiena,+39 340 287 0576
ilpalazzino@tiscali.it,Agriturismo Il Palazzino B&B,https://www.hotelsdrop.com/hotel/agriturismo-il-palazzino-b-b-bibbona,+39 340 900 8922
info@nonnastella.it,Agriturismo Nonna Stella,https://www.hotelsdrop.com/hotel/agriturismo-nonna-stella-bibbona,+39 328 329 6532
info@hotelparadisoverde.it,Hotel Paradiso verde,https://www.hotelsdrop.com/hotel/hotel-paradiso-verde-bibbona,+39 393 810 0964
igiglidimare@gmail.com,I Gigli di Mare,https://www.hotelsdrop.com/hotel/i-gigli-di-mare-bibbona,+39 333 283 4983
info@casanelborgo.com,La Casa nel Borgo,https://www.hotelsdrop.com/hotel/la-casa-nel-borgo-bibbona,+39 334 114 5146
info@lalocandadivillatoscana.it,La locanda di villa toscana,https://www.hotelsdrop.com/hotel/la-locanda-di-villa-toscana-bibbona,+39 379 114 3240
info@locandaetrusca.com,Locanda Etrusca,https://www.hotelsdrop.com/hotel/locanda-etrusca-bibbona,+39 348 338 3328
info@poggiopicchio.it,Poggio Picchio,https://www.hotelsdrop.com/hotel/poggio-picchio-bibbona,+39 320 349 3176
info@cavaliere-bibbona.com,Residenza d'Epoca CAVALIERE Romantic Rooms near BOLGHERI,https://www.hotelsdrop.com/hotel/residenza-d-epoca-cavaliere-romantic-rooms-near-bibbona,+39 348 826 2417
support@centralstay.eu,B&B Mombracco,https://www.hotelsdrop.com/hotel/b-b-mombracco-bibiana,+39 348 733 5624
danonnaelisa@outlook.it,Affittacamere Da Nonna Elisa,https://www.hotelsdrop.com/hotel/affittacamere-da-nonna-elisa-biccari,+39 328 327 2953
support@centralstay.eu,B&B Agorà,https://www.hotelsdrop.com/hotel/b-b-agora-biccari,+39 328 692 4010
b_bcasacavalli@live.it,B&B Casa Cavalli,https://www.hotelsdrop.com/hotel/b-b-casa-cavalli-biccari,+39 347 193 5638
info@relaisincontrada.it,Relais in Contrada,https://www.hotelsdrop.com/hotel/relais-in-contrada-biccari,+39 328 425 9075
info@casadigiobb.it,B&B casa di Giò,https://www.hotelsdrop.com/hotel/b-b-casa-di-gio-bicinicco,+39 347 466 6227
utente@dominio.com,Villa di Tissano,https://www.hotelsdrop.com/hotel/villa-di-tissano-bicinicco,+39 331 198 9453
info@bebsulponte.it,BED & BREAKFAST SUL PONTE - GRAVINA IN PUGLIA,https://www.hotelsdrop.com/hotel/bed-breakfast-sul-ponte-gravina-in-puglia-bidon,+39 328 661 6774
bbdelpiazzo@gmail.com,B&B Del Piazzo,https://www.hotelsdrop.com/hotel/b-b-del-piazzo-biella,+39 340 158 1357
lamelabeb@gmail.com,B & B La Mela,https://www.hotelsdrop.com/hotel/b-b-la-mela-bienno,+39 375 944 5510
info@ranchdeilupi.it,Agriturismo Ranch dei Lupi - Osteria,https://www.hotelsdrop.com/hotel/agriturismo-ranch-dei-lupi-osteria-bieno,+39 388 874 4454
bbilpiccoloprincipebieno@gmail.com,B&B Il Piccolo Principe,https://www.hotelsdrop.com/hotel/b-b-il-piccolo-principe-bieno,+39 340 313 4256
info@laruscoletta.it,Locanda La Ruscoletta,https://www.hotelsdrop.com/hotel/locanda-la-ruscoletta-bieno,+39 344 279 7299
info@ilpiccolorooms.it,Affittacamere Hotel Il Piccolo Rooms,https://www.hotelsdrop.com/hotel/affittacamere-hotel-il-piccolo-rooms-bientina,+39 333 250 0345
info@ilchiesino.it,Il Chiesino camere monolocali,https://www.hotelsdrop.com/hotel/il-chiesino-camere-monolocali-bientina,+39 346 245 8227
mrk.dejonge@gmail.com,Bed & Breakfast BENVENUTO,https://www.hotelsdrop.com/hotel/bed-breakfast-benvenuto-binago,+39 366 980 5662
hotel.deinobili@virgilio.it,B&b dei Nobili,https://www.hotelsdrop.com/hotel/b-b-dei-nobili-binetto,+39 334 367 3960
contatto@esempio.it,Comeacasa B&B,https://www.hotelsdrop.com/hotel/comeacasa-b-b-binetto,+39 388 301 9030
info@latorrestorica.it,La Torre Storica,https://www.hotelsdrop.com/hotel/la-torre-storica-binetto,+39 392 817 2809
info@villadellequerce.it,Villa delle Querce Resort – Hotel - Wedding – Meeting,https://www.hotelsdrop.com/hotel/villa-delle-querce-resort-hotel-wedding-meeting-binetto,+39 328 651 4105
beb.balconedelbiellese@gmail.com,B&B Balcone del Biellese Pettinengo,https://www.hotelsdrop.com/hotel/b-b-balcone-del-biellese-pettinengo-bioglio,+39 331 678 3999
infocasaborio@gmail.com,Casa Borio bed and breakfast e noleggio ebike,https://www.hotelsdrop.com/hotel/casa-borio-bed-and-breakfast-e-noleggio-ebike-bioglio,+39 371 755 8319
info@maisondantan.it,B&B La Maison d'Antan,https://www.hotelsdrop.com/hotel/b-b-la-maison-d-antan-bionaz,+39 375 782 0613
latouroyace2025@gmail.com,La Tour,https://www.hotelsdrop.com/hotel/la-tour-bionaz,+39 392 585 7337
info@maisonconstance.eu,Maison Constance B&B,https://www.hotelsdrop.com/hotel/maison-constance-b-b-bionaz,+39 338 345 5419
info@alperebelle.com,Restaurant e B&B Alpe Rebelle Mountain Lodge,https://www.hotelsdrop.com/hotel/restaurant-e-b-b-alpe-rebelle-mountain-lodge-bionaz,+39 347 033 0713
info@giulima.it,B&B Giulimà,https://www.hotelsdrop.com/hotel/b-b-giulima-bisaccia,+39 340 121 2065
info@aziendamontalbano.com,Agriturismo Montalbano,https://www.hotelsdrop.com/hotel/agriturismo-montalbano-bisacquino,+39 389 052 2894
info@agriturismotorretabia.it,Agriturismo Torre Tabia,https://www.hotelsdrop.com/hotel/agriturismo-torre-tabia-bisacquino,+39 349 842 6026
info@oliovivo.com,Antico Frantoio Sas / Cantina Murgia Lamanno,https://www.hotelsdrop.com/hotel/antico-frantoio-sas-cantina-murgia-lamanno-bisacquino,+39 334 381 9339
contact@globostay.com,B&B Chiaro di Luna - Corleone,https://www.hotelsdrop.com/hotel/b-b-chiaro-di-luna-corleone-bisacquino,+39 338 719 6811
info@bbsottolestelle.it,Bed and Breakfast Sotto le Stelle,https://www.hotelsdrop.com/hotel/bed-and-breakfast-sotto-le-stelle-bisacquino,+39 338 281 7862
info@jenka.it,Jenka,https://www.hotelsdrop.com/hotel/jenka-bisacquino,+39 320 610 3810
booking@rosas-house.it,Rosa's House Bed & Breakfast,https://www.hotelsdrop.com/hotel/rosa-s-house-bed-breakfast-bisacquino,+39 329 596 9383
lemarinereception@gmail.com,APARTHOTEL LE MARINE,https://www.hotelsdrop.com/hotel/aparthotel-le-marine-bisceglie,+39 366 300 1144
otivprenotazioni@gmail.com,B&B Levante,https://www.hotelsdrop.com/hotel/b-b-levante-bisceglie,+39 377 363 4778
lucaturcato1969@gmail.com,Bellatmosfera,https://www.hotelsdrop.com/hotel/bellatmosfera-bisceglie,+39 347 910 4819
info@samarebisceglie.it,Samarè Bisceglie,https://www.hotelsdrop.com/hotel/samare-bisceglie-bisceglie,+39 327 393 4631
morgignoa@gmail.com,TerraCielo,https://www.hotelsdrop.com/hotel/terracielo-bisceglie,+39 347 212 1226
info@torrebiancabisceglie.com,Torre Bianca Bisceglie B&B vicino al mare,https://www.hotelsdrop.com/hotel/torre-bianca-bisceglie-b-b-vicino-al-mare-bisceglie,+39 377 361 2566
info@torrelama.it,Torrelama Room & Breakfast,https://www.hotelsdrop.com/hotel/torrelama-room-breakfast-bisceglie,+39 370 324 8340
info@panfilofarmhouse.com,Panfilo Farmhouse,https://www.hotelsdrop.com/hotel/panfilo-farmhouse-bisenti,+39 333 868 9013
info@lagiarabb.it,la giara b&b,https://www.hotelsdrop.com/hotel/la-giara-b-b-bisignano,+39 347 891 2199
info@costadeiplatani.com,Agriturismo - Costa dei Platani,https://www.hotelsdrop.com/hotel/agriturismo-costa-dei-platani-bistagno,+39 351 850 6053
info@alsentiero.net,B&B Al Sentiero,https://www.hotelsdrop.com/hotel/b-b-al-sentiero-bistagno,+39 338 953 8067
info@cascinamalinverni.com,B&B Cascina Malinverni,https://www.hotelsdrop.com/hotel/b-b-cascina-malinverni-bistagno,+39 349 775 7616
agorabitetto@gmail.com,B&B Agorà,https://www.hotelsdrop.com/hotel/b-b-agora-bitetto,+39 340 240 5657
support@centralstay.eu,B&B La Maison da Francy,https://www.hotelsdrop.com/hotel/b-b-la-maison-da-francy-bitetto,+39 351 750 9838
support@centralstay.eu,Dimora Barone,https://www.hotelsdrop.com/hotel/dimora-barone-bitetto,+39 346 243 4196
info@paradise-rooms.it,Hotel Paradise Rooms,https://www.hotelsdrop.com/hotel/hotel-paradise-rooms-bitetto,+39 327 765 7953
16.pugliese@gmail.com,Pugliese16,https://www.hotelsdrop.com/hotel/pugliese16-bitetto,+39 377 579 5746
info@sanmarcoanticorelais.it,San Marco Antico Relais,https://www.hotelsdrop.com/hotel/san-marco-antico-relais-bitonto,+39 392 301 1007
info@tenutagurgo.it,Tenuta Gurgo,https://www.hotelsdrop.com/hotel/tenuta-gurgo-bitonto,+39 329 046 3592
info@dimoradelre.it,B&B La Dimora del Re,https://www.hotelsdrop.com/hotel/b-b-la-dimora-del-re-bitritto,+39 328 442 1628
info@bbmirage.it,B&B MIRAGE,https://www.hotelsdrop.com/hotel/b-b-mirage-bitritto,+39 380 215 7838
prenotazioni.ilbergamotto@gmail.com,Il Bergamotto • Affittacamere • Guesthouse • B&B,https://www.hotelsdrop.com/hotel/il-bergamotto-affittacamere-guesthouse-b-b-bitritto,+39 340 121 0585
info@palazzomimi.com,Palazzo Mimi,https://www.hotelsdrop.com/hotel/palazzo-mimi-bitritto,+39 331 468 6805
info@paradise-rooms.it,Paradise Rooms Apartments,https://www.hotelsdrop.com/hotel/paradise-rooms-apartments-bitritto,+39 327 765 7953
info@aguadorada.it,Agua Dorada boutique hotel,https://www.hotelsdrop.com/hotel/agua-dorada-boutique-hotel-bitti,+39 327 798 8903
annalisacui@gmail.com\,Nughe 'e' Oro Guesthouse Homestay,https://www.hotelsdrop.com/hotel/nughe-e-oro-guesthouse-homestay-bitti,+39 328 454 9036
info@oliocaruso.it,AFFITTACAMERE LA MANDORLA,https://www.hotelsdrop.com/hotel/affittacamere-la-mandorla-bivona,+39 328 773 1503
info@lezarafe.com,Agriturismo Le Zarafe,https://www.hotelsdrop.com/hotel/agriturismo-le-zarafe-bivona,+39 320 760 5133
info@oasidelborgo.com,Oasi del Borgo,https://www.hotelsdrop.com/hotel/oasi-del-borgo-bivona,+39 333 255 1335
bebariaesole@gmail.com\,Aria e Sole,https://www.hotelsdrop.com/hotel/aria-e-sole-bivongi,+39 328 421 7218
a2passidalmareinfo@gmail.com,B&B A due Passi dal Mare,https://www.hotelsdrop.com/hotel/b-b-a-due-passi-dal-mare-bivongi,+39 329 291 3234
magnagrecia.appartamenti@gmail.com\,B&B e Appartamenti Magna Grecia,https://www.hotelsdrop.com/hotel/b-b-e-appartamenti-magna-grecia-bivongi,+39 380 344 2595
piccoladimoravillacandido65@gmail.com,B&B Piccola Dimora Villa Candido,https://www.hotelsdrop.com/hotel/b-b-piccola-dimora-villa-candido-bivongi,+39 320 812 0638
pasitea.serrasanbruno@yahoo.com,Pasitea B&B Luxury,https://www.hotelsdrop.com/hotel/pasitea-b-b-luxury-bivongi,+39 350 099 9578
casarigatrentino@gmail.com,Agriturismo B&B Casariga Poia Comano Terme,https://www.hotelsdrop.com/hotel/agriturismo-b-b-casariga-poia-comano-terme-bleggio-superiore,+39 333 683 0517
masoallerosetrentino@gmail.com,Agriturismo Maso Alle Rose,https://www.hotelsdrop.com/hotel/agriturismo-maso-alle-rose-bleggio-superiore,+39 340 467 2868
info@bbcappeler.it,B&B Cappeler,https://www.hotelsdrop.com/hotel/b-b-cappeler-bleggio-superiore,+39 335 641 7754
605a7baede844d278b89dc95ae0a9123@sentry-next.wixpress.com,B&B da Erica,https://www.hotelsdrop.com/hotel/b-b-da-erica-bleggio-superiore,+39 338 368 9828
info@soleagriturismo.it,Sole Agriturismo,https://www.hotelsdrop.com/hotel/sole-agriturismo-blello,+39 350 146 9421
info@ilmarrugio.com,Agriturismo Il Marrugio,https://www.hotelsdrop.com/hotel/agriturismo-il-marrugio-blera,+39 373 751 0399
agrilequattrostagioni@gmail.com,Agriturismo Le Quattro Stagioni,https://www.hotelsdrop.com/hotel/agriturismo-le-quattro-stagioni-blera,+39 349 194 0466
info@albatrosaccommodations.com,Albatros Accommodations,https://www.hotelsdrop.com/hotel/albatros-accommodations-blera,+39 353 456 2063
lacasettadiben@gmail.com,B&B La Casetta di Ben,https://www.hotelsdrop.com/hotel/b-b-la-casetta-di-ben-blera,+39 388 449 6800
ilgiardinonellorto@gmail.com,Il Giardino nell'Orto,https://www.hotelsdrop.com/hotel/il-giardino-nell-orto-blera,+39 335 803 3553
infolepozze@lepozze.it,Le Pozze Terme,https://www.hotelsdrop.com/hotel/le-pozze-terme-blera,+39 339 170 7570
agriturismolacascina@hotmail.com,Agriturismo La Cascina,https://www.hotelsdrop.com/hotel/agriturismo-la-cascina-blessagno,+39 389 545 6990
info@albergolatorre.net,"Hotel La Torre - Valle d'Intelvi, vicino al LAGO DI COMO e di LUGANO Castiglione d'Intelvi",https://www.hotelsdrop.com/hotel/hotel-la-torre-valle-d-intelvi-vicino-al-lago-di-blessagno,+39 339 469 1301
info@bb104.it,B&B 104,https://www.hotelsdrop.com/hotel/b-b-104-blevio,+39 333 260 4181
info@caclerici.it,B&B Como A casa di Maria,https://www.hotelsdrop.com/hotel/b-b-como-a-casa-di-maria-blevio,+39 339 806 7670
info@sevenbitsolutions.it,B&B La Cassinella,https://www.hotelsdrop.com/hotel/b-b-la-cassinella-blevio,+39 327 197 1813
info@giuliettaallago.it,Casa Giulietta Caronti with view of lake Como,https://www.hotelsdrop.com/hotel/casa-giulietta-caronti-with-view-of-lake-como-blevio,+39 340 706 0176
info@giuliettaallago.it,Casa Giulietta Junior20 with private parking,https://www.hotelsdrop.com/hotel/casa-giulietta-junior20-with-private-parking-blevio,+39 340 706 0176
info@villinorubini.com,Relais Villino Rubini,https://www.hotelsdrop.com/hotel/relais-villino-rubini-blevio,+39 331 893 5301
info@villacostanzacomo.it,Villa Costanza,https://www.hotelsdrop.com/hotel/villa-costanza-blevio,+39 335 586 3049
info@giuliettaallago.it,"VILLA lake view, Jacuzzi Spa and Private Pool",https://www.hotelsdrop.com/hotel/villa-lake-view-jacuzzi-spa-and-private-pool-blevio,+39 340 706 0176
info@villasardagnacomolake.com,Villa Sardagna Lake Como - Luxury Rental Venue,https://www.hotelsdrop.com/hotel/villa-sardagna-lake-como-luxury-rental-venue-blevio,+39 333 334 8040
beb.danielarusso@libero.it,B&b La Terrazza sulle Madonie di Daniela Russo,https://www.hotelsdrop.com/hotel/b-b-la-terrazza-sulle-madonie-di-daniela-russo-blufi,+39 339 726 4622
polizzihouse.beb@libero.it,Bed and Breakfast ”Polizzi House”,https://www.hotelsdrop.com/hotel/bed-and-breakfast-polizzi-house-blufi,+39 389 494 4985
borgoistritti@tiscali.it,Borgo i Stritti,https://www.hotelsdrop.com/hotel/borgo-i-stritti-blufi,+39 335 677 2936
info@lafoscarina.it,Agriturismo La Foscarina - Specialità Arrosticini e Carne di Pecora,https://www.hotelsdrop.com/hotel/agriturismo-la-foscarina-specialita-arrosticini-boara-pisani,+39 340 955 0311
info@ilgiglioveneziano.it,Il Giglio Veneziano,https://www.hotelsdrop.com/hotel/il-giglio-veneziano-boara-pisani,+39 345 088 8804
info@acasadiele.com,B&B a Casa di Ele,https://www.hotelsdrop.com/hotel/b-b-a-casa-di-ele-bobbio,+39 328 754 8349
info@suitesbobbio.com,Suites Bobbio,https://www.hotelsdrop.com/hotel/suites-bobbio-bobbio,+39 347 961 1929
info@clubalpino.it,Albergo Club Alpino,https://www.hotelsdrop.com/hotel/albergo-club-alpino-bobbio-pellice,+39 348 715 8594
info@aifontana.com,B&B “Ai Fontana”,https://www.hotelsdrop.com/hotel/b-b-ai-fontana-bobbio-pellice,+39 339 708 2366
info@hotelsalei.it,Hotel Salei,https://www.hotelsdrop.com/hotel/hotel-salei-bobbio-pellice,+39 338 706 1137
info@pralapeira.com,Rifugio Pra la Peira,https://www.hotelsdrop.com/hotel/rifugio-pra-la-peira-bobbio-pellice,+39 338 194 1497
lecollinedimaggiora@gmail.com,Le Colline di Maggiora,https://www.hotelsdrop.com/hotel/le-colline-di-maggiora-boca,+39 320 716 4829
donemiliobeb@virgilio.it,B&B DON EMILIO,https://www.hotelsdrop.com/hotel/b-b-don-emilio-bocchigliero,+39 338 914 6449
info@lacasadigioacchino.it,B&B La Casa di Gioacchino,https://www.hotelsdrop.com/hotel/b-b-la-casa-di-gioacchino-bocchigliero,+39 328 922 5316
info@loricaly.it,B&B Loricaly,https://www.hotelsdrop.com/hotel/b-b-loricaly-bocchigliero,+39 320 842 0597
prenota@bebmastrogio.it,B&B Mastro Giò,https://www.hotelsdrop.com/hotel/b-b-mastro-gio-bocchigliero,+39 327 695 6647
info@rossiniluxury.it,B&B Rossini Luxury 2 - COSENZA,https://www.hotelsdrop.com/hotel/b-b-rossini-luxury-2-cosenza-bocchigliero,+39 327 829 3097
alvicolodelgallo@gmail.com,B&B Al Vicolo del Gallo,https://www.hotelsdrop.com/hotel/b-b-al-vicolo-del-gallo-boccioleto,+39 337 107 4525
info@landwasser.it,Ospitalità rurale familiare Land Wasser,https://www.hotelsdrop.com/hotel/ospitalita-rurale-familiare-land-wasser-boccioleto,+39 348 045 2909
info@mountbed.com,Rifugio “La Baita Alpe Seccio”,https://www.hotelsdrop.com/hotel/rifugio-la-baita-alpe-seccio-boccioleto,+39 350 089 2107
info@aparthotelstrembo.it,Aparthotel Strembo,https://www.hotelsdrop.com/hotel/aparthotel-strembo-bocenago,+39 351 709 3546
bebpiazzi@gmail.com,B&B Piazzi.,https://www.hotelsdrop.com/hotel/b-b-piazzi-bocenago,+39 348 342 2175
costaverdebb@gmail.com,Garnì Costa Verde S.r.l,https://www.hotelsdrop.com/hotel/garni-costa-verde-s-r-l-bocenago,+39 351 354 9745
lacribedandbreakfast@gmail.com,La CRI Bed & Breakfast,https://www.hotelsdrop.com/hotel/la-cri-bed-breakfast-bocenago,+39 334 888 2604
user@domain.com,B&B Lodi Centro,https://www.hotelsdrop.com/hotel/b-b-lodi-centro-boffalora-d-adda,+39 345 418 0117
geg_srl@ymail.com,La Mansarda B&B,https://www.hotelsdrop.com/hotel/la-mansarda-b-b-boffalora-d-adda,+39 348 173 5762
damarymagenta@gmail.com,B&B da Mary,https://www.hotelsdrop.com/hotel/b-b-da-mary-boffalora-sopra-ticino,+39 389 826 9051
info@alpiccoloscoglio.it,Al Piccolo Scoglio - Room & Breakfast,https://www.hotelsdrop.com/hotel/al-piccolo-scoglio-room-breakfast-bogliasco,+39 345 012 4548
locandadianage@gmail.com,Albergo Diana,https://www.hotelsdrop.com/hotel/albergo-diana-bogliasco,+39 346 963 5137
hotel.contact.us@gmail.com,Guesthouse La Briosa Nicole,https://www.hotelsdrop.com/hotel/guesthouse-la-briosa-nicole-bogliasco,+39 327 400 6201
stmartingenova@gmail.com,St. Martin House,https://www.hotelsdrop.com/hotel/st-martin-house-bogliasco,+39 346 963 5137
cascinadimoniaemario@libero.it,B&B La Cascina di Monia e Mario,https://www.hotelsdrop.com/hotel/b-b-la-cascina-di-monia-e-mario-bogogno,+39 339 279 2532
agrodolce-boissano@hotmail.it\,Agrodolce,https://www.hotelsdrop.com/hotel/agrodolce-boissano,+39 329 463 6184
casadeigelsiloano@gmail.com,B&B La Casa dei Gelsi,https://www.hotelsdrop.com/hotel/b-b-la-casa-dei-gelsi-boissano,+39 338 796 4607
cadafranca@gmail.com,Cà da Franca,https://www.hotelsdrop.com/hotel/ca-da-franca-boissano,+39 331 948 4363
dovidiogianluca@gmail.com,"B&B La Piazzetta, Bojano (CB)",https://www.hotelsdrop.com/hotel/b-b-la-piazzetta-bojano-cb-bojano,+39 328 059 4681
mrliving.bojano@gmail.com,B&B MR Living,https://www.hotelsdrop.com/hotel/b-b-mr-living-bojano,+39 347 378 2034
nellestanzedelmatese@gmail.com,B&B Nelle stanze del Matese,https://www.hotelsdrop.com/hotel/b-b-nelle-stanze-del-matese-bojano,+39 329 544 0287
lanticadimora2008@gmail.com,Bed & Breakfast L'Antica Dimora,https://www.hotelsdrop.com/hotel/bed-breakfast-l-antica-dimora-bojano,+39 371 488 9934
info@palazzocorsoumberto.it,Boutique Hotel Palazzo Corso Umberto,https://www.hotelsdrop.com/hotel/boutique-hotel-palazzo-corso-umberto-bojano,+39 389 570 8265
support@centralstay.eu,Il campanile,https://www.hotelsdrop.com/hotel/il-campanile-bojano,+39 333 271 2242
info@bnbamici.it,B&B Amici - Bed and Breakfast La Spezia,https://www.hotelsdrop.com/hotel/b-b-amici-bed-and-breakfast-la-spezia-bolano,+39 393 979 9672
elicrim@gmail.com,Elicrim,https://www.hotelsdrop.com/hotel/elicrim-bolano,+39 349 351 3386
info@residencemontebello.it,Residence Monte Bello,https://www.hotelsdrop.com/hotel/residence-monte-bello-bolano,+39 348 396 6120
bnbsakurami@gmail.com,BED & BREAKFAST SAKURA,https://www.hotelsdrop.com/hotel/bed-breakfast-sakura-bollate,+39 376 005 2215
hotel.contact.us@gmail.com,Hotel Salus Milano,https://www.hotelsdrop.com/hotel/hotel-salus-milano-bollate,+39 328 891 9103
info@7lakes.it,7 Lakes - Aparthotel Rta,https://www.hotelsdrop.com/hotel/7-lakes-aparthotel-rta-bollengo,+39 351 371 1823
ariannapaioli@gmail.com,affittacamere Borgonuovo,https://www.hotelsdrop.com/hotel/affittacamere-borgonuovo-bologna,+39 347 866 1078
info@sanfelice135.it,Affittacamere San Felice 135,https://www.hotelsdrop.com/hotel/affittacamere-san-felice-135-bologna,+39 348 191 8011
booking@bedandbreakfastbologna.net,Affitti Brevi Bologna,https://www.hotelsdrop.com/hotel/affitti-brevi-bologna-bologna,+39 351 811 1218
amendola16bologna@gmail.com,B&B Amendola16,https://www.hotelsdrop.com/hotel/b-b-amendola16-bologna,+39 351 595 4393
bbdielide@gmail.com,b&b Casa Elide,https://www.hotelsdrop.com/hotel/b-b-casa-elide-bologna,+39 339 280 7326
prenotazioni@bbdellorso.it,B&B Dell'Orso,https://www.hotelsdrop.com/hotel/b-b-dell-orso-bologna,+39 392 825 2120
bnbfuoridaicoppi@gmail.com,B&B Fuori Dai Coppi Bologna,https://www.hotelsdrop.com/hotel/b-b-fuori-dai-coppi-bologna-bologna,+39 393 288 6863
cavour.galleria@gmail.com,B&B Galleria Cavour,https://www.hotelsdrop.com/hotel/b-b-galleria-cavour-bologna,+39 351 967 9393
mirko.salomoni@gmail.com,B&B Hope Regency,https://www.hotelsdrop.com/hotel/b-b-hope-regency-bologna,+39 333 374 4718
info@bbilviaggio.it,B&B Il Viaggio Bologna,https://www.hotelsdrop.com/hotel/b-b-il-viaggio-bologna-bologna,+39 333 862 4695
info@lamagnolia-bologna.com,B&B La Magnolia,https://www.hotelsdrop.com/hotel/b-b-la-magnolia-casalecchio-di-reno,+39 338 707 0719
info@bb-arcobaleno.com,Bed And Breakfast Arcobaleno,https://www.hotelsdrop.com/hotel/bed-and-breakfast-arcobaleno-bologna,+39 339 450 1441
info@bolognasanfelice.it,Bed and Brekfast Bologna San Felice,https://www.hotelsdrop.com/hotel/bed-and-brekfast-bologna-san-felice-bologna,+39 333 315 6249
info@bibliorooms.com,Bibliò Rooms - Guesthouse Bologna,https://www.hotelsdrop.com/hotel/biblio-rooms-guesthouse-bologna-bologna,+39 351 848 9280
info@bohoostel.com,Bohoostel,https://www.hotelsdrop.com/hotel/bohoostel-bologna,+39 345 720 5893
info@bolognabedstation.it,BOLOGNA BED STATION,https://www.hotelsdrop.com/hotel/bologna-bed-station-bologna,+39 349 230 9780
camerebolognacentrale@gmail.com,Bologna Centrale Stanze B&B,https://www.hotelsdrop.com/hotel/bologna-centrale-stanze-b-b-bologna,+39 388 305 4971
bolognahomestay@gmail.com,Bologna Homestay B&B,https://www.hotelsdrop.com/hotel/bologna-homestay-b-b-bologna,+39 380 632 7248
bolognasuite@libero.it,BOLOGNA SUITE,https://www.hotelsdrop.com/hotel/bologna-suite-bologna,+39 335 616 2561
info@buonhotel.it,Buon Hotel Bologna Centro,https://www.hotelsdrop.com/hotel/buon-hotel-bologna-centro-bologna,+39 380 383 8101
cafoscaduetorri@gmail.com,Ca' Fosca Due Torri,https://www.hotelsdrop.com/hotel/ca-fosca-due-torri-bologna,+39 338 133 0326
info@casardizzoni.it,Casa Ardizzoni,https://www.hotelsdrop.com/hotel/casa-ardizzoni-bologna,+39 339 879 2668
iconoscentibologna@gmail.com,Casa Conoscenti,https://www.hotelsdrop.com/hotel/casa-conoscenti-bologna,+39 351 836 3742
info@centralcityinn.com,Central City Rooms Group,https://www.hotelsdrop.com/hotel/central-city-rooms-group-bologna,+39 340 702 8925
info@lacortedelsantorsola.com,Corte Sant'Orsola 4,https://www.hotelsdrop.com/hotel/corte-sant-orsola-4-bologna,+39 375 648 3969
ciao@bolognaexperience.org,Cozy Suite | Unique Stay in Bologna,https://www.hotelsdrop.com/hotel/cozy-suite-unique-stay-in-bologna-bologna,+39 338 189 2250
info@cristinarossi.it,Cristina Rossi Bed and Breakfast,https://www.hotelsdrop.com/hotel/cristina-rossi-bed-and-breakfast-bologna,+39 342 744 0349
checkin@bolognarooms.com,Falegnami Suites - BolognaRooms,https://www.hotelsdrop.com/hotel/falegnami-suites-bolognarooms-bologna,+39 351 535 4357
info@gallieraresidence.it,Galliera Residence B&B,https://www.hotelsdrop.com/hotel/galliera-residence-b-b-bologna,+39 328 852 0155
info@goodmorningbologna.com,Good Morning Bologna - Marsala R&B,https://www.hotelsdrop.com/hotel/good-morning-bologna-marsala-r-b-bologna,+39 375 864 9936
hotelperlabologna@gmail.com,Hotel Perla,https://www.hotelsdrop.com/hotel/hotel-perla-bologna,+39 351 652 5108
info4gatti@gmail.com,I 4 gatti guesthouse,https://www.hotelsdrop.com/hotel/i-4-gatti-guesthouse-bologna,+39 348 196 4824
lafeniceaffittacamere@gmail.com,IlLoto,https://www.hotelsdrop.com/hotel/illoto-bologna,+39 351 971 4312
info@lacasadelledee.com,La Casa delle Dee - Affittacamere Bologna Centro - Self check-in,https://www.hotelsdrop.com/hotel/la-casa-delle-dee-affittacamere-bologna-centro-s-bologna,+39 379 157 0597
laciliegia@hotmail.it,La Ciliegia Green Bed and Breakfast,https://www.hotelsdrop.com/hotel/la-ciliegia-green-bed-and-breakfast-bologna,+39 345 980 2820
info@casafaccioli.it,Luxury B&B Casa Faccioli & Wellness,https://www.hotelsdrop.com/hotel/luxury-b-b-casa-faccioli-wellness-bologna,+39 351 928 5112
madamebologna@hotmail.com,Madame Bologna,https://www.hotelsdrop.com/hotel/madame-bologna-bologna,+39 350 071 9189
info.maglocentro@gmail.com,Maglo Centro,https://www.hotelsdrop.com/hotel/maglo-centro-bologna,+39 333 309 5622
info.maglostation@gmail.com,Maglo Station,https://www.hotelsdrop.com/hotel/maglo-station-bologna,+39 393 382 7368
bbmarconiinn@gmail.com,Marconi inn,https://www.hotelsdrop.com/hotel/marconi-inn-bologna,+39 353 448 4503
muabologna@gmail.com,Muà Boutique Bologna,https://www.hotelsdrop.com/hotel/mua-boutique-bologna-bologna,+39 334 816 6677
info@palazzodialcina.com,Palazzo di Alcina - Residenza D'Epoca - Luxury Rooms -,https://www.hotelsdrop.com/hotel/palazzo-di-alcina-residenza-d-epoca-luxury-rooms-bologna,+39 335 536 3308
spacealaimo@gmail.com,R&B La Villa,https://www.hotelsdrop.com/hotel/r-b-la-villa-bologna,+39 328 677 3367
info@renosuite.it,Reno Suite Bologna Centro B&B,https://www.hotelsdrop.com/hotel/reno-suite-bologna-centro-b-b-bologna,+39 333 450 6020
checkin@bolognarooms.com,Santo Stefano Apartments - BolognaRooms,https://www.hotelsdrop.com/hotel/santo-stefano-apartments-bolognarooms-bologna,+39 351 535 4357
darionobile@yahoo.it,STANZE DI FRONTE OSPEDALE MAGGIORE IN MAGGIORE ROOMS,https://www.hotelsdrop.com/hotel/stanze-di-fronte-ospedale-maggiore-in-maggiore-r-bologna,+39 348 001 1230
booking@steamhouse.it,Steam House Room & Breakfast,https://www.hotelsdrop.com/hotel/steam-house-room-breakfast-bologna,+39 370 302 3854
info@zamboresidence.it,Zambo Residence,https://www.hotelsdrop.com/hotel/zambo-residence-bologna,+39 393 273 6995
info@casolarenonnomario.it,Agriturismo Il Casolare Di Nonno Mario.,https://www.hotelsdrop.com/hotel/agriturismo-il-casolare-di-nonno-mario-bolognano,+39 347 931 8785
p.a.byvoet@gmail.com,Villa Vista Monti,https://www.hotelsdrop.com/hotel/villa-vista-monti-bolognano,+39 389 895 5026
mymail@mailservice.com,B&B Puvogel,https://www.hotelsdrop.com/hotel/b-b-puvogel-bolognetta,+39 331 527 4772
affittacameredormodalia@gmail.com,Dormo Da Lia Srl,https://www.hotelsdrop.com/hotel/dormo-da-lia-srl-bolognetta,+39 389 480 4597
info@bblavilla.it,B&B La Villa - Lago di Fiastra,https://www.hotelsdrop.com/hotel/b-b-la-villa-lago-di-fiastra-bolognola,+39 333 835 8195
info@sarnanoneve.it,Baita Solaria,https://www.hotelsdrop.com/hotel/baita-solaria-bolognola,+39 389 495 2959
info@scimarche.it,Hermitage Sibillini,https://www.hotelsdrop.com/hotel/hermitage-sibillini-bolognola,+39 348 316 5177
info@palazzo-rossi.it,Palazzo Rossi | Historic Boutique Home in Marche,https://www.hotelsdrop.com/hotel/palazzo-rossi-historic-boutique-home-in-marche-bolognola,+39 339 257 1351
sassobianco@libero.it,Sasso Bianco,https://www.hotelsdrop.com/hotel/sasso-bianco-bolognola,+39 333 717 3213
sapigalva@gmail.com,Agriturismo Sa Pigalva,https://www.hotelsdrop.com/hotel/agriturismo-sa-pigalva-bolotana,+39 380 416 2406
info@agriturismofrancadu.it,Agriturismo Su Francadu,https://www.hotelsdrop.com/hotel/agriturismo-su-francadu-bolotana,+39 333 706 9066
info@bolotanaturismo360.it,B&b da Zia Carmela,https://www.hotelsdrop.com/hotel/b-b-da-zia-carmela-bolotana,+39 347 651 2084
info@levigne.it,Agriturismo Le Vigne lago di Bolsena,https://www.hotelsdrop.com/hotel/agriturismo-le-vigne-lago-di-bolsena-bolsena,+39 347 884 0312
contact@mysite.com,Il Palazzetto,https://www.hotelsdrop.com/hotel/il-palazzetto-bolsena,+39 379 149 9881
info@palazzobottinobolsena.it,PALAZZO BOTTINO a Bolsena,https://www.hotelsdrop.com/hotel/palazzo-bottino-a-bolsena-bolsena,+39 377 573 3620
info@dalmineluxurysuite.it,Dalmine Luxury Suite,https://www.hotelsdrop.com/hotel/dalmine-luxury-suite-boltiere,+39 347 474 3692
info@fattoriadelpino.it,Fattoria del Pino,https://www.hotelsdrop.com/hotel/fattoria-del-pino-bolzano-novarese,+39 339 593 6589
info@beb-relax.it,B&B Relax,https://www.hotelsdrop.com/hotel/b-b-relax-bolzano-vicentino,+39 348 247 2073
info@hotelquerini.com,HOTEL QUERINI. Essential Business Hotel a Sandrigo,https://www.hotelsdrop.com/hotel/hotel-querini-essential-business-hotel-a-sandrig-bolzano-vicentino,+39 389 950 7374
info@bbilmoai.it,B & B Il Moai,https://www.hotelsdrop.com/hotel/b-b-il-moai-bomarzo,+39 333 273 9600
info@ilbuongiornobb.it,Il Buongiorno B&B,https://www.hotelsdrop.com/hotel/il-buongiorno-b-b-bomarzo,+39 347 192 9939
mafe.viterbo@gmail.com,La Casa di Brancaleone Vitorchiano,https://www.hotelsdrop.com/hotel/la-casa-di-brancaleone-vitorchiano-bomarzo,+39 340 123 8000
agriolimpo@gmail.com,Agriturismo Olimpo,https://www.hotelsdrop.com/hotel/agriturismo-olimpo-bomba,+39 345 313 4028
info@pennadomoclimbinghouse.com,Pennadomo Climbing House,https://www.hotelsdrop.com/hotel/pennadomo-climbing-house-bomba,+39 351 762 8533
gialloficodindia@gmail.com,Giallo Ficodindia Bed & Breakfast,https://www.hotelsdrop.com/hotel/giallo-ficodindia-bed-breakfast-bompensiere,+39 379 220 3552
smarthotelcarpi@gmail.com,Smart Hotel,https://www.hotelsdrop.com/hotel/smart-hotel-bomporto,+39 375 607 3336
info@samurighesa.it,b&b Sa Murighesa,https://www.hotelsdrop.com/hotel/b-b-sa-murighesa-bonarcado,+39 346 969 0823
info@bisos.it,Bisos ospitalità diffusa ecosostenibile,https://www.hotelsdrop.com/hotel/bisos-ospitalita-diffusa-ecosostenibile-bonarcado,+39 349 689 2197
reservations@ischeas.com,Is Cheas Hotel & Restaurant,https://www.hotelsdrop.com/hotel/is-cheas-hotel-restaurant-bonarcado,+39 329 941 7590
info@piedelcastello.com,B&B Piè del Castello,https://www.hotelsdrop.com/hotel/b-b-pie-del-castello-bonassola,+39 366 146 7886
info@madonetta.it,La Madonnetta - Dimora d'epoca -,https://www.hotelsdrop.com/hotel/la-madonnetta-dimora-d-epoca-bonassola,+39 346 259 3252
rita.bb@tiscali.it,Rita B&B,https://www.hotelsdrop.com/hotel/rita-b-b-bonassola,+39 349 375 5250
info@bedandbreakfastpuravita.it,B&B Puravita,https://www.hotelsdrop.com/hotel/b-b-puravita-bonate-sopra,+39 335 588 0843
prenotazioni@villagiuliabonate.it,Villa Giulia,https://www.hotelsdrop.com/hotel/villa-giulia-bonate-sotto,+39 338 325 7359
info@lacortedianna.com,Agriturismo La Corte di Anna,https://www.hotelsdrop.com/hotel/agriturismo-la-corte-di-anna-bonavigo,+39 333 701 5014
info@villabrenzoni.it,B&B Villa Brenzoni,https://www.hotelsdrop.com/hotel/b-b-villa-brenzoni-bonavigo,+39 348 720 6151
residence3nidi@gmail.com,Residence 3 Nidi,https://www.hotelsdrop.com/hotel/residence-3-nidi-bonavigo,+39 351 986 2322
lacortedeiciliegi.tn@gmail.com,Agriturismo La Corte dei Ciliegi,https://www.hotelsdrop.com/hotel/agriturismo-la-corte-dei-ciliegi-bondone,+39 329 725 4216
info@pradasport.tn.it,Residence e Ristobar Prada,https://www.hotelsdrop.com/hotel/residence-e-ristobar-prada-bondone,+39 328 829 4436
lacortemontesarchio@gmail.com,La Corte B&B - Montesarchio,https://www.hotelsdrop.com/hotel/la-corte-b-b-montesarchio-bonea,+39 338 529 6243
support@centralstay.eu,Affittacamere Venere,https://www.hotelsdrop.com/hotel/affittacamere-venere-bonefro,+39 350 040 0055
contatti@sorgentediluna.it,Agriturismo Sorgente di Luna,https://www.hotelsdrop.com/hotel/agriturismo-sorgente-di-luna-bonefro,+39 320 617 7697
bbpensieridautore@gmail.com,B&B Pensieri d'autore,https://www.hotelsdrop.com/hotel/b-b-pensieri-d-autore-bonefro,+39 334 310 3583
info@primoadestra.it,B&B Primo a destra,https://www.hotelsdrop.com/hotel/b-b-primo-a-destra-bonefro,+39 338 712 3589
info@dimoradonnadora.it,Dimora Donna Dora,https://www.hotelsdrop.com/hotel/dimora-donna-dora-bonefro,+39 327 187 4847
info@hotelsantoianni.it,Hotel SantoIanni,https://www.hotelsdrop.com/hotel/hotel-santoianni-bonefro,+39 329 331 3076
pianisialbergo@gmail.com,Pianisi Albergo,https://www.hotelsdrop.com/hotel/pianisi-albergo-bonefro,+39 349 592 3670
info@bbmille.it,B&B Mille,https://www.hotelsdrop.com/hotel/b-b-mille-bonemerse,+39 392 740 3597
diletta.rapalli@live.it,B&B Stradivari,https://www.hotelsdrop.com/hotel/b-b-stradivari-bonemerse,+39 320 841 9505
info@farisengo.it,Cascina Farisengo: agriturismo e location matrimoni ed eventi,https://www.hotelsdrop.com/hotel/cascina-farisengo-agriturismo-e-location-matrimo-bonemerse,+39 366 731 0161
info@cremonainn.it,Cremona Inn Aparthotel,https://www.hotelsdrop.com/hotel/cremona-inn-aparthotel-bonemerse,+39 353 473 6936
bookings@maripetra.com,Maripetra B&B,https://www.hotelsdrop.com/hotel/maripetra-b-b-bonifati,+39 345 908 3884
info@balneumitalia.it,Balneum Rooms & Spa,https://www.hotelsdrop.com/hotel/balneum-rooms-spa-bonito,+39 388 900 9749
skylinerooms@libero.it,Skyline Rooms & Suites,https://www.hotelsdrop.com/hotel/skyline-rooms-suites-bonito,+39 349 329 9100
arcudechelubnb@gmail.com,Arcu de Chelu B&B,https://www.hotelsdrop.com/hotel/arcu-de-chelu-b-b-bonorva,+39 347 967 7697
sistellatinnura@gmail.com,S'istella Affittacamere,https://www.hotelsdrop.com/hotel/s-istella-affittacamere-bonorva,+39 331 433 8092
info@montisclari-monchiero-langhe.com,B & B Montisclari Monchiero Langhe,https://www.hotelsdrop.com/hotel/b-b-montisclari-monchiero-langhe-bonvicino,+39 329 296 0335
info@casabaricalino.com,Casa Baricalino Cantina,https://www.hotelsdrop.com/hotel/casa-baricalino-cantina-bonvicino,+39 338 392 9138
chiera.ssa@gmail.com,La casa di Talin,https://www.hotelsdrop.com/hotel/la-casa-di-talin-bonvicino,+39 339 190 9339
ilboscaiolo@hotmail.it,"Il Boscaiolo è un accogliente B&B vicino L'Aquila, situato a Sassa Scalo a pochi minuti dal centro.",https://www.hotelsdrop.com/hotel/il-boscaiolo-e-un-accogliente-b-b-vicino-l-aquil-borbona,+39 337 109 4452
luca.tennina@gmail.com,IL QUERCETO DELLE MARINE,https://www.hotelsdrop.com/hotel/il-querceto-delle-marine-borbona,+39 340 466 0652
oasievetoio@gmail.com,Room & Breakfast Oasi del Vetoio,https://www.hotelsdrop.com/hotel/room-breakfast-oasi-del-vetoio-borbona,+39 344 746 6701
info@nicadiego.com,Appartamenti Nica e Diego - Nica Sas,https://www.hotelsdrop.com/hotel/appartamenti-nica-e-diego-nica-sas-borca-di-cadore,336 411 576
info@villagaia.info,Dolomiti Lodge ristorante Villa Gaia,https://www.hotelsdrop.com/hotel/dolomiti-lodge-ristorante-villa-gaia-borca-di-cadore,+39 333 586 7762
info@italianhotelgroup.it,HG Casa Montana - Guest House,https://www.hotelsdrop.com/hotel/hg-casa-montana-guest-house-borca-di-cadore,+39 340 622 9410
sleepinfriuli@gmail.com,Sleep in Venzone,https://www.hotelsdrop.com/hotel/sleep-in-venzone-bordano,+39 339 756 1610
sleepinfriuli@gmail.com,Sleep In Venzone Depandance,https://www.hotelsdrop.com/hotel/sleep-in-venzone-depandance-bordano,+39 339 756 1610
info@ceraunavoltaagriturismo.it,Agriturismo C'Era Una Volta...,https://www.hotelsdrop.com/hotel/agriturismo-c-era-una-volta-bordighera,+39 348 494 9428
info@acquadimare.com,B&B Acqua Di Mare,https://www.hotelsdrop.com/hotel/b-b-acqua-di-mare-bordighera,+39 327 372 4555
info@hotelelandra.com,Hotel Elandra,https://www.hotelsdrop.com/hotel/hotel-elandra-bordighera,+39 388 425 7454
info@villabottini.it,Villa Bottini - La Limonaia,https://www.hotelsdrop.com/hotel/villa-bottini-la-limonaia-bordolano,335 292 560
posta@allelujacamp.eu,Agriturismo Alleluja: Country House and Glamping Resort,https://www.hotelsdrop.com/hotel/agriturismo-alleluja-country-house-and-glamping-bore,+39 331 601 1716
info@amicahotel.com,Hotel Amica,https://www.hotelsdrop.com/hotel/hotel-amica-bore,+39 375 861 8796
info@cantinaviscontivigoleno.com,Società Agricola Visconti Massimo & C.,https://www.hotelsdrop.com/hotel/societa-agricola-visconti-massimo-c-bore,+39 320 334 0950
info@agriturismosangiuseppe.com,Agriturismo San Giuseppe,https://www.hotelsdrop.com/hotel/agriturismo-san-giuseppe-boretto,+39 320 159 7700
605a7baede844d278b89dc95ae0a9123@sentry-next.wixpress.com,B&B Il Ponticello,https://www.hotelsdrop.com/hotel/b-b-il-ponticello-boretto,+39 349 728 6851
605a7baede844d278b89dc95ae0a9123@sentry-next.wixpress.com,B&B Stazione Don Camillo,https://www.hotelsdrop.com/hotel/b-b-stazione-don-camillo-boretto,+39 351 478 8514
info@lasosta-beb.it,La Sosta fuori stazione B&B,https://www.hotelsdrop.com/hotel/la-sosta-fuori-stazione-b-b-boretto,+39 338 227 1458
info@bbborgotrecase.it,B&B Borgo Tre Case (sulla Via Francigena a 2 passi da Pavia),https://www.hotelsdrop.com/hotel/b-b-borgo-tre-case-sulla-via-francigena-a-2-pass-borgarello,+39 351 313 8601
info@cascinadomina.comm,Agriturismo Cascina Domina,https://www.hotelsdrop.com/hotel/agriturismo-cascina-domina-borgaro-torinese,+39 348 287 9562
info@bebalba.com,B&B Alba,https://www.hotelsdrop.com/hotel/b-b-alba-borgetto,+39 351 787 3647
bagliocartaruffino@gmail.com,Baglio Carta,https://www.hotelsdrop.com/hotel/baglio-carta-borgetto,+39 339 406 2869
newriverhotel@gmail.com,New River Hotel,https://www.hotelsdrop.com/hotel/new-river-hotel-borgetto,+39 351 545 1343
info@oliorudasso.it,"Agriturismo ""Il glicine e la lucerna""",https://www.hotelsdrop.com/hotel/agriturismo-il-glicine-e-la-lucerna-borghetto-d-arroscia,+39 334 311 1123
la.chouette.nirasca@proton.me,Agriturismo La Chouette,https://www.hotelsdrop.com/hotel/agriturismo-la-chouette-borghetto-d-arroscia,+39 339 174 2958
agriturismolafattoria@gmail.com,AGRITURISMO LA FATTORIA,https://www.hotelsdrop.com/hotel/agriturismo-la-fattoria-borghetto-d-arroscia,+39 338 442 6766
info@amaccia.it,aMaccia,https://www.hotelsdrop.com/hotel/amaccia-borghetto-d-arroscia,+39 366 902 2107
latraversina@latraversina.com,La Traversina Agriturismo di Charme,https://www.hotelsdrop.com/hotel/la-traversina-agriturismo-di-charme-borghetto-di-borbera,335 494 295
info@ilnidonellabionda.com,Il Nido nella Bionda,https://www.hotelsdrop.com/hotel/il-nido-nella-bionda-borghetto-di-vara,+39 338 246 2165
locanda@locandadamarco.it,Locanda da Marco,https://www.hotelsdrop.com/hotel/locanda-da-marco-borghetto-di-vara,+39 333 271 0892
info@bb-lameridianapiacenza.it,Affittacamere La Meridiana di Francesco Casali,https://www.hotelsdrop.com/hotel/affittacamere-la-meridiana-di-francesco-casali-borghetto-lodigiano,+39 331 159 8298
info@bbpiacenza.it,B&B Il Piccolo,https://www.hotelsdrop.com/hotel/b-b-il-piccolo-borghetto-lodigiano,+39 349 802 2849
info@ilcortilettopiacenza.com,Il cortiletto,https://www.hotelsdrop.com/hotel/il-cortiletto-borghetto-lodigiano,+39 335 692 8974
info@milaenan.it,MILAeNAN B&B,https://www.hotelsdrop.com/hotel/milaenan-b-b-borghetto-santo-spirito,+39 329 892 5089
info@residenzadegliaranci.it,Residenza degli Aranci,https://www.hotelsdrop.com/hotel/residenza-degli-aranci-borghetto-santo-spirito,+39 333 202 1576
info@concaverdeclub.it,B&B Concaverde,https://www.hotelsdrop.com/hotel/b-b-concaverde-borghi,+39 351 911 2291
info@svegliarsineiborghi.it,B&B Svegliarsi nei Borghi,https://www.hotelsdrop.com/hotel/b-b-svegliarsi-nei-borghi-borghi,+39 349 830 5477
info@lemoie.it,Le Moie,https://www.hotelsdrop.com/hotel/le-moie-borgiallo,+39 347 472 6613
albergocalcagnoborgio@yahoo.it,Calcagno,https://www.hotelsdrop.com/hotel/calcagno-borgio-verezzi,+39 338 608 3075
giardinidivalerooms@gmail.com,Giardinidivale,https://www.hotelsdrop.com/hotel/giardinidivale-borgio-verezzi,+39 331 477 6873
%20info@svegliarsiaverezzi.com,La Canonica - Svegliarsi a Verezzi,https://www.hotelsdrop.com/hotel/la-canonica-svegliarsi-a-verezzi-borgio-verezzi,+39 348 776 9438
prenotazioni.bergallolocanda@gmail.com,Locanda del Bergallo,https://www.hotelsdrop.com/hotel/locanda-del-bergallo-borgio-verezzi,+39 393 902 2512
info@terrazzafelice.it,Terrazza Felice Room & Breakfast,https://www.hotelsdrop.com/hotel/terrazza-felice-room-breakfast-borgio-verezzi,+39 347 153 2608
villinosaracenorostain1911@gmail.com,Villino Saraceno Rostain 1911,https://www.hotelsdrop.com/hotel/villino-saraceno-rostain-1911-borgio-verezzi,+39 333 462 3940
info@agricolailpino.it,Agriturismo Il Pino,https://www.hotelsdrop.com/hotel/agriturismo-il-pino-borgo-a-mozzano,+39 349 231 5730
info@casettadibutia.it,Agriturismo la Casetta di Butia,https://www.hotelsdrop.com/hotel/agriturismo-la-casetta-di-butia-borgo-a-mozzano,+39 347 065 4641
borghidellamaddalena@gmail.com,Albergo Diffuso -I Borghi della Maddalena,https://www.hotelsdrop.com/hotel/albergo-diffuso-i-borghi-della-maddalena-borgo-a-mozzano,+39 377 570 8522
info@macea.it,Azienda Agricola Macea,https://www.hotelsdrop.com/hotel/azienda-agricola-macea-borgo-a-mozzano,+39 392 511 3239
residenza.morianese@gmail.com,Morianese Residence,https://www.hotelsdrop.com/hotel/morianese-residence-borgo-a-mozzano,+39 328 813 8651
info@villaguinigi.it,VILLA GUINIGI EXCLUSIVE RESIDENCE & POOL,https://www.hotelsdrop.com/hotel/villa-guinigi-exclusive-residence-pool-borgo-a-mozzano,+39 333 954 3161
ribagabruno@live.it,Agritur Al Marter,https://www.hotelsdrop.com/hotel/agritur-al-marter-borgo-chiese,+39 347 813 6271
bbledro@yahoo.it,B&B LEDRO - Affittacamere,https://www.hotelsdrop.com/hotel/b-b-ledro-affittacamere-borgo-chiese,+39 338 418 7314
az.ag.lagenziana@gmail.com,Garnì Dal Mozat,https://www.hotelsdrop.com/hotel/garni-dal-mozat-borgo-chiese,+39 345 446 6674
info@enjoyledro.it,Garnì Enjoy Ledro,https://www.hotelsdrop.com/hotel/garni-enjoy-ledro-borgo-chiese,+39 351 843 5670
info@tenutavariselle.it,Tenuta Variselle Roppolo,https://www.hotelsdrop.com/hotel/tenuta-variselle-roppolo-borgo-d-ale,+39 333 431 3260
info@bbanticadimora.com,Antica Dimora,https://www.hotelsdrop.com/hotel/antica-dimora-borgo-mantovano,+39 339 120 8311
info@casabellodi.it,Casa Bellodi,https://www.hotelsdrop.com/hotel/casa-bellodi-borgo-mantovano,+39 340 613 8501
info@allinsolutions.it,Garden Hotel & Residence,https://www.hotelsdrop.com/hotel/garden-hotel-residence-borgo-mantovano,+39 347 183 1397
info@daidubourdei.it,Agriturismo Dai Du Bourdei,https://www.hotelsdrop.com/hotel/agriturismo-dai-du-bourdei-borgo-pace,+39 333 472 3212
info@sacchifarm.it,Agriturismo Sacchiafarm,https://www.hotelsdrop.com/hotel/agriturismo-sacchiafarm-borgo-pace,+39 339 632 8466
info@borgocisterna.it,Borgo Storico Cisterna Agriturismo,https://www.hotelsdrop.com/hotel/borgo-storico-cisterna-agriturismo-borgo-pace,+39 335 833 5976
laroveda@malpaga.com,Agriturismo La Roveda,https://www.hotelsdrop.com/hotel/agriturismo-la-roveda-borgo-priolo,+39 329 847 9663
fattoriamondoantico@libero.it,Agriturismo Mondo Antico,https://www.hotelsdrop.com/hotel/agriturismo-mondo-antico-borgo-priolo,+39 350 040 4412
info@borgosantuletta.com,Azienda Agricola Borgo Santuletta,https://www.hotelsdrop.com/hotel/azienda-agricola-borgo-santuletta-borgo-priolo,+39 350 013 1530
casapercivalle@gmail.com,B&B Casa Percivalle,https://www.hotelsdrop.com/hotel/b-b-casa-percivalle-borgo-priolo,+39 351 181 4192
tenutailfienile@gmail.com,Tenuta Il Fienile,https://www.hotelsdrop.com/hotel/tenuta-il-fienile-borgo-priolo,+39 333 725 3922
info@lapiazzettadelborgo.com,B&B La Piazzetta Del Borgo,https://www.hotelsdrop.com/hotel/b-b-la-piazzetta-del-borgo-borgo-san-dalmazzo,+39 320 035 2225
info@bedandbreakfastcuneosanrock.it,B&B SanRock,https://www.hotelsdrop.com/hotel/b-b-sanrock-borgo-san-dalmazzo,+39 339 378 9568
info@agriturismorosita.it,Agriturismo Rosita,https://www.hotelsdrop.com/hotel/agriturismo-rosita-borgo-san-giovanni,+39 339 726 3651
info@bedandbreakfastsanbruno.it,Agriturismo San Bruno,https://www.hotelsdrop.com/hotel/agriturismo-san-bruno-borgo-san-giovanni,+39 334 300 2402
info@cattleya-rooms.it,Cattleya Rooms & Breakfast,https://www.hotelsdrop.com/hotel/cattleya-rooms-breakfast-borgo-san-giovanni,+39 349 941 6508
info@palazzovecchio.eu,Agriturismo Palazzo Vecchio,https://www.hotelsdrop.com/hotel/agriturismo-palazzo-vecchio-borgo-san-lorenzo,+39 333 997 8977
poderbadia@gmail.com\,Agriturismo Podere Badia ValDrago,https://www.hotelsdrop.com/hotel/agriturismo-podere-badia-valdrago-borgo-san-lorenzo,+39 377 189 7834
info@ilnidodigabbiano.it,Il Nido di Gabbiano,https://www.hotelsdrop.com/hotel/il-nido-di-gabbiano-borgo-san-lorenzo,+39 340 547 3750
info@locandadialberi.it,Locanda Di Alberi,https://www.hotelsdrop.com/hotel/locanda-di-alberi-borgo-san-lorenzo,+39 366 609 0672
info@borgosanmartinomonopoli.it,B&B Borgo San Martino,https://www.hotelsdrop.com/hotel/b-b-borgo-san-martino-borgo-san-martino,+39 349 852 6465
info@agriturismoraimondi.it,Agriturismo Raimondi Cominesi Amilcare,https://www.hotelsdrop.com/hotel/agriturismo-raimondi-cominesi-amilcare-borgo-san-siro,+39 339 203 0838
info@bebdallozio.it,B&B dalLo Zio,https://www.hotelsdrop.com/hotel/b-b-dallo-zio-borgo-san-siro,+39 338 270 5484
info@anticacasabalsari.it,Antica Casa Balsari,https://www.hotelsdrop.com/hotel/antica-casa-balsari-borgo-ticino,+39 335 563 7453
info@allacortedelpicchio.it,Alla Corte del Picchio Room & Breakfast,https://www.hotelsdrop.com/hotel/alla-corte-del-picchio-room-breakfast-borgo-tossignano,+39 333 612 2198
info@bedandbreakfast.eu,B&B di Paola e Luca,https://www.hotelsdrop.com/hotel/b-b-di-paola-e-luca-borgo-tossignano,+39 335 538 2326
info@casaflosa.it,Casa Flosa B&B,https://www.hotelsdrop.com/hotel/casa-flosa-b-b-borgo-tossignano,+39 335 705 8499
info@lacompagniabb.it,La Compagnia B&B,https://www.hotelsdrop.com/hotel/la-compagnia-b-b-borgo-tossignano,+39 335 534 2008
info@casaserafini.com,Ostello dei Gessi,https://www.hotelsdrop.com/hotel/ostello-dei-gessi-borgo-tossignano,+39 333 653 5541
rosecioccolato@gmail.com,B&B Rose e Cioccolato,https://www.hotelsdrop.com/hotel/b-b-rose-e-cioccolato-borgo-val-di-taro,+39 333 385 0279
agriturismosaetta@gmail.com,AGRITURISMO Az.Agr. SAETTA' di Marco Casagrande,https://www.hotelsdrop.com/hotel/agriturismo-az-agr-saetta-di-marco-casagrande-borgo-valbelluna,+39 346 089 9293
lacasaneiboschi@gmail.com,agriturismo la casa nei boschi,https://www.hotelsdrop.com/hotel/agriturismo-la-casa-nei-boschi-borgo-valbelluna,+39 320 195 3522
info@anticavillasophie.it,Antica Villa Sophie B&B,https://www.hotelsdrop.com/hotel/antica-villa-sophie-b-b-borgo-valbelluna,+39 333 948 3275
info@aipianai.it,B&B Ai Pianai,https://www.hotelsdrop.com/hotel/b-b-ai-pianai-borgo-valbelluna,+39 340 295 0654
loredanadacol62@gmail.com,B&B Al Portico,https://www.hotelsdrop.com/hotel/b-b-al-portico-borgo-valbelluna,+39 333 722 4071
b-ballalanterna@libero.it,b&b alla Lanterna,https://www.hotelsdrop.com/hotel/b-b-alla-lanterna-borgo-valbelluna,+39 349 841 8077
casaverdebelluno@gmail.com,B&B CasaVerde Belluno,https://www.hotelsdrop.com/hotel/b-b-casaverde-belluno-borgo-valbelluna,+39 351 897 0889
lacolombera.frontin@libero.it,Bed and Breakfast la Colombera,https://www.hotelsdrop.com/hotel/bed-and-breakfast-la-colombera-borgo-valbelluna,+39 366 405 7587
info@poggiopagnan.it,Relais Poggio Pagnan Agriturismo 5 Girasoli,https://www.hotelsdrop.com/hotel/relais-poggio-pagnan-agriturismo-5-girasoli-borgo-valbelluna,+39 389 443 9585
info@masovalli.it,Agritur Maso Valli,https://www.hotelsdrop.com/hotel/agritur-maso-valli-borgo-valsugana,+39 349 089 9280
info@agriturdalcastagne.it,Agriturismo Fattoria Dalcastagnè,https://www.hotelsdrop.com/hotel/agriturismo-fattoria-dalcastagne-borgo-valsugana,+39 347 883 8070
info@alcacciatorelevico.it,Al Cacciatore - Albergo - Ristorante - Bar,https://www.hotelsdrop.com/hotel/al-cacciatore-albergo-ristorante-bar-borgo-valsugana,+39 348 443 7692
yahoo@raducretu.ro,Hotel Ristorante Da Valerio,https://www.hotelsdrop.com/hotel/hotel-ristorante-da-valerio-borgo-velino,+39 351 469 8206
info@locandacavejo.it,Locanda Ca' Vejo srl,https://www.hotelsdrop.com/hotel/locanda-ca-vejo-srl-borgo-veneto,+39 347 652 2949
cefa77@hotmail.it,B&B Parco del Mincio,https://www.hotelsdrop.com/hotel/b-b-parco-del-mincio-borgo-virgilio,+39 339 200 4308
info@lalocandanelfrutteto.it,La Locanda nel Frutteto Room & Breakfast - Eventi,https://www.hotelsdrop.com/hotel/la-locanda-nel-frutteto-room-breakfast-eventi-borgocarbonara,+39 379 235 7263
info@locandadivinis.com,Locanda Divinis,https://www.hotelsdrop.com/hotel/locanda-divinis-borgocarbonara,+39 346 671 9993
info@le3stanze.it,LE3STANZE di Loredana,https://www.hotelsdrop.com/hotel/le3stanze-di-loredana-borgomanero,+39 331 153 9427
info@bbautin.com,B&B Autin,https://www.hotelsdrop.com/hotel/b-b-autin-borgone-susa,+39 347 377 2236
info@croaravecchia.it,Agriturismo Croara Vecchia,https://www.hotelsdrop.com/hotel/agriturismo-croara-vecchia-borgonovo-val-tidone,+39 333 219 3845
ilcorniolo@hotmail.it,Agriturismo Il Corniolo,https://www.hotelsdrop.com/hotel/agriturismo-il-corniolo-borgonovo-val-tidone,+39 340 979 0458
info@oasivalluretta.com,B&B Oasi Val Luretta,https://www.hotelsdrop.com/hotel/b-b-oasi-val-luretta-borgonovo-val-tidone,+39 335 636 6798
info@villa-chloe.it,De Chloé S.S.Agr. - Villa Chloé,https://www.hotelsdrop.com/hotel/de-chloe-s-s-agr-villa-chloe-borgonovo-val-tidone,+39 353 402 1934
info@lungacque.it,Locanda dei Melograni - Lungacque,https://www.hotelsdrop.com/hotel/locanda-dei-melograni-lungacque-borgonovo-val-tidone,+39 329 571 7171
info@albergo900.it,Albergo '900,https://www.hotelsdrop.com/hotel/albergo-900-borgoratto-alessandrino,+39 347 210 7592
cascinalamaddalena@gmail.com,Cascina La Maddalena Bed & Wine,https://www.hotelsdrop.com/hotel/cascina-la-maddalena-bed-wine-borgoratto-alessandrino,+39 348 808 1075
infovillamarengo@gmail.com,Villa Marengo Guest House,https://www.hotelsdrop.com/hotel/villa-marengo-guest-house-borgoratto-alessandrino,+39 334 339 6680
dellacosta@libero.it,Agriturismo della Costa,https://www.hotelsdrop.com/hotel/agriturismo-della-costa-borgoratto-mormorolo,+39 333 252 5802
lalocandadelmolino@gmail.com,La Locanda del Molino Azienda Agricola Madreselva,https://www.hotelsdrop.com/hotel/la-locanda-del-molino-azienda-agricola-madreselv-borgoratto-mormorolo,+39 333 481 5956
info@amoler.it,Amoler Agriturismo,https://www.hotelsdrop.com/hotel/amoler-agriturismo-borgoricco,+39 351 344 7572
info@villabertiguesthouse.it,B&B Villa Berti,https://www.hotelsdrop.com/hotel/b-b-villa-berti-borgoricco,+39 346 664 3759
prenotazioni@locandatabina.it,Hotel Tabina - Santa Maria di Sala,https://www.hotelsdrop.com/hotel/hotel-tabina-santa-maria-di-sala-borgoricco,+39 370 379 4948
info@larotondarelais.com,La Rotonda Relais,https://www.hotelsdrop.com/hotel/la-rotonda-relais-borgoricco,+39 370 314 2821
appartamentiilcapomandro@gmail.com,Appartamenti Il Capomandro,https://www.hotelsdrop.com/hotel/appartamenti-il-capomandro-borgorose,+39 331 111 7111
info@leofreninatura.it,B&B Leofreni Natura,https://www.hotelsdrop.com/hotel/b-b-leofreni-natura-borgorose,+39 329 746 7054
info@bandbsoleluna.it,B&B Sole e Luna,https://www.hotelsdrop.com/hotel/b-b-sole-e-luna-borgorose,+39 351 961 7560
info@motorhotel.it,Hotel Ai Ronchi - Ristorante e Parcheggio,https://www.hotelsdrop.com/hotel/hotel-ai-ronchi-ristorante-e-parcheggio-borgosatollo,+39 339 119 3268
info@albergosacromonte.it,Albergo Ristorante Sacro Monte,https://www.hotelsdrop.com/hotel/albergo-ristorante-sacro-monte-borgosesia,+39 340 896 5327
appartamentidelborgo@libero.it,Appartamenti del Borgo,https://www.hotelsdrop.com/hotel/appartamenti-del-borgo-borgosesia,+39 347 232 6732
info@loscoiattololanoce.it,B&b Lo scoiattolo e la noce,https://www.hotelsdrop.com/hotel/b-b-lo-scoiattolo-e-la-noce-borgosesia,+39 347 433 9152
bilocalevecchioborgo@hotmail.com,Bilocale Vecchio Borgo,https://www.hotelsdrop.com/hotel/bilocale-vecchio-borgo-borgosesia,+39 333 175 2199
info@villaagnona.it,Villa Agnona,https://www.hotelsdrop.com/hotel/villa-agnona-borgosesia,+39 339 810 3661
ilcantodellerane.finale@gmail.com,Agriturismo - Il canto delle Rane,https://www.hotelsdrop.com/hotel/agriturismo-il-canto-delle-rane-bormida,+39 349 641 0543
lumagin24@gmail.com,Bed & Breakfast Lumagin,https://www.hotelsdrop.com/hotel/bed-breakfast-lumagin-bormida,+39 389 917 8526
info@casacirio.it,CasaCirio agriturismo,https://www.hotelsdrop.com/hotel/casacirio-agriturismo-bormida,+39 340 309 2760
info@ilamoi.it,I Lamoi,https://www.hotelsdrop.com/hotel/i-lamoi-bormida,+39 328 378 0206
info@tecciudicuppi.it,"Villaggio Turistico ""Tecciu' di Cuppi""",https://www.hotelsdrop.com/hotel/villaggio-turistico-tecciu-di-cuppi-bormida,+39 333 777 8446
booking@bormio-ambassador.it,Ambassador Bormio | Hotel Restaurant Wine bar on Stelvio Slope,https://www.hotelsdrop.com/hotel/ambassador-bormio-hotel-restaurant-wine-bar-on-s-bormio,+39 375 986 6444
info@baitaeliseo.com,B&B Baita de Eliseo,https://www.hotelsdrop.com/hotel/b-b-baita-de-eliseo-bormio,+39 338 690 0632
info@residencefiordalpe.it,Residence Fior d'Alpe,https://www.hotelsdrop.com/hotel/residence-fior-d-alpe-bormio,+39 334 660 1324
info@linvoltmountainlodge.it,L'Invòlt Mountain Lodge,https://www.hotelsdrop.com/hotel/l-involt-mountain-lodge-borno,+39 342 036 6707
distanzaguido@gmail.com,B&B Il Tratturo,https://www.hotelsdrop.com/hotel/b-b-il-tratturo-borrello,+39 366 520 9930
trefiori@blu.it,B&B Tre Fiori,https://www.hotelsdrop.com/hotel/b-b-tre-fiori-borrello,+39 328 132 7052
info@ilpalazzodelprincipe.com,Palazzo del Principe,https://www.hotelsdrop.com/hotel/palazzo-del-principe-borrello,+39 331 363 2232
gianna.selle@hotmail.com,Appartamenti G&G | Borso Del Grappa,https://www.hotelsdrop.com/hotel/appartamenti-g-g-borso-del-grappa-borso-del-grappa,+39 320 690 7675
info@aicolori.com,"B & B ""Ai Colori""",https://www.hotelsdrop.com/hotel/b-b-ai-colori-borso-del-grappa,+39 338 458 1093
info@bbdamatteo.it,B&B Da Matteo,https://www.hotelsdrop.com/hotel/b-b-da-matteo-borso-del-grappa,+39 339 187 4578
info@bbreliefpossagno.it,B&B Relief Possagno,https://www.hotelsdrop.com/hotel/b-b-relief-possagno-borso-del-grappa,+39 333 759 9976
beehouse@libero.it,BeeHouse - La Casa delle Api Agriturismo,https://www.hotelsdrop.com/hotel/beehouse-la-casa-delle-api-agriturismo-borso-del-grappa,330 296 988
info@ingrappasporthouse.com,INGRAPPA SPORT HOUSE,https://www.hotelsdrop.com/hotel/ingrappa-sport-house-borso-del-grappa,+39 333 768 6566
kiki.montegrappa@gmail.com,Kiki,https://www.hotelsdrop.com/hotel/kiki-borso-del-grappa,+39 370 316 9615
info@corbezzole.it,Le Fate Corbezzole,https://www.hotelsdrop.com/hotel/le-fate-corbezzole-borso-del-grappa,+39 348 694 0158
gondaegiuliano@gmail.com,Residence Gonda&Giuliano,https://www.hotelsdrop.com/hotel/residence-gonda-giuliano-borso-del-grappa,+39 331 767 7683
info@tommyhouse.it,TommyHouse,https://www.hotelsdrop.com/hotel/tommyhouse-borso-del-grappa,+39 379 294 9219
info@casteldoria.it,Agriturismo Casteldoria di Rosso Francesco,https://www.hotelsdrop.com/hotel/agriturismo-casteldoria-di-rosso-francesco-bortigiadas,+39 328 251 2449
francescoperu1958@gmail.com,Agriturismo La Capanna,https://www.hotelsdrop.com/hotel/agriturismo-la-capanna-bortigiadas,+39 348 981 9604
agriturismo.spinalva@live.it,Agriturismo Spinalva,https://www.hotelsdrop.com/hotel/agriturismo-spinalva-bortigiadas,+39 344 237 7141
lacasadispinosella@gmail.com,La Casa di Spinosella Agriturismo,https://www.hotelsdrop.com/hotel/la-casa-di-spinosella-agriturismo-bortigiadas,+39 379 217 8084
info@agriturismomonteistulargiu.com,MONTE ISTULARGIU Azienda Agricola & Agriturismo,https://www.hotelsdrop.com/hotel/monte-istulargiu-azienda-agricola-agriturismo-bortigiadas,+39 348 724 0479
support@centralstay.eu,Domu Montegrappa 54,https://www.hotelsdrop.com/hotel/domu-montegrappa-54-borutta,+39 338 909 5006
shantihouse@libero.it,B&B Shanti House,https://www.hotelsdrop.com/hotel/b-b-shanti-house-borzonasca,+39 366 408 0737
info@villapaggi.com,Villa Paggi country house,https://www.hotelsdrop.com/hotel/villa-paggi-country-house-borzonasca,+39 335 666 2295
villaelisabosa@gmail.com,"B&B ""Villa Elisa""",https://www.hotelsdrop.com/hotel/b-b-villa-elisa-bosa,+39 347 587 5909
bomarosabandb@gmail.com,B&B Bomarosa,https://www.hotelsdrop.com/hotel/b-b-bomarosa-bosa,+39 347 615 9482
vistafiume.vacanze@gmail.com,B&B Vista Fiume,https://www.hotelsdrop.com/hotel/b-b-vista-fiume-bosa,+39 333 365 8564
info@blubosa.it,Blu B&B Bosa,https://www.hotelsdrop.com/hotel/blu-b-b-bosa-bosa,+39 392 886 1778
contact@bnbbosa.com,Guesthouse di Giuseppe,https://www.hotelsdrop.com/hotel/guesthouse-di-giuseppe-bosa,+39 327 717 3761
parkgardenbosa@gmail.com,Park Garden Guest House,https://www.hotelsdrop.com/hotel/park-garden-guest-house-bosa,+39 338 907 0834
info@regnosaltos.it,Regnos Altos Boutique Rooms,https://www.hotelsdrop.com/hotel/regnos-altos-boutique-rooms-bosa,+39 379 127 2959
info@ilpettirossovr.it,B & B Il Pettirosso,https://www.hotelsdrop.com/hotel/b-b-il-pettirosso-bosco-chiesanuova,+39 348 915 7264
bedandbreakfastdallaeli@gmail.com,B&B dalla ELI,https://www.hotelsdrop.com/hotel/b-b-dalla-eli-bosco-chiesanuova,+39 320 138 8785
info@bbmolina.it,BBmolina,https://www.hotelsdrop.com/hotel/bbmolina-bosco-chiesanuova,+39 339 388 2314
info@cortetrevigne.it,Corte Tre Vigne,https://www.hotelsdrop.com/hotel/corte-tre-vigne-bosco-chiesanuova,+39 389 103 0218
contact@globostay.com,Dormire alla Ruota,https://www.hotelsdrop.com/hotel/dormire-alla-ruota-bosco-chiesanuova,+39 334 755 6877
info@casalidiagavi.it,Casa Lidia Gavi,https://www.hotelsdrop.com/hotel/casa-lidia-gavi-bosco-marengo,+39 333 531 3545
info@cascinafolletto.com,Cascina Folletto,https://www.hotelsdrop.com/hotel/cascina-folletto-bosco-marengo,+39 339 674 9917
cascinamerlanetta@live.it,Cascina Merlanetta - Agriturismo & Fattoria didattica,https://www.hotelsdrop.com/hotel/cascina-merlanetta-agriturismo-fattoria-didattic-bosco-marengo,+39 335 806 5449
info@bblagerbolina.it,B&B La Gerbolina,https://www.hotelsdrop.com/hotel/b-b-la-gerbolina-bosconero,+39 339 625 3863
ladrintbb@gmail.com,Là Drint Bed & Breakfast,https://www.hotelsdrop.com/hotel/la-drint-bed-breakfast-bosconero,+39 349 761 6765
info@vesuvioinn.it,Vesuvio Inn Bed & Wine Experience,https://www.hotelsdrop.com/hotel/vesuvio-inn-bed-wine-experience-boscoreale,+39 366 438 9231
reservationandinfo@gmail.com,Vitiello Maria's home,https://www.hotelsdrop.com/hotel/vitiello-maria-s-home-boscoreale,+39 333 419 9767
info@tenutanunziata.com,Tenuta Nunziata - food / relax / biofarm,https://www.hotelsdrop.com/hotel/tenuta-nunziata-food-relax-biofarm-boscotrecase,+39 388 371 1065
info@yurteinlanga.it,Yurte In Langa,https://www.hotelsdrop.com/hotel/yurte-in-langa-bosia,+39 347 235 0536
agriturismoilburlino@gmail.com,Agriturismo Il Burlino,https://www.hotelsdrop.com/hotel/agriturismo-il-burlino-bosio,+39 349 317 2943
borgocortese@gmail.com,B&B Borgo Cortese,https://www.hotelsdrop.com/hotel/b-b-borgo-cortese-bosio,+39 366 155 7647
info@casalemilleseicento.com,Casale Milleseicento,https://www.hotelsdrop.com/hotel/casale-milleseicento-bosio,+39 351 656 1612
info@leondoro-pusiano.it,B&B Leon d'Oro,https://www.hotelsdrop.com/hotel/b-b-leon-d-oro-bosisio-parini,+39 329 898 7869
lamadonninabeb@gmail.com,Home And Breakfast - La Madonnina -,https://www.hotelsdrop.com/hotel/home-and-breakfast-la-madonnina-bosisio-parini,+39 393 674 6822
narcisobnbvalbrona@gmail.com,Narciso B&B Valbrona,https://www.hotelsdrop.com/hotel/narciso-b-b-valbrona-bosisio-parini,+39 348 844 1742
wine@piccolobaccodeiquaroni.it,Piccolo Bacco Dei Quaroni di Tommaso Cavalli,https://www.hotelsdrop.com/hotel/piccolo-bacco-dei-quaroni-di-tommaso-cavalli-bosnasco,+39 347 934 9734
agriturismocasarai@gmail.com,Agriturismo Casarai,https://www.hotelsdrop.com/hotel/agriturismo-casarai-bossico,+39 377 089 4370
info@thesecretsuite.it,The Secret Suite,https://www.hotelsdrop.com/hotel/the-secret-suite-bossico,+39 366 595 7716
info@maisonotto.it,Maison Otto,https://www.hotelsdrop.com/hotel/maison-otto-bossolasco,+39 347 749 4706
radiceverdecissone@gmail.com,Residence Radice Verde,https://www.hotelsdrop.com/hotel/residence-radice-verde-bossolasco,+39 328 878 2928
info@bb-bruno.com,Bruno Bed & Breakfast,https://www.hotelsdrop.com/hotel/bruno-bed-breakfast-botricello,+39 333 125 4640
bebfrancesca@gmail.com,B&B Francesca,https://www.hotelsdrop.com/hotel/b-b-francesca-botrugno,+39 333 774 6019
info@casacardignan.com,Casa Cardignan,https://www.hotelsdrop.com/hotel/casa-cardignan-botrugno,+39 328 855 5832
giardino.frannicola@gmail.com,Giardino Frannicola,https://www.hotelsdrop.com/hotel/giardino-frannicola-botrugno,+39 376 094 1528
tenutatrescasuites@gmail.com,Tenuta Tresca Suites - Dimora Storica,https://www.hotelsdrop.com/hotel/tenuta-tresca-suites-dimora-storica-botrugno,+39 347 940 6851
bb.villasitrie@libero.it,Villa Sitrie,https://www.hotelsdrop.com/hotel/villa-sitrie-botrugno,+39 320 086 3888
info@villaegarden.it,B&B Villa & Garden,https://www.hotelsdrop.com/hotel/b-b-villa-garden-bottanuco,+39 375 633 0287
info@naturooms.com,Cantina Al Silter - NatuRooms,https://www.hotelsdrop.com/hotel/cantina-al-silter-naturooms-bottanuco,+39 334 306 0884
levignesulladda@gmail.com,Le Vigne sull'Adda,https://www.hotelsdrop.com/hotel/le-vigne-sull-adda-bottanuco,+39 392 239 6389
contact@globostay.com,La Taverna Del Gufo,https://www.hotelsdrop.com/hotel/la-taverna-del-gufo-bottidda,+39 347 369 9550
info@aguni.it,AGUNI' Agriturismo & Locanda,https://www.hotelsdrop.com/hotel/aguni-agriturismo-locanda-bova,+39 342 824 9708
calistoleo96@gmail.com,B&b La Ginestra,https://www.hotelsdrop.com/hotel/b-b-la-ginestra-bova,+39 340 516 0645
info@stinplatia.com,B&B Stin Platìa,https://www.hotelsdrop.com/hotel/b-b-stin-platia-bova,+39 338 166 6999
info@hotelserrano.it,Hotel Tito Serranò,https://www.hotelsdrop.com/hotel/hotel-tito-serrano-bova,+39 320 687 3950
info@villaggiojammin.it,Jammin Village,https://www.hotelsdrop.com/hotel/jammin-village-bova-marina,+39 335 802 2034
info@lacasadianna.net,"Bed & Breakfast ""La Casa di Anna""",https://www.hotelsdrop.com/hotel/bed-breakfast-la-casa-di-anna-bovalino,+39 389 169 7961
support@test.com,Bed and Breakfast La Pieve,https://www.hotelsdrop.com/hotel/bed-and-breakfast-la-pieve-bovezzo,+39 393 417 3810
info@dimoremorelli.it,Dimore Morelli Brescia,https://www.hotelsdrop.com/hotel/dimore-morelli-brescia-bovezzo,+39 379 147 5433
info@bbabatjour.it,B&B Abatjour,https://www.hotelsdrop.com/hotel/b-b-abatjour-bovino,+39 351 713 7194
support@centralstay.eu,B&B La Casetta di Nonna Carmela,https://www.hotelsdrop.com/hotel/b-b-la-casetta-di-nonna-carmela-bovino,+39 349 183 1389
info@residenzaducale.it,B&B Residenza Ducale,https://www.hotelsdrop.com/hotel/b-b-residenza-ducale-bovino,+39 328 842 7433
lucio.liscio@gmail.com,Bed & Breakfast La Posta,https://www.hotelsdrop.com/hotel/bed-breakfast-la-posta-bovino,+39 349 518 4724
camere@borgocinquanta.it,Borgocinquanta,https://www.hotelsdrop.com/hotel/borgocinquanta-bovolone,+39 371 456 6561
lacortedellerose@gmail.com,B&B La Corte delle Rose,https://www.hotelsdrop.com/hotel/b-b-la-corte-delle-rose-bozzole,+39 338 176 7481
ilglicinesanmartino@gmail.com,B&B Il Glicine,https://www.hotelsdrop.com/hotel/b-b-il-glicine-bozzolo,+39 339 293 4388
laurabottoli64@gmail.com,Bed and breakfast-Borgo dei Duchi,https://www.hotelsdrop.com/hotel/bed-and-breakfast-borgo-dei-duchi-bozzolo,+39 339 234 2100
hotelvilladeitigli@allinsolutions.it,Villa Dei Tigli,https://www.hotelsdrop.com/hotel/villa-dei-tigli-bozzolo,+39 348 889 8619
info@asfodelorooms.it,B&B Asfodelo Rooms e Camere,https://www.hotelsdrop.com/hotel/b-b-asfodelo-rooms-e-camere-bra,+39 331 457 3433
bednbra@gmail.com,Bed&Bra,https://www.hotelsdrop.com/hotel/bed-bra-bra,+39 347 597 3640
c.elisacravero@yahoo.it,Guest house LangAmore,https://www.hotelsdrop.com/hotel/guest-house-langamore-bra,+39 333 164 5850
info@hotelterredeisalici.com,Hotel Terre dei Salici,https://www.hotelsdrop.com/hotel/hotel-terre-dei-salici-bra,+39 389 291 0215
contacts@esbnyc.com,L'Ombra della Collina Bra,https://www.hotelsdrop.com/hotel/l-ombra-della-collina-bra-bra,+39 328 964 4436
gabry.moli@gmail.com,La Buschera,https://www.hotelsdrop.com/hotel/la-buschera-bra,+39 335 549 2421
agrilbstud@gmail.com,agriturismo LBStud di Riccioni G.,https://www.hotelsdrop.com/hotel/agriturismo-lbstud-di-riccioni-g-bracciano,+39 333 230 2194
domusbiri@gmail.com,DomusBiri,https://www.hotelsdrop.com/hotel/domusbiri-bracciano,+39 377 330 1331
info@lecameredivittoria.it,Le camere di Vittoria,https://www.hotelsdrop.com/hotel/le-camere-di-vittoria-bracciano,+39 333 428 5676
oak@silvafeconda.it,OAK country relax,https://www.hotelsdrop.com/hotel/oak-country-relax-bracciano,+39 375 531 1870
support@centralstay.eu,B&B Dea Guest House,https://www.hotelsdrop.com/hotel/b-b-dea-guest-house-bracigliano,+39 340 603 1470
info@salernobb.com,B&B IL PICCOLO PRINCIPE,https://www.hotelsdrop.com/hotel/b-b-il-piccolo-principe-bracigliano,+39 393 910 0645
contact@globostay.com,B&B Le Rocce,https://www.hotelsdrop.com/hotel/b-b-le-rocce-bracigliano,+39 389 046 7439
civico31rooms@gmail.com,Civico 31 luxury rooms,https://www.hotelsdrop.com/hotel/civico-31-luxury-rooms-bracigliano,+39 377 329 4679
contact@globostay.com,i milord,https://www.hotelsdrop.com/hotel/i-milord-bracigliano,+39 344 032 9722
info@bergheim.bz,Residence Bergheim ***,https://www.hotelsdrop.com/hotel/residence-bergheim-braies-prags,+39 348 372 4608
info@steinwandterhof.it,Steinwandterhof,https://www.hotelsdrop.com/hotel/steinwandterhof-braies-prags,+39 335 611 7232
pgerboni@sullaviadelsale.it,Agriturismo Sulla Via Del Sale,https://www.hotelsdrop.com/hotel/agriturismo-sulla-via-del-sale-brallo-di-pregola,+39 389 794 6726
io_esmeralda@hotmail.com,Altarelli B&B,https://www.hotelsdrop.com/hotel/altarelli-b-b-brallo-di-pregola,+39 335 676 2456
info@bnbilcapponmagro.it,B&B Il Cappon Magro Bobbio,https://www.hotelsdrop.com/hotel/b-b-il-cappon-magro-bobbio-brallo-di-pregola,+39 349 601 6976
casabrallo@gmail.com,B&B La Casa nel Bosco,https://www.hotelsdrop.com/hotel/b-b-la-casa-nel-bosco-brallo-di-pregola,+39 349 245 2243
info@santacristinalozio.it,B&B Santa Cristina,https://www.hotelsdrop.com/hotel/b-b-santa-cristina-braone,+39 334 726 4393
casavisnenza@gmail.com,Casa Visnenza B&B,https://www.hotelsdrop.com/hotel/casa-visnenza-b-b-braone,+39 320 906 4557
ostellodivallecamonica@gmail.com,Ostello di Vallecamonica,https://www.hotelsdrop.com/hotel/ostello-di-vallecamonica-braone,+39 347 672 3193
info@sport-benessere.it,Residence Sport & Benessere,https://www.hotelsdrop.com/hotel/residence-sport-benessere-brebbia,+39 346 948 3283
info@babtreviso.com,B&B Madam,https://www.hotelsdrop.com/hotel/b-b-madam-breda-di-piave,+39 393 338 8333
contact@globostay.com,Big Brother B&B,https://www.hotelsdrop.com/hotel/big-brother-b-b-breda-di-piave,+39 346 100 8155
lacasadicampagna0@gmail.com,La Casa di Campagna,https://www.hotelsdrop.com/hotel/la-casa-di-campagna-breda-di-piave,337 490 281
605a7baede844d278b89dc95ae0a9123@sentry-next.wixpress.com,Agriturismo Dai Gobbi,https://www.hotelsdrop.com/hotel/agriturismo-dai-gobbi-breganze,+39 338 849 4490
info@anticoborgobrunelli.it,Antico Borgo Brunelli,https://www.hotelsdrop.com/hotel/antico-borgo-brunelli-breganze,+39 335 566 5304
samueleguidolin@gmail.com,B&B Al Cantico,https://www.hotelsdrop.com/hotel/b-b-al-cantico-breganze,+39 335 630 5490
info@affittacamere-isba.com,B&B alloggi affittacamere ISBA,https://www.hotelsdrop.com/hotel/b-b-alloggi-affittacamere-isba-breganze,+39 348 724 7177
info@casadicampagnacastello.it,Casa di Campagna Castello,https://www.hotelsdrop.com/hotel/casa-di-campagna-castello-breganze,+39 349 217 6406
info@hotelpedrocchi.it,Ristorante Hotel Pedrocchi,https://www.hotelsdrop.com/hotel/ristorante-hotel-pedrocchi-breganze,+39 339 799 5516
lucianalomazzo@gmail.com,B&B Les Fleurettes,https://www.hotelsdrop.com/hotel/b-b-les-fleurettes-bregnano,+39 331 309 9274
info@lamacinacomo.it,La Macina Agriturismo,https://www.hotelsdrop.com/hotel/la-macina-agriturismo-bregnano,+39 340 220 9284
simonavincenzi@libero.it,B&B Casa Lulù,https://www.hotelsdrop.com/hotel/b-b-casa-lulu-brembate,+39 338 250 6951
centerbergamo@libero.it,Golden Teal & Silver Birch apartments,https://www.hotelsdrop.com/hotel/golden-teal-silver-birch-apartments-brembate,+39 375 500 7783
info@hotel-tech.it,Hotel Tech,https://www.hotelsdrop.com/hotel/hotel-tech-brembate,+39 348 921 3546
info@locandascotti.it,Locanda Scotti,https://www.hotelsdrop.com/hotel/locanda-scotti-brembate-di-sopra,+39 379 367 0114
info@castellosannazzaro.it,"B&B Castello Sannazzaro - Per soggiorni romantici, vicino Casale Monferrato",https://www.hotelsdrop.com/hotel/b-b-castello-sannazzaro-per-soggiorni-romantici-breme,+39 335 103 0923
info@lacortedeigelsi.com,B&B “La Corte dei Gelsi”,https://www.hotelsdrop.com/hotel/b-b-la-corte-dei-gelsi-brendola,+39 347 226 4632
info@agriturismoelpavejo.it,Bed and Breakfast a Vicenza El Pavejo,https://www.hotelsdrop.com/hotel/bed-and-breakfast-a-vicenza-el-pavejo-brendola,+39 334 158 2895
info@goldenes-kreuz.it,Goldenes Kreuz Hotel,https://www.hotelsdrop.com/hotel/goldenes-kreuz-hotel-brennero-brenner,+39 340 241 0310
info@schaurhof.it,Hühnerspielhütte - Rifugio Cima Gallina,https://www.hotelsdrop.com/hotel/huhnerspielhutte-rifugio-cima-gallina-brennero-brenner,+39 333 306 2300
locanda@daibaldi.it,Locanda Da I Baldi,https://www.hotelsdrop.com/hotel/locanda-da-i-baldi-brenta,+39 351 416 4917
info@agriturismotreforti.com,Agriturismo Tre Forti,https://www.hotelsdrop.com/hotel/agriturismo-tre-forti-brentino-belluno,+39 349 143 1675
info@bblil.it,Bed and Breakfast Lil,https://www.hotelsdrop.com/hotel/bed-and-breakfast-lil-brenzone-sul-garda,+39 349 453 0397
info.garda.dom@gmail.com,Casa Bianca,https://www.hotelsdrop.com/hotel/casa-bianca-brenzone-sul-garda,+39 351 636 5074
info.garda.dom@gmail.com,Garda Doma,https://www.hotelsdrop.com/hotel/garda-doma-brenzone-sul-garda,+39 351 636 5074
info@anticocasalecaroli.it,Antico Casale Caroli,https://www.hotelsdrop.com/hotel/antico-casale-caroli-brescello,+39 370 341 8529
info@roomsdonalfonso.it,Rooms Don Alfonso,https://www.hotelsdrop.com/hotel/rooms-don-alfonso-brescello,+39 351 098 1340
info.albinariobrescia@gmail.com,Al Binario Brescia,https://www.hotelsdrop.com/hotel/al-binario-brescia-brescia,+39 375 722 6254
capitoliumad@icloud.com,BED AND BREAKFAST CAPITOLIUMAD,https://www.hotelsdrop.com/hotel/bed-and-breakfast-capitoliumad-brescia,+39 389 941 7077
info@lemusebrescia.it,Le Muse Bed and Breakfast,https://www.hotelsdrop.com/hotel/le-muse-bed-and-breakfast-brescia,+39 346 668 2667
info@locandadellemercanzie.com,Locanda Delle Mercanzie,https://www.hotelsdrop.com/hotel/locanda-delle-mercanzie-brescia,+39 333 482 6352
info@agriroom.it,Agriroom,https://www.hotelsdrop.com/hotel/agriroom-bresimo,+39 331 219 6284
direzione@trentinomarketing.org,Dimora la Meridiana,https://www.hotelsdrop.com/hotel/dimora-la-meridiana-bresimo,+39 335 702 4785
support@centralstay.eu,Atelier Guest House,https://www.hotelsdrop.com/hotel/atelier-guest-house-bressana-bottarone,+39 331 767 6118
info@suitevogue.com,Suite Vogue Sforza,https://www.hotelsdrop.com/hotel/suite-vogue-sforza-bressana-bottarone,+39 328 149 8108
matteo_bandb@live.it,B&B De I Bravi - Charming guest house,https://www.hotelsdrop.com/hotel/b-b-de-i-bravi-charming-guest-house-bresso,+39 340 998 7806
bblacasadelnespoloniguarda@gmail.com,B&B La Casa del Nespolo di... Niguarda,https://www.hotelsdrop.com/hotel/b-b-la-casa-del-nespolo-di-niguarda-bresso,+39 338 169 1169
info@casatitta.it,CasaTitta Bed & Breakfast,https://www.hotelsdrop.com/hotel/casatitta-bed-breakfast-bresso,+39 347 927 3384
info@ciaomilanohostel.it,CiaoMi Long & Short Stay - Training & Events - Niguarda Bicocca,https://www.hotelsdrop.com/hotel/ciaomi-long-short-stay-training-events-niguarda-bresso,+39 340 466 7528
info@milanoaffittacamere.it,milano affittacamere stazione centrale metropolitana,https://www.hotelsdrop.com/hotel/milano-affittacamere-stazione-centrale-metropoli-bresso,+39 393 893 8785
info@agriturismobetulla.com,Agriturismo La Betulla,https://www.hotelsdrop.com/hotel/agriturismo-la-betulla-brezzo-di-bedero,+39 348 756 3235
postmaster@agriturismomeridiana.it,Agriturismo La Meridiana,https://www.hotelsdrop.com/hotel/agriturismo-la-meridiana-briaglia,+39 389 962 4945
info@relaiscollemessino.it,Relais Colle Messino,https://www.hotelsdrop.com/hotel/relais-colle-messino-briaglia,+39 346 304 0974
ilgiardinosulmarebriatico@gmail.com,B&B Il Giardino Sul Mare,https://www.hotelsdrop.com/hotel/b-b-il-giardino-sul-mare-briatico,+39 366 285 8834
vvincentro1@gmail.com,In centro,https://www.hotelsdrop.com/hotel/in-centro-briatico,+39 392 157 6341
shop@baccablu.it,Agriturismo Bacca Blu,https://www.hotelsdrop.com/hotel/agriturismo-bacca-blu-bricherasio,+39 351 776 5843
info@agrialpi.com,B&B Agrialpi,https://www.hotelsdrop.com/hotel/b-b-agrialpi-bricherasio,+39 335 635 8188
sibiglia.agri@gmail.com,B&B L'Orto del Geo,https://www.hotelsdrop.com/hotel/b-b-l-orto-del-geo-bricherasio,+39 338 250 9530
cascinamarie@gmail.com,Cascina Marie Location e Beb,https://www.hotelsdrop.com/hotel/cascina-marie-location-e-beb-bricherasio,+39 349 181 5715
camping.ilglomere@gmail.com,Il Glomere Camping – quiet campsite in the Alps,https://www.hotelsdrop.com/hotel/il-glomere-camping-quiet-campsite-in-the-alps-bricherasio,+39 333 955 0296
cip43210@gmail.com,B&B Bosco Ralle,https://www.hotelsdrop.com/hotel/b-b-bosco-ralle-brienza,+39 333 767 6033
info@lavocedelfiume.it,La Voce del Fiume | B&B a Brienza,https://www.hotelsdrop.com/hotel/la-voce-del-fiume-b-b-a-brienza-brienza,+39 339 229 0630
info@palazzobrienza.it,Palazzo Brienza,https://www.hotelsdrop.com/hotel/palazzo-brienza-brienza,+39 338 982 1061
info@patatouc.it,Patatouc,https://www.hotelsdrop.com/hotel/patatouc-briga-alta,+39 348 290 2263
prenotazioni@ilborgoagnello.it,B&B Il Borgo Agnello,https://www.hotelsdrop.com/hotel/b-b-il-borgo-agnello-briga-novarese,+39 349 515 0914
bebilcortilesoriso@gmail.com,B&B IL CORTILE,https://www.hotelsdrop.com/hotel/b-b-il-cortile-briga-novarese,+39 340 929 5822
alcentro.brindisi@gmail.com,Al centro - exclusive apartment,https://www.hotelsdrop.com/hotel/al-centro-exclusive-apartment-brindisi,+39 329 643 6408
giuseppe.coverta@gmail.com,Filia Solis - Old Town SUITEs & SPA,https://www.hotelsdrop.com/hotel/filia-solis-old-town-suites-spa-brindisi,+39 340 427 9918
info@bbpotenza.it,B&B Potenza.it,https://www.hotelsdrop.com/hotel/b-b-potenza-it-brindisi-montagna,+39 344 486 4526
masseriastraziuso@gmail.com,Masseria Straziuso La Vaccariccia,https://www.hotelsdrop.com/hotel/masseria-straziuso-la-vaccariccia-brindisi-montagna,+39 393 943 1259
info@vignetivalleroncati.it,Agriturismo Cascina Del Castello,https://www.hotelsdrop.com/hotel/agriturismo-cascina-del-castello-briona,+39 335 573 2548
info@lefare.it,Le Fare - Your rooms on the hill,https://www.hotelsdrop.com/hotel/le-fare-your-rooms-on-the-hill-briona,+39 331 211 4630
info@cascinarossano.it,Agriturismo Cascina Rossano,https://www.hotelsdrop.com/hotel/agriturismo-cascina-rossano-brione,+39 338 810 6640
cortemartinola@gmail.com,Corte Martinola Bed & Breakfast in Franciacorta,https://www.hotelsdrop.com/hotel/corte-martinola-bed-breakfast-in-franciacorta-brione,+39 335 709 8228
omecasavacanze@gmail.com,Ome sweet Ome,https://www.hotelsdrop.com/hotel/ome-sweet-ome-brione,+39 392 052 7521
n.bala2476@gmail.com,Bala Dream House,https://www.hotelsdrop.com/hotel/bala-dream-house-briosco,+39 320 011 0690
info@bedwine.com,Bed&Wine,https://www.hotelsdrop.com/hotel/bed-wine-brisighella,+39 333 269 0514
info@brisighellagreenwellness.com,Brisighella GreenWellness,https://www.hotelsdrop.com/hotel/brisighella-greenwellness-brisighella,+39 333 769 2046
info@contea-agriturismo.it,Contea Di Val D'Amone,https://www.hotelsdrop.com/hotel/contea-di-val-d-amone-brisighella,+39 348 391 0339
info@trattoria-lacesetta.it,Modus Aquae,https://www.hotelsdrop.com/hotel/modus-aquae-brisighella,+39 393 880 9684
info@trattoria-lacesetta.it,Modus Vivendi Hotel & Spa,https://www.hotelsdrop.com/hotel/modus-vivendi-hotel-spa-brisighella,+39 393 880 9684
info@varnello.it,Relais Varnello,https://www.hotelsdrop.com/hotel/relais-varnello-brisighella,+39 338 549 8373
lacasadelborgo@outlook.com,"Bed & Breakfast ""La Casa del Borgo""",https://www.hotelsdrop.com/hotel/bed-breakfast-la-casa-del-borgo-brissago-valtravaglia,+39 333 947 0812
agrirelaisangiovanni@gmail.com,AgriRelais San Giovanni,https://www.hotelsdrop.com/hotel/agrirelais-san-giovanni-brittoli,+39 375 636 6828
iraccontidelfiume@gmail.com,I Racconti del Fiume,https://www.hotelsdrop.com/hotel/i-racconti-del-fiume-brittoli,+39 375 620 0271
info@1711.it,1711 - Luxury Guest House,https://www.hotelsdrop.com/hotel/1711-luxury-guest-house-brivio,+39 351 885 7685
deviscio@pec.deviscio.it,Agriturismo Deviscio B&B,https://www.hotelsdrop.com/hotel/agriturismo-deviscio-b-b-brivio,+39 342 881 5043
info@agriturismoilterrazzo.it,Agriturismo IL TERRAZZO,https://www.hotelsdrop.com/hotel/agriturismo-il-terrazzo-brivio,+39 338 815 0826
info@portelladellefate.it,Bed & Breakfast Portella delle Fate,https://www.hotelsdrop.com/hotel/bed-breakfast-portella-delle-fate-broccostella,+39 335 127 5667
info@morryslodge.it,Morry's lodge guest house,https://www.hotelsdrop.com/hotel/morry-s-lodge-guest-house-broccostella,+39 335 127 5667
%20jane.smith@domain.com,Agriturismo Il Borgo sul Lago Pizzo,https://www.hotelsdrop.com/hotel/agriturismo-il-borgo-sul-lago-pizzo-brognaturo,+39 388 728 8284
info@fiveroomsbrolo.it,Five Rooms Brolo,https://www.hotelsdrop.com/hotel/five-rooms-brolo-brolo,+39 335 145 2247
loscogliodellaformica@gmail.com,Lo Scoglio della Formica b&b Capo D'Orlando (Me),https://www.hotelsdrop.com/hotel/lo-scoglio-della-formica-b-b-capo-d-orlando-me-brolo,+39 389 603 1183
info@magicoappartamenti.it,Magico Appartamenti Scafa,https://www.hotelsdrop.com/hotel/magico-appartamenti-scafa-brolo,+39 351 888 5869
booking-michelangelohouse@hotmail.it,Michelangelo's House,https://www.hotelsdrop.com/hotel/michelangelo-s-house-brolo,+39 320 186 5264
remo.lemma64@gmail.com,Agricamping La Meyra,https://www.hotelsdrop.com/hotel/agricamping-la-meyra-brondello,+39 366 112 0201
605a7baede844d278b89dc95ae0a9123@sentry-next.wixpress.com,B&B Marietta,https://www.hotelsdrop.com/hotel/b-b-marietta-brondello,+39 333 521 4991
info@casabart.com,"Casa Bart, Bike & Outdoor Hospitality",https://www.hotelsdrop.com/hotel/casa-bart-bike-outdoor-hospitality-brondello,+39 334 761 3452
info@iosono-fiordiloto.it,IO SONO FIOR DI LOTO - B&B,https://www.hotelsdrop.com/hotel/io-sono-fior-di-loto-b-b-brondello,+39 351 427 7369
%20barlocandadlangel@gmail.com,Locanda Dl'Angel,https://www.hotelsdrop.com/hotel/locanda-dl-angel-brondello,+39 380 216 6071
info@segnavento-rooms.it,Segnavento-rooms and suites | B&b Manta,https://www.hotelsdrop.com/hotel/segnavento-rooms-and-suites-b-b-manta-brondello,+39 345 046 2818
%20info@alcantaratravel.it,"Albergo Diffuso Borgo Santa Caterina ""Vintage""",https://www.hotelsdrop.com/hotel/albergo-diffuso-borgo-santa-caterina-vintage-bronte,+39 347 441 7473
info@alvulcanetto.com,B&B Al Vulcanetto,https://www.hotelsdrop.com/hotel/b-b-al-vulcanetto-bronte,+39 333 698 7672
ilsognodiremi@libero.it,Il Sogno di Remì,https://www.hotelsdrop.com/hotel/il-sogno-di-remi-brossasco,+39 339 177 5396
info@lastelladellealpi.it,Affittacamere La stella delle Alpi,https://www.hotelsdrop.com/hotel/affittacamere-la-stella-delle-alpi-brosso,+39 347 424 0963
info@piccolorelais.com,B&B Piccolo Relais,https://www.hotelsdrop.com/hotel/b-b-piccolo-relais-brosso,+39 328 288 5108
info@bbranchmontanaria.it,"B&B ranch Alba Montanaria, dormire beb Valchiusella, Maneggio cavalli",https://www.hotelsdrop.com/hotel/b-b-ranch-alba-montanaria-dormire-beb-valchiusel-brosso,+39 333 362 8376
info@hotelluinastresa.it,Hotel Luina,https://www.hotelsdrop.com/hotel/hotel-luina-brovello-carpugnino,+39 393 602 6807
info@giardinociliegi.it,Agriturismo Il Giardino Del Ciliegi,https://www.hotelsdrop.com/hotel/agriturismo-il-giardino-del-ciliegi-brozolo,+39 346 359 1114
605a7baede844d278b89dc95ae0a9123@sentry-next.wixpress.com,"Agriturismo & Azienda Agricola ""Il Granaio""",https://www.hotelsdrop.com/hotel/agriturismo-azienda-agricola-il-granaio-brugherio,+39 389 147 5929
605a7baede844d278b89dc95ae0a9123@sentry-next.wixpress.com,Agriturismo Cascina Fogliana,https://www.hotelsdrop.com/hotel/agriturismo-cascina-fogliana-brugherio,+39 346 709 4218
agriturismo@cascinanibai.it,Agriturismo Cascina Nibai,https://www.hotelsdrop.com/hotel/agriturismo-cascina-nibai-brugherio,+39 334 812 7154
info@lacasadeisogni.one,B&B La Casa dei Sogni,https://www.hotelsdrop.com/hotel/b-b-la-casa-dei-sogni-brugherio,+39 333 616 3106
postmaster@villalodigiana.it,B&B Villa Lodigiana,https://www.hotelsdrop.com/hotel/b-b-villa-lodigiana-brugherio,+39 388 983 1241
bebvillaluisa@gmail.com,B&B Villa Luisa,https://www.hotelsdrop.com/hotel/b-b-villa-luisa-brugherio,+39 347 694 6228
terrymazza@gmail.com,GUEST HOUSE Top Suit Uno,https://www.hotelsdrop.com/hotel/guest-house-top-suit-uno-brugherio,+39 366 713 3515
larondinebeb@gmail.com,La rondine B&B,https://www.hotelsdrop.com/hotel/la-rondine-b-b-brugherio,+39 340 541 2183
ilvecchionoce1@gmail.com,Il Vecchio Noce,https://www.hotelsdrop.com/hotel/il-vecchio-noce-brugnato,+39 392 836 6862
b.b.bordigona@alice.it,La Bordigona . CIN IT01101013LJW8LWR,https://www.hotelsdrop.com/hotel/la-bordigona-cin-it01101013ljw8lwr-brugnato,+39 334 653 5978
info@capremuda.it,Ca' Premuda | Locazione Codognè,https://www.hotelsdrop.com/hotel/ca-premuda-locazione-codogne-brugnera,+39 389 819 7556
info@casacarrer.it,Casa Carrer B&B,https://www.hotelsdrop.com/hotel/casa-carrer-b-b-brugnera,+39 348 035 1670
605a7baede844d278b89dc95ae0a9123@sentry-next.wixpress.com,4 Racconti,https://www.hotelsdrop.com/hotel/4-racconti-brumano,+39 340 935 9481
info@miramontino.com,MIRAMONTINO Mountain Suite & Spa,https://www.hotelsdrop.com/hotel/miramontino-mountain-suite-spa-brumano,+39 349 429 6184
info@kangucavallo.eu,B&B Brunate Kangucavallo,https://www.hotelsdrop.com/hotel/b-b-brunate-kangucavallo-brunate,+39 335 529 2308
info@baitasorriso.com,Baita Sorriso,https://www.hotelsdrop.com/hotel/baita-sorriso-brunate,+39 329 343 4541
welcome@casadiemanuele.it,Casa di Emanuele - B&B,https://www.hotelsdrop.com/hotel/casa-di-emanuele-b-b-brunate,+39 348 770 3264
info@contebrunello.it,Agriturismo Conte Brunello,https://www.hotelsdrop.com/hotel/agriturismo-conte-brunello-brunello,+39 342 614 2753
baitaeleonora@gmail.com,Baita Eleonora,https://www.hotelsdrop.com/hotel/baita-eleonora-brunello,+39 333 870 7141
agalmabrunico@gmail.com,Agalma,https://www.hotelsdrop.com/hotel/agalma-brunico-bruneck,+39 335 842 2811
info@obermair.biz,B&B Apartment Obermair,https://www.hotelsdrop.com/hotel/b-b-apartment-obermair-brunico-bruneck,+39 347 795 9819
welcome@nmhof.it,B&B Niedermairhof,https://www.hotelsdrop.com/hotel/b-b-niedermairhof-brunico-bruneck,+39 348 247 6761
info@hattlerhof.com,Garni Hattlerhof B&B,https://www.hotelsdrop.com/hotel/garni-hattlerhof-b-b-brunico-bruneck,+39 393 228 8306
info@bbpro.it,B&B Profumi,https://www.hotelsdrop.com/hotel/b-b-profumi-bruno,+39 338 647 6665
gabry.guesthouse@gmail.com,Monferrato Guest House - Casa Gabry,https://www.hotelsdrop.com/hotel/monferrato-guest-house-casa-gabry-bruno,+39 366 458 4296
bbselfmatic@gmail.com,Orio Stay&Fly,https://www.hotelsdrop.com/hotel/orio-stay-fly-brusaporto,+39 351 852 9018
agriturismo.casamatilde@gmail.com,Agriturismo Casa Matilde,https://www.hotelsdrop.com/hotel/agriturismo-casa-matilde-brusasco,+39 379 135 1410
bnb.brusciano@gmail.com,B&B L’Attico e La Ballata Brusciano Centro,https://www.hotelsdrop.com/hotel/b-b-l-attico-e-la-ballata-brusciano-centro-brusciano,+39 331 433 0433
info@dimoradellerose.it,Dimora delle Rose,https://www.hotelsdrop.com/hotel/dimora-delle-rose-brusciano,+39 334 721 6583
info@roagrimaison.com,Ro agriMaison,https://www.hotelsdrop.com/hotel/ro-agrimaison-brusciano,+39 375 545 2614
ilcarpio@libero.it,"Agriturismo ""Il Carpio""",https://www.hotelsdrop.com/hotel/agriturismo-il-carpio-brusimpiano,+39 328 223 7006
info@aurascard.it,AU RASCARD - CHALET D'HOTES,https://www.hotelsdrop.com/hotel/au-rascard-chalet-d-hotes-brusson,+39 389 787 8178
info@brussonalloggivacanze.it,brusson alloggi vacanze,https://www.hotelsdrop.com/hotel/brusson-alloggi-vacanze-brusson,+39 348 474 7208
info@abarmadrola.it,Chambres d'hotes A Barma Drola,https://www.hotelsdrop.com/hotel/chambres-d-hotes-a-barma-drola-brusson,+39 349 656 7043
info@lecoindesmelezes.it,"Chambres d'Hòtes"" Le Coin Des Mélèzes""",https://www.hotelsdrop.com/hotel/chambres-d-hotes-le-coin-des-melezes-brusson,+39 379 181 6036
info@leshiboux.it,Les Hiboux,https://www.hotelsdrop.com/hotel/les-hiboux-brusson,+39 348 520 4800
info@residenceaquila.it,Residence Aquila,https://www.hotelsdrop.com/hotel/residence-aquila-brusson,+39 379 276 0440
silvano.vigitello@gmail.com,Yamabushi Bed & Breakfast,https://www.hotelsdrop.com/hotel/yamabushi-bed-breakfast-bruzolo,+39 338 768 7191
info@cadbecon.it,Ca d' Becon di Cresta Rita,https://www.hotelsdrop.com/hotel/ca-d-becon-di-cresta-rita-bubbio,+39 334 323 2822
info@borgodegliulivi.com,Borgo degli Ulivi,https://www.hotelsdrop.com/hotel/borgo-degli-ulivi-buccheri,+39 366 150 5685
servizio.sr.svilupporurale@regione.sicilia.it,Dimore Hyblon,https://www.hotelsdrop.com/hotel/dimore-hyblon-buccheri,+39 338 431 3583
info@domushyblaea.it,Domus Hyblaea Resort,https://www.hotelsdrop.com/hotel/domus-hyblaea-resort-buccheri,+39 346 841 1331
info@labellavita.online,La Bella Vita Agriturismo,https://www.hotelsdrop.com/hotel/la-bella-vita-agriturismo-buccheri,+39 342 625 0747
info@agriturismolameladivenere.com,La Mela di Venere Agriturismo,https://www.hotelsdrop.com/hotel/la-mela-di-venere-agriturismo-buccheri,+39 333 639 0331
info@villadesideri.it,B&B Villa dei Desideri - Bed and Breakfast Chieti,https://www.hotelsdrop.com/hotel/b-b-villa-dei-desideri-bed-and-breakfast-chieti-bucchianico,+39 339 298 7945
ilsoledibaggio@gmail.com,il Sole di Baggio - Rooms,https://www.hotelsdrop.com/hotel/il-sole-di-baggio-rooms-buccinasco,+39 351 756 9679
info@affittacamerelamaison.it,Affittacamere “La Maison”,https://www.hotelsdrop.com/hotel/affittacamere-la-maison-buccino,+39 389 435 0153
lasfruscia@gmail.com,Agriturismo La Sfruscià Resort,https://www.hotelsdrop.com/hotel/agriturismo-la-sfruscia-resort-buccino,+39 347 902 0280
support@centralstay.eu,B&B - Casa Vacanze il Vicolo - Oliveto Citra,https://www.hotelsdrop.com/hotel/b-b-casa-vacanze-il-vicolo-oliveto-citra-buccino,+39 392 979 1801
info@agrilemura.it,Agriturismo Le Mura,https://www.hotelsdrop.com/hotel/agriturismo-le-mura-bucine,+39 339 592 1809
info@campiglioni.it,Agriturismo Relais Campiglioni,https://www.hotelsdrop.com/hotel/agriturismo-relais-campiglioni-bucine,+39 353 456 3267
tontenano@gmail.com,Agriturismo Tontenano,https://www.hotelsdrop.com/hotel/agriturismo-tontenano-bucine,+39 329 701 1470
info@villalevigne.it,Agriturismo Villa Le Vigne,https://www.hotelsdrop.com/hotel/agriturismo-villa-le-vigne-bucine,+39 335 575 7198
info@hoteldelta.it,Hotel Delta,https://www.hotelsdrop.com/hotel/hotel-delta-bucine,+39 391 324 4149
info@isaliciagriturismo.com,I Salici Agriturismo,https://www.hotelsdrop.com/hotel/i-salici-agriturismo-bucine,+39 333 772 3196
info@poggiougo.it,Poggio Ugo,https://www.hotelsdrop.com/hotel/poggio-ugo-bucine,+39 335 523 3995
info@villapetrea.com,Villa Petrea,https://www.hotelsdrop.com/hotel/villa-petrea-bucine,+39 328 943 4972
gusinug@yahoo.com,Agriturismo F.lli Muzzu,https://www.hotelsdrop.com/hotel/agriturismo-f-lli-muzzu-buddus,+39 346 094 5022
mariangeladui@alice.it,Sa Corte Nova,https://www.hotelsdrop.com/hotel/sa-corte-nova-buddus,+39 339 575 8541
info@agriturismoalranch.it,Agriturismo al Ranch,https://www.hotelsdrop.com/hotel/agriturismo-al-ranch-budoia,+39 335 601 2905
%20lacasadielsa.polcenigo@gmail.com,B&B La Casa di Elsa,https://www.hotelsdrop.com/hotel/b-b-la-casa-di-elsa-budoia,+39 380 369 0821
palazzo.scolari@gmail.com,B&B Palazzo Scolari,https://www.hotelsdrop.com/hotel/b-b-palazzo-scolari-budoia,+39 320 072 6080
reservation@casatittipolcenigo.com,Casa Vacanza Polcenigo- Bed and Breakfast - B&B Casa Titti Polcenigo,https://www.hotelsdrop.com/hotel/casa-vacanza-polcenigo-bed-and-breakfast-b-b-cas-budoia,+39 333 975 5509
info@castellobudoni.com,Hotel Castello Budoni,https://www.hotelsdrop.com/hotel/hotel-castello-budoni-budoni,+39 349 224 8015
hotelpedraruja@gmail.com,Hotel Pedra Ruja,https://www.hotelsdrop.com/hotel/hotel-pedra-ruja-budoni,+39 327 707 5651
info@residenceluddastru.it,Residence L'Uddastru,https://www.hotelsdrop.com/hotel/residence-l-uddastru-budoni,+39 347 815 1477
tenutalubaroni@gmail.com,Tenuta Lu Baroni,https://www.hotelsdrop.com/hotel/tenuta-lu-baroni-budoni,+39 329 556 3459
acasadilella4@gmail.com,A casa di Lella,https://www.hotelsdrop.com/hotel/a-casa-di-lella-budrio,+39 338 829 7172
podereamati@gmail.com,Agriturismo Podere Amati,https://www.hotelsdrop.com/hotel/agriturismo-podere-amati-budrio,+39 340 486 7010
housebellaria@gmail.com,B&B House Bellaria,https://www.hotelsdrop.com/hotel/b-b-house-bellaria-budrio,+39 347 443 0200
info@alberone.net,B&B L'Alberone,https://www.hotelsdrop.com/hotel/b-b-l-alberone-budrio,+39 349 643 3663
bedlaterrazza@gmail.com,B&B La Terrazza,https://www.hotelsdrop.com/hotel/b-b-la-terrazza-budrio,+39 328 986 7033
prenotazioni@bblovebologna.com,bblovebologna,https://www.hotelsdrop.com/hotel/bblovebologna-budrio,+39 334 207 3099
support@centralstay.eu,Colibrì Art b&b,https://www.hotelsdrop.com/hotel/colibri-art-b-b-budrio,+39 327 777 8945
info@alelca.it,Alelca Domo B&B,https://www.hotelsdrop.com/hotel/alelca-domo-b-b-buggerru,+39 392 531 7571
info@casadichiabuggerru.it,B&B Casa di Chia,https://www.hotelsdrop.com/hotel/b-b-casa-di-chia-buggerru,+39 340 949 3633
bbgliombrellini@gmail.com,B&B Gli Ombrellini,https://www.hotelsdrop.com/hotel/b-b-gli-ombrellini-buggerru,+39 348 134 2821
buggerruamare.residence@gmail.com,Buggerru a Mare Residence,https://www.hotelsdrop.com/hotel/buggerru-a-mare-residence-buggerru,+39 333 739 9591
valentina.loddo88@gmail.com,Guest House Bellavista Nebida,https://www.hotelsdrop.com/hotel/guest-house-bellavista-nebida-buggerru,+39 345 118 1339
turismobuggerru@gmail.com,HOTEL '904,https://www.hotelsdrop.com/hotel/hotel-904-buggerru,+39 340 971 7639
efisiopilloni@gmail.com,XiHouse Bed & Apartment - Iglesias,https://www.hotelsdrop.com/hotel/xihouse-bed-apartment-iglesias-buggerru,+39 340 385 0457
comeacasapizzeria@gmail.com,Affittacamere Come a casa,https://www.hotelsdrop.com/hotel/affittacamere-come-a-casa-buggiano,+39 331 569 4310
info@aziendabellandi.it,Agriturismo - Azienda Agricola Bellandi,https://www.hotelsdrop.com/hotel/agriturismo-azienda-agricola-bellandi-buggiano,+39 338 495 2717
info@officinaweb.it,hotel Tarabaralla,https://www.hotelsdrop.com/hotel/hotel-tarabaralla-buggiano,+39 320 818 7615
reception@villa-sermolli.com,Hotel Villa Sermolli,https://www.hotelsdrop.com/hotel/hotel-villa-sermolli-buggiano,+39 392 694 4777
francesca@lamagionedeitodaro.com,Residenza Buggiano Antica B&B - Charme Apartment in Tuscany,https://www.hotelsdrop.com/hotel/residenza-buggiano-antica-b-b-charme-apartment-i-buggiano,+39 338 857 0406
tizianaborromini@yahoo.it,Agriturismo Adda Vegia,https://www.hotelsdrop.com/hotel/agriturismo-adda-vegia-buglio-in-monte,+39 329 401 9065
az.agricola.travaini@gmail.com,Agriturismo Luloc,https://www.hotelsdrop.com/hotel/agriturismo-luloc-buglio-in-monte,+39 347 903 6062
info@ilsottoboscovalmasino.it,Il Sottobosco - B&B,https://www.hotelsdrop.com/hotel/il-sottobosco-b-b-buglio-in-monte,+39 339 620 8164
info@bebilgirasole.com,B&B IL GIRASOLE,https://www.hotelsdrop.com/hotel/b-b-il-girasole-bugnara,+39 347 615 0855
info@bbsolimo.it,B&B Solimo,https://www.hotelsdrop.com/hotel/b-b-solimo-bugnara,+39 331 525 5039
info@hotelsagittario.it,Hotel Sagittario,https://www.hotelsdrop.com/hotel/hotel-sagittario-bugnara,+39 346 494 8345
info@tenutadelfatio.com,Agriturismo Tenuta del Fatio,https://www.hotelsdrop.com/hotel/agriturismo-tenuta-del-fatio-bulgarograsso,+39 351 890 3312
contact@bnbdomusdejanas.com,B&B Domus De Janas,https://www.hotelsdrop.com/hotel/b-b-domus-de-janas-bulzi,+39 328 232 3555
info@valledoria-ilginepro.it,Il Ginepro,https://www.hotelsdrop.com/hotel/il-ginepro-bulzi,+39 347 367 7166
direzione.ristosg@gmail.com,Su Arghentu Country Hotel,https://www.hotelsdrop.com/hotel/su-arghentu-country-hotel-bulzi,+39 378 091 8925
info@dipintodalsole.it,Agriturismo Dipinto dal Sole,https://www.hotelsdrop.com/hotel/agriturismo-dipinto-dal-sole-buonabitacolo,+39 340 238 1129
agriturismoladolcemela@gmail.com,B&B Agriturismo La Dolce Mela,https://www.hotelsdrop.com/hotel/b-b-agriturismo-la-dolce-mela-buonabitacolo,+39 327 679 7070
info@domain.com,Casa Vacanze Nicola e Lina,https://www.hotelsdrop.com/hotel/casa-vacanze-nicola-e-lina-buonabitacolo,+39 333 926 6570
info@dimoraforgione.it,Dimora Forgione B&B,https://www.hotelsdrop.com/hotel/dimora-forgione-b-b-buonalbergo,+39 328 569 3310
info@lamaisondupont.it,La Maison Du Pont Relais | Bed and breakfast Hotel Pietrelcina,https://www.hotelsdrop.com/hotel/la-maison-du-pont-relais-bed-and-breakfast-hotel-buonalbergo,+39 333 521 4102
martelli.c@outlook.com,Affittacamere Martelli,https://www.hotelsdrop.com/hotel/affittacamere-martelli-buonconvento,+39 334 846 4235
info@lafrattina.com,Agriturismo La Frattina,https://www.hotelsdrop.com/hotel/agriturismo-la-frattina-buonconvento,+39 348 385 9296
info@laripolina.it,Agriturismo La Ripolina,https://www.hotelsdrop.com/hotel/agriturismo-la-ripolina-buonconvento,+39 335 573 9284
poderecunina@gmail.com,Agriturismo Podere Cunina,https://www.hotelsdrop.com/hotel/agriturismo-podere-cunina-buonconvento,+39 339 835 0580
agriturismo.quarantallina@gmail.com,Agriturismo Quarantallina,https://www.hotelsdrop.com/hotel/agriturismo-quarantallina-buonconvento,+39 338 226 9043
info@casavacanzefornace.it,Casa Vacanze Fornace - Buonconvento,https://www.hotelsdrop.com/hotel/casa-vacanze-fornace-buonconvento-buonconvento,+39 335 752 3838
sanlorenzo@sanlorenzoagriturismo.it,San Lorenzo Agriturismo,https://www.hotelsdrop.com/hotel/san-lorenzo-agriturismo-buonconvento,+39 340 400 3626
support@localsmalltour.com,B&B Diamante Raro,https://www.hotelsdrop.com/hotel/b-b-diamante-raro-buonvicino,+39 320 674 5296
info@il-viaggiatore.com,B&B Il Viaggiatore,https://www.hotelsdrop.com/hotel/b-b-il-viaggiatore-buonvicino,+39 328 931 6293
info@hoteldiadema.com,Hotel Diadema Diamante,https://www.hotelsdrop.com/hotel/hotel-diadema-diamante-buonvicino,+39 335 121 7522
booking@vistadamare.eu,Vista d'amare B&B,https://www.hotelsdrop.com/hotel/vista-d-amare-b-b-buonvicino,+39 340 626 5869
info@ranabedandbreakfast.it,Rana B&B,https://www.hotelsdrop.com/hotel/rana-b-b-burago-di-molgora,+39 335 523 0304
info@lacasasullaspiaggia.com,B&B La Casa sulla Spiaggia,https://www.hotelsdrop.com/hotel/b-b-la-casa-sulla-spiaggia-burcei,+39 342 382 0517
info@bbsettefratelli.it,B&B Sette Fratelli IUN E4439,https://www.hotelsdrop.com/hotel/b-b-sette-fratelli-iun-e4439-burcei,+39 348 930 5607
vacanzecastiadas@libero.it,Free Zone Bed and Breakfast,https://www.hotelsdrop.com/hotel/free-zone-bed-and-breakfast-burcei,+39 340 726 1017
soleosardegna@gmail.com,Hotel Soleo,https://www.hotelsdrop.com/hotel/hotel-soleo-burcei,+39 351 934 0395
booking@iginepri.com,I Ginepri Ristorante Hotel,https://www.hotelsdrop.com/hotel/i-ginepri-ristorante-hotel-burcei,+39 340 913 9514
info@lafattoriadelletartarughe.it,La Fattoria delle Tartarughe - Tortoises Farm Eco&Veg friendly Lodge,https://www.hotelsdrop.com/hotel/la-fattoria-delle-tartarughe-tortoises-farm-eco-burcei,+39 347 781 6586
colibriibnb@gmail.com,B&B Colibrì,https://www.hotelsdrop.com/hotel/b-b-colibri-burgio,+39 388 648 7990
bebilcampanile@gmail.com,B&B Il Campanile,https://www.hotelsdrop.com/hotel/b-b-il-campanile-burgio,+39 328 170 8000
casasunrisesciacca@hotmail.com,Casa Sunrise - The Guest House,https://www.hotelsdrop.com/hotel/casa-sunrise-the-guest-house-burgio,+39 351 754 8776
info@sciaccacase.it,Le Casette del Porto,https://www.hotelsdrop.com/hotel/le-casette-del-porto-burgio,+39 320 832 0192
info@macramerelais.it,Macramè Fazello,https://www.hotelsdrop.com/hotel/macrame-fazello-burgio,+39 351 941 5996
info@cascinadonda.it,Cascina Donda Agriturismo,https://www.hotelsdrop.com/hotel/cascina-donda-agriturismo-buronzo,+39 349 626 5517
claudia.crosadv@gmail.com,B&B A o Soâ,https://www.hotelsdrop.com/hotel/b-b-a-o-soa-busalla,+39 335 611 8766
procedano@gmail.com,B&B Casa Galletti,https://www.hotelsdrop.com/hotel/b-b-casa-galletti-busalla,+39 339 616 5366
beblamoggia@hotmail.it,B&B La Moggia,https://www.hotelsdrop.com/hotel/b-b-la-moggia-busalla,+39 392 092 8234
info@mysite.com,Palazzo Cicala,https://www.hotelsdrop.com/hotel/palazzo-cicala-busalla,+39 348 584 8481
info@labonauda.it,La Bonauda Affittacamere,https://www.hotelsdrop.com/hotel/la-bonauda-affittacamere-busano,+39 348 921 6693
info@tettogarrone.it,Agriturismo Tetto Garrone,https://www.hotelsdrop.com/hotel/agriturismo-tetto-garrone-busca,+39 331 620 8674
info@ramassin.it,L Ramassin,https://www.hotelsdrop.com/hotel/l-ramassin-busca,+39 347 109 8798
st.gregory@hotmail.it,St. Gregory B&B,https://www.hotelsdrop.com/hotel/st-gregory-b-b-buscate,+39 345 441 3796
addimuraretreat@gmail.com,Addimura - Sicilian Retreat Center,https://www.hotelsdrop.com/hotel/addimura-sicilian-retreat-center-buscemi,+39 320 629 0953
info@anapama.it,B&B Anapama,https://www.hotelsdrop.com/hotel/b-b-anapama-buscemi,+39 339 635 5313
peluso.p89@gmail.com,Casa Agorà,https://www.hotelsdrop.com/hotel/casa-agora-buscemi,+39 320 858 2370
info@dimoradicatullo.it,Dimora di Catullo - Ospitalità di Charme,https://www.hotelsdrop.com/hotel/dimora-di-catullo-ospitalita-di-charme-buscemi,+39 327 291 8860
info@luestay.com,Lues Rooms,https://www.hotelsdrop.com/hotel/lues-rooms-buscemi,+39 351 467 0232
anto.ct78@virgilio.it,Oasi Iblea Affittacamere Bed and Breakfast Casa Vacanze Hotel Ragusa,https://www.hotelsdrop.com/hotel/oasi-iblea-affittacamere-bed-and-breakfast-casa-buscemi,+39 338 377 9754
info@sudestbb.com,Sud Est B&B,https://www.hotelsdrop.com/hotel/sud-est-b-b-buscemi,+39 368 330 9000
info@albamarina.info,ALBA MARINA B&B,https://www.hotelsdrop.com/hotel/alba-marina-b-b-buseto-palizzolo,+39 347 527 4124
info@bbcastiglione-custonaci.it,B&B Castiglione Custonaci,https://www.hotelsdrop.com/hotel/b-b-castiglione-custonaci-buseto-palizzolo,+39 328 842 5369
info@ladimoradipepe.it,B&B La Dimora di Pepè,https://www.hotelsdrop.com/hotel/b-b-la-dimora-di-pepe-buseto-palizzolo,+39 366 131 0372
info@bedandbreakfastbuseto.com,B&B U Puzzu Ranne,https://www.hotelsdrop.com/hotel/b-b-u-puzzu-ranne-buseto-palizzolo,+39 339 646 5081
info@bagliominaudo.it,Baglio Minaudo,https://www.hotelsdrop.com/hotel/baglio-minaudo-buseto-palizzolo,+39 347 413 1802
info@pocoroba.it,Baglio Pocoroba,https://www.hotelsdrop.com/hotel/baglio-pocoroba-buseto-palizzolo,+39 338 113 9150
info@manzil.it,MANZIL Country House (La locanda del Viandante),https://www.hotelsdrop.com/hotel/manzil-country-house-la-locanda-del-viandante-buseto-palizzolo,+39 388 828 8801
info@babuhaus.eu,BaBuHaus Bed & Breakfast,https://www.hotelsdrop.com/hotel/babuhaus-bed-breakfast-bussero,+39 348 304 3874
mina.ferrante@gmail.com,Le stanze di Mina,https://www.hotelsdrop.com/hotel/le-stanze-di-mina-bussero,+39 347 590 2946
bbiltrovatore@gmail.com,Bed & Breakfast Il Trovatore Busseto,https://www.hotelsdrop.com/hotel/bed-breakfast-il-trovatore-busseto-busseto,+39 333 455 6893
albergolavoglia@gmail.com,Hotel La Voglia,https://www.hotelsdrop.com/hotel/hotel-la-voglia-busseto,+39 375 725 0235
info@lacortedelmulino.it,La Corte del Mulino,https://www.hotelsdrop.com/hotel/la-corte-del-mulino-busseto,+39 346 493 3712
info@locandadellupo.it,Locanda del Lupo,https://www.hotelsdrop.com/hotel/locanda-del-lupo-busseto,+39 338 310 4428
davidemusini@gmail.com,The Green House,https://www.hotelsdrop.com/hotel/the-green-house-busseto,+39 366 459 1099
info@bebtirino.it,B&B Tirino,https://www.hotelsdrop.com/hotel/b-b-tirino-bussi-sul-tirino,+39 339 328 3643
user@domain.com,Baron's Estate/Tenuta del Barone,https://www.hotelsdrop.com/hotel/baron-s-estate-tenuta-del-barone-bussi-sul-tirino,+39 328 972 6093
bbmilu@tiscali.it,B&B Milù,https://www.hotelsdrop.com/hotel/b-b-milu-bussolengo,+39 340 098 8768
info@casacitella.it,"Casa Citella ""Alloggio Turistico"" - 37012 Bussolengo Verona",https://www.hotelsdrop.com/hotel/casa-citella-alloggio-turistico-37012-bussolengo-bussolengo,+39 348 299 6343
605a7baede844d278b89dc95ae0a9123@sentry-next.wixpress.com,Del Falco Agricamp,https://www.hotelsdrop.com/hotel/del-falco-agricamp-bussolengo,+39 345 131 7031
info@hotelkrystal.com,Hotel Krystal,https://www.hotelsdrop.com/hotel/hotel-krystal-bussolengo,+39 392 091 6496
albacamerechiomonte@gmail.com,Alba Camere,https://www.hotelsdrop.com/hotel/alba-camere-bussoleno,+39 329 876 5889
info@valchisone.com,Residence Madamin,https://www.hotelsdrop.com/hotel/residence-madamin-bussoleno,+39 351 351 7507
bbsoutitaly@gmail.com,B&B SouthItaly,https://www.hotelsdrop.com/hotel/b-b-southitaly-busto-arsizio,+39 348 246 8847
605a7baede844d278b89dc95ae0a9123@sentry-next.wixpress.com,Bed&Breakfast Milano Malpensa,https://www.hotelsdrop.com/hotel/bed-breakfast-milano-malpensa-busto-arsizio,+39 346 216 7476
info@depianteditore.it,De Piante Guest House,https://www.hotelsdrop.com/hotel/de-piante-guest-house-busto-arsizio,+39 375 573 8494
info@locationlory.it,Location Lory S.N.C Bed And Breakfast Busto Arsizio,https://www.hotelsdrop.com/hotel/location-lory-s-n-c-bed-and-breakfast-busto-arsi-busto-arsizio,+39 333 766 7255
info@bborchidea.com,bed and breakfast Orchidea,https://www.hotelsdrop.com/hotel/bed-and-breakfast-orchidea-busto-garolfo,+39 338 502 6913
bebilcortile@gmail.com,Affittacamere Il Cortile,https://www.hotelsdrop.com/hotel/affittacamere-il-cortile-butera,+39 339 634 3004
agriturismoalpa@gmail.com,Agriturismo ALPA Mazzarino,https://www.hotelsdrop.com/hotel/agriturismo-alpa-mazzarino-butera,+39 324 056 9074
info@beblacolonnadorica.it,B&B La colonna Dorica,https://www.hotelsdrop.com/hotel/b-b-la-colonna-dorica-butera,+39 349 674 2929
villasarafalconarareservations@gmail.com,B&B Villa Sara Falconara,https://www.hotelsdrop.com/hotel/b-b-villa-sara-falconara-butera,+39 328 681 3720
info@bb-ilprincipe.it,R&B Il Principe,https://www.hotelsdrop.com/hotel/r-b-il-principe-butera,+39 338 666 1053
info@guesthouselucca.it,Affittacamere Casa Vacanze “VILLA GIOVANNA”,https://www.hotelsdrop.com/hotel/affittacamere-casa-vacanze-villa-giovanna-buti,+39 334 760 2493
info@agriturismocimaallaserra.com,Agriturismo Cima alla Serra - Agriturismo con piscina Pisa,https://www.hotelsdrop.com/hotel/agriturismo-cima-alla-serra-agriturismo-con-pisc-buti,+39 346 675 2655
poderesanbastiano@gmail.com,Agriturismo San Bastiano,https://www.hotelsdrop.com/hotel/agriturismo-san-bastiano-buti,+39 329 569 9856
info@latorrettabeb.it,L'artè,https://www.hotelsdrop.com/hotel/l-arte-buti,+39 393 108 2678
pietradacqua@gmail.com,Pietra d'Acqua,https://www.hotelsdrop.com/hotel/pietra-d-acqua-buti,+39 338 205 5308
info@bbvillaveronabike.it,B&B Villa Verona Bike,https://www.hotelsdrop.com/hotel/b-b-villa-verona-bike-buttapietra,+39 349 746 6106
gabriellirooms@gmail.com,Gabrielli Rooms & Apartments,https://www.hotelsdrop.com/hotel/gabrielli-rooms-apartments-buttapietra,+39 340 621 2214
info@rostaresidence.it,Rosta Residence Ranverso,https://www.hotelsdrop.com/hotel/rosta-residence-ranverso-buttigliera-alta,+39 347 239 0120
informazioni@briccodeiciliegi.com,B&B Bricco dei Ciliegi,https://www.hotelsdrop.com/hotel/b-b-bricco-dei-ciliegi-buttigliera-d-asti,+39 340 245 0634
cascinabarosca@libero.it,Cascina Barosca,https://www.hotelsdrop.com/hotel/cascina-barosca-buttigliera-d-asti,+39 366 465 6733
info@beblavalleincantata.it,La valle incantata B&B e Home Restaurant,https://www.hotelsdrop.com/hotel/la-valle-incantata-b-b-e-home-restaurant-buttigliera-d-asti,+39 328 423 9303
friends@lusincollina.com,Lusi è in Collina,https://www.hotelsdrop.com/hotel/lusi-e-in-collina-buttigliera-d-asti,+39 346 319 2994
info@conac.it,Relais Conac 1888 - Luxury B&B - Adults Only,https://www.hotelsdrop.com/hotel/relais-conac-1888-luxury-b-b-adults-only-buttigliera-d-asti,+39 327 824 0697
info@agriturismomeridiano.it,Agriturismo Meridiano,https://www.hotelsdrop.com/hotel/agriturismo-meridiano-buttrio,+39 346 974 3974
info@alpalazzetto.it,Al Palazzetto,https://www.hotelsdrop.com/hotel/al-palazzetto-buttrio,+39 351 587 0606
lecameredellalberobianco@gmail.com,Le Camere dell'Albero Bianco | Affittacamere con uso cucina e piscina a Manzano,https://www.hotelsdrop.com/hotel/le-camere-dell-albero-bianco-affittacamere-con-u-buttrio,+39 379 257 2789
abbamelecabras@gmail.com,Abbamele,https://www.hotelsdrop.com/hotel/abbamele-cabras,+39 352 040 0402
sincantesinis@gmail.com,Agriturismo S'incant'e Sinis,https://www.hotelsdrop.com/hotel/agriturismo-s-incant-e-sinis-abbasanta,+39 366 295 1365
info@bb-alice.it,Alice Bed and Breakfast,https://www.hotelsdrop.com/hotel/alice-bed-and-breakfast-cabras,+39 347 077 6106
info@domolalaguna.com,Domo La Laguna,https://www.hotelsdrop.com/hotel/domo-la-laguna-cabras,+39 347 702 7648
info@iltuorelax.it,Il Tuo Relax,https://www.hotelsdrop.com/hotel/il-tuo-relax-cabras,+39 347 636 3881
info@bebcameraconvista.com,La Terrazza,https://www.hotelsdrop.com/hotel/la-terrazza-cabras,+39 329 613 6190
palazzomarilu2023@gmail.com,Palazzo Ma.Ri.lu.,https://www.hotelsdrop.com/hotel/palazzo-ma-ri-lu-cabras,+39 347 340 1436
villacalcasacco@gmail.com,Villa Calcasacco casa vacanza,https://www.hotelsdrop.com/hotel/villa-calcasacco-casa-vacanza-caccamo,+39 347 600 3798
info@granciadelvurdoj.it,Grancia del Vurdoj,https://www.hotelsdrop.com/hotel/grancia-del-vurdoj-caccuri,+39 340 662 0089
info@agriturismoaquilanera.it,Agriturismo Aquila Nera,https://www.hotelsdrop.com/hotel/agriturismo-aquila-nera-cadelbosco-di-sopra,+39 329 722 4889
loredanatesta.ilsalice@gmail.com,Agriturismo Il Salice,https://www.hotelsdrop.com/hotel/agriturismo-il-salice-cadelbosco-di-sopra,+39 349 646 2169
ilcasaleinemilia@gmail.com,IL CASALE Bed & Breakfast,https://www.hotelsdrop.com/hotel/il-casale-bed-breakfast-cadelbosco-di-sopra,+39 349 669 2676
utente@dominio.com,Master Hotel,https://www.hotelsdrop.com/hotel/master-hotel-cadelbosco-di-sopra,+39 320 271 9843
%20info@palazzolodronbertelli.it,Albergo Palazzo Lodron Bertelli,https://www.hotelsdrop.com/hotel/albergo-palazzo-lodron-bertelli-caderzone-terme,+39 335 875 4925
info@greenroselake.com,GreenRose Guest House,https://www.hotelsdrop.com/hotel/greenrose-guest-house-cadrezzate-con-osmate,+39 328 602 6405
info@aquasole.it,"Tenuta Aquasole, Hotel e Ristorante nella natura, Sale Meeting e Centro Congressi Aziendali a Mercallo",https://www.hotelsdrop.com/hotel/tenuta-aquasole-hotel-e-ristorante-nella-natura-cadrezzate-con-osmate,+39 348 870 0986
asdfloatingdream@gmail.com,Floating Dream,https://www.hotelsdrop.com/hotel/floating-dream-cafasse,+39 353 471 0686
info@gabrielelamberto.com,Il Mondo in Valle di Simonetti Monica,https://www.hotelsdrop.com/hotel/il-mondo-in-valle-di-simonetti-monica-cafasse,+39 347 152 6380
info@locandaseverino.com,Locanda Severino,https://www.hotelsdrop.com/hotel/locanda-severino-caggiano,+39 351 941 9247
info@agriturismocardella.it,Agriturismo Cardella,https://www.hotelsdrop.com/hotel/agriturismo-cardella-cagli,+39 338 969 6150
sanpietrofuorilemura@gmail.com%20,San Pietro Fuori le Mura B&B,https://www.hotelsdrop.com/hotel/san-pietro-fuori-le-mura-b-b-cagli,+39 331 462 2077
info@serendipitycantiano.it,"Serendipity, Boutique Country House",https://www.hotelsdrop.com/hotel/serendipity-boutique-country-house-cagli,+39 353 442 6492
info@aviewoncagliari.com,A View On Cagliari | Bed&Breakfast Centro Cagliari,https://www.hotelsdrop.com/hotel/a-view-on-cagliari-bed-breakfast-centro-cagliari-cagliari,+39 348 064 0767
almari.domo@gmail.com,Almarì Bed and Breakfast,https://www.hotelsdrop.com/hotel/almari-bed-and-breakfast-cagliari,+39 340 664 6821
info@mareya.it,Bed & Breakfast Mareya,https://www.hotelsdrop.com/hotel/bed-breakfast-mareya-cagliari,+39 340 085 2615
cagliarioldtown@gmail.com,Cagliari Old Town B&B,https://www.hotelsdrop.com/hotel/cagliari-old-town-b-b-cagliari,+39 391 437 7977
info@ilcagliarese.com,Il Cagliarese B&B,https://www.hotelsdrop.com/hotel/il-cagliarese-b-b-cagliari,+39 339 654 4083
info@samamaesusole.it,Sa mama 'e su sole - Bed and breakfast,https://www.hotelsdrop.com/hotel/sa-mama-e-su-sole-bed-and-breakfast-cagliari,+39 335 839 9303
lacanestra@libero.it,"Agriturismo La Canestra - cucina tipica, fattoria didattica, camere",https://www.hotelsdrop.com/hotel/agriturismo-la-canestra-cucina-tipica-fattoria-d-cagnano-amiterno,+39 340 388 9340
support@centralstay.eu,Camere Santa Lucia,https://www.hotelsdrop.com/hotel/camere-santa-lucia-cagnano-varano,+39 333 725 3795
info@igreci.it,B&b I Greci,https://www.hotelsdrop.com/hotel/b-b-i-greci-caianello,+39 389 926 8039
casaaulivo12@gmail.com,B&B Casa Aulivo,https://www.hotelsdrop.com/hotel/b-b-casa-aulivo-caiazzo,+39 335 736 4190
info@hotelcaserta-antica.it,Hotel Caserta Antica,https://www.hotelsdrop.com/hotel/hotel-caserta-antica-caiazzo,+39 393 223 5196
info@mandevillahome.it,Mandevilla Home,https://www.hotelsdrop.com/hotel/mandevilla-home-caiazzo,+39 338 795 9702
info@tischlerhof.it,Agriturismo Tischlerhof,https://www.hotelsdrop.com/hotel/agriturismo-tischlerhof-caines-kuens,+39 328 196 6788
info@agricaffevino.com,Agriturismo B&B Caffè e Vino,https://www.hotelsdrop.com/hotel/agriturismo-b-b-caffe-e-vino-caiolo,+39 371 539 2387
info@bbcastione.it,Balibà Ride & Relax,https://www.hotelsdrop.com/hotel/baliba-ride-relax-caiolo,+39 340 961 1448
silvia.faldarini@alice.it,Bed and Breakfast CARUNEI,https://www.hotelsdrop.com/hotel/bed-and-breakfast-carunei-caiolo,+39 333 793 5591
info@residenzasassella.it,Residenza Sassella,https://www.hotelsdrop.com/hotel/residenza-sassella-caiolo,+39 375 849 5643
info@valtellinamonamour.it,Valtellina Mon Amour,https://www.hotelsdrop.com/hotel/valtellina-mon-amour-caiolo,+39 346 123 2044
beb.lacanonica@gmail.com,B&B La Canonica,https://www.hotelsdrop.com/hotel/b-b-la-canonica-cairate,+39 351 823 3914
info@bbplanner.com,Color House Malpensa B&B,https://www.hotelsdrop.com/hotel/color-house-malpensa-b-b-cairate,+39 389 990 4995
info@lacorteb-b.com,La Corte B&B,https://www.hotelsdrop.com/hotel/la-corte-b-b-cairate,+39 347 503 0231
info@cabrichella.it,Ca'Brichella,https://www.hotelsdrop.com/hotel/ca-brichella-cairo-montenotte,+39 347 292 3920
agricascinadelvai@libero.it,Cascina del Vai,https://www.hotelsdrop.com/hotel/cascina-del-vai-cairo-montenotte,+39 338 139 0269
info@oconnellstreetpub.com,La Celestina (Nuova Gestione),https://www.hotelsdrop.com/hotel/la-celestina-nuova-gestione-cairo-montenotte,+39 338 685 0913
altamubeb@gmail.com,Altamu' B&B Acerra AFFITTACAMERE,https://www.hotelsdrop.com/hotel/altamu-b-b-acerra-affittacamere-caivano,+39 350 543 8801
contatto@esempio.it,B&B CUBE FRATTAMAGGIORE,https://www.hotelsdrop.com/hotel/b-b-cube-frattamaggiore-caivano,+39 392 105 6891
ahpx1g4a_r@o069nkdzusqixpi7eql3c5etvl.ckyoby,Bnb Villa Lendi,https://www.hotelsdrop.com/hotel/bnb-villa-lendi-caivano,+39 366 979 8644
laranceto@hotmail.it,L'Aranceto B&B,https://www.hotelsdrop.com/hotel/l-aranceto-b-b-caivano,+39 340 911 1148
info@lacasadimimma.it,"Bed and Breakfast ""La Casa di Mimma""",https://www.hotelsdrop.com/hotel/bed-and-breakfast-la-casa-di-mimma-calabritto,+39 348 238 2633
info@tartufohotel.it,Tartufo Hotel,https://www.hotelsdrop.com/hotel/tartufo-hotel-calabritto,+39 338 968 1980
info@tenutasanfelice.it,Tenuta San Felice B&B,https://www.hotelsdrop.com/hotel/tenuta-san-felice-b-b-calabritto,+39 339 284 6352
http://info@sognoincadore.it,B&B SognoInCadore,https://www.hotelsdrop.com/hotel/b-b-sognoincadore-calalzo-di-cadore,+39 340 261 5176
info@ceraunavoltaunre.net,C'era una volta un re,https://www.hotelsdrop.com/hotel/c-era-una-volta-un-re-calalzo-di-cadore,+39 347 281 0061
support@centralstay.eu,Le Stue - locazione turistica,https://www.hotelsdrop.com/hotel/le-stue-locazione-turistica-calalzo-di-cadore,+39 333 747 6885
info@rifugiogalassi.it,Rifugio Pietro Galassi al Monte Antelao - Rifugio Cai,https://www.hotelsdrop.com/hotel/rifugio-pietro-galassi-al-monte-antelao-rifugio-calalzo-di-cadore,+39 340 121 4300
denyzunino@gmail.com,Che Piasi,https://www.hotelsdrop.com/hotel/che-piasi-calamandrana,+39 329 277 0614
info@martinellabio.it,La Martinella Bio,https://www.hotelsdrop.com/hotel/la-martinella-bio-calamandrana,+39 334 641 8098
605a7baede844d278b89dc95ae0a9123@sentry-next.wixpress.com,Tenuta Miranda,https://www.hotelsdrop.com/hotel/tenuta-miranda-calamandrana,+39 351 463 5708
tenutapiazza@gmail.com,Agriturismo Tenute Piazza,https://www.hotelsdrop.com/hotel/agriturismo-tenute-piazza-calamonaci,+39 339 440 9061
info@lafinestrasulcortilebb.it,La Finestra sul Cortile CIN IT084041C1KQOWMJBT,https://www.hotelsdrop.com/hotel/la-finestra-sul-cortile-cin-it084041c1kqowmjbt-calamonaci,+39 380 525 4236
contatto@esempio.it,Affittacamere Gallurà,https://www.hotelsdrop.com/hotel/affittacamere-gallura-calangianus,+39 328 802 8172
info@agriturismolacerra.it,Agriturismo La Cerra Tempio Pausania,https://www.hotelsdrop.com/hotel/agriturismo-la-cerra-tempio-pausania-calangianus,+39 347 560 6462
info@bbsoleluna.com,B&B Sole e Luna,https://www.hotelsdrop.com/hotel/b-b-sole-e-luna-calangianus,+39 392 298 7276
llavecchiaposta@gmail.com,La Vecchia Posta B&b,https://www.hotelsdrop.com/hotel/la-vecchia-posta-b-b-calangianus,+39 340 491 8131
info@paltusa.it,Tenuta Paltusa,https://www.hotelsdrop.com/hotel/tenuta-paltusa-calangianus,+39 388 645 0955
aroundtheworldbb@gmail.com,Around the World,https://www.hotelsdrop.com/hotel/around-the-world-calanna,+39 379 355 2567
newzaravilla@hotmail.com,Bed e breakfast New Zarà Villa San Giovanni,https://www.hotelsdrop.com/hotel/bed-e-breakfast-new-zara-villa-san-giovanni-calanna,+39 376 092 9055
info@hotellesirenescilla.com,Hotel Le Sirene - Scilla (RC),https://www.hotelsdrop.com/hotel/hotel-le-sirene-scilla-rc-calanna,+39 348 791 6895
alessandro.angela@libero.it,Agriturismo In Valle Sul Fiume,https://www.hotelsdrop.com/hotel/agriturismo-in-valle-sul-fiume-calasca-castiglione,+39 347 873 1873
info@pgdesignennait.wpcomstaging.com,Dimora del Duomo,https://www.hotelsdrop.com/hotel/dimora-del-duomo-calascibetta,+39 335 633 9797
info@aziendeitalia.com,Dimora Storica suiteinncentro,https://www.hotelsdrop.com/hotel/dimora-storica-suiteinncentro-calascibetta,+39 331 206 0341
unacasaalbelvedere@virgilio.it,Una Casa al Belvedere,https://www.hotelsdrop.com/hotel/una-casa-al-belvedere-calascibetta,+39 320 285 9201
info@gransassoski.it,B&B Acca' Lascio,https://www.hotelsdrop.com/hotel/b-b-acca-lascio-calascio,+39 328 082 8539
info@destasu.it,Destasù Bed & Wellness,https://www.hotelsdrop.com/hotel/destasu-bed-wellness-calascio,+39 338 350 4027
zippirita@gmail.com,Palazzo Diamante,https://www.hotelsdrop.com/hotel/palazzo-diamante-calascio,+39 340 222 5652
info.villa.acquamarina@gmail.com,B&B Villa Acquamarina,https://www.hotelsdrop.com/hotel/b-b-villa-acquamarina-calasetta,+39 349 701 2383
info@calasettaresidence.com,Calasetta Residence,https://www.hotelsdrop.com/hotel/calasetta-residence-calasetta,+39 327 827 9187
info@itreschen.com,I Tre Schen - Albergo Rurale,https://www.hotelsdrop.com/hotel/i-tre-schen-albergo-rurale-calasetta,+39 350 922 9285
info@oasiblucalasetta.it,Oasi Blu,https://www.hotelsdrop.com/hotel/oasi-blu-calasetta,+39 328 485 0668
arcobalenodelletna@gmail.com,Arcobaleno dell'Etna,https://www.hotelsdrop.com/hotel/arcobaleno-dell-etna-calatabiano,+39 320 729 8047
info@domuscandida.com,B&B Domus Candida,https://www.hotelsdrop.com/hotel/b-b-domus-candida-calatabiano,+39 329 272 4753
villamagnolia@virgilio.it,B&B Villa Magnolia Taormina,https://www.hotelsdrop.com/hotel/b-b-villa-magnolia-taormina-calatabiano,+39 329 678 7758
stracuzzisara@gmail.com,I TRE CUORI,https://www.hotelsdrop.com/hotel/i-tre-cuori-calatabiano,+39 389 072 1482
gdarrigo@hotmail.com,Marty Luxury B&B,https://www.hotelsdrop.com/hotel/marty-luxury-b-b-calatabiano,+39 338 716 7979
info@minissalefarmhouse.it,Minissale Farmhouse,https://www.hotelsdrop.com/hotel/minissale-farmhouse-calatabiano,+39 328 027 3029
paradisesicilyrooms@hotmail.com,PARADISE SICILY ROOMS LICENZA:IT087010C25WIUB6FL,https://www.hotelsdrop.com/hotel/paradise-sicily-rooms-licenza-it087010c25wiub6fl-calatabiano,+39 346 943 0269
agriturismoolivo@libero.it,Agriturismo L' Olivo,https://www.hotelsdrop.com/hotel/agriturismo-l-olivo-calatafimi-segesta,+39 345 614 4393
info@lasuitedisegesta.com,La Suite di Segesta,https://www.hotelsdrop.com/hotel/la-suite-di-segesta-calatafimi-segesta,+39 333 764 3969
marganasas07@gmail.com,Tenute Margana,https://www.hotelsdrop.com/hotel/tenute-margana-calatafimi-segesta,+39 338 329 3872
info@agriturismoitretigli.it,"Agriturismo ""I Tre Tigli"" - Ristorante - Pizzeria - Eventi - Camere",https://www.hotelsdrop.com/hotel/agriturismo-i-tre-tigli-ristorante-pizzeria-even-calcata,+39 333 703 9179
info@agriturismocavalieri.it,Agriturismo Cavalieri,https://www.hotelsdrop.com/hotel/agriturismo-cavalieri-calcata,+39 328 303 5637
ilcielointerra@gmail.com,Agriturismo Il cielo in terra,https://www.hotelsdrop.com/hotel/agriturismo-il-cielo-in-terra-calcata,+39 388 790 5337
support@centralstay.eu,La Casa sui Tetti,https://www.hotelsdrop.com/hotel/la-casa-sui-tetti-calcata,+39 339 275 0526
info@aunpassodallago.com,A un passo dal lago,https://www.hotelsdrop.com/hotel/a-un-passo-dal-lago-calceranica-al-lago,+39 351 451 4519
casasullago.trentino@gmail.com,B&B Casa sul Lago,https://www.hotelsdrop.com/hotel/b-b-casa-sul-lago-calceranica-al-lago,+39 345 344 9898
info@alpalazzaccio.com,Agriturismo Al Palazzaccio,https://www.hotelsdrop.com/hotel/agriturismo-al-palazzaccio-calci,+39 338 312 9540
info@poderedelpari.it,Azienda Agricola Podere del Pari srl,https://www.hotelsdrop.com/hotel/azienda-agricola-podere-del-pari-srl-calci,+39 338 310 0210
info@hoteldacarlos.it,Hotel da Carlos,https://www.hotelsdrop.com/hotel/hotel-da-carlos-calci,+39 351 418 5942
langoloverde.pisa@gmail.com,L' Angolo Verde - Bed & Breakfast,https://www.hotelsdrop.com/hotel/l-angolo-verde-bed-breakfast-calci,+39 348 774 9196
info@lafabbricacalci.it,La Fabbrica Calci,https://www.hotelsdrop.com/hotel/la-fabbrica-calci-calci,+39 339 311 8770
605a7baede844d278b89dc95ae0a9123@sentry-next.wixpress.com,B&B Villino Francesca,https://www.hotelsdrop.com/hotel/b-b-villino-francesca-calciano,+39 335 653 7956
arivellinivicopisano@virgilio.it,B&B Arivellini,https://www.hotelsdrop.com/hotel/b-b-arivellini-calcinaia,+39 329 084 8317
info@lecarabattole.com,Le Carabattole Bed & Breakfast,https://www.hotelsdrop.com/hotel/le-carabattole-bed-breakfast-calcinaia,+39 334 893 6933
info@trovaretuscany.it,Villa Lenzi's B&B (TrOvare TUSCANY),https://www.hotelsdrop.com/hotel/villa-lenzi-s-b-b-trovare-tuscany-calcinaia,+39 335 685 7855
info@villamaya.it,Villa Maya,https://www.hotelsdrop.com/hotel/villa-maya-calcinaia,+39 351 995 3874
info@bbalfiume.it,Bed and Breakfast Al Fiume,https://www.hotelsdrop.com/hotel/bed-and-breakfast-al-fiume-calcinato,+39 368 326 1652
sibietamicissrl@gmail.com,Palazzo Barbò,https://www.hotelsdrop.com/hotel/palazzo-barbo-calcio,+39 335 803 3203
il_torchio@hotmail.com,B&B Il Torchio,https://www.hotelsdrop.com/hotel/b-b-il-torchio-calco,+39 348 812 4929
info@apartment-laterrazza.com,Residence La Terrazza,https://www.hotelsdrop.com/hotel/residence-la-terrazza-caldaro-sulla-strada-del-vino-ka,+39 348 873 3314
info@mazzamurello.it,Mazzamurello B&B,https://www.hotelsdrop.com/hotel/mazzamurello-b-b-caldarola,+39 389 271 7990
info@bbilgiardino.com,B&B Il Giardino,https://www.hotelsdrop.com/hotel/b-b-il-giardino-calderara-di-reno,+39 371 525 1871
info@giardinodimia.com,Giardino di Mia,https://www.hotelsdrop.com/hotel/giardino-di-mia-calderara-di-reno,+39 348 409 9304
info@latorredilongara.it,La Torre di Longara,https://www.hotelsdrop.com/hotel/la-torre-di-longara-calderara-di-reno,+39 370 320 4401
cesarini_a@yahoo.it,Le Case di Antonio,https://www.hotelsdrop.com/hotel/le-case-di-antonio-calderara-di-reno,+39 392 976 4766
info@malamubnbeventi.com,MalaMù BnB Eventi,https://www.hotelsdrop.com/hotel/malamu-bnb-eventi-calderara-di-reno,+39 334 366 0807
booking@triumviratorooms.it,Triumvirato Rooms,https://www.hotelsdrop.com/hotel/triumvirato-rooms-calderara-di-reno,+39 351 649 6680
info@agriturdellemele.it,Agriturismo Wellness IL TEMPO DELLE MELE,https://www.hotelsdrop.com/hotel/agriturismo-wellness-il-tempo-delle-mele-caldes,+39 347 955 8401
info@bebsoreghina.com,B&B Soreghina Malè,https://www.hotelsdrop.com/hotel/b-b-soreghina-male-caldes,+39 340 220 3624
casafellin1891@gmail.com,Casa Fellin 1891 B&B,https://www.hotelsdrop.com/hotel/casa-fellin-1891-b-b-caldes,+39 328 339 9004
fernanda.dapra@gmail.com,Chalet ai mulini,https://www.hotelsdrop.com/hotel/chalet-ai-mulini-caldes,336 255 061
info@kaiserkrone.it,Kaiserkrone Chalet & Spa,https://www.hotelsdrop.com/hotel/kaiserkrone-chalet-spa-caldes,+39 393 416 3442
info@viaverdibbverona.it,Via Verdi B&B,https://www.hotelsdrop.com/hotel/via-verdi-b-b-caldiero,+39 349 810 4236
agriturismoallacorte@gmail.com,Agriturismo alla Corte,https://www.hotelsdrop.com/hotel/agriturismo-alla-corte-caldogno,+39 347 967 4062
info@villasolatia.com,Villa Solatia,https://www.hotelsdrop.com/hotel/villa-solatia-caldogno,+39 389 444 1533
info@allaloggiadellimperatore.com,B&B & Appartamenti Alla Loggia Dell'imperatore,https://www.hotelsdrop.com/hotel/b-b-appartamenti-alla-loggia-dell-imperatore-caldonazzo,+39 339 447 3015
info@castelloerrante.it,Castello Errante Bio Bed & Breakfast,https://www.hotelsdrop.com/hotel/castello-errante-bio-bed-breakfast-caldonazzo,+39 392 068 8521
info@trecorone.it,Ostello Bar Ristorante le Tre Corone di Marian Rose Slater,https://www.hotelsdrop.com/hotel/ostello-bar-ristorante-le-tre-corone-di-marian-r-calendasco,+39 340 632 2837
info@salottocorsogaribaldi.it,Salotto Corso Garibaldi,https://www.hotelsdrop.com/hotel/salotto-corso-garibaldi-calendasco,+39 392 107 3214
info@lecameredimario.it,Le Camere di Mario,https://www.hotelsdrop.com/hotel/le-camere-di-mario-calenzano,+39 329 595 5190
info@casadiarola.it,B&B Casa di Arola,https://www.hotelsdrop.com/hotel/b-b-casa-di-arola-calestano,+39 351 946 8768
bbdellacanadella@gmail.com,B&B della Canadella,https://www.hotelsdrop.com/hotel/b-b-della-canadella-calestano,+39 377 128 2050
info@beblavecchiaquercia.it,B&B La Vecchia Quercia,https://www.hotelsdrop.com/hotel/b-b-la-vecchia-quercia-calestano,+39 334 354 5492
info@cancabaia.it,BB Cancabaia Parma,https://www.hotelsdrop.com/hotel/bb-cancabaia-parma-calestano,+39 338 807 2420
info@bb-villa-al-parco.it,BB Villa al Parco,https://www.hotelsdrop.com/hotel/bb-villa-al-parco-calestano,+39 348 871 6131
bordonedelpellegrino@gmail.com,Il Bordone del Pellegrino - B&B,https://www.hotelsdrop.com/hotel/il-bordone-del-pellegrino-b-b-calestano,+39 339 286 5460
info@larasora.com,La Rasora,https://www.hotelsdrop.com/hotel/la-rasora-calestano,+39 348 747 4456
prenota@lespineberceto.it,Le Spine B&B,https://www.hotelsdrop.com/hotel/le-spine-b-b-calestano,+39 351 995 6678
info@agriturismoidueghiri.com,Agriturismo I Due Ghiri - 5 Terre - Calice al Cornoviglio,https://www.hotelsdrop.com/hotel/agriturismo-i-due-ghiri-5-terre-calice-al-cornov-calice-al-cornoviglio,+39 335 806 1067
info@improntenelbosco.it,B&B Impronte nel bosco,https://www.hotelsdrop.com/hotel/b-b-impronte-nel-bosco-calice-al-cornoviglio,+39 346 479 7374
info@hometogo.it,Agriturismo del Ponte,https://www.hotelsdrop.com/hotel/agriturismo-del-ponte-calice-ligure,+39 333 691 3284
info@bebdiavolofurbetto.it,BeB Diavolo Furbetto,https://www.hotelsdrop.com/hotel/beb-diavolo-furbetto-calice-ligure,+39 379 210 3367
bebcasaviola@gmail.com,Casa Viola dimora di campagna,https://www.hotelsdrop.com/hotel/casa-viola-dimora-di-campagna-calice-ligure,+39 340 971 8138
freerideoutdoorvillage@gmail.com,Freeride Outdoor Village - Finale Ligure,https://www.hotelsdrop.com/hotel/freeride-outdoor-village-finale-ligure-calice-ligure,+39 329 468 0722
info@lericagorra.it,L'erica,https://www.hotelsdrop.com/hotel/l-erica-calice-ligure,+39 329 334 8943
farmhouselacontessa@gmail.com,La Contessa,https://www.hotelsdrop.com/hotel/la-contessa-calice-ligure,+39 340 326 9003
info@unmetrodamare.it,Agricola Chiani,https://www.hotelsdrop.com/hotel/agricola-chiani-calimera,+39 393 080 7220
agriturismotenutadongiovanni@gmail.com,Agriturismo Tenuta Don Giovanni,https://www.hotelsdrop.com/hotel/agriturismo-tenuta-don-giovanni-calimera,+39 376 159 3520
booking@azzurraaparthotel.it,Azzurra Aparthotel,https://www.hotelsdrop.com/hotel/azzurra-aparthotel-calimera,+39 350 998 1454
info@assuntinamartano.it,Dimora Assuntina Martano,https://www.hotelsdrop.com/hotel/dimora-assuntina-martano-calimera,+39 377 342 3848
info@masseriarifisa.it,Masseria Rifisa Agriresort,https://www.hotelsdrop.com/hotel/masseria-rifisa-agriresort-calimera,+39 350 121 6842
damiano.dima@gmail.com,Mya - soggiorno di lusso,https://www.hotelsdrop.com/hotel/mya-soggiorno-di-lusso-calimera,+39 339 400 0061
info@salentoadashouse.it,Salento Ada's House B&B,https://www.hotelsdrop.com/hotel/salento-ada-s-house-b-b-calimera,+39 379 337 3961
masseriadelgallo@gmail.com,Tenuta Masseria Del Gallo,https://www.hotelsdrop.com/hotel/tenuta-masseria-del-gallo-calimera,+39 329 336 6299
agriturismo@dimoracavalieri.it,Agriturismo La Dimora dei Cavalieri,https://www.hotelsdrop.com/hotel/agriturismo-la-dimora-dei-cavalieri-calitri,+39 340 374 5730
casamagnoliacalitri@gmail.com,Casa Vacanze Magnolia 42 Calitri,https://www.hotelsdrop.com/hotel/casa-vacanze-magnolia-42-calitri-calitri,+39 329 618 8965
info.cadeinonni@gmail.com,B&B CA' DEI NONNI DI BARBERO CHIARA,https://www.hotelsdrop.com/hotel/b-b-ca-dei-nonni-di-barbero-chiara-calliano,+39 376 205 9401
bbchiara.calavino@gmail.com,B&B CHIARA,https://www.hotelsdrop.com/hotel/b-b-chiara-calliano,+39 338 906 4293
info@bebdiele.it,B&B Diele,https://www.hotelsdrop.com/hotel/b-b-diele-calliano,+39 342 030 7744
info@bbnettuno.it,Bed & Breakfast Nettuno,https://www.hotelsdrop.com/hotel/bed-breakfast-nettuno-calliano,+39 345 826 7294
nidodirondine.lundo@gmail.com,Bed and breakfast Nido di Rondine,https://www.hotelsdrop.com/hotel/bed-and-breakfast-nido-di-rondine-calliano,+39 328 213 4340
casavertigo3@gmail.com,Casa Vertigo,https://www.hotelsdrop.com/hotel/casa-vertigo-calliano,+39 380 237 5975
info@incollinabb.it,In Collina B&B,https://www.hotelsdrop.com/hotel/in-collina-b-b-calliano,+39 347 030 3045
manicap@tin.it,Storie di bosco B&B,https://www.hotelsdrop.com/hotel/storie-di-bosco-b-b-calliano,+39 349 380 0763
info@wanderlustfolgaria.it,WANDERLUST B&B,https://www.hotelsdrop.com/hotel/wanderlust-b-b-calliano,+39 340 309 2902
info@casadeiciliegi.asti.it,CASA DEI CILIEGI - CIN IT005025B4M23OALTY,https://www.hotelsdrop.com/hotel/casa-dei-ciliegi-cin-it005025b4m23oalty-calliano-monferrato,+39 333 594 1374
castellodicalliano@gmail.com,Castello di Calliano Monferrato,https://www.hotelsdrop.com/hotel/castello-di-calliano-monferrato-calliano-monferrato,+39 352 057 3484
info@lacasadialice.net,La Casa di Alice,https://www.hotelsdrop.com/hotel/la-casa-di-alice-calliano-monferrato,+39 331 916 3003
info@relaissandesiderio.com,Relais San Desiderio,https://www.hotelsdrop.com/hotel/relais-san-desiderio-calliano-monferrato,+39 347 190 7353
booking@tenutadelbarone.it,Tenuta del Barone,https://www.hotelsdrop.com/hotel/tenuta-del-barone-calliano-monferrato,+39 329 637 9410
assistenza@webador.it,la dimora dei due laghi,https://www.hotelsdrop.com/hotel/la-dimora-dei-due-laghi-calolziocorte,+39 379 216 3336
info@agoravulcanobeb.it,Agorà Vulcano B&B,https://www.hotelsdrop.com/hotel/agora-vulcano-b-b-calopezzati,+39 334 371 9337
info@cithornohotel.com,Ci Thorno Hotel,https://www.hotelsdrop.com/hotel/ci-thorno-hotel-calopezzati,+39 339 209 9550
conventodeiriformati@gmail.com,Convento dei Riformati,https://www.hotelsdrop.com/hotel/convento-dei-riformati-calopezzati,+39 351 382 0780
info@hotel-anthony.it,Hotel Anthony Mirto Crosia - Ristorante i sapori del mare,https://www.hotelsdrop.com/hotel/hotel-anthony-mirto-crosia-ristorante-i-sapori-d-calopezzati,+39 320 081 0900
info@cascinabo.it,Agriturismo Cascina Bo,https://www.hotelsdrop.com/hotel/agriturismo-cascina-bo-calosso,+39 348 706 7356
lacasadelprof@gmail.com,B&B La casa del Prof CIN IT005015C1UUGF65TT- CIR 005015-BEB-00003,https://www.hotelsdrop.com/hotel/b-b-la-casa-del-prof-cin-it005015c1uugf65tt-cir-calosso,+39 339 229 2445
barilarogiovanna@gmail.com,B&B La Creusa,https://www.hotelsdrop.com/hotel/b-b-la-creusa-calosso,+39 345 848 7007
anticofienile@libero.it,Bed and Breakfast L'Antico Fienile,https://www.hotelsdrop.com/hotel/bed-and-breakfast-l-antico-fienile-calosso,+39 349 840 1139
info@villagiara.com,Bed and Breakfast Villa Giara,https://www.hotelsdrop.com/hotel/bed-and-breakfast-villa-giara-calosso,+39 338 247 3216
info@caboscodonne.it,Ca' Boscodonne,https://www.hotelsdrop.com/hotel/ca-boscodonne-calosso,+39 338 199 9082
info@tenutalemore.com,Tenuta Le More,https://www.hotelsdrop.com/hotel/tenuta-le-more-calosso,+39 349 355 2480
info@lapianadegliulivi.it,B&B La Piana degli Ulivi,https://www.hotelsdrop.com/hotel/b-b-la-piana-degli-ulivi-caloveto,+39 338 950 8840
reservations@lasacristanabnb.it,La Sacristana BnB,https://www.hotelsdrop.com/hotel/la-sacristana-bnb-caloveto,+39 320 421 6357
contatti@russabelladonna.it,Agriturismo Russa Belladonna,https://www.hotelsdrop.com/hotel/agriturismo-russa-belladonna-caltagirone,+39 334 948 8715
info@palazzotaranto.it,B&B Palazzo Taranto,https://www.hotelsdrop.com/hotel/b-b-palazzo-taranto-caltagirone,+39 327 300 3172
info@ilrusticogrammichele.com,Il Rustico,https://www.hotelsdrop.com/hotel/il-rustico-caltagirone,+39 339 376 1256
contact@globostay.com,Palazzo dei Vespri,https://www.hotelsdrop.com/hotel/palazzo-dei-vespri-caltagirone,+39 329 748 2922
l.belm@tin.it,Palazzo Sant'Elia,https://www.hotelsdrop.com/hotel/palazzo-sant-elia-caltagirone,+39 377 201 7475
info@vecchiamasseria.com,Vecchia Masseria,https://www.hotelsdrop.com/hotel/vecchia-masseria-caltagirone,+39 338 915 5001
info@anticorione.it,B&B Antico Rione,https://www.hotelsdrop.com/hotel/b-b-antico-rione-caltanissetta,+39 389 003 8818
bebgiuliacaltanissetta@gmail.com,B&B Caltanissetta Giulia,https://www.hotelsdrop.com/hotel/b-b-caltanissetta-giulia-caltanissetta,+39 388 647 0985
info@bbthule.com,B&B Thule,https://www.hotelsdrop.com/hotel/b-b-thule-caltanissetta,+39 338 525 4598
bebvillaantonio@gmail.com,B&B Villa da Antonio,https://www.hotelsdrop.com/hotel/b-b-villa-da-antonio-caltanissetta,+39 328 648 8522
info@giovitahome.com,Giovita Room and Suite,https://www.hotelsdrop.com/hotel/giovita-room-and-suite-caltanissetta,+39 388 806 6873
info@palazzocosentino.it,Palazzo Cosentino,https://www.hotelsdrop.com/hotel/palazzo-cosentino-caltanissetta,+39 338 467 3040
qalataparthotel@gmail.com,Qal’at Apart Hotel,https://www.hotelsdrop.com/hotel/qal-at-apart-hotel-caltanissetta,+39 393 684 6279
veraluce.caltavuturo@gmail.com,VeraLuce Affittacamere,https://www.hotelsdrop.com/hotel/veraluce-affittacamere-caltavuturo,+39 333 632 9727
cascinamoretta@gmail.com,Agriturismo Cascina Moretta,https://www.hotelsdrop.com/hotel/agriturismo-cascina-moretta-caltignaga,+39 339 256 6738
info@smarthotelferrara.com,SMART HOTEL FERRARA,https://www.hotelsdrop.com/hotel/smart-hotel-ferrara-calto,+39 329 253 2517
info.tolomei@gmail.com,Stella De' Tolomei,https://www.hotelsdrop.com/hotel/stella-de-tolomei-calto,+39 388 123 1173
info@alicehouse.it,La Casa di Alice,https://www.hotelsdrop.com/hotel/la-casa-di-alice-caltrano,+39 335 530 8869
info@nonnabettina.com,Agriturismo Nonna Bettina,https://www.hotelsdrop.com/hotel/agriturismo-nonna-bettina-calvagese-della-riviera,+39 347 235 8170
pinedagiardini@libero.it,El Rincon del Artista,https://www.hotelsdrop.com/hotel/el-rincon-del-artista-calvagese-della-riviera,+39 338 616 0403
info@agriturismoilghetto.it,Il Ghetto agriturismo holiday farm,https://www.hotelsdrop.com/hotel/il-ghetto-agriturismo-holiday-farm-calvagese-della-riviera,+39 335 607 2784
info@maevagh.it,Maeva Guesthouse Lake Garda,https://www.hotelsdrop.com/hotel/maeva-guesthouse-lake-garda-calvagese-della-riviera,+39 351 799 7616
info@casalepiedeco.com,Agriturismo Casale Piè D'eco,https://www.hotelsdrop.com/hotel/agriturismo-casale-pie-d-eco-calvanico,+39 320 239 1215
contatto@esempio.it,Casa Vacanze FioreStella,https://www.hotelsdrop.com/hotel/casa-vacanze-fiorestella-calvanico,+39 348 555 4635
info@rivieraoglio.com,Agriturismo Riviera Oglio,https://www.hotelsdrop.com/hotel/agriturismo-riviera-oglio-calvatone,+39 338 986 6867
contatto@esempio.it,CASA MIA GUESTHOUSE - AFFITTA CAMERE - FORESTERIA,https://www.hotelsdrop.com/hotel/casa-mia-guesthouse-affitta-camere-foresteria-calvatone,+39 379 159 1586
lucanto2014@gmail.com,Lucantò Accommodations,https://www.hotelsdrop.com/hotel/lucanto-accommodations-calvello,+39 347 969 8726
info@casapralunghi.it,B&B Casa Pralunghi,https://www.hotelsdrop.com/hotel/b-b-casa-pralunghi-calvene,+39 349 564 8150
info@calvenere.com,CalVenere,https://www.hotelsdrop.com/hotel/calvenere-calvene,+39 333 548 6448
info@castolda.com,Agriturismo Castolda,https://www.hotelsdrop.com/hotel/agriturismo-castolda-calvenzano,+39 338 485 4384
info@bassanella.it,Cascina Bassanella,https://www.hotelsdrop.com/hotel/cascina-bassanella-calvenzano,+39 333 731 2713
info@caraterralucana.it,Azienda Agrituristica CaRa Terra Lucana,https://www.hotelsdrop.com/hotel/azienda-agrituristica-cara-terra-lucana-calvera,+39 342 563 6980
info@ilmercantello.it,B&B Il Mercantello,https://www.hotelsdrop.com/hotel/b-b-il-mercantello-calvera,+39 391 147 6208
ifioridelpollino@gmail.com,I fiori del Pollino - Guest House,https://www.hotelsdrop.com/hotel/i-fiori-del-pollino-guest-house-calvera,+39 392 924 8484
info@loscrignobedandbreakfast.com,Lo Scrigno B&B,https://www.hotelsdrop.com/hotel/lo-scrigno-b-b-calvi,+39 377 403 5659
info@ilcollicello.com,Agriturismo Il Collicello,https://www.hotelsdrop.com/hotel/agriturismo-il-collicello-calvi-dell-umbria,+39 335 598 3274
info@isolaverdenarni.com,Agriturismo Isola Verde,https://www.hotelsdrop.com/hotel/agriturismo-isola-verde-calvi-dell-umbria,+39 333 281 8738
info@tenutasansavinodellerocchette.it,Agriturismo Tenuta San Savino delle Rocchette,https://www.hotelsdrop.com/hotel/agriturismo-tenuta-san-savino-delle-rocchette-calvi-dell-umbria,+39 366 187 1056
webmaster@bbdellerbe.it,B&B delle Erbe,https://www.hotelsdrop.com/hotel/b-b-delle-erbe-calvi-dell-umbria,+39 339 437 8463
support@centralstay.eu,B&B L'Uliveto,https://www.hotelsdrop.com/hotel/b-b-l-uliveto-calvi-dell-umbria,+39 339 710 8356
info@montanariagrivillage.com,I Montanari Agrivillage,https://www.hotelsdrop.com/hotel/i-montanari-agrivillage-calvi-dell-umbria,+39 335 771 4179
info@agriturismoilmerangolo.it,Il Merangolo Agriturismo,https://www.hotelsdrop.com/hotel/il-merangolo-agriturismo-calvi-dell-umbria,+39 339 409 7139
info@mammeristorante.com,La Casa di Helena,https://www.hotelsdrop.com/hotel/la-casa-di-helena-calvi-dell-umbria,+39 320 288 2303
info@parkhotelsabina.com,Park Hotel Sabina,https://www.hotelsdrop.com/hotel/park-hotel-sabina-calvi-dell-umbria,+39 379 376 6151
info@ilpozzodimontalto.com,B&B Il Pozzo,https://www.hotelsdrop.com/hotel/b-b-il-pozzo-calvignano,+39 338 195 7429
info@villaincampagna.it,B&B Villa in Campagna,https://www.hotelsdrop.com/hotel/b-b-villa-in-campagna-calvisano,+39 333 801 8212
antoniobalestrieri11@gmail.com,Agriturismo Balestrieri,https://www.hotelsdrop.com/hotel/agriturismo-balestrieri-calvizzano,+39 334 323 8993
info@rifugiodeglidei.it,"Agriturismo Country House ""Rifugio Degli Dei""",https://www.hotelsdrop.com/hotel/agriturismo-country-house-rifugio-degli-dei-calvizzano,+39 339 839 0809
info@ilgiardinodellorco.it,Il Giardino dell'Orco,https://www.hotelsdrop.com/hotel/il-giardino-dell-orco-calvizzano,+39 392 447 6982
11villarocco@gmail.com,Villa Rocco Country House,https://www.hotelsdrop.com/hotel/villa-rocco-country-house-camagna-monferrato,+39 345 584 9222
casalice.bb@gmail.com,B&B La Casa Di Alice,https://www.hotelsdrop.com/hotel/b-b-la-casa-di-alice-camaiore,+39 338 341 4056
info@casadelsolecamaiore.it,Casa del Sole | Bed & Breakfast,https://www.hotelsdrop.com/hotel/casa-del-sole-bed-breakfast-camaiore,+39 333 667 8389
la.stagione.arte@gmail.com,La Stagione dell'Arte,https://www.hotelsdrop.com/hotel/la-stagione-dell-arte-camaiore,+39 392 365 7338
la.stagione.arte@gmail.com,La Stagione dell'Arte B&B LGBTQ+ Friendly,https://www.hotelsdrop.com/hotel/la-stagione-dell-arte-b-b-lgbtq-friendly-camaiore,+39 392 365 7338
info@villaborgovecchio.it,Villa Borgovecchio B&B,https://www.hotelsdrop.com/hotel/villa-borgovecchio-b-b-camaiore,+39 375 503 2522
info@villalombardi.it,Villa Lombardi Bed & Breakfast,https://www.hotelsdrop.com/hotel/villa-lombardi-bed-breakfast-camaiore,+39 339 644 1842
bucaneve@oasizegna.com,Albergo Ristorante Bucaneve,https://www.hotelsdrop.com/hotel/albergo-ristorante-bucaneve-camandona,+39 393 545 3705
info@bagliosannicola.it,Agriturismo Baglio San Nicola,https://www.hotelsdrop.com/hotel/agriturismo-baglio-san-nicola-camastra,+39 339 566 7620
info@mediterraneobb.com,B&B MEDITERRANEO mare e sole,https://www.hotelsdrop.com/hotel/b-b-mediterraneo-mare-e-sole-camastra,+39 388 115 2670
info@thelibertypalacecampobello.com,B&B The Liberty Palace,https://www.hotelsdrop.com/hotel/b-b-the-liberty-palace-camastra,+39 333 869 8433
605a7baede844d278b89dc95ae0a9123@sentry-next.wixpress.com,Daedalium Cultural Resort - B&B,https://www.hotelsdrop.com/hotel/daedalium-cultural-resort-b-b-camastra,+39 392 932 4320
info@covoartistibeb.it,Il Covo degli Artisti,https://www.hotelsdrop.com/hotel/il-covo-degli-artisti-camastra,+39 334 777 6640
infolacollina@virgilio.it,La Collina sul Mare,https://www.hotelsdrop.com/hotel/la-collina-sul-mare-camastra,+39 331 730 9050
anapoli72@yahoo.it,La Dimora del Duca,https://www.hotelsdrop.com/hotel/la-dimora-del-duca-camastra,+39 328 474 8373
info@bebgardencactus.it,Relais Garden Cactus B&B,https://www.hotelsdrop.com/hotel/relais-garden-cactus-b-b-camastra,+39 327 129 2602
info@stelladelrio.it,Stella del Rio,https://www.hotelsdrop.com/hotel/stella-del-rio-camastra,+39 377 322 7686
info@terrazzechiaramontane.it,TERRAZZE CHIARAMONTANE | B&B | HOTEL | SICILIA | VALLE DEI TEMPLI | AGRIGENTO | GATTOPARDO | VISTA MARE | VIAGGI | GATTOPARDO,https://www.hotelsdrop.com/hotel/terrazze-chiaramontane-b-b-hotel-sicilia-valle-d-camastra,+39 377 354 7804
terrefortivillage@gmail.coom,Terreforti Luxury Village,https://www.hotelsdrop.com/hotel/terreforti-luxury-village-camastra,+39 366 635 7211
clorofillagarden@gmail.com,Garden Clorofilla Cambiago MI,https://www.hotelsdrop.com/hotel/garden-clorofilla-cambiago-mi-cambiago,+39 334 666 2427
clorofillagarden@gmail.com,Locanda Clorofilla Agriturismo Cambiago,https://www.hotelsdrop.com/hotel/locanda-clorofilla-agriturismo-cambiago-cambiago,+39 375 704 5468
info@locandailgallo.com,Locanda Il Gallo,https://www.hotelsdrop.com/hotel/locanda-il-gallo-cambiasca,+39 391 117 2269
info@ioetespaziobenessere.it,IO&TE room and spa lo Spazio del Benessere,https://www.hotelsdrop.com/hotel/io-te-room-and-spa-lo-spazio-del-benessere-camburzano,+39 353 438 8805
info@boschettoaltalanga.com,Boschetto AltaLanga,https://www.hotelsdrop.com/hotel/boschetto-altalanga-camerana,+39 333 991 1417
hoteldorico@gmail.com,Hotel Dorico,https://www.hotelsdrop.com/hotel/hotel-dorico-camerano,+39 329 373 7810
houselaterrazza@gmail.com,La Terrazza Affittacamere,https://www.hotelsdrop.com/hotel/la-terrazza-affittacamere-camerano-casasco,+39 351 378 0768
info@website.com,Albergo Diffuso Ornica,https://www.hotelsdrop.com/hotel/albergo-diffuso-ornica-camerata-cornello,+39 350 123 2332
chiara@dapieri.it,B&B DA PIERI,https://www.hotelsdrop.com/hotel/b-b-da-pieri-camerata-cornello,+39 320 877 6722
info@parinainn.it,ParinaInn-Locanda,https://www.hotelsdrop.com/hotel/parinainn-locanda-camerata-cornello,+39 352 020 6522
b.b.lagrotta@tiscali.it,B&B La Grotta,https://www.hotelsdrop.com/hotel/b-b-la-grotta-camerata-nuova,+39 331 960 1077
laquerciacheride@ippoagri.it,B&B La Quercia che Ride,https://www.hotelsdrop.com/hotel/b-b-la-quercia-che-ride-camerata-nuova,+39 338 465 2940
info@villaarboretum.com,b&b Villa Arboretum,https://www.hotelsdrop.com/hotel/b-b-villa-arboretum-camerata-nuova,+39 389 617 5036
laura.paolelli@libero.it,I Casali,https://www.hotelsdrop.com/hotel/i-casali-camerata-nuova,+39 347 926 9790
daziaore@gmail.com,B&B Da Zia Ore,https://www.hotelsdrop.com/hotel/b-b-da-zia-ore-camerata-picena,+39 335 102 7149
glicine.ancona@gmail.com,B&B Glicine,https://www.hotelsdrop.com/hotel/b-b-glicine-camerata-picena,+39 339 860 8445
em.menga@gmail.com,B&B La Dimora dell'ereoporto anche a ore,https://www.hotelsdrop.com/hotel/b-b-la-dimora-dell-ereoporto-anche-a-ore-camerata-picena,+39 388 444 1768
lagranciabb@gmail.com,B&B La Grancia,https://www.hotelsdrop.com/hotel/b-b-la-grancia-camerata-picena,+39 377 023 6489
natachalillac@gmail.com,B&B Lillac Cottage,https://www.hotelsdrop.com/hotel/b-b-lillac-cottage-camerata-picena,+39 351 711 0813
baffoleodavinci@gmail.com,B&B Residenza Leonardo Falconara Marittima,https://www.hotelsdrop.com/hotel/b-b-residenza-leonardo-falconara-marittima-camerata-picena,+39 340 732 0025
info@affittacamerenovara.it,Affitta Camere Novara,https://www.hotelsdrop.com/hotel/affitta-camere-novara-cameri,+39 347 732 2478
info.ilrosmarino@gmail.com,B&B Il Rosmarino,https://www.hotelsdrop.com/hotel/b-b-il-rosmarino-cameri,+39 353 498 3996
info@mazzini15.com,B&B Mazzini15,https://www.hotelsdrop.com/hotel/b-b-mazzini15-cameri,+39 339 308 8407
info@allascopertadellemarche.it,Alla Scoperta delle Marche,https://www.hotelsdrop.com/hotel/alla-scoperta-delle-marche-camerino,+39 366 229 7729
info@camerino-caselunghe.it,B&B Caselunghe,https://www.hotelsdrop.com/hotel/b-b-caselunghe-camerino,+39 347 195 7021
info@lecalvie.it,Country House Le Calvie,https://www.hotelsdrop.com/hotel/country-house-le-calvie-camerino,+39 380 105 3089
info@capocanto.com,Agriturismo Capocanto,https://www.hotelsdrop.com/hotel/agriturismo-capocanto-camerota,+39 349 605 1484
info@albergoriccio.it,Albergo Riccio – Hotel a Marina di Camerota,https://www.hotelsdrop.com/hotel/albergo-riccio-hotel-a-marina-di-camerota-camerota,+39 333 371 0902
info@bbverdemarecamerota.it,B&b VerdeMare Camerota,https://www.hotelsdrop.com/hotel/b-b-verdemare-camerota-camerota,+39 347 394 0270
info@albergodelfino.it,Hotel Delfino – Hotel a Marina di Camerota,https://www.hotelsdrop.com/hotel/hotel-delfino-hotel-a-marina-di-camerota-camerota,+39 377 091 6590
info@lilelo.it,Lilelo - Little Leisure Lodge,https://www.hotelsdrop.com/hotel/lilelo-little-leisure-lodge-camino,+39 335 533 4110
esempio@mail.com,Borgo dei Conti della Torre,https://www.hotelsdrop.com/hotel/borgo-dei-conti-della-torre-camino-al-tagliamento,+39 347 925 2553
reception@ladimorson.com,La di Morson,https://www.hotelsdrop.com/hotel/la-di-morson-camino-al-tagliamento,+39 353 405 3165
info@lamoneghina.it,Agriturismo La Moneghina,https://www.hotelsdrop.com/hotel/agriturismo-la-moneghina-camisano-vicentino,+39 328 038 3636
bb.bagnidisole@gmail.com,B&B Bagni di sole,https://www.hotelsdrop.com/hotel/b-b-bagni-di-sole-camisano-vicentino,+39 378 406 1742
info@bbcasarosa.it,Bed and Breakfast Casarosa,https://www.hotelsdrop.com/hotel/bed-and-breakfast-casarosa-camisano-vicentino,+39 340 565 3543
fattoriagrimana@gmail.com,Fattoria Grimana,https://www.hotelsdrop.com/hotel/fattoria-grimana-camisano-vicentino,+39 333 943 7813
lacasavecchia7@gmail.com,La Casa Vecchia B&B,https://www.hotelsdrop.com/hotel/la-casa-vecchia-b-b-camisano-vicentino,+39 333 239 5061
info@mikaleluxuryrooms.it,MikAle Luxury Rooms,https://www.hotelsdrop.com/hotel/mikale-luxury-rooms-cammarata,+39 351 390 2144
bnbcasaninni@gmail.com,B&B Casa Ninni,https://www.hotelsdrop.com/hotel/b-b-casa-ninni-camogli,+39 348 244 0541
info@lapriaguea.it,La Priaguea - House Beach,https://www.hotelsdrop.com/hotel/la-priaguea-house-beach-camogli,+39 335 668 2303
agriturismosangelo@outlook.it,Agriturismo Sant'Angelo,https://www.hotelsdrop.com/hotel/agriturismo-sant-angelo-campagna,+39 333 992 7169
info@magnolia-bb.it,B&B La Magnolia,https://www.hotelsdrop.com/hotel/b-b-la-magnolia-campagna,+39 329 353 5589
info@ilcastagnetoagriturismo.it,Ristorante Il Castagneto,https://www.hotelsdrop.com/hotel/ristorante-il-castagneto-campagna,+39 339 718 7795
hotelriesco.it@gmail.com,Hotel Riesco,https://www.hotelsdrop.com/hotel/hotel-riesco-campagnano-di-roma,+39 331 490 5996
info@casaolivo.com,Agriturismo Casa Olivo,https://www.hotelsdrop.com/hotel/agriturismo-casa-olivo-campagnatico,+39 349 584 9888
info@fontemarinaalta.it,Agriturismo in Toscana con Piscina - Fonte Marina Alta,https://www.hotelsdrop.com/hotel/agriturismo-in-toscana-con-piscina-fonte-marina-campagnatico,+39 328 685 6182
agriturismo@cortedegliulivi.net,BioAgriturismo CORTE DEGLI ULIVI - Maremma Toscana,https://www.hotelsdrop.com/hotel/bioagriturismo-corte-degli-ulivi-maremma-toscana-campagnatico,+39 335 651 1774
info@glampingledune.it,Glamping Le Dune,https://www.hotelsdrop.com/hotel/glamping-le-dune-campagnatico,+39 373 884 8276
info@santagenoveffa.it,Hotel Relais Santa Genoveffa,https://www.hotelsdrop.com/hotel/hotel-relais-santa-genoveffa-campagnatico,+39 366 938 1932
locandanelcassero98@gmail.com,Locanda nel Cassero Camere,https://www.hotelsdrop.com/hotel/locanda-nel-cassero-camere-campagnatico,+39 338 303 0033
antonietta.picciocchi@gmail.com,Monte di Bù affittacamere,https://www.hotelsdrop.com/hotel/monte-di-bu-affittacamere-campagnatico,+39 349 183 5250
info@paradiseagricamp.com,Paradise Agricamp,https://www.hotelsdrop.com/hotel/paradise-agricamp-campagnatico,+39 333 848 4361
info@sanclementecrema.com,B&B San Clemente - Crema,https://www.hotelsdrop.com/hotel/b-b-san-clemente-crema-campagnola-cremasca,+39 345 224 0390
laperladelmercante@gmail.com,La Perla del Mercante B&B,https://www.hotelsdrop.com/hotel/la-perla-del-mercante-b-b-campagnola-emilia,+39 340 706 6076
bandbbirillo@gmail.com,B&B Birillo Cariati,https://www.hotelsdrop.com/hotel/b-b-birillo-cariati-campana,+39 329 913 5115
bebsanpio@gmail.com,San Pio Bed & Breakfast B&B,https://www.hotelsdrop.com/hotel/san-pio-bed-breakfast-b-b-campana,+39 335 663 0915
support@centralstay.eu,CASCINA ANTICHE TERRE,https://www.hotelsdrop.com/hotel/cascina-antiche-terre-campegine,+39 350 177 5370
info@palazzofontanatrevi.it,B&B Palazzo Fontana,https://www.hotelsdrop.com/hotel/b-b-palazzo-fontana-campello-sul-clitunno,+39 324 698 0147
info@bed-and-breakfast-le-torrette.com,Bed and Breakfast Le Torrette,https://www.hotelsdrop.com/hotel/bed-and-breakfast-le-torrette-campello-sul-clitunno,+39 339 376 6035
info@guestarthouseaurora.eu,Guest Art House Aurora GAHA,https://www.hotelsdrop.com/hotel/guest-art-house-aurora-gaha-campello-sul-clitunno,+39 392 647 4322
ulivoinfiore@virgilio.it,l'Ulivo in Fiore,https://www.hotelsdrop.com/hotel/l-ulivo-in-fiore-campello-sul-clitunno,+39 339 887 2693
tanadelriccio1@gmail.com,La Tana Del Riccio,https://www.hotelsdrop.com/hotel/la-tana-del-riccio-campello-sul-clitunno,+39 328 197 3251
residences.emiliano@libero.it,Residenza Sant'Emiliano,https://www.hotelsdrop.com/hotel/residenza-sant-emiliano-campello-sul-clitunno,+39 348 228 5443
campeggioilgattoelavolpe@gmail.com,Il Gatto e la Volpe Campeggio,https://www.hotelsdrop.com/hotel/il-gatto-e-la-volpe-campeggio-campertogno,+39 352 082 9541
welcome@lerelais.it,Le Relais du Boucher,https://www.hotelsdrop.com/hotel/le-relais-du-boucher-campertogno,+39 327 888 9768
info@locandamargherita.com,Locanda Margherita B&B,https://www.hotelsdrop.com/hotel/locanda-margherita-b-b-campertogno,+39 338 817 8917
manuscopello@gmail.com,ManuEbbasta,https://www.hotelsdrop.com/hotel/manuebbasta-campertogno,+39 349 492 6161
info@villaottocento.it,Villa Ottocento,https://www.hotelsdrop.com/hotel/villa-ottocento-campertogno,+39 393 801 2290
info@lemake.it,Bed and Breakfast Le Makè,https://www.hotelsdrop.com/hotel/bed-and-breakfast-le-make-campi-bisenzio,+39 393 553 4752
info@agavebb.it,Agave Bed&Breakfast,https://www.hotelsdrop.com/hotel/agave-bed-breakfast-campi-salentina,+39 339 567 6473
info@agriturismolicalizzi.it,Agriturismo Li Calizzi Arte & Natura,https://www.hotelsdrop.com/hotel/agriturismo-li-calizzi-arte-natura-campi-salentina,+39 327 316 9721
marcolino.gabriele@gmail.com,Bed and Breakfast Villa Rita,https://www.hotelsdrop.com/hotel/bed-and-breakfast-villa-rita-campi-salentina,+39 393 972 4305
masseriavigneri@gmail.com,Casino Vigneri B&B,https://www.hotelsdrop.com/hotel/casino-vigneri-b-b-campi-salentina,+39 320 455 5532
book@guerrierisuites.com,Guerrieri Suites & Spa,https://www.hotelsdrop.com/hotel/guerrieri-suites-spa-campi-salentina,+39 327 142 2185
info@bblafocara.it,La Focara B&B,https://www.hotelsdrop.com/hotel/la-focara-b-b-campi-salentina,+39 340 312 4277
villadellepalmebb@gmail.com,Villa delle Palme B&B,https://www.hotelsdrop.com/hotel/villa-delle-palme-b-b-campi-salentina,+39 339 451 7253
info@bb-montmars.com,B&B MONT MARS,https://www.hotelsdrop.com/hotel/b-b-mont-mars-campiglia-cervo,+39 334 887 0555
info@villalussana.com,Hotel Ristorante Villa Lussana,https://www.hotelsdrop.com/hotel/hotel-ristorante-villa-lussana-campiglia-dei-berici,+39 338 308 9650
info@fontanellaonline.it,Agriturismo La Fontanella & Glamping,https://www.hotelsdrop.com/hotel/agriturismo-la-fontanella-glamping-campiglia-marittima,+39 348 342 2418
booking@bbsuvereto.it,Bed & Breakfast SUVERETO,https://www.hotelsdrop.com/hotel/bed-breakfast-suvereto-campiglia-marittima,+39 334 612 7583
info@amarantobeb.it,Amaranto B&B,https://www.hotelsdrop.com/hotel/amaranto-b-b-campiglione-fenile,+39 346 693 1449
info@agriturismocascinanuova.com,Azienda Agrituristica Cascina Nuova,https://www.hotelsdrop.com/hotel/azienda-agrituristica-cascina-nuova-campiglione-fenile,+39 340 402 1696
info@5frecce.com,Le 5 Frecce,https://www.hotelsdrop.com/hotel/le-5-frecce-campiglione-fenile,+39 379 124 2706
villacampitello@gmail.com,B&B Garnì Villa Campitello,https://www.hotelsdrop.com/hotel/b-b-garni-villa-campitello-campitello-di-fassa,+39 327 057 6976
info@margaritadaustria.it,B&B Margarita D'Austria,https://www.hotelsdrop.com/hotel/b-b-margarita-d-austria-campli,+39 340 582 2967
info@hotel-europa.eu,Europa Hotel,https://www.hotelsdrop.com/hotel/europa-hotel-campli,+39 348 185 0021
aduepassidalmare.rc@gmail.com,B&B A due passi dal mare,https://www.hotelsdrop.com/hotel/b-b-a-due-passi-dal-mare-campo-calabro,+39 340 348 7959
andrea.cannizzo52@gmail.com,Blu Infinito Bed & Breakfast,https://www.hotelsdrop.com/hotel/blu-infinito-bed-breakfast-campo-calabro,+39 349 089 8917
info@capricciodigiove.com,Agriturismo Capriccio di Giove,https://www.hotelsdrop.com/hotel/agriturismo-capriccio-di-giove-campo-di-giove,+39 393 096 3120
casantonetti@gmail.com,B&B Casa Antonetti,https://www.hotelsdrop.com/hotel/b-b-casa-antonetti-campo-di-giove,+39 377 121 5600
ilvecchiolupocdg@libero.it,B&B Il Vecchio Lupo Campo di Giove,https://www.hotelsdrop.com/hotel/b-b-il-vecchio-lupo-campo-di-giove-campo-di-giove,+39 345 390 1915
lapretera@gmail.com,B&B La Pretèra,https://www.hotelsdrop.com/hotel/b-b-la-pretera-campo-di-giove,+39 338 662 5253
info@bbpastoreabruzzese.it,Bed and Breakfast “Pastore Abruzzese”,https://www.hotelsdrop.com/hotel/bed-and-breakfast-pastore-abruzzese-campo-di-giove,+39 349 181 1721
booking@campingorsaminore.it,Camping Orsa Minore,https://www.hotelsdrop.com/hotel/camping-orsa-minore-campo-di-giove,+39 338 720 6205
info@fattoriatanadellavolpe.com,Fattoria Tana della Volpe,https://www.hotelsdrop.com/hotel/fattoria-tana-della-volpe-campo-di-giove,+39 340 814 0996
info@sachsenklemme.it,Hotel Sachsenklemme,https://www.hotelsdrop.com/hotel/hotel-sachsenklemme-campo-di-trens-freienfeld,+39 329 159 1570
labuscarellasas@gmail.com,La Buscarella,https://www.hotelsdrop.com/hotel/la-buscarella-campo-ligure,+39 389 912 3636
info@nonnotoni.it,Nonno Toni,https://www.hotelsdrop.com/hotel/nonno-toni-campo-ligure,+39 334 782 0086
info@hotellastella.it,Hotel la Stella,https://www.hotelsdrop.com/hotel/hotel-la-stella-campo-nell-elba,+39 328 398 5521
info@locandadellamicizia.it,Locanda Dell'Amicizia Di Pierulivo Enrica & C. S.A.S.,https://www.hotelsdrop.com/hotel/locanda-dell-amicizia-di-pierulivo-enrica-c-s-a-campo-nell-elba,+39 331 208 2169
%20info@maisonparcodelbrenta.it,B&B Maison Parco del Brenta Curtarolo,https://www.hotelsdrop.com/hotel/b-b-maison-parco-del-brenta-curtarolo-campo-san-martino,+39 335 679 0092
info@cameriniguesthouse.it,Camerini Guest House,https://www.hotelsdrop.com/hotel/camerini-guest-house-campo-san-martino,+39 327 489 4862
info@hotelbracco.it,Hotel Bracco,https://www.hotelsdrop.com/hotel/hotel-bracco-campo-san-martino,+39 338 850 3635
info@ahria-apartments.it,AhriaPura Apartments,https://www.hotelsdrop.com/hotel/ahriapura-apartments-campo-tures-sand-in-taufers,+39 389 859 2383
support@centralstay.eu,B&B Al Civico 49,https://www.hotelsdrop.com/hotel/b-b-al-civico-49-campobasso,+39 334 166 6094
centralcampobasso@gmail.com,Central Campobasso,https://www.hotelsdrop.com/hotel/central-campobasso-campobasso,+39 371 488 9934
info@residencevazzieri.com,Residence Vazzieri,https://www.hotelsdrop.com/hotel/residence-vazzieri-campobasso,+39 328 473 7384
villadelsolein@gmail.com,Villa Del Sole Inn B&B Residence,https://www.hotelsdrop.com/hotel/villa-del-sole-inn-b-b-residence-campobasso,+39 339 436 6926
info@bagliolauria.com,Agriturismo Baglio Làuria,https://www.hotelsdrop.com/hotel/agriturismo-baglio-lauria-campobello-di-licata,330 362 766
reservation@mandranova.com,Azienda Agricola Mandranova,https://www.hotelsdrop.com/hotel/azienda-agricola-mandranova-campobello-di-licata,+39 393 986 2169
info@allogio.com,Baglio Eldama,https://www.hotelsdrop.com/hotel/baglio-eldama-campobello-di-mazara,+39 327 282 8007
info@windresort.it,Wind Resort,https://www.hotelsdrop.com/hotel/wind-resort-campobello-di-mazara,+39 331 811 7302
support@centralstay.eu,Il Palazzetto dei Briganti,https://www.hotelsdrop.com/hotel/il-palazzetto-dei-briganti-campochiaro,+39 347 520 1520
info@your-site.com,VittoNico,https://www.hotelsdrop.com/hotel/vittonico-campochiaro,+39 388 115 4351
info@ilviaggiatore.cloud,Il Viaggiatore B&B,https://www.hotelsdrop.com/hotel/il-viaggiatore-b-b-campodarsego,+39 338 231 0738
info@villadaponte.it,Villa Da Ponte,https://www.hotelsdrop.com/hotel/villa-da-ponte-campodarsego,+39 349 426 0853
stefaniapezzi6@gmail.com,"Agritur Agrihouse - Val di Non, Trentino",https://www.hotelsdrop.com/hotel/agritur-agrihouse-val-di-non-trentino-campodenno,+39 347 465 1558
info@agriturcasamela.it,Agritur Casamela,https://www.hotelsdrop.com/hotel/agritur-casamela-campodenno,+39 348 374 6934
info@agriturlapieve.it,Agritur La Pieve,https://www.hotelsdrop.com/hotel/agritur-la-pieve-campodenno,+39 331 907 6027
info@agriturpiccolofiore.it,Agritur Piccolo Fiore,https://www.hotelsdrop.com/hotel/agritur-piccolo-fiore-campodenno,+39 348 035 5400
info@failecoccole.it,B&B Fai le Coccole,https://www.hotelsdrop.com/hotel/b-b-fai-le-coccole-campodenno,+39 351 307 4539
info@pradalares.com,B&B Pra da Lares,https://www.hotelsdrop.com/hotel/b-b-pra-da-lares-campodenno,+39 335 173 2948
bebvivilattimo@gmail.com,B&B Vivi l'Attimo,https://www.hotelsdrop.com/hotel/b-b-vivi-l-attimo-campodenno,+39 320 722 1392
info@chaletovel.it,Chalet Tovel - Mountain Lake,https://www.hotelsdrop.com/hotel/chalet-tovel-mountain-lake-campodenno,+39 348 062 7003
posta@hotelrifugiosores.it,Hotel Rifugio Sores,https://www.hotelsdrop.com/hotel/hotel-rifugio-sores-campodenno,+39 329 692 7869
yourclaudio@tiscali.it,B&B CITY,https://www.hotelsdrop.com/hotel/b-b-city-campodimele,+39 393 174 1074
info@camereprimavera.it,BedAndBreakfast Camere Primavera,https://www.hotelsdrop.com/hotel/bedandbreakfast-camere-primavera-campodimele,+39 377 957 3667
info@ostellossigeno.it,Ostello Ossigeno,https://www.hotelsdrop.com/hotel/ostello-ossigeno-campodimele,+39 320 450 8786
info@agriterraesapori.it,Agriturismo Terra e Sapori,https://www.hotelsdrop.com/hotel/agriturismo-terra-e-sapori-campodipietra,+39 339 413 7197
hostelsanmercurio@gmail.com,Hostel San Mercurio,https://www.hotelsdrop.com/hotel/hostel-san-mercurio-campodipietra,+39 320 303 6492
info@bbvalchiavenna.it,AFFITTACAMERE VALCHIAVENNA,https://www.hotelsdrop.com/hotel/affittacamere-valchiavenna-campodolcino,+39 349 878 9625
casaalpinasanluigi@gmail.com,Casa Alpina San Luigi,https://www.hotelsdrop.com/hotel/casa-alpina-san-luigi-campodolcino,+39 340 982 9148
prenotazioni@madeturismo.it,San Luigi Rooms & Apartments,https://www.hotelsdrop.com/hotel/san-luigi-rooms-apartments-campodolcino,+39 329 708 6485
info@elcriveo.it,B&B El Criveo,https://www.hotelsdrop.com/hotel/b-b-el-criveo-campodoro,+39 328 575 1014
irene.forestan80@gmail.com,Laghetto Ca' Brusà,https://www.hotelsdrop.com/hotel/laghetto-ca-brusa-campodoro,+39 380 121 4422
marelunavillageofficial@gmail.com,MareLuna Village,https://www.hotelsdrop.com/hotel/mareluna-village-campofelice-di-roccella,+39 379 167 8166
agriturismo@mareincampagna.it,B&B Villa Eugenia,https://www.hotelsdrop.com/hotel/b-b-villa-eugenia-campofilone,+39 347 534 9855
info@gaeleoncampofilone.it,GaeLeon B&B Campofilone,https://www.hotelsdrop.com/hotel/gaeleon-b-b-campofilone-campofilone,+39 338 359 3111
hotelcormorano@gmail.com,Hotel Cormorano,https://www.hotelsdrop.com/hotel/hotel-cormorano-campofilone,+39 380 180 4767
info@leresidenzedegliulivi.com,Le Residenze degli Ulivi,https://www.hotelsdrop.com/hotel/le-residenze-degli-ulivi-campofilone,+39 375 913 7913
chiosicountryclub@gmail.com,Chiosi Country Club (Turismo rurale),https://www.hotelsdrop.com/hotel/chiosi-country-club-turismo-rurale-campofiorito,+39 327 582 4026
%20info@dongiovannihotel.it,Don Giovanni Hotel,https://www.hotelsdrop.com/hotel/don-giovanni-hotel-campofiorito,+39 333 125 2608
info@ilbevaiodicorleone.it,Il Bevaio di Corleone,https://www.hotelsdrop.com/hotel/il-bevaio-di-corleone-campofiorito,+39 333 427 8623
linozp@gmail.com,"Bed & Breakfast ""Al Teatro""",https://www.hotelsdrop.com/hotel/bed-breakfast-al-teatro-campoformido,+39 353 482 5012
booking@villarahal.com,Villa Rahal,https://www.hotelsdrop.com/hotel/villa-rahal-campofranco,+39 320 486 5868
info@bebreggioemilia.com,B&B Dei Paduli,https://www.hotelsdrop.com/hotel/b-b-dei-paduli-campogalliano,+39 347 387 8035
info@bnbdelborgo.it,IL Borgo CAMERE,https://www.hotelsdrop.com/hotel/il-borgo-camere-campogalliano,+39 377 089 6344
grottinogc@libero.it,"Il Grottino (Fragneto Monforte) - Ristorante, Pizzeria, Hotel",https://www.hotelsdrop.com/hotel/il-grottino-fragneto-monforte-ristorante-pizzeri-campolattaro,+39 340 458 1241
lacartolinadelsannio@gmail.com,La Cartolina del Sannio,https://www.hotelsdrop.com/hotel/la-cartolina-del-sannio-campolattaro,+39 339 651 4582
contact@globostay.com,La Magnolia sul Lago,https://www.hotelsdrop.com/hotel/la-magnolia-sul-lago-campolattaro,+39 329 148 9230
info@casataty.it,Bed and Breakfast Casa Taty CIN: IT027012B4E3USENQO,https://www.hotelsdrop.com/hotel/bed-and-breakfast-casa-taty-cin-it027012b4e3usen-campolongo-maggiore,+39 349 257 5464
info@albadido.it,Albadido B&B,https://www.hotelsdrop.com/hotel/albadido-b-b-campomarino,+39 348 331 1904
info@oceanorooms.it,B&B Oceano Rooms,https://www.hotelsdrop.com/hotel/b-b-oceano-rooms-campomarino,+39 346 182 4818
gallos.city.rooms@gmail.com,Gallo's City Rooms,https://www.hotelsdrop.com/hotel/gallo-s-city-rooms-campomarino,+39 347 428 1025
info@la-casa-del-nonno.com,La Casa del Nonno,https://www.hotelsdrop.com/hotel/la-casa-del-nonno-campomarino,+39 347 715 4717
info@residence-nettuno.com,Residence Nettuno,https://www.hotelsdrop.com/hotel/residence-nettuno-campomarino,+39 320 067 0245
teodoradi@tiscali.it,Viola di Mare rooms e parking affittacamere,https://www.hotelsdrop.com/hotel/viola-di-mare-rooms-e-parking-affittacamere-campomarino,+39 347 584 1228
info@lacasadiada.com,B&B La Casa di Ada,https://www.hotelsdrop.com/hotel/b-b-la-casa-di-ada-campomorone,+39 333 645 1555
info@agriturismosanbasilio.it,Agriturismo San Basilio,https://www.hotelsdrop.com/hotel/agriturismo-san-basilio-campora,+39 329 914 4701
info@sangiorgioagriturismo.it,Agriturismo San Giorgio,https://www.hotelsdrop.com/hotel/agriturismo-san-giorgio-campora,+39 339 743 0136
support@centralstay.eu,APRILE Bed and Breakfast,https://www.hotelsdrop.com/hotel/aprile-bed-and-breakfast-campora,+39 328 404 0362
605a7baede844d278b89dc95ae0a9123@sentry-next.wixpress.com,Domus Letizia,https://www.hotelsdrop.com/hotel/domus-letizia-campora,+39 334 781 0255
info@lequercefarmhouse.it,Le Querce Farmhouse,https://www.hotelsdrop.com/hotel/le-querce-farmhouse-campora,+39 344 465 5433
info@sirignanowineresort.it,Agriturismo Sirignano Wine Resort,https://www.hotelsdrop.com/hotel/agriturismo-sirignano-wine-resort-camporeale,+39 347 978 2640
bebcasaazul@gmail.com,B&B Casa Azul,https://www.hotelsdrop.com/hotel/b-b-casa-azul-camporeale,+39 327 131 2954
info@borgobiaia.it,AGRITURISMO BORGO BIAIA,https://www.hotelsdrop.com/hotel/agriturismo-borgo-biaia-camporgiano,+39 334 678 8207
info@calabricchia.it,Agriturismo Calabricchia,https://www.hotelsdrop.com/hotel/agriturismo-calabricchia-camporgiano,+39 328 004 9459
%20jane.smith@domain.com,Agriturismo Il Corniolo,https://www.hotelsdrop.com/hotel/agriturismo-il-corniolo-camporgiano,+39 335 721 4428
info@lagrottadellafaina.it,Agriturismo La Grotta Della Faina,https://www.hotelsdrop.com/hotel/agriturismo-la-grotta-della-faina-camporgiano,+39 345 235 1154
agriturismopolla@gmail.com,Agriturismo Polla Piscina Ristorante Azienda Vinicola,https://www.hotelsdrop.com/hotel/agriturismo-polla-piscina-ristorante-azienda-vin-camporgiano,+39 338 759 4043
support@centralstay.eu,B&B IL Vecchio Convento,https://www.hotelsdrop.com/hotel/b-b-il-vecchio-convento-camporgiano,+39 327 024 5891
info@albergopanoramico.it,Hotel Ristorante Panoramico,https://www.hotelsdrop.com/hotel/hotel-ristorante-panoramico-camporgiano,+39 320 311 8664
info@lalunasulbosco.it,La Luna Sul Bosco Bubble Rooms,https://www.hotelsdrop.com/hotel/la-luna-sul-bosco-bubble-rooms-camporgiano,+39 334 678 8207
info@laroccadicamporgiano.it,La Rocca di Camporgiano - Maison Du Charme,https://www.hotelsdrop.com/hotel/la-rocca-di-camporgiano-maison-du-charme-camporgiano,+39 347 227 0512
info@ranconelodges.com,Rancone Lodges,https://www.hotelsdrop.com/hotel/rancone-lodges-camporgiano,+39 333 337 6377
marisacamporosso@gmail.com,Casa Marisa,https://www.hotelsdrop.com/hotel/casa-marisa-camporosso,+39 333 464 8730
info@olmodicasigliano.it,Agriturismo L'Olmo di Casigliano,https://www.hotelsdrop.com/hotel/agriturismo-l-olmo-di-casigliano-camporotondo-di-fiastrone,+39 335 130 7246
lucaematilde@alrespironelbosco.it,"Al Respiro nel Bosco, Agriturismo e Azienda Agricola biologica",https://www.hotelsdrop.com/hotel/al-respiro-nel-bosco-agriturismo-e-azienda-agric-camporotondo-di-fiastrone,+39 339 635 6896
info@bbvillasabrina.com,Villa Sabrina Country House,https://www.hotelsdrop.com/hotel/villa-sabrina-country-house-camporotondo-di-fiastrone,+39 339 582 4448
info@bbsanmartino.it,B&B SAN MARTINO,https://www.hotelsdrop.com/hotel/b-b-san-martino-camporotondo-etneo,+39 393 992 2891
terrazzadelletna@gmail.com,B&B Terrazza dell'Etna,https://www.hotelsdrop.com/hotel/b-b-terrazza-dell-etna-camporotondo-etneo,+39 388 846 1903
masagado@gmail.com,B&B Valle Allegra,https://www.hotelsdrop.com/hotel/b-b-valle-allegra-camporotondo-etneo,+39 349 392 4322
mariadebora@hotmail.it,Debora Holiday House,https://www.hotelsdrop.com/hotel/debora-holiday-house-camporotondo-etneo,+39 392 905 1583
etnabotanicgarden@gmail.com,Etna Botanic Garden,https://www.hotelsdrop.com/hotel/etna-botanic-garden-camporotondo-etneo,337 955 493
ericagiargeri@gmail.com,Giargeri Home,https://www.hotelsdrop.com/hotel/giargeri-home-camporotondo-etneo,+39 347 359 7649
kalinkasicilia@gmail.com,La terrazza sull'Etna Affitto breve,https://www.hotelsdrop.com/hotel/la-terrazza-sull-etna-affitto-breve-camporotondo-etneo,+39 338 221 5050
info@mottapalace.com,Motta Palace Apartments & Rooms,https://www.hotelsdrop.com/hotel/motta-palace-apartments-rooms-camporotondo-etneo,+39 340 645 8874
mottaresidence@yahoo.it,Motta Residence Hotel,https://www.hotelsdrop.com/hotel/motta-residence-hotel-camporotondo-etneo,+39 375 528 1770
i9filari@gmail.com,Agriturismo I 9 Filari,https://www.hotelsdrop.com/hotel/agriturismo-i-9-filari-camposampiero,+39 379 280 1504
sottolemuracittadella@gmail.com,B&B Sotto le Mura,https://www.hotelsdrop.com/hotel/b-b-sotto-le-mura-camposampiero,+39 379 214 1115
caboin@libero.it,Ca' Boin Bed & Breakfast,https://www.hotelsdrop.com/hotel/ca-boin-bed-breakfast-camposampiero,+39 338 230 1653
monreve.mm@gmail.com,B&B Mon Rêve - Camposano (Na),https://www.hotelsdrop.com/hotel/b-b-mon-reve-camposano-na-camposano,+39 392 002 3641
trizzinop@gmail.com,B&B I Pioppi Cipressini,https://www.hotelsdrop.com/hotel/b-b-i-pioppi-cipressini-camposanto,+39 339 803 4936
info@fanesia.it,Fanesia Coliving,https://www.hotelsdrop.com/hotel/fanesia-coliving-campotosto,+39 351 326 4612
info@lafontana-bb.it,La Fontana,https://www.hotelsdrop.com/hotel/la-fontana-campotosto,+39 340 588 9358
info@anticomulino-bnb.it,B&B Antico Mulino,https://www.hotelsdrop.com/hotel/b-b-antico-mulino-camugnano,+39 338 540 5716
picchiobb@gmail.com,B&B Picchio,https://www.hotelsdrop.com/hotel/b-b-picchio-camugnano,+39 349 316 0932
borgoguerzano77@gmail.com,BorgoGuerzano77,https://www.hotelsdrop.com/hotel/borgoguerzano77-camugnano,+39 346 894 0621
info@duelaghihotel.it,Hotel Due Laghi,https://www.hotelsdrop.com/hotel/hotel-due-laghi-camugnano,+39 351 489 0768
nomad.stay20@gmail.com,Nomad Stay,https://www.hotelsdrop.com/hotel/nomad-stay-camugnano,+39 389 135 6182
info@transilvaniahotel.it,Transilvania Rockstar Hotel,https://www.hotelsdrop.com/hotel/transilvania-rockstar-hotel-camugnano,+39 351 469 3668
info@albergoserenella.net,Albergo Serenella,https://www.hotelsdrop.com/hotel/albergo-serenella-canal-san-bovo,+39 320 414 7863
info@valmaschi.it,B&B Val Maschi,https://www.hotelsdrop.com/hotel/b-b-val-maschi-canal-san-bovo,+39 348 279 5621
casamaria.mo@gmail.com,CASA MARIA Bed & Breakfast,https://www.hotelsdrop.com/hotel/casa-maria-bed-breakfast-canal-san-bovo,+39 348 302 1341
info@edelweissalp.it,Edelweiss Alp Rooms,https://www.hotelsdrop.com/hotel/edelweiss-alp-rooms-canal-san-bovo,+39 347 221 4736
info@agrimagi.it,Agriturismo dei Magi,https://www.hotelsdrop.com/hotel/agriturismo-dei-magi-canale,+39 339 841 6028
info@cantinafrancogiacinto.it,Cantina Franco Giacinto e Agriturismo Cà Colomba,https://www.hotelsdrop.com/hotel/cantina-franco-giacinto-e-agriturismo-ca-colomba-canale,+39 349 128 1880
info@hotelmarianna.com,Hotel Marianna,https://www.hotelsdrop.com/hotel/hotel-marianna-canale-d-agordo,+39 329 616 0744
info@casalesasso.com,Agriturismo Casale Sasso,https://www.hotelsdrop.com/hotel/agriturismo-casale-sasso-canale-monterano,+39 348 284 9809
info@voltarina.com,Agriturismo Voltarina,https://www.hotelsdrop.com/hotel/agriturismo-voltarina-canale-monterano,+39 349 307 0603
info@casacoco.it,Casacocò,https://www.hotelsdrop.com/hotel/casacoco-canale-monterano,+39 338 775 9197
alamanna@hotmail.com,La Corte dei Signoretti,https://www.hotelsdrop.com/hotel/la-corte-dei-signoretti-canale-monterano,+39 331 235 5556
infolatorretta@gmail.com,La Torretta,https://www.hotelsdrop.com/hotel/la-torretta-canale-monterano,+39 320 499 1517
info@alsaracenoferrara.com,Al Saraceno - Antica Dimora,https://www.hotelsdrop.com/hotel/al-saraceno-antica-dimora-canaro,+39 353 432 8973
info.dimora800@gmail.com,Dimora della Ghiara,https://www.hotelsdrop.com/hotel/dimora-della-ghiara-canaro,+39 351 343 2758
arizona.motel63@gmail.com,Arizona Motel,https://www.hotelsdrop.com/hotel/arizona-motel-cancello-ed-arnone,+39 331 400 7319
info@albergoristorantepalladio.it,Albergo Palladio,https://www.hotelsdrop.com/hotel/albergo-palladio-canda,+39 347 388 4002
info@anticamasseriailcasone.it,Antica masseria “Il Casone” - Candela,https://www.hotelsdrop.com/hotel/antica-masseria-il-casone-candela-candela,+39 393 421 9616
lacasinadeliceto@libero.it,La Casina Residenza rurale 1865,https://www.hotelsdrop.com/hotel/la-casina-residenza-rurale-1865-candela,+39 349 564 6694
info@orecchietta.it,RistoMuseo l'Orecchietta B&b da Ercole all'Orecchietta,https://www.hotelsdrop.com/hotel/ristomuseo-l-orecchietta-b-b-da-ercole-all-orecc-candela,+39 327 012 0546
bb.borgobiella@gmail.com,BB • Borgo Biella - Candelo,https://www.hotelsdrop.com/hotel/bb-borgo-biella-candelo-candelo,+39 328 588 6239
bb.borgobiella@gmail.com,BB • Borgo Biella Bis - Soggiorni turistici,https://www.hotelsdrop.com/hotel/bb-borgo-biella-bis-soggiorni-turistici-candelo,+39 328 588 6239
bb.borgobiella@gmail.com,BB • Borgo Biella Tree,https://www.hotelsdrop.com/hotel/bb-borgo-biella-tree-candelo,+39 328 588 6239
corrado_bocca@hotmail.com,La terrazza sul Ricetto GuestHouse,https://www.hotelsdrop.com/hotel/la-terrazza-sul-ricetto-guesthouse-candelo,+39 393 936 6216
info@atenedelcanavese.it,Atene del Canavese,https://www.hotelsdrop.com/hotel/atene-del-canavese-candia-canavese,+39 349 550 7561
info@lacasagialladiluca.it,B&B Lacasagialladiluca di Fabio Comazzi,https://www.hotelsdrop.com/hotel/b-b-lacasagialladiluca-di-fabio-comazzi-candia-canavese,+39 339 646 9878
support@centralstay.eu,Stanze Don Gesualdo Alloggio Turistico,https://www.hotelsdrop.com/hotel/stanze-don-gesualdo-alloggio-turistico-candida,+39 340 152 7737
cascinagai@libero.it,Agriturismo Cascina Gai,https://www.hotelsdrop.com/hotel/agriturismo-cascina-gai-candiolo,+39 347 550 7175
agriturismo@cascinagorgia.it,Agriturismo Cascina Gorgia,https://www.hotelsdrop.com/hotel/agriturismo-cascina-gorgia-candiolo,+39 339 590 9665
info@lacortecandiolo.com,B&B La Corte,https://www.hotelsdrop.com/hotel/b-b-la-corte-candiolo,+39 351 101 7993
support@centralstay.eu,B&B Ca 'nsel Bric,https://www.hotelsdrop.com/hotel/b-b-ca-nsel-bric-canelli,+39 392 910 9675
info@camerecentrostorico.it,Camere Centro Storico,https://www.hotelsdrop.com/hotel/camere-centro-storico-canelli,+39 331 967 4991
mail@allombradellatorre.info,B&B All’Ombra della Torre,https://www.hotelsdrop.com/hotel/b-b-all-ombra-della-torre-canepina,+39 339 304 6566
dolceposada@gmail.com,B&B DolcePosada -Vittorio Veneto - Via Sant'Andrea 25,https://www.hotelsdrop.com/hotel/b-b-dolceposada-vittorio-veneto-via-sant-andrea-caneva,+39 348 935 4533
info@tenutamalvolti.it,Tenuta Malvolti - Al Vecchio Convento,https://www.hotelsdrop.com/hotel/tenuta-malvolti-al-vecchio-convento-caneva,+39 328 219 6406
info@agrimilo.it,Agrimilo,https://www.hotelsdrop.com/hotel/agrimilo-canicattini-bagni,+39 320 098 0424
agriturismostallaini@hotmail.it,Agriturismo Stallaini,https://www.hotelsdrop.com/hotel/agriturismo-stallaini-canicattini-bagni,+39 334 989 8688
mundusterrae@gmail.com,Mundus Terrae Country House,https://www.hotelsdrop.com/hotel/mundus-terrae-country-house-canicattini-bagni,+39 342 801 6110
info@tramontoibleoresort.com,Tramonto Ibleo Resort,https://www.hotelsdrop.com/hotel/tramonto-ibleo-resort-canicattini-bagni,+39 388 624 0627
info@alqattabb.it,Al Qatta B&B,https://www.hotelsdrop.com/hotel/al-qatta-b-b-canicatt,+39 320 444 8848
info@areasudcanicatti.com,Area Sud Affittacamere,https://www.hotelsdrop.com/hotel/area-sud-affittacamere-canicatt,+39 392 786 0106
info@letreperle.it,B&B Le Tre Perle,https://www.hotelsdrop.com/hotel/b-b-le-tre-perle-canicatt,+39 389 059 5786
support@centralstay.eu,B&B QUATTRO TESORI,https://www.hotelsdrop.com/hotel/b-b-quattro-tesori-canicatt,+39 334 191 8999
bebvittorioemanuele155c@gmail.com,B&B Vittorio Emanuele,https://www.hotelsdrop.com/hotel/b-b-vittorio-emanuele-canicatt,+39 331 461 9455
info@terredimusignano.com,Agriturismo Terre di Musignano,https://www.hotelsdrop.com/hotel/agriturismo-terre-di-musignano-canino,+39 347 371 6243
info@fontevulci.it,Resort Fonte Vulci / Agriturismo,https://www.hotelsdrop.com/hotel/resort-fonte-vulci-agriturismo-canino,+39 338 154 7636
info@bbnovasiri.it,B&B Nova Siri,https://www.hotelsdrop.com/hotel/b-b-nova-siri-canna,+39 339 523 6243
info@hotelvillacirigliano.it,Hotel Villa Cirigliano,https://www.hotelsdrop.com/hotel/hotel-villa-cirigliano-canna,+39 377 370 8921
info@ilgigliorotondella.com,Il Giglio Casa Albergo,https://www.hotelsdrop.com/hotel/il-giglio-casa-albergo-canna,+39 347 422 7690
askiaroom2019@gmail.com,Askia Rooms & Breakfast,https://www.hotelsdrop.com/hotel/askia-rooms-breakfast-cannalonga,+39 333 660 6117
info@palazzoresilente.com,Palazzo Resilente,https://www.hotelsdrop.com/hotel/palazzo-resilente-cannalonga,+39 329 288 1337
info@incantodellanatura.com,AGRITURISMO INCANTO DELLA NATURA,https://www.hotelsdrop.com/hotel/agriturismo-incanto-della-natura-cannara,+39 333 690 9354
info@bedandbreakfastassisi.it,b & b antica dimora delle acque,https://www.hotelsdrop.com/hotel/b-b-antica-dimora-delle-acque-cannara,+39 338 633 2663
lacasadeitiglibb@gmail.com,B&B La Casa dei Tigli Cannara,https://www.hotelsdrop.com/hotel/b-b-la-casa-dei-tigli-cannara-cannara,+39 334 781 8395
ciancaleonivacanze@libero.it,Bed and Breakfast Ciancaleoni,https://www.hotelsdrop.com/hotel/bed-and-breakfast-ciancaleoni-cannara,+39 339 679 9334
info@palazzodellesignorine.it,Palazzo delle Signorine,https://www.hotelsdrop.com/hotel/palazzo-delle-signorine-cannara,+39 338 775 3959
info@rf-lakevibes.com,Franziska's Place,https://www.hotelsdrop.com/hotel/franziska-s-place-cannero-riviera,+39 345 151 7413
info@rf-lakevibes.com,Villa Angelina - Lake View Dreams,https://www.hotelsdrop.com/hotel/villa-angelina-lake-view-dreams-cannero-riviera,+39 345 151 7413
info@villa-morissolina.it,Villa Morissolina Bed & Breakfast Ristorante,https://www.hotelsdrop.com/hotel/villa-morissolina-bed-breakfast-ristorante-cannero-riviera,+39 334 798 5200
dimoraearte@hotmail.it,Dimora e Arte - Bed and Breakfast,https://www.hotelsdrop.com/hotel/dimora-e-arte-bed-and-breakfast-canneto-sull-oglio,+39 333 421 8896
info@anticoborgocannobio.it,Antico Borgo B&B Cannobio,https://www.hotelsdrop.com/hotel/antico-borgo-b-b-cannobio-cannobio,+39 333 139 2751
info@azaleacannobio.it,B&B a Cannobio: Azalea,https://www.hotelsdrop.com/hotel/b-b-a-cannobio-azalea-cannobio,+39 329 965 0400
baerbel1@libero.it,B&B Casa Edenrock,https://www.hotelsdrop.com/hotel/b-b-casa-edenrock-cannobio,+39 338 683 7178
info@bnblagomaggiore.com,B&B Lagomaggiore,https://www.hotelsdrop.com/hotel/b-b-lagomaggiore-cannobio,+39 347 949 3871
info@locandadeipini.eu,Bed & Breakfast Villa dei Pini,https://www.hotelsdrop.com/hotel/bed-breakfast-villa-dei-pini-cannobio,+39 347 359 2049
info@cameison.it,Ca Meison B&B Cannobio,https://www.hotelsdrop.com/hotel/ca-meison-b-b-cannobio-cannobio,+39 331 887 4346
lucazaccagni@libero.it,eden,https://www.hotelsdrop.com/hotel/eden-cannobio,+39 333 685 7878
info@hotelcasaarizzoli.com,Hotel Casa Arizzoli,https://www.hotelsdrop.com/hotel/hotel-casa-arizzoli-cannobio,+39 339 658 4594
info@cuserina.it,Residenza Cascina nel Bosco,https://www.hotelsdrop.com/hotel/residenza-cascina-nel-bosco-cannobio,+39 334 284 8655
info@rivalago.eu,Rivalago Lounge Bar and B&B,https://www.hotelsdrop.com/hotel/rivalago-lounge-bar-and-b-b-cannobio,+39 353 456 9269
info@villacuserina.it,Villa Cuserina,https://www.hotelsdrop.com/hotel/villa-cuserina-cannobio,+39 371 617 6395
info@bel-ami.it,Belami - Hotel Ristorante Cantina,https://www.hotelsdrop.com/hotel/belami-hotel-ristorante-cantina-cannole,+39 327 146 1522
info@cortedeifrancesi.it,Hotel Corte dei Francesi,https://www.hotelsdrop.com/hotel/hotel-corte-dei-francesi-cannole,+39 328 734 7465
contact@globostay.com,La Stella Di Keplero,https://www.hotelsdrop.com/hotel/la-stella-di-keplero-cannole,+39 328 747 0474
bedandbreakfastmirna@gmail.com,B&B Mirna,https://www.hotelsdrop.com/hotel/b-b-mirna-canonica-d-adda,+39 347 771 0711
roomslaperladelmare@gmail.com,Affittacamere La Perla del Mare,https://www.hotelsdrop.com/hotel/affittacamere-la-perla-del-mare-canosa-di-puglia,+39 350 063 3805
ladeabusa@gmail.com,La Dea Busa,https://www.hotelsdrop.com/hotel/la-dea-busa-canosa-di-puglia,+39 392 686 1984
info@lunaledimore.com,Lunà - Le Dimore -,https://www.hotelsdrop.com/hotel/luna-le-dimore-canosa-di-puglia,+39 366 821 9691
contact@globostay.com,Palazzo Rossi suite,https://www.hotelsdrop.com/hotel/palazzo-rossi-suite-canosa-di-puglia,+39 392 747 2574
%20bbsottosopra@gmail.com,SOTTOSOPRA,https://www.hotelsdrop.com/hotel/sottosopra-canosa-di-puglia,+39 329 326 1681
info@tenutasanfrancesco.it,Tenuta San Francesco,https://www.hotelsdrop.com/hotel/tenuta-san-francesco-canosa-di-puglia,+39 347 873 7107
prenota@lacasadelpalombaro.it,B&B La Casa Del Palombaro,https://www.hotelsdrop.com/hotel/b-b-la-casa-del-palombaro-canosa-sannita,+39 339 189 0881
info@lafinestrasuitetti.it,B&B La Finestra Sui Tetti,https://www.hotelsdrop.com/hotel/b-b-la-finestra-sui-tetti-canosa-sannita,+39 329 869 3440
info@campingtorremucchia.it,Campeggio Torre Mucchia,https://www.hotelsdrop.com/hotel/campeggio-torre-mucchia-canosa-sannita,+39 391 398 5800
casale905@gmail.com,Casale905,https://www.hotelsdrop.com/hotel/casale905-canosa-sannita,+39 331 282 9610
info@ceaglio-vallemaira.it,Albergo diffuso Ceaglio,https://www.hotelsdrop.com/hotel/albergo-diffuso-ceaglio-canosio,+39 347 783 9466
info@dimidiumbnb.it,Dimidium B&B in Emilia,https://www.hotelsdrop.com/hotel/dimidium-b-b-in-emilia-canossa,+39 333 818 9961
contatto@esempio.it,Hotel Natros,https://www.hotelsdrop.com/hotel/hotel-natros-cansano,+39 328 850 8286
cademagnani@libero.it,Agriturismo Ca' De' Magnani,https://www.hotelsdrop.com/hotel/agriturismo-ca-de-magnani-cantagallo,+39 331 754 4203
info@agrifabio.com,Agriturismo il Ponticello,https://www.hotelsdrop.com/hotel/agriturismo-il-ponticello-cantagallo,+39 333 464 2997
info@rifugiolecave.it,Rifugio le Cave,https://www.hotelsdrop.com/hotel/rifugio-le-cave-cantagallo,+39 338 617 2364
info@rifugioluigipacini.it,Rifugio Pacini - Pian della Rasa,https://www.hotelsdrop.com/hotel/rifugio-pacini-pian-della-rasa-cantagallo,+39 339 819 6922
605a7baede844d278b89dc95ae0a9123@sentry-next.wixpress.com,B&B Il Casale dei Nonni,https://www.hotelsdrop.com/hotel/b-b-il-casale-dei-nonni-cantalice,+39 340 520 4142
info@stellapolarerieti.it,B&B Stella Polare,https://www.hotelsdrop.com/hotel/b-b-stella-polare-cantalice,+39 338 662 1120
casavacanzesangiacomo@gmail.com,Casa Vacanze San Giacomo,https://www.hotelsdrop.com/hotel/casa-vacanze-san-giacomo-cantalice,+39 339 564 5493
bblaciuenda@gmail.com,B&b La Ciuenda,https://www.hotelsdrop.com/hotel/b-b-la-ciuenda-cantalupa,+39 338 297 1763
ilviandanteinsabina@gmail.com,La Casa del Viandante | Guest House in Sabina,https://www.hotelsdrop.com/hotel/la-casa-del-viandante-guest-house-in-sabina-cantalupo-in-sabina,+39 327 902 7107
lavalledeltevere.bb@gmail.com,La Valle del Tevere,https://www.hotelsdrop.com/hotel/la-valle-del-tevere-cantalupo-in-sabina,+39 328 878 4302
resort.sabino@gmail.com,Resort Sabino,https://www.hotelsdrop.com/hotel/resort-sabino-cantalupo-in-sabina,+39 388 387 0802
info@saint-hubert.it,Azienda Agricola Saint Hubert,https://www.hotelsdrop.com/hotel/azienda-agricola-saint-hubert-cantalupo-ligure,+39 351 657 2730
605a7baede844d278b89dc95ae0a9123@sentry-next.wixpress.com,B&B I Mulini,https://www.hotelsdrop.com/hotel/b-b-i-mulini-cantalupo-nel-sannio,+39 335 706 9171
lecanonichenelmatese@virgilio.it,Le Canoniche nel Matese,https://www.hotelsdrop.com/hotel/le-canoniche-nel-matese-cantalupo-nel-sannio,+39 328 756 0444
info@villabordone.it,Agriturismo Villa Bordone,https://www.hotelsdrop.com/hotel/agriturismo-villa-bordone-cantarana,+39 391 101 8269
info@bblocandadeitigli.com,B&B Locanda dei Tigli,https://www.hotelsdrop.com/hotel/b-b-locanda-dei-tigli-cantarana,+39 328 973 6992
info@cadcarlot.it,Cà 'd Carlot,https://www.hotelsdrop.com/hotel/ca-d-carlot-cantarana,+39 348 898 7990
info@ilmartinetto.it,Il Martinetto,https://www.hotelsdrop.com/hotel/il-martinetto-cantarana,+39 351 561 6532
maisoncavanna@gmail.com,Villa San Giovanni,https://www.hotelsdrop.com/hotel/villa-san-giovanni-cantarana,+39 351 712 8107
infoborgonelbosco@gmail.com,Agriturismo Il Borgo nel Bosco,https://www.hotelsdrop.com/hotel/agriturismo-il-borgo-nel-bosco-canterano,+39 375 887 7633
auroraagriturismo@gmail.com,Agriturismo Aurora Gubbio Umbria,https://www.hotelsdrop.com/hotel/agriturismo-aurora-gubbio-umbria-cantiano,+39 348 708 2945
info@dimoramorelli.it,B&B Dimora Morelli,https://www.hotelsdrop.com/hotel/b-b-dimora-morelli-cantiano,+39 347 419 5150
castellocortevecchio@gmail.com,Castello Cortevecchio Gubbio Umbria,https://www.hotelsdrop.com/hotel/castello-cortevecchio-gubbio-umbria-cantiano,+39 379 119 3444
info@civico10.it,Civico 10,https://www.hotelsdrop.com/hotel/civico-10-cantiano,+39 333 122 9144
support@centralstay.eu,L'Inferno di Dante Gubbio B&B,https://www.hotelsdrop.com/hotel/l-inferno-di-dante-gubbio-b-b-cantiano,+39 346 102 2944
lastazionedipostacantiano@gmail.com,La Stazione Di Posta,https://www.hotelsdrop.com/hotel/la-stazione-di-posta-cantiano,+39 339 153 9787
info@ostellodelvolo.com,OSTELLO DEL VOLO,https://www.hotelsdrop.com/hotel/ostello-del-volo-cantiano,+39 340 474 9624
605a7baede844d278b89dc95ae0a9123@sentry-next.wixpress.com,B&B Villino Oberto,https://www.hotelsdrop.com/hotel/b-b-villino-oberto-cantoira,+39 347 684 0188
info@ariadicasabb.it,Aria di Casa Country Resort,https://www.hotelsdrop.com/hotel/aria-di-casa-country-resort-cant,+39 339 668 9961
info@anticoulivo.it,B&B Antico Ulivo,https://www.hotelsdrop.com/hotel/b-b-antico-ulivo-cant,+39 327 883 8762
agliantichitrulli@libero.it,b&b in masseria Agli antichi trulli,https://www.hotelsdrop.com/hotel/b-b-in-masseria-agli-antichi-trulli-cant,+39 345 390 1488
lacascata@hotmail.it,B&B LA CASCATA,https://www.hotelsdrop.com/hotel/b-b-la-cascata-cant,+39 320 488 7511
bbsalitadellepere@gmail.com,B&B Salita Delle Pere,https://www.hotelsdrop.com/hotel/b-b-salita-delle-pere-cant,+39 338 644 7198
info@unaperlanelverde.it,B&B Una Perla Nel Verde,https://www.hotelsdrop.com/hotel/b-b-una-perla-nel-verde-cant,+39 345 704 4212
support@centralstay.eu,Dimora Carucci,https://www.hotelsdrop.com/hotel/dimora-carucci-cant,+39 377 378 0387
info@sanlorenzosuites.it,San Lorenzo Suites,https://www.hotelsdrop.com/hotel/san-lorenzo-suites-cant,+39 345 307 3425
info@agrilemacine.it,"Agriturismo Le Macine- Poggio Cono,TE",https://www.hotelsdrop.com/hotel/agriturismo-le-macine-poggio-cono-te-canzano,+39 339 617 9311
annunziatalattanzi99@gmail.com,B&B I Tre Ulivi,https://www.hotelsdrop.com/hotel/b-b-i-tre-ulivi-canzano,+39 388 451 7127
info@bb-villaflora.it,Bed & Breakfast Villa Flora,https://www.hotelsdrop.com/hotel/bed-breakfast-villa-flora-capaccio-paestum,+39 328 702 6938
contact@globostay.com,Domus Hera,https://www.hotelsdrop.com/hotel/domus-hera-capaccio-paestum,+39 320 183 7001
agrialbergo@gmail.com,Agrialbergo Capalbio La Sugherella,https://www.hotelsdrop.com/hotel/agrialbergo-capalbio-la-sugherella-capalbio,+39 388 055 9811
cantimelissa@yahoo.it,Agriturismo Il Quarto,https://www.hotelsdrop.com/hotel/agriturismo-il-quarto-capalbio,+39 339 503 9629
agriturismo.lasiesta2025@gmail.com,Agriturismo La Siesta,https://www.hotelsdrop.com/hotel/agriturismo-la-siesta-capalbio,+39 346 708 0734
walter.rinelli@gmail.com,Agriturismo La Verde Rosa,https://www.hotelsdrop.com/hotel/agriturismo-la-verde-rosa-capalbio,+39 389 052 1294
agriturismo.podere.del.sole@gmail.com,Agriturismo Podere del Sole,https://www.hotelsdrop.com/hotel/agriturismo-podere-del-sole-capalbio,+39 329 038 3741
info@poderelolmaia.it,Agriturismo podere l'Olmaia,https://www.hotelsdrop.com/hotel/agriturismo-podere-l-olmaia-capalbio,+39 347 546 1499
erico@casaleartemisia.it,Casale Artemisia Capalbio,https://www.hotelsdrop.com/hotel/casale-artemisia-capalbio-capalbio,+39 320 477 1800
agrialbergo@gmail.com,Hotel Il Cipresso Capalbio,https://www.hotelsdrop.com/hotel/hotel-il-cipresso-capalbio-capalbio,+39 388 055 9811
info@ortidicapalbio.it,Orti di Capalbio,https://www.hotelsdrop.com/hotel/orti-di-capalbio-capalbio,+39 347 159 3790
info@igirasolidilari.it,Agriturismo Biologico I Girasoli di Lari,https://www.hotelsdrop.com/hotel/agriturismo-biologico-i-girasoli-di-lari-capannoli,+39 375 963 0700
magdalena@toscanizzazione.com,Agriturismo Terra Di Dio Toscanizzazione,https://www.hotelsdrop.com/hotel/agriturismo-terra-di-dio-toscanizzazione-capannoli,+39 333 806 4735
welcome@tuscanytime.it,Farm Resort Tuscany Time,https://www.hotelsdrop.com/hotel/farm-resort-tuscany-time-capannoli,+39 328 103 6314
info@ilcastellodisanruffino.com,Il Castello di San Ruffino,https://www.hotelsdrop.com/hotel/il-castello-di-san-ruffino-capannoli,+39 392 540 0740
info@room-rent.it,Room Rent Morrona,https://www.hotelsdrop.com/hotel/room-rent-morrona-capannoli,+39 334 857 3795
apartments@poggiosanruffino.com,San Ruffino Apartments,https://www.hotelsdrop.com/hotel/san-ruffino-apartments-capannoli,+39 378 305 0596
info@camugliano.com,Villa Casanova,https://www.hotelsdrop.com/hotel/villa-casanova-capannoli,+39 339 871 5803
giardinocameliebnb@gmail.com,B&B Giardino delle Camelie,https://www.hotelsdrop.com/hotel/b-b-giardino-delle-camelie-capannori,+39 338 190 4509
ruzina7676@gmail.com,B&B Toringo Country Home,https://www.hotelsdrop.com/hotel/b-b-toringo-country-home-capannori,+39 347 052 0425
sangennarocastellolucca@gmail.com,San Gennaro Castello,https://www.hotelsdrop.com/hotel/san-gennaro-castello-capannori,+39 342 159 6714
ilsolengo.agriturismo@gmail.com,Agriturismo Il Solengo,https://www.hotelsdrop.com/hotel/agriturismo-il-solengo-capena,+39 328 038 6932
info@vallesiriaca.it,Agriturismo Valle Siriaca,https://www.hotelsdrop.com/hotel/agriturismo-valle-siriaca-capena,+39 393 307 9524
allaquerciabedbreakfast@gmail.com,ALLA QUERCIA - CENTRO STORICO,https://www.hotelsdrop.com/hotel/alla-quercia-centro-storico-capena,+39 331 362 6570
info@alberodelpepe.it,B&B L'Albero del Pepe,https://www.hotelsdrop.com/hotel/b-b-l-albero-del-pepe-capena,+39 342 838 4202
commerciale@hotelstarroma.it,Hotel Star,https://www.hotelsdrop.com/hotel/hotel-star-capena,+39 329 628 5140
hello@lalighieri.it,L'Alighieri B&B,https://www.hotelsdrop.com/hotel/l-alighieri-b-b-capena,+39 333 414 6459
info@lacostapernottamenti.it,Agriturismo La Costa,https://www.hotelsdrop.com/hotel/agriturismo-la-costa-capergnanica,+39 335 830 1544
info.casasenatore@gmail.com,Casa Senatore,https://www.hotelsdrop.com/hotel/casa-senatore-capestrano,+39 349 071 6143
info@agriturismobardari.it,Agriturismo Bardari,https://www.hotelsdrop.com/hotel/agriturismo-bardari-capistrano,+39 338 428 8954
info@stelladoropizzo.it,B&B stella d'oro,https://www.hotelsdrop.com/hotel/b-b-stella-d-oro-capistrano,+39 338 119 3872
info@domuspiedigrotta.it,Domus Piedigrotta,https://www.hotelsdrop.com/hotel/domus-piedigrotta-capistrano,+39 329 986 5636
hoteldellapiazza@gmail.com%20,Hotel della Piazza,https://www.hotelsdrop.com/hotel/hotel-della-piazza-capistrano,+39 375 661 2885
ilcasalinoapts@gmail.com,Il Casalino,https://www.hotelsdrop.com/hotel/il-casalino-capistrano,+39 389 556 4257
info@puertoseguro.it,Puerto Seguro B&B a Pizzo,https://www.hotelsdrop.com/hotel/puerto-seguro-b-b-a-pizzo-capistrano,+39 347 685 0318
support@centralstay.eu,Residenza Vinci,https://www.hotelsdrop.com/hotel/residenza-vinci-capistrano,+39 349 805 8600
casalevirginiasrl@gmail.com,Casale Virginia,https://www.hotelsdrop.com/hotel/casale-virginia-capitignano,+39 392 839 4020
leanzaturismorurale@gmail.com,"Agriturismo Leanza ""La Baita""",https://www.hotelsdrop.com/hotel/agriturismo-leanza-la-baita-capizzi,+39 320 868 7666
wordpress@sanprocopioholiday.it,B&b San Procopio,https://www.hotelsdrop.com/hotel/b-b-san-procopio-capizzi,+39 338 626 0444
info@heartofsicily.it,Heart of Sicily,https://www.hotelsdrop.com/hotel/heart-of-sicily-capizzi,+39 339 210 6375
lacasadeltempocerami@gmail.com,LA CASA DEL TEMPO,https://www.hotelsdrop.com/hotel/la-casa-del-tempo-capizzi,+39 347 185 8109
bebthepalace@gmail.com,"la struttura è immersa nel cuore del centro storico, tra le tante coloratissime botteghe di ceramiche artigianali",https://www.hotelsdrop.com/hotel/la-struttura-e-immersa-nel-cuore-del-centro-stor-capizzi,+39 338 631 6006
info@bbstellamarina.it,B&B Stella Marina,https://www.hotelsdrop.com/hotel/b-b-stella-marina-capo-d-orlando,+39 339 695 3565
info@mydreamcapodorlando.it,My Dream - Bed And Breakfast e Affitta Camere - Capo d'Orlando,https://www.hotelsdrop.com/hotel/my-dream-bed-and-breakfast-e-affitta-camere-capo-capo-d-orlando,+39 347 964 8317
info@qurchiti.com,Qurchiti - Boutique Rooms,https://www.hotelsdrop.com/hotel/qurchiti-boutique-rooms-capo-d-orlando,+39 327 688 3748
info@vuelleresidence.com,Vuelle Residence,https://www.hotelsdrop.com/hotel/vuelle-residence-capo-d-orlando,+39 334 958 3419
info.affittacameremary@gmail.com,Affittacamere Mary,https://www.hotelsdrop.com/hotel/affittacamere-mary-capo-di-ponte,+39 348 761 8949
info@lakohostel.com,LAKO Hostel,https://www.hotelsdrop.com/hotel/lako-hostel-capodimonte,+39 378 301 9312
info@poggiolindo.it,Poggiolindo B&B,https://www.hotelsdrop.com/hotel/poggiolindo-b-b-capodimonte,+39 351 987 0999
danna.benedetto@gmail.com,B&B Benny,https://www.hotelsdrop.com/hotel/b-b-benny-capodrise,+39 340 582 9708
beblecorti@libero.it,B&B Le Corti,https://www.hotelsdrop.com/hotel/b-b-le-corti-capodrise,+39 329 804 3544
contact@globostay.com,B&B Tartaglione,https://www.hotelsdrop.com/hotel/b-b-tartaglione-capodrise,+39 335 719 8494
info@ifioridisalici.it,I Fiori di Salici,https://www.hotelsdrop.com/hotel/i-fiori-di-salici-capoliveri,+39 380 288 1453
info@agripozzo.it,AGRITURISMO Azienda Agricola Il Pozzo,https://www.hotelsdrop.com/hotel/agriturismo-azienda-agricola-il-pozzo-capolona,+39 338 740 1265
orninawine@gmail.com,Agriturismo Borgo Ornina,https://www.hotelsdrop.com/hotel/agriturismo-borgo-ornina-capolona,+39 338 238 1000
info@yourdomain.com,Agriturismo Molinvecchio sul Capraia,https://www.hotelsdrop.com/hotel/agriturismo-molinvecchio-sul-capraia-capolona,+39 347 868 0008
bblavandaerosmarino@gmail.com,B&B Lavanda e Rosmarino,https://www.hotelsdrop.com/hotel/b-b-lavanda-e-rosmarino-capolona,+39 333 238 2335
team@ilvigno.com,Bio Agriturismo Il Vigno,https://www.hotelsdrop.com/hotel/bio-agriturismo-il-vigno-capolona,+39 333 439 1216
info@agriturismoilcasotto.com,Il Casotto,https://www.hotelsdrop.com/hotel/il-casotto-capolona,+39 340 173 2874
federico.hadziefendic@gmail.com,Villa La Ginestra - Casa vacanze / Bed & breakfast,https://www.hotelsdrop.com/hotel/villa-la-ginestra-casa-vacanze-bed-breakfast-capolona,+39 338 355 2000
info@bigatt.com,Bigatt B&B,https://www.hotelsdrop.com/hotel/bigatt-b-b-caponago,+39 333 460 8692
info@camera40.it,Camera 40,https://www.hotelsdrop.com/hotel/camera-40-caponago,+39 333 856 5587
info@grow.green,Grow Green,https://www.hotelsdrop.com/hotel/grow-green-caponago,+39 338 612 4953
iltopaziomelzo@libero.it,Il Topazio B&B,https://www.hotelsdrop.com/hotel/il-topazio-b-b-caponago,+39 393 954 7988
info@anticadimoradeltratturomagno.it,Antica Dimora del Tratturo Magno,https://www.hotelsdrop.com/hotel/antica-dimora-del-tratturo-magno-caporciano,+39 347 484 2453
info@palazzodalessandro.it,Palazzo D'Alessandro Wunderkammer & Suites,https://www.hotelsdrop.com/hotel/palazzo-d-alessandro-wunderkammer-suites-caporciano,+39 335 599 4204
support@centralstay.eu,Al Chiaro di Luna B&B,https://www.hotelsdrop.com/hotel/al-chiaro-di-luna-b-b-caposele,+39 377 699 1846
bbsasindria@gmail.com,Sa Sindria - Cagliari,https://www.hotelsdrop.com/hotel/sa-sindria-cagliari-capoterra,+39 347 274 3738
giorgiasalamon6@gmail.com,Azienda Agrituristica La Giarda,https://www.hotelsdrop.com/hotel/azienda-agrituristica-la-giarda-cappadocia,+39 347 559 8536
guazzonizaccaria@gmail.com,Palazzo Guazzoni Zaccaria,https://www.hotelsdrop.com/hotel/palazzo-guazzoni-zaccaria-cappella-cantone,+39 391 736 5412
605a7baede844d278b89dc95ae0a9123@sentry-next.wixpress.com,Agriturismo Il Bosco,https://www.hotelsdrop.com/hotel/agriturismo-il-bosco-cappella-maggiore,+39 347 311 6774
info@valbare.it,Agriturismo ValBarè,https://www.hotelsdrop.com/hotel/agriturismo-valbare-cappella-maggiore,+39 324 661 3260
info@algiardinodeilaghi.com,B&B Al Giardino dei Laghi,https://www.hotelsdrop.com/hotel/b-b-al-giardino-dei-laghi-cappella-maggiore,+39 339 361 6949
info@sanmartinocolleumberto.it,B&B San Martino Colle Umberto,https://www.hotelsdrop.com/hotel/b-b-san-martino-colle-umberto-cappella-maggiore,+39 351 309 0395
info@cadeagondola.it,Cà Dea Gondola,https://www.hotelsdrop.com/hotel/ca-dea-gondola-cappella-maggiore,+39 347 840 2981
info@alexandershome.it,Alexander’s Home | B&B,https://www.hotelsdrop.com/hotel/alexander-s-home-b-b-cappelle-sul-tavo,+39 351 494 8953
info@bebraffaelloamare.it,B&B Raffaello a Mare,https://www.hotelsdrop.com/hotel/b-b-raffaello-a-mare-cappelle-sul-tavo,+39 392 583 9730
villamariamontesilvano@gmail.com,B&B VILLA MARIA,https://www.hotelsdrop.com/hotel/b-b-villa-maria-cappelle-sul-tavo,335 236 125
info@hotelexcelsiorabruzzo.com,Hotel Excelsior,https://www.hotelsdrop.com/hotel/hotel-excelsior-cappelle-sul-tavo,+39 392 338 5059
sofia.fernandez.dibattista@gmail.com,Le margherite,https://www.hotelsdrop.com/hotel/le-margherite-cappelle-sul-tavo,+39 335 611 7196
%20info@residencemarcopolo.it,Residence Marco Polo,https://www.hotelsdrop.com/hotel/residence-marco-polo-cappelle-sul-tavo,+39 338 265 3519
info@lacamia.com,B&B La Camia,https://www.hotelsdrop.com/hotel/b-b-la-camia-capracotta,+39 320 097 0263
elenaboccalone@gmail.com,B&b Masseria Cerasella,https://www.hotelsdrop.com/hotel/b-b-masseria-cerasella-capracotta,+39 347 628 7760
forconifabrizio@gmail.com,Agriturismo Podere Dell'Anselmo,https://www.hotelsdrop.com/hotel/agriturismo-podere-dell-anselmo-capraia-e-limite,+39 348 339 2575
ecommerce@tenutacantagallo.it,Agriturismo Tenuta Cantagallo,https://www.hotelsdrop.com/hotel/agriturismo-tenuta-cantagallo-capraia-e-limite,+39 327 015 2798
info@lacasadizefiro.it,B&B La Casa di Zefiro,https://www.hotelsdrop.com/hotel/b-b-la-casa-di-zefiro-capraia-e-limite,+39 339 202 0413
info@casaercoli.it,Casa Ercoli - B&B VINCI,https://www.hotelsdrop.com/hotel/casa-ercoli-b-b-vinci-capraia-e-limite,+39 331 955 0775
empolirooms@gmail.com,Empoli Rooms,https://www.hotelsdrop.com/hotel/empoli-rooms-capraia-e-limite,+39 331 168 2664
info@villalamalva.it,Villa la Malva,https://www.hotelsdrop.com/hotel/villa-la-malva-capraia-e-limite,+39 335 832 2984
info@alcasalegiallo.it,Al Casale Giallo B&B,https://www.hotelsdrop.com/hotel/al-casale-giallo-b-b-capranica,+39 335 876 5277
info@bbdeipapi.it,B&B dei Papi Boutique Hotel,https://www.hotelsdrop.com/hotel/b-b-dei-papi-boutique-hotel-capranica,+39 347 868 5489
johndoe@domain.com,Bed & Breakfast Le Bacette,https://www.hotelsdrop.com/hotel/bed-breakfast-le-bacette-capranica,+39 328 873 4379
info@villalatrinita.com,Relais Villa La Trinità,https://www.hotelsdrop.com/hotel/relais-villa-la-trinita-capranica,+39 328 054 6664
info@lasuitenegliorti.it,La Suite Negli Orti,https://www.hotelsdrop.com/hotel/la-suite-negli-orti-caprarica-di-lecce,+39 391 372 7688
info@masseriastali.it,"Masseria Stali, The Originals Relais",https://www.hotelsdrop.com/hotel/masseria-stali-the-originals-relais-caprarica-di-lecce,+39 327 206 7806
resciosrooms@gmail.com,Rescio's Rooms B&B,https://www.hotelsdrop.com/hotel/rescio-s-rooms-b-b-caprarica-di-lecce,+39 347 772 0443
ilvicolo.caprarola@gmail.com,Il Vicolo bed and breakfast,https://www.hotelsdrop.com/hotel/il-vicolo-bed-and-breakfast-caprarola,+39 340 752 0075
info@lavalledivico.it,La Valle di Vico | Agriturismo - Bed and Breakfast,https://www.hotelsdrop.com/hotel/la-valle-di-vico-agriturismo-bed-and-breakfast-caprarola,+39 334 540 2178
prenotazioni@leceregne.it,Agriturismo Le Ceregne Bio,https://www.hotelsdrop.com/hotel/agriturismo-le-ceregne-bio-caprese-michelangelo,+39 370 378 1481
info@poderetovari.com,AGRITURISMO PODERE TOVARI,https://www.hotelsdrop.com/hotel/agriturismo-podere-tovari-caprese-michelangelo,+39 353 412 8041
info@borgofaeta.com,Borgo Faeta Country Relais,https://www.hotelsdrop.com/hotel/borgo-faeta-country-relais-caprese-michelangelo,+39 338 167 3113
info@locandadelviandante.com,Locanda del Viandante Apartments&Pool - Valle di Mezzo,https://www.hotelsdrop.com/hotel/locanda-del-viandante-apartments-pool-valle-di-m-caprese-michelangelo,+39 334 795 6056
tuscanyvillaresort@outlook.com,Tuscany Villa Resort,https://www.hotelsdrop.com/hotel/tuscany-villa-resort-caprese-michelangelo,+39 348 649 1134
itapad2013@gmail.com,B&B Antica Capri,https://www.hotelsdrop.com/hotel/b-b-antica-capri-capri,+39 391 160 6464
bookings@montesolarocapri.com,Bed & Breakfast Monte Solaro,https://www.hotelsdrop.com/hotel/bed-breakfast-monte-solaro-capri,+39 339 776 5704
info@capriinn.it,Capri Inn,https://www.hotelsdrop.com/hotel/capri-inn-capri,+39 335 598 4857
info@villapolliocapri.com,Villa Pollio Guest House,https://www.hotelsdrop.com/hotel/villa-pollio-guest-house-capri,+39 338 742 9891
casagattina@yahoo.it,B&B Gàttina,https://www.hotelsdrop.com/hotel/b-b-gattina-capri-leone,+39 320 853 0721
viadelcarretto@gmail.com,La Via del Carretto - B&B,https://www.hotelsdrop.com/hotel/la-via-del-carretto-b-b-capri-leone,+39 338 291 6773
info@fichtenhof.it,Fichtenhof,https://www.hotelsdrop.com/hotel/fichtenhof-capriana,+39 342 071 5788
booking@garniedy.it,Hotel Garni Edy Daiano Cavalese,https://www.hotelsdrop.com/hotel/hotel-garni-edy-daiano-cavalese-capriana,+39 333 273 8190
info@masovalfloriana.com,Maso Valfloriana,https://www.hotelsdrop.com/hotel/maso-valfloriana-capriana,+39 345 959 0494
lacasadelmugnaio@gmail.com,B&B La Casa del Mugnaio,https://www.hotelsdrop.com/hotel/b-b-la-casa-del-mugnaio-capriata-d-orba,+39 349 610 6589
residenzanovi@gmail.com,Residenza Novi,https://www.hotelsdrop.com/hotel/residenza-novi-capriata-d-orba,+39 391 147 5870
nome@email.it,B&B - B2in Suite and Office,https://www.hotelsdrop.com/hotel/b-b-b2in-suite-and-office-capriate-san-gervasio,+39 375 633 0287
info@bebfamilyfirst.it,"B&B FAMILY FIRST, Piscina e Parco Giochi [Bed & Breakfast a Leolandia]",https://www.hotelsdrop.com/hotel/b-b-family-first-piscina-e-parco-giochi-bed-brea-capriate-san-gervasio,+39 329 690 6419
support@imcreator.com,B&B Cascina Dei Levrieri,https://www.hotelsdrop.com/hotel/b-b-cascina-dei-levrieri-capriglio,+39 392 258 3105
info@foresterialapaladina.it,La Paladina Foresteria Lombarda,https://www.hotelsdrop.com/hotel/la-paladina-foresteria-lombarda-caprino-bergamasco,+39 338 477 9239
elena.cortecaiar@gmail.com,CORTE CAIAR Bed&Breakfast,https://www.hotelsdrop.com/hotel/corte-caiar-bed-breakfast-caprino-veronese,+39 340 790 9054
info@poggiocaiar.it,POGGIO CAIAR Bed & Breakfast,https://www.hotelsdrop.com/hotel/poggio-caiar-bed-breakfast-caprino-veronese,+39 349 942 8828
relaisfontanarosa@gmail.com,Relais Fontana Rosa,https://www.hotelsdrop.com/hotel/relais-fontana-rosa-caprino-veronese,+39 333 852 8982
%20info@civico69franciacorta.com,B&B Civico 69 Franciacorta,https://www.hotelsdrop.com/hotel/b-b-civico-69-franciacorta-capriolo,+39 338 871 6751
casitamia19@gmail.com,Casitamia,https://www.hotelsdrop.com/hotel/casitamia-capriolo,+39 338 522 7408
info@lunasulcollio.it,B&B Luna sul Collio,https://www.hotelsdrop.com/hotel/b-b-luna-sul-collio-capriva-del-friuli,+39 393 784 2433
giardinidieva@yahoo.com,Giardini di Eva B&B,https://www.hotelsdrop.com/hotel/giardini-di-eva-b-b-capriva-del-friuli,+39 375 810 5610
info@marcofelluga.it,Relais Russiz Superiore,https://www.hotelsdrop.com/hotel/relais-russiz-superiore-capriva-del-friuli,+39 331 663 6919
info@bbcasadigraziaacapua.com,B&B Grazia Bed and Breakfast a Capua,https://www.hotelsdrop.com/hotel/b-b-grazia-bed-and-breakfast-a-capua-capua,+39 320 914 8228
info@bebportaroma.it,beb porta roma,https://www.hotelsdrop.com/hotel/beb-porta-roma-capua,+39 347 835 5967
sambasstays@gmail.com,Carioca Aparthotel,https://www.hotelsdrop.com/hotel/carioca-aparthotel-capua,+39 338 175 7339
info@casaaragona.it,Casa aragona b&b,https://www.hotelsdrop.com/hotel/casa-aragona-b-b-capua,+39 338 872 3231
info@royalresidence.it,Royal Residence,https://www.hotelsdrop.com/hotel/royal-residence-capua,+39 376 262 1390
taninobattista@gmail.com,casa dei nonni,https://www.hotelsdrop.com/hotel/casa-dei-nonni-capurso,+39 347 905 7297
dimoradelbali@gmail.com,Dimora del Balì,https://www.hotelsdrop.com/hotel/dimora-del-bali-capurso,+39 345 623 7062
info@ilcanticobeb.it,Il Cantico B&B,https://www.hotelsdrop.com/hotel/il-cantico-b-b-capurso,+39 353 404 2656
info@rosessuite.it,Roses Suite & Apartments,https://www.hotelsdrop.com/hotel/roses-suite-apartments-capurso,+39 339 792 7508
info@tenutabaroneresort.it,Tenuta Barone,https://www.hotelsdrop.com/hotel/tenuta-barone-capurso,+39 375 963 9818
info@ceratti.it,Agriturismo Ceratti,https://www.hotelsdrop.com/hotel/agriturismo-ceratti-caraffa-del-bianco,+39 320 117 3275
info@bebterredelsud.it,Bed and Breakfast Terre del Sud,https://www.hotelsdrop.com/hotel/bed-and-breakfast-terre-del-sud-caraffa-del-bianco,+39 340 779 6477
assistenza@webador.it,B&B Catanzaro Russo Rooms,https://www.hotelsdrop.com/hotel/b-b-catanzaro-russo-rooms-caraffa-di-catanzaro,+39 320 559 2944
info@googaia.it,B&B La Collina Dei Poeti,https://www.hotelsdrop.com/hotel/b-b-la-collina-dei-poeti-caraffa-di-catanzaro,+39 328 564 0521
info@bbmelina.it,B&B Melina Catanzaro Settingiano,https://www.hotelsdrop.com/hotel/b-b-melina-catanzaro-settingiano-caraffa-di-catanzaro,+39 349 454 9307
info@blu-marine.it,Blu Marine,https://www.hotelsdrop.com/hotel/blu-marine-caraffa-di-catanzaro,+39 351 390 9082
info@villamariabb.com,Villa Maria Bed & Breakfast,https://www.hotelsdrop.com/hotel/villa-maria-bed-breakfast-caraffa-di-catanzaro,+39 320 211 4897
infocascinarosa@gmail.com,Cascina Rosa,https://www.hotelsdrop.com/hotel/cascina-rosa-caraglio,+39 347 353 1044
info@virasol.it,Virasol B&B,https://www.hotelsdrop.com/hotel/virasol-b-b-caraglio,+39 338 190 0121
affittacamerefamigliado@gmail.com,Affittacamere Famiglia Do,https://www.hotelsdrop.com/hotel/affittacamere-famiglia-do-caramagna-piemonte,+39 348 004 5887
info@fattoriasocialepaideia.it,Fattoria Sociale Paideia - Caramagna Piemonte,https://www.hotelsdrop.com/hotel/fattoria-sociale-paideia-caramagna-piemonte-caramagna-piemonte,+39 342 922 9423
prenotazioni@hotelcercone.it,Hotel Cercone,https://www.hotelsdrop.com/hotel/hotel-cercone-caramanico-terme,+39 327 686 6150
info@lamaielletta.it,Hotel La Maielletta,https://www.hotelsdrop.com/hotel/hotel-la-maielletta-caramanico-terme,+39 392 809 1743
info@violahotel.it,"HOTEL VIOLA & PIZZERIA ""DAI VIOLA""",https://www.hotelsdrop.com/hotel/hotel-viola-pizzeria-dai-viola-caramanico-terme,+39 388 477 0310
contact@globostay.com,B&B '900,https://www.hotelsdrop.com/hotel/b-b-900-carapelle,+39 347 968 8132
bebmarilu.fg@gmail.com,B&B MariLù,https://www.hotelsdrop.com/hotel/b-b-marilu-carapelle,+39 351 325 2441
paolabuccinotti@gmail.com,Bunker degli inventori,https://www.hotelsdrop.com/hotel/bunker-degli-inventori-carapelle,+39 327 944 0639
info@dimorainfiore.it,Dimora in Fiore,https://www.hotelsdrop.com/hotel/dimora-in-fiore-carapelle,+39 351 314 8493
residenzadelsele@gmail.com,Residenza del Sele B&B Luxury,https://www.hotelsdrop.com/hotel/residenza-del-sele-b-b-luxury-carapelle,+39 331 437 3464
info@bb-laterrazza.it,B&B La Terrazza,https://www.hotelsdrop.com/hotel/b-b-la-terrazza-carasco,+39 328 472 1124
info@bbrivarola.it,B&B Rivarola al Tempo dei Castelli,https://www.hotelsdrop.com/hotel/b-b-rivarola-al-tempo-dei-castelli-carasco,+39 347 234 7157
info@dakota-ent.it,Ca' da Tollo B&B,https://www.hotelsdrop.com/hotel/ca-da-tollo-b-b-carasco,+39 335 586 0555
info@agriturismoannarella.it,Agriturismo Annarella,https://www.hotelsdrop.com/hotel/agriturismo-annarella-carassai,+39 333 353 8208
fattoriaceraunavolta@gmail.com,Agriturismo C'era una volta,https://www.hotelsdrop.com/hotel/agriturismo-c-era-una-volta-carassai,+39 333 504 8441
contatti@casavecchiomulino.it,Agriturismo La casa del vecchio mulino,https://www.hotelsdrop.com/hotel/agriturismo-la-casa-del-vecchio-mulino-carassai,+39 331 428 0492
agrit.lafavella@gmail.com,Agriturismo La Favella,https://www.hotelsdrop.com/hotel/agriturismo-la-favella-carassai,+39 370 365 8577
info@nonnopio.it,Agriturismo Nonno Pio,https://www.hotelsdrop.com/hotel/agriturismo-nonno-pio-carassai,+39 339 750 1218
info@sanprocolo.com,Camping San Procolo,https://www.hotelsdrop.com/hotel/camping-san-procolo-carassai,+39 338 172 5422
info@lacicalagriturismo.it,La Cicala Agriturismo,https://www.hotelsdrop.com/hotel/la-cicala-agriturismo-carassai,+39 333 283 3905
info@larosaelaviola.it,La Rosa e La Viola,https://www.hotelsdrop.com/hotel/la-rosa-e-la-viola-carassai,+39 347 992 7204
contatto@esempio.it,Locanda del Sole Agriturismo Ristorante Osteria Cucina Tradizionale Carne Marchigiana Alloggi Piscina Eventi,https://www.hotelsdrop.com/hotel/locanda-del-sole-agriturismo-ristorante-osteria-carassai,+39 347 723 9767
info@agriturismosangenesio.it,Agriturismo San Genesio,https://www.hotelsdrop.com/hotel/agriturismo-san-genesio-carate-brianza,+39 324 445 2123
info@casa-morelli.com,CASA MORELLI | Boutique Hotel in Brianza,https://www.hotelsdrop.com/hotel/casa-morelli-boutique-hotel-in-brianza-carate-brianza,+39 393 815 4079
info@locandalapiana.it,Locanda La Piana,https://www.hotelsdrop.com/hotel/locanda-la-piana-carate-brianza,+39 338 761 8063
info@acasadicamilla.it,B&B A Casa di Camilla,https://www.hotelsdrop.com/hotel/b-b-a-casa-di-camilla-carate-urio,+39 339 717 6468
info@ladarsenadirivagrande.com,Darsena di Riva Grande,https://www.hotelsdrop.com/hotel/darsena-di-riva-grande-carate-urio,+39 329 054 3623
info@rentallcomo.com,Una Terrazza da Sogno,https://www.hotelsdrop.com/hotel/una-terrazza-da-sogno-carate-urio,+39 392 030 4003
larosadellago@gmail.com,La Rosa Del Lago,https://www.hotelsdrop.com/hotel/la-rosa-del-lago-caravate,+39 391 131 5411
agriprimobacio@gmail.com,Agriturismo Primo Bacio - IT008019B56FLUOB9S,https://www.hotelsdrop.com/hotel/agriturismo-primo-bacio-it008019b56fluob9s-caravonica,+39 338 825 5609
bbinfinito@hotmail.it,B&B L'Infinito,https://www.hotelsdrop.com/hotel/b-b-l-infinito-carbognano,+39 349 493 2459
info@dimoresantamaria.it,Dimore Santa Maria,https://www.hotelsdrop.com/hotel/dimore-santa-maria-carbognano,+39 320 531 9458
contact@globostay.com,Ros's house,https://www.hotelsdrop.com/hotel/ros-s-house-carbognano,+39 328 917 4255
info@agriturismocascinasancarlo.com,Agriturismo Cascina San Carlo,https://www.hotelsdrop.com/hotel/agriturismo-cascina-san-carlo-carbonara-al-ticino,+39 333 796 3917
info@hotel.com,Raphaëlle Relais,https://www.hotelsdrop.com/hotel/raphaelle-relais-carbonara-di-nola,+39 351 046 7669
sette.mezzo@tiscali.it,Hotel Sette e Mezzo,https://www.hotelsdrop.com/hotel/hotel-sette-e-mezzo-carbone,+39 347 350 6583
leukosprenotazioni@gmail.com,Leukòs Bed and Breakfast,https://www.hotelsdrop.com/hotel/leukos-bed-and-breakfast-carbone,+39 347 835 9461
booking@acasadiita.it,A casa di Ita,https://www.hotelsdrop.com/hotel/a-casa-di-ita-carbonera,+39 349 801 1273
info@canziane.it,Bed and breakfast Canziane - Treviso,https://www.hotelsdrop.com/hotel/bed-and-breakfast-canziane-treviso-carbonera,+39 349 249 4389
%20info@royhotel.it,Hotel Roy Treviso,https://www.hotelsdrop.com/hotel/hotel-roy-treviso-carbonera,+39 338 600 9560
info@palazzina300.com,Palazzina 300,https://www.hotelsdrop.com/hotel/palazzina-300-carbonera,+39 389 781 4467
bebtrevisi27@gmail.com,Trevisi27,https://www.hotelsdrop.com/hotel/trevisi27-carbonera,+39 393 338 8333
delvialebnb@gmail.com,B&B Del Viale,https://www.hotelsdrop.com/hotel/b-b-del-viale-carbonia,+39 328 724 2187
ledunebedandbreakfast@gmail.com,B&B Le Dune,https://www.hotelsdrop.com/hotel/b-b-le-dune-carbonia,+39 328 411 8619
info@bblunablu.it,B&B Luna Blu,https://www.hotelsdrop.com/hotel/b-b-luna-blu-carbonia,+39 346 831 2867
bnboasi1@gmail.com,B&B Oasi,https://www.hotelsdrop.com/hotel/b-b-oasi-carbonia,+39 348 378 4624
bbdomusdejanas@gmail.com,BED and BREAKFAST Domus de Janas,https://www.hotelsdrop.com/hotel/bed-and-breakfast-domus-de-janas-carbonia,+39 392 384 9012
info@ilnidobeb.com,BED AND BREAKFAST IL Nido SANT'ANTIOCO,https://www.hotelsdrop.com/hotel/bed-and-breakfast-il-nido-sant-antioco-carbonia,+39 349 730 1923
prenotazioni@tzialillina.it,Tzia Lillina B&B,https://www.hotelsdrop.com/hotel/tzia-lillina-b-b-carbonia,+39 348 384 9749
info@acasadialfonso.com,A casa di Alfonso Malpensa Airport,https://www.hotelsdrop.com/hotel/a-casa-di-alfonso-malpensa-airport-cardano-al-campo,+39 371 511 3398
francesca.lebetulle@outlook.com,B&B Le Betulle,https://www.hotelsdrop.com/hotel/b-b-le-betulle-cardano-al-campo,+39 345 350 6104
angelabonomo1962@gmail.com,Cristel Malpensa Bed & Breakfast,https://www.hotelsdrop.com/hotel/cristel-malpensa-bed-breakfast-cardano-al-campo,+39 339 261 0154
bedfiera@gmail.com,Fly Bed - For,https://www.hotelsdrop.com/hotel/fly-bed-for-cardano-al-campo,+39 348 043 3806
francesca.lebetulle@outlook.com,La casa delle Betulle,https://www.hotelsdrop.com/hotel/la-casa-delle-betulle-cardano-al-campo,+39 345 350 6104
info@rada.homes,Le Quattro Stelle Villa CIN: IT012032B4U8Y7CGSB,https://www.hotelsdrop.com/hotel/le-quattro-stelle-villa-cin-it012032b4u8y7cgsb-cardano-al-campo,+39 348 400 9416
nuraghemurtarba@tiscali.it,Agriturismo Nuraghe Murtarba,https://www.hotelsdrop.com/hotel/agriturismo-nuraghe-murtarba-cardedu,+39 328 698 3126
info@perdaarrubia.it,Agriturismo Sa Perda Arrubia(Solo pernottamento e uso cucina in comune),https://www.hotelsdrop.com/hotel/agriturismo-sa-perda-arrubia-solo-pernottamento-cardedu,+39 328 333 2274
info@subarraccu.it,Agriturismo Su Barraccu,https://www.hotelsdrop.com/hotel/agriturismo-su-barraccu-cardedu,+39 334 949 4062
agriturudhis@gmail.com,Agriturismo Turudhis,https://www.hotelsdrop.com/hotel/agriturismo-turudhis-cardedu,+39 340 333 8733
bbcardedu.casamuseddu@gmail.com,B&B Cardedu,https://www.hotelsdrop.com/hotel/b-b-cardedu-cardedu,+39 350 092 3284
info@atmyhomebeb.com,@MYHOME,https://www.hotelsdrop.com/hotel/myhome-cardeto,+39 327 020 8562
alfaefi2@gmail.com,Alfa & Phi (prezzo ridotto per prenotazioni dirette),https://www.hotelsdrop.com/hotel/alfa-phi-prezzo-ridotto-per-prenotazioni-dirette-cardeto,+39 349 458 6158
info@paveansuites.com,Pavean Suites Frattaminore,https://www.hotelsdrop.com/hotel/pavean-suites-frattaminore-cardito,+39 334 704 7940
info@bbapochipassi.it,B&B A Pochi Passi,https://www.hotelsdrop.com/hotel/b-b-a-pochi-passi-card,+39 346 028 3204
info@aicappuccini.it,"B&B Guest House Ai Cappuccini, Noicattaro Ba",https://www.hotelsdrop.com/hotel/b-b-guest-house-ai-cappuccini-noicattaro-ba-card,+39 348 381 6598
info@apuliaaccommodation.it,B&B Relais Del Senatore,https://www.hotelsdrop.com/hotel/b-b-relais-del-senatore-card,+39 320 532 7250
a.galati2004@libero.it,Bed & Breakfast di Nonna Pina,https://www.hotelsdrop.com/hotel/bed-breakfast-di-nonna-pina-card,+39 389 683 6416
info@soffiodivento.it,Bed and Breakfast Soffio di Vento,https://www.hotelsdrop.com/hotel/bed-and-breakfast-soffio-di-vento-carema,+39 328 222 7781
info@dartemisia.it,d'ARTEmisia Chambre d'hôtes,https://www.hotelsdrop.com/hotel/d-artemisia-chambre-d-hotes-carema,+39 348 323 9355
info@sanmartinvda.it,San Martin Holidays Home,https://www.hotelsdrop.com/hotel/san-martin-holidays-home-carema,+39 380 478 9203
casamanaralatte@gmail.com,B&B L’Altro Tempo,https://www.hotelsdrop.com/hotel/b-b-l-altro-tempo-caresanablot,+39 335 695 1633
lacampeggia@unatresca.it,la Campeggia,https://www.hotelsdrop.com/hotel/la-campeggia-carezzano,+39 379 297 8231
info@almareacalabria.it,Almarea case vacanza,https://www.hotelsdrop.com/hotel/almarea-case-vacanza-carfizzi,+39 350 012 6789
info@bebnonnapina.it,"B&B ""Nonna Pina""",https://www.hotelsdrop.com/hotel/b-b-nonna-pina-carfizzi,+39 351 910 6760
info@bebmediterraneo.it,Mediterraneo bed and breakfast ed appartamenti,https://www.hotelsdrop.com/hotel/mediterraneo-bed-and-breakfast-ed-appartamenti-carfizzi,+39 338 419 9770
leanticheconce@gmail.com,Antiche Conce rooms,https://www.hotelsdrop.com/hotel/antiche-conce-rooms-cargeghe,+39 393 021 4791
sanlorenzocariati@gmail.com,B&B SAN LORENZO CARIATI,https://www.hotelsdrop.com/hotel/b-b-san-lorenzo-cariati-cariati,+39 338 680 5065
info@tramentaemeliga.it,Affittacamere Carignano: Tra Menta e Meliga,https://www.hotelsdrop.com/hotel/affittacamere-carignano-tra-menta-e-meliga-carignano,+39 347 378 7920
cappuccinigreenrelax@gmail.com,Cappuccini Green Relax,https://www.hotelsdrop.com/hotel/cappuccini-green-relax-carini,+39 338 213 0913
contatto@esempio.it,Dojo Idro rooms,https://www.hotelsdrop.com/hotel/dojo-idro-rooms-carini,+39 348 386 7904
hubcoworking24@gmail.com,HUB Rooms,https://www.hotelsdrop.com/hotel/hub-rooms-carini,+39 329 311 2971
info@masseriacampierti.it,Agriturismo Masseria Campierti,https://www.hotelsdrop.com/hotel/agriturismo-masseria-campierti-carinola,+39 333 974 6654
info@sinuessahotel.it,Hotel Sinuessa Terme,https://www.hotelsdrop.com/hotel/hotel-sinuessa-terme-carinola,+39 366 755 7883
info@villaceciliabeb.it,VILLA CECILIA BED AND BREAKFAST,https://www.hotelsdrop.com/hotel/villa-cecilia-bed-and-breakfast-carinola,+39 320 367 2364
bebcasadilia@gmail.com,B&B Casa di Lia,https://www.hotelsdrop.com/hotel/b-b-casa-di-lia-carisio,+39 331 837 6875
info@casailsasso.it,B&B Casa il Sasso Pinzolo,https://www.hotelsdrop.com/hotel/b-b-casa-il-sasso-pinzolo-carisolo,+39 331 280 4276
ciao@agriturismodegirolamo.it,Agriturismo De Girolamo (Equiturismo),https://www.hotelsdrop.com/hotel/agriturismo-de-girolamo-equiturismo-carlantino,+39 347 164 8120
oasidirosi@gmail.com%20,l'Oasi di Rosi - Affittacamere,https://www.hotelsdrop.com/hotel/l-oasi-di-rosi-affittacamere-carlantino,+39 339 112 1726
reservation@villaggiolagodorato.com,Villaggio turistico lago dorato,https://www.hotelsdrop.com/hotel/villaggio-turistico-lago-dorato-carlazzo,+39 348 198 3061
agriturismo@lechiuse.net,Agriturismo Le Chiuse,https://www.hotelsdrop.com/hotel/agriturismo-le-chiuse-carlentini,+39 347 092 6328
info@isantuzzi.com,i Santuzzi BeB,https://www.hotelsdrop.com/hotel/i-santuzzi-beb-carlentini,+39 334 366 9164
info@ilgiardinodelsole.it,Il Giardino del Sole,https://www.hotelsdrop.com/hotel/il-giardino-del-sole-carlentini,+39 333 329 1842
beblaterrazzadicirico@gmail.com,La Terrazza di Cirico',https://www.hotelsdrop.com/hotel/la-terrazza-di-cirico-carlentini,+39 339 684 1807
forestisrl@arubapec.it,Residenza Cuntin Carloforte,https://www.hotelsdrop.com/hotel/residenza-cuntin-carloforte-carloforte,+39 334 360 7166
info@trilliecobnb.com,Trilli EcoBnb,https://www.hotelsdrop.com/hotel/trilli-ecobnb-carloforte,+39 379 296 0887
info@ilsognidoro.it,Affittacamere Sogni d'Oro,https://www.hotelsdrop.com/hotel/affittacamere-sogni-d-oro-carlopoli,+39 342 829 8665
gaglianeseylenia@libero.it,B&B I Portici,https://www.hotelsdrop.com/hotel/b-b-i-portici-carlopoli,+39 388 178 7722
assistenza@webador.it,B&B La Casa Dama Guest-House,https://www.hotelsdrop.com/hotel/b-b-la-casa-dama-guest-house-carlopoli,+39 377 301 1838
giovannichiavazza@gmail.com,Trattoria Dei Due Citroni,https://www.hotelsdrop.com/hotel/trattoria-dei-due-citroni-carmagnola,+39 328 730 9660
info@terradinegroamaro.it,Terra di Negroamaro Agriturismo,https://www.hotelsdrop.com/hotel/terra-di-negroamaro-agriturismo-carmiano,+39 338 218 7000
%20info@frigionaia.it,Agriturismo Frigionaia,https://www.hotelsdrop.com/hotel/agriturismo-frigionaia-carmignano,+39 347 228 2947
capezzana@capezzana.it,Agriturismo La Fattoria di Capezzana,https://www.hotelsdrop.com/hotel/agriturismo-la-fattoria-di-capezzana-carmignano,+39 331 175 7918
info@damerini.it,Agriturismo Sotto la Rocca,https://www.hotelsdrop.com/hotel/agriturismo-sotto-la-rocca-carmignano,+39 333 944 4326
info@bnb-larocca.com,B&B La Rocca,https://www.hotelsdrop.com/hotel/b-b-la-rocca-carmignano,+39 338 975 1608
info@hotelvillasanmichele.com,"BB ""Al 21""",https://www.hotelsdrop.com/hotel/bb-al-21-carmignano,+39 338 640 8750
info@hotelvillasanmichele.com,Hotel Villa S. Michele,https://www.hotelsdrop.com/hotel/hotel-villa-s-michele-carmignano,+39 338 640 8750
cinzia@matana-bb.it,Matana B&B,https://www.hotelsdrop.com/hotel/matana-b-b-carmignano,+39 349 754 3410
ristorantetradate@gmail.com,Ristorante Tradate con Alloggio,https://www.hotelsdrop.com/hotel/ristorante-tradate-con-alloggio-carnago,+39 333 934 9957
info@rossiniluxury.it,B&B Rossini luxury 3,https://www.hotelsdrop.com/hotel/b-b-rossini-luxury-3-carolei,+39 327 829 3097
lacasettanelborgo7@gmail.com,La Casetta nel Borgo,https://www.hotelsdrop.com/hotel/la-casetta-nel-borgo-carolei,+39 328 031 3741
bbcampobase@gmail.com,B&B Campo Base,https://www.hotelsdrop.com/hotel/b-b-campo-base-carona,+39 328 827 1803
info@rifugioterrerosse.com,Rifugio Terrerosse Nuova Gestione 2023,https://www.hotelsdrop.com/hotel/rifugio-terrerosse-nuova-gestione-2023-carona,+39 348 179 5021
casavancanzecamastra@gmail.com,Casa Vacanze Camastra,https://www.hotelsdrop.com/hotel/casa-vacanze-camastra-caronia,337 661 272
lecasette91@libero.it,Casa Vacanze Le Casette,https://www.hotelsdrop.com/hotel/casa-vacanze-le-casette-caronia,+39 339 420 1499
ghe.sem.morazzone@gmail.com,B&B Ghe Sem Morazzone Storia e Tradizione,https://www.hotelsdrop.com/hotel/b-b-ghe-sem-morazzone-storia-e-tradizione-caronno-varesino,+39 339 401 6839
villamonterosa@gmail.com,B&B VillaMonterosa,https://www.hotelsdrop.com/hotel/b-b-villamonterosa-caronno-varesino,+39 335 608 8957
bbneresperienzepugliesi@gmail.com,B&B Nanze' e Rete' - Esperienze Pugliesi,https://www.hotelsdrop.com/hotel/b-b-nanze-e-rete-esperienze-pugliesi-carosino,+39 377 326 9101
info@sancataldohotel.it,San Cataldo Hotel,https://www.hotelsdrop.com/hotel/san-cataldo-hotel-carosino,+39 380 284 1075
info@resortarya.com,Arya Nobile Dimora,https://www.hotelsdrop.com/hotel/arya-nobile-dimora-carovigno,+39 388 691 5531
bebdemetracarovigno@gmail.com,Bed and Breakfast Demetra,https://www.hotelsdrop.com/hotel/bed-and-breakfast-demetra-carovigno,+39 380 755 7467
bbreadpiazza@gmail.com,BED&BREAD Piazza 'Nzegna,https://www.hotelsdrop.com/hotel/bed-bread-piazza-nzegna-carovigno,+39 327 402 3097
info@angelarosa.it,Casa Angela Rosa,https://www.hotelsdrop.com/hotel/casa-angela-rosa-carovigno,+39 349 879 8647
info@isolaverdeagriturismo.it,Isola Verde Agriturismo,https://www.hotelsdrop.com/hotel/isola-verde-agriturismo-carovigno,+39 338 336 0295
lacalettabb@gmail.com,La Caletta B&B,https://www.hotelsdrop.com/hotel/la-caletta-b-b-carovigno,+39 338 816 7318
snowakehouse@gmail.com,Snowake House,https://www.hotelsdrop.com/hotel/snowake-house-carovilli,+39 334 822 6594
info@campo-grande.com,Agriturismo Campogrande,https://www.hotelsdrop.com/hotel/agriturismo-campogrande-carpaneto-piacentino,+39 338 205 2142
info@ilbughetto.it,B&B Il Bughetto,https://www.hotelsdrop.com/hotel/b-b-il-bughetto-carpegna,+39 347 140 6480
bbpoggio@gmail.com,B&B IL POGGIO,https://www.hotelsdrop.com/hotel/b-b-il-poggio-carpegna,+39 346 608 0511
info@molinodelgobbo.com,B&B Molino Del Gobbo,https://www.hotelsdrop.com/hotel/b-b-molino-del-gobbo-carpegna,+39 339 142 1460
info.daltenente@gmail.com,Bed and Breakfast Dal Tenente - Caffè del Corso,https://www.hotelsdrop.com/hotel/bed-and-breakfast-dal-tenente-caffe-del-corso-carpegna,+39 347 068 4368
eben@eyebytes.com,Locanda al Coppo,https://www.hotelsdrop.com/hotel/locanda-al-coppo-carpegna,+39 351 891 9774
prenotazioni@poderefabbrani.it,Podere Fabbrani,https://www.hotelsdrop.com/hotel/podere-fabbrani-carpegna,+39 351 764 7893
info@casanelvicolo.it,Casa nel Vicolo,https://www.hotelsdrop.com/hotel/casa-nel-vicolo-carpenedolo,+39 349 612 4421
info@montebi.it,Agriturismo Montebi,https://www.hotelsdrop.com/hotel/agriturismo-montebi-carpeneto,+39 344 162 8072
info@casadormiveglia.com,B&B Casa Dormiveglia,https://www.hotelsdrop.com/hotel/b-b-casa-dormiveglia-carpeneto,+39 348 767 2113
info@cascinarosacamilla.it,B&B Cascina Rosa Camilla,https://www.hotelsdrop.com/hotel/b-b-cascina-rosa-camilla-carpeneto,+39 375 770 6358
juririsso37@gmail.com,Hotel Ristorante La Bruceta,https://www.hotelsdrop.com/hotel/hotel-ristorante-la-bruceta-carpeneto,+39 345 604 4090
605a7baede844d278b89dc95ae0a9123@sentry-next.wixpress.com,WineBikeHostel,https://www.hotelsdrop.com/hotel/winebikehostel-carpeneto,+39 347 493 0192
agrilastumina@gmail.com,Agriturismo La Stumina,https://www.hotelsdrop.com/hotel/agriturismo-la-stumina-carpi,+39 347 253 5672
beblafrancesa@gmail.com,B&B La Francesa,https://www.hotelsdrop.com/hotel/b-b-la-francesa-carpi,+39 329 746 8357
villadeicignireali@virgilio.it,B&B Villa dei Cigni Reali,https://www.hotelsdrop.com/hotel/b-b-villa-dei-cigni-reali-carpi,+39 333 140 8840
info@carpisuite.it,Carpi Suite – Appartamento B&B a Carpi,https://www.hotelsdrop.com/hotel/carpi-suite-appartamento-b-b-a-carpi-carpi,+39 350 131 2954
support@centralstay.eu,Da Maxim affittacamere,https://www.hotelsdrop.com/hotel/da-maxim-affittacamere-carpi,+39 351 593 2373
info@landito.it,L'Andito,https://www.hotelsdrop.com/hotel/l-andito-carpi,+39 338 494 7395
info@tenutakyrios.it,AGRITURISMO TENUTA KYRIOS,https://www.hotelsdrop.com/hotel/agriturismo-tenuta-kyrios-carpignano-salentino,+39 334 171 7972
info@caluraresidence.com,Calura Residence,https://www.hotelsdrop.com/hotel/calura-residence-carpignano-salentino,+39 347 618 6999
cortedeisalentini@gmail.com,Corte dei Salentini B&B,https://www.hotelsdrop.com/hotel/corte-dei-salentini-b-b-carpignano-salentino,+39 333 328 3336
info@masseriagiamarra.it,Masseria Giamarra,https://www.hotelsdrop.com/hotel/masseria-giamarra-carpignano-salentino,+39 329 577 0996
info@masseriasancosimo.it,Masseria San Cosimo Agriresort,https://www.hotelsdrop.com/hotel/masseria-san-cosimo-agriresort-carpignano-salentino,+39 392 133 3085
info2@salentoguesthouse.com,SALENTO GUESTHOUSE,https://www.hotelsdrop.com/hotel/salento-guesthouse-carpignano-salentino,+39 333 820 4566
info@hotelristoranteparco.it,Hotel Ristorante Pizzeria Parco,https://www.hotelsdrop.com/hotel/hotel-ristorante-pizzeria-parco-carpineti,+39 333 594 8124
apr.snc@gmail.com,Residence Albergo Tre Re,https://www.hotelsdrop.com/hotel/residence-albergo-tre-re-carpineti,+39 388 449 2354
info@villaclore.it,Villa Clorè Hotel & Spa,https://www.hotelsdrop.com/hotel/villa-clore-hotel-spa-carpineti,+39 328 666 3970
prenotazioni@almondbb.it,ALMOND B&B,https://www.hotelsdrop.com/hotel/almond-b-b-carpineto-della-nora,+39 328 579 0436
info@lalberodiantonia.it,B&B L'albero di Antonia,https://www.hotelsdrop.com/hotel/b-b-l-albero-di-antonia-carpineto-della-nora,+39 340 928 7626
info@lacasadelcasale.com,Bed and Breakfast La Casa del Casale,https://www.hotelsdrop.com/hotel/bed-and-breakfast-la-casa-del-casale-carpineto-della-nora,+39 333 546 6416
info@lacasadirinaldo.it,Bed and Breakfast La Casa di Rinaldo,https://www.hotelsdrop.com/hotel/bed-and-breakfast-la-casa-di-rinaldo-carpineto-della-nora,+39 339 267 8034
info@levallidelcerrano.com,Bed and Breakfast Le Valli del Cerrano,https://www.hotelsdrop.com/hotel/bed-and-breakfast-le-valli-del-cerrano-carpineto-della-nora,+39 340 744 0842
info@casaleadriatico.it,Casale Adriatico B&B,https://www.hotelsdrop.com/hotel/casale-adriatico-b-b-carpineto-della-nora,+39 351 358 8239
info@villaolimpia.com,B&B Villa Olimpia,https://www.hotelsdrop.com/hotel/b-b-villa-olimpia-carpineto-romano,+39 335 598 6863
assistenza@webador.it,Agriturismo Il Tratturo,https://www.hotelsdrop.com/hotel/agriturismo-il-tratturo-carpineto-sinello,+39 335 584 6780
info@bellavistavasto.it,B&B BellaVista,https://www.hotelsdrop.com/hotel/b-b-bellavista-carpineto-sinello,+39 351 732 9983
bebladimoragissi@gmail.com,B&B La Dimora,https://www.hotelsdrop.com/hotel/b-b-la-dimora-carpineto-sinello,+39 340 401 0074
bellavistagissi@gmail.com,Bella Vista B&B Gissi | Camere - Appartamenti Vacanze,https://www.hotelsdrop.com/hotel/bella-vista-b-b-gissi-camere-appartamenti-vacanz-carpineto-sinello,+39 368 755 9580
info@torrebruno.it,Agriturismo Torre Bruno,https://www.hotelsdrop.com/hotel/agriturismo-torre-bruno-carpino,+39 329 146 5694
info@donnaelena.it,B&B Donna Elena Vico del Gargano,https://www.hotelsdrop.com/hotel/b-b-donna-elena-vico-del-gargano-carpino,+39 377 349 2700
info@ctbelvedere.it,"Bed&Breakfast ""Belvedere""",https://www.hotelsdrop.com/hotel/bed-breakfast-belvedere-carpino,+39 345 842 8735
garganomareborghi@gmail.com,Garganomareborghi Vacanze,https://www.hotelsdrop.com/hotel/garganomareborghi-vacanze-carpino,+39 349 679 3371
info@holidaybb.net,Holiday B&B Vico Del Gargano,https://www.hotelsdrop.com/hotel/holiday-b-b-vico-del-gargano-carpino,+39 380 327 6692
carpinone.monte@gmail.com,Casa vacanze Quarto di Sopra,https://www.hotelsdrop.com/hotel/casa-vacanze-quarto-di-sopra-carpinone,+39 339 641 6531
info@alberica10.com,B&B Alberica10,https://www.hotelsdrop.com/hotel/b-b-alberica10-carrara,+39 339 840 7055
info@nannalia.it,B&B Nannalia,https://www.hotelsdrop.com/hotel/b-b-nannalia-carrara,+39 392 170 2935
info@residenzamarina.it,B&B Residenza Marina,https://www.hotelsdrop.com/hotel/b-b-residenza-marina-carrara,+39 370 102 4358
bbrossana1@gmail.com,B&B Rossana,https://www.hotelsdrop.com/hotel/b-b-rossana-carrara,+39 351 608 7223
sallysbnbit@gmail.com,Sally's B&B,https://www.hotelsdrop.com/hotel/sally-s-b-b-carrara,+39 342 303 7862
info@agriturismoilfilodipaglia.it,Agriturismo Il Filo di Paglia,https://www.hotelsdrop.com/hotel/agriturismo-il-filo-di-paglia-carro,+39 346 184 9220
info@torsivi.it,Agriturismo Torsivì,https://www.hotelsdrop.com/hotel/agriturismo-torsivi-carro,+39 340 293 7716
info@corallomoneglia.it,Hotel Bar Corallo Moneglia,https://www.hotelsdrop.com/hotel/hotel-bar-corallo-moneglia-carro,+39 340 816 4401
info@maison44.it,Maison44 Guesthouse Bar Bistrot,https://www.hotelsdrop.com/hotel/maison44-guesthouse-bar-bistrot-carro,+39 347 807 6773
contatto@esempio.it,Agriturismo Ghirlanda Norma Rita,https://www.hotelsdrop.com/hotel/agriturismo-ghirlanda-norma-rita-carrodano,+39 328 656 2613
info@ilghirodilevanto.it,B&B Il Ghiro,https://www.hotelsdrop.com/hotel/b-b-il-ghiro-carrodano,+39 347 914 0366
vistasulforte@gmail.com,Vista sul forte,https://www.hotelsdrop.com/hotel/vista-sul-forte-carrosio,+39 348 975 3419
info@mondoviridente.it,Duo Rooms,https://www.hotelsdrop.com/hotel/duo-rooms-carr,+39 340 073 4033
info@palazzofauzone.com,Palazzo Fauzone,https://www.hotelsdrop.com/hotel/palazzo-fauzone-carr,+39 378 303 5504
bassanosinfonia@gmail.com,Beb brekfast sinfonia,https://www.hotelsdrop.com/hotel/beb-brekfast-sinfonia-cartigliano,+39 340 222 7452
corniodellefronde@gmail.com,Bed And Breakfast Cornio delle Fronde,https://www.hotelsdrop.com/hotel/bed-and-breakfast-cornio-delle-fronde-cartoceto,+39 347 900 5329
casapartemio@gmail.com,"Casa Vacanze ""Il Monte"" CIN IT041010C2T5GVND3M",https://www.hotelsdrop.com/hotel/casa-vacanze-il-monte-cin-it041010c2t5gvnd3m-cartoceto,+39 340 154 9357
paolaceretti15@gmail.com,Agriturismo Luna di Miele,https://www.hotelsdrop.com/hotel/agriturismo-luna-di-miele-cartosio,+39 368 300 0253
bbsantalibera@gmail.com,B&B Santa Libera,https://www.hotelsdrop.com/hotel/b-b-santa-libera-cartosio,+39 347 268 1955
info@cascinaciosse.it,Cascina Ciosse,https://www.hotelsdrop.com/hotel/cascina-ciosse-cartosio,+39 334 351 4435
info@cacciatoricartosio.com,Ristorante Cacciatori di Milano Massimo,https://www.hotelsdrop.com/hotel/ristorante-cacciatori-di-milano-massimo-cartosio,+39 379 353 5274
welcomemilano.guesthouse@gmail.com,Welcome Milano Guest House,https://www.hotelsdrop.com/hotel/welcome-milano-guest-house-carugate,+39 388 116 7447
info@bebparadiso.it,B&B Paradiso,https://www.hotelsdrop.com/hotel/b-b-paradiso-carunchio,+39 327 093 5063
collinedelsole28@gmail.com,Colline del Sole,https://www.hotelsdrop.com/hotel/colline-del-sole-carunchio,+39 329 407 5585
info@abruzzocibus.com,Palazzo Tour D'Eau - Abruzzo Cibus,https://www.hotelsdrop.com/hotel/palazzo-tour-d-eau-abruzzo-cibus-carunchio,+39 329 985 4121
enteryour@addresshere.com,B&b e Ristorante Le Rose,https://www.hotelsdrop.com/hotel/b-b-e-ristorante-le-rose-carzano,+39 347 829 4212
lorenza.lg.lc@gmail.com,B&B Elisè,https://www.hotelsdrop.com/hotel/b-b-elise-carzano,+39 339 843 3716
info@masettoegidio.it,Masetto Egidio Eco-Agritur,https://www.hotelsdrop.com/hotel/masetto-egidio-eco-agritur-carzano,+39 333 632 3930
avvgiovanniiaconis_crotone@yahoo.itt\,Almaré B&B,https://www.hotelsdrop.com/hotel/almare-b-b-casabona,+39 377 358 7245
pitagoracrotone@libero.it,Bed & Breakfast Pitagora,https://www.hotelsdrop.com/hotel/bed-breakfast-pitagora-casabona,+39 351 426 7710
%20bbcastellokr@gmail.com,"Bed and Breakfast ""Castello""",https://www.hotelsdrop.com/hotel/bed-and-breakfast-castello-casabona,+39 329 985 5082
bbmagnagrecia@libero.it,"Bed and Breakfast ""Magna Grecia"" - Crotone",https://www.hotelsdrop.com/hotel/bed-and-breakfast-magna-grecia-crotone-casabona,+39 329 419 7530
beblognomo@libero.it,B&B Lo Gnomo,https://www.hotelsdrop.com/hotel/b-b-lo-gnomo-casacanditella,+39 349 195 1131
info@ranieribb.it,Ranieri Events and B&B,https://www.hotelsdrop.com/hotel/ranieri-events-and-b-b-casacanditella,+39 347 817 3266
afroditeguesthouse@gmail.com,Afrodite Guest House,https://www.hotelsdrop.com/hotel/afrodite-guest-house-casagiove,+39 379 221 1880
lefontanedelre@tim.it,Bed & Breakfast Le Fontane del Re,https://www.hotelsdrop.com/hotel/bed-breakfast-le-fontane-del-re-casagiove,+39 340 607 1979
info@lasostainsuite.it,La sosta in suite,https://www.hotelsdrop.com/hotel/la-sosta-in-suite-casal-di-principe,+39 328 787 2150
info@ilprofumodeisensi.it,Il Profumo dei Sensi,https://www.hotelsdrop.com/hotel/il-profumo-dei-sensi-casal-velino,+39 339 537 9454
info@pensionezioattilio.com,Pensione Zio Attilio,https://www.hotelsdrop.com/hotel/pensione-zio-attilio-casal-velino,+39 333 409 1899
support@webador.com,Agriturismo Arkadia,https://www.hotelsdrop.com/hotel/agriturismo-arkadia-casalanguida,+39 351 672 0306
info@lacostadeitrabocchi.it,Agriturismo La Costa dei Trabocchi,https://www.hotelsdrop.com/hotel/agriturismo-la-costa-dei-trabocchi-casalbordino,+39 328 712 5128
info@agririvomaris.it,Agriturismo Santo Stefano in Rivo Maris Casalbordino lido,https://www.hotelsdrop.com/hotel/agriturismo-santo-stefano-in-rivo-maris-casalbor-casalbordino,+39 349 220 5192
info@dimoraportanuova.it,B&B Dimora Portanuova,https://www.hotelsdrop.com/hotel/b-b-dimora-portanuova-casalbordino,+39 338 431 9039
borgosabelli@gmail.com,Borgo Sabelli,https://www.hotelsdrop.com/hotel/borgo-sabelli-casalbordino,+39 339 236 7025
info@iltremolardellamarina.it,Il Tremolar della Marina,https://www.hotelsdrop.com/hotel/il-tremolar-della-marina-casalbordino,+39 389 438 8215
info@selenebeb.it,Selene B&B,https://www.hotelsdrop.com/hotel/selene-b-b-casalbordino,+39 339 433 2794
info@viavai.to.it,Bed and breakfast - b&b Viavai,https://www.hotelsdrop.com/hotel/bed-and-breakfast-b-b-viavai-casalborgone,+39 393 067 8511
contatto@esempio.it,Ca'diFra b&b,https://www.hotelsdrop.com/hotel/ca-difra-b-b-casalborgone,+39 349 722 3181
info@casalborgone.com,Castello di Casalborgone,https://www.hotelsdrop.com/hotel/castello-di-casalborgone-casalborgone,+39 345 628 9769
info@emerotecadelnovecento.com,Emeroteca del 900,https://www.hotelsdrop.com/hotel/emeroteca-del-900-casalborgone,+39 348 826 0809
info@murike.it,Agriturismo Murikè,https://www.hotelsdrop.com/hotel/agriturismo-murike-casalbuono,+39 347 176 7700
nives.brizzi@gmail.com,B&B Tra i Laghi,https://www.hotelsdrop.com/hotel/b-b-tra-i-laghi-casale-corte-cerro,+39 349 527 3788
ilricciodiricciano@virgilio.it,Il riccio di Ricciano,https://www.hotelsdrop.com/hotel/il-riccio-di-ricciano-casale-corte-cerro,+39 347 433 5718
info@lacolombaracampandlodge.it,La Colombara Camp&Lodge,https://www.hotelsdrop.com/hotel/la-colombara-camp-lodge-casale-di-scodosia,+39 345 050 5622
casacerboneschi@gmail.com,B&B Casa Cerboneschi,https://www.hotelsdrop.com/hotel/b-b-casa-cerboneschi-casale-marittimo,+39 347 829 8649
info@fattoriadellagioiosa.it,Fattoria Podere i Luoghi,https://www.hotelsdrop.com/hotel/fattoria-podere-i-luoghi-casale-marittimo,+39 334 384 0188
info@ilpoggioagriturismo.it,Il Poggio,https://www.hotelsdrop.com/hotel/il-poggio-casale-marittimo,+39 348 766 8785
info@lecameredelborgo.it,Le Camere del Borgo,https://www.hotelsdrop.com/hotel/le-camere-del-borgo-casale-marittimo,+39 389 838 8106
info@sanbaiorelais.it,Relais San Baio - No Kids,https://www.hotelsdrop.com/hotel/relais-san-baio-no-kids-casale-marittimo,+39 320 114 0262
info@tuscanyresidence.it,Residence Le Fontanelle,https://www.hotelsdrop.com/hotel/residence-le-fontanelle-casale-marittimo,+39 347 627 6226
info@agriturismopoderesantarita.it,Ristorante & Agriturismo Podere Santa Rita,https://www.hotelsdrop.com/hotel/ristorante-agriturismo-podere-santa-rita-casale-marittimo,335 321 979
info@thelabs.it,THE LΛB™,https://www.hotelsdrop.com/hotel/the-l-b-casale-marittimo,+39 320 380 9677
villameryguesthouse@gmail.com,B&B Villa Mery guest house,https://www.hotelsdrop.com/hotel/b-b-villa-mery-guest-house-casale-monferrato,+39 320 487 7845
civico4.tv@gmail.com,Civico4,https://www.hotelsdrop.com/hotel/civico4-casale-sul-sile,+39 324 926 6495
info@dahotel.it,Hotel Duca D'Aosta,https://www.hotelsdrop.com/hotel/hotel-duca-d-aosta-casale-sul-sile,+39 320 604 8076
info@villairene.veneto.it,Villa Irene - luxury B&B,https://www.hotelsdrop.com/hotel/villa-irene-luxury-b-b-casale-sul-sile,+39 335 590 8000
caditrittoni@gmail.com,B&B Ca' di Trittoni,https://www.hotelsdrop.com/hotel/b-b-ca-di-trittoni-casalecchio-di-reno,+39 327 882 5722
info@lestanzedierika.it,B&B Le Stanze di Erika,https://www.hotelsdrop.com/hotel/b-b-le-stanze-di-erika-casalecchio-di-reno,+39 345 510 8376
chiusa.casalecchio.bb@gmail.com,Bed & Breakfast Chiusa di Casalecchio,https://www.hotelsdrop.com/hotel/bed-breakfast-chiusa-di-casalecchio-casalecchio-di-reno,+39 353 479 7814
contatto@esempio.it,Casa Gardel Appartamento per brevi periodi Bed and breakfast,https://www.hotelsdrop.com/hotel/casa-gardel-appartamento-per-brevi-periodi-bed-a-casalecchio-di-reno,+39 347 526 8888
cascinaburroni@gmail.com,Cascina Burroni Azienda agricola di Alessia Parodi,https://www.hotelsdrop.com/hotel/cascina-burroni-azienda-agricola-di-alessia-paro-casaleggio-boiro,+39 348 076 5985
support@villacometa.com,Villa Cometa,https://www.hotelsdrop.com/hotel/villa-cometa-casaleggio-novara,+39 335 846 0451
nome@email.com,Ai Tigli e La Casa Grande di Corte Italia,https://www.hotelsdrop.com/hotel/ai-tigli-e-la-casa-grande-di-corte-italia-casaleone,+39 347 666 2653
residenzastazione@gmail.com,Residenza Stazione,https://www.hotelsdrop.com/hotel/residenza-stazione-casaleone,+39 345 859 0399
info@ilcortileguesthouse.it,Il Cortile guesthouse Affitti brevi,https://www.hotelsdrop.com/hotel/il-cortile-guesthouse-affitti-brevi-casaletto-lodigiano,+39 375 789 5187
info@incantodiluna.it,Incanto di Luna,https://www.hotelsdrop.com/hotel/incanto-di-luna-casaletto-spartano,+39 392 002 8899
info@masseriacatacatascia.it,Masseria Agromusicale Cata Catascia,https://www.hotelsdrop.com/hotel/masseria-agromusicale-cata-catascia-casaletto-spartano,+39 338 344 3936
palazzomenghina@gmail.com,Palazzo Menghina,https://www.hotelsdrop.com/hotel/palazzo-menghina-casaletto-spartano,+39 393 033 2260
http://info@dozzahotel.it,Hotel Dozza,https://www.hotelsdrop.com/hotel/hotel-dozza-casalfiumanese,+39 392 184 6268
reservation@zappicyclinghotel.com,Zappi Cycling Hotel,https://www.hotelsdrop.com/hotel/zappi-cycling-hotel-casalfiumanese,+39 377 579 3606
agriturismoilcasalegrande@gmail.com,Agriturismo Il Casale Grande,https://www.hotelsdrop.com/hotel/agriturismo-il-casale-grande-casalgrande,+39 337 120 1084
locandariserva@gmail.com,La Riserva,https://www.hotelsdrop.com/hotel/la-riserva-casalgrande,+39 329 116 7353
info@laruotarooms.it,La Ruota Rooms,https://www.hotelsdrop.com/hotel/la-ruota-rooms-casalgrande,+39 393 323 2203
mailto.booking@boulevard900.it,Boulevard 900,https://www.hotelsdrop.com/hotel/boulevard-900-casalgrasso,+39 370 100 0333
info@morellihome.it,B&B Morelli Home,https://www.hotelsdrop.com/hotel/b-b-morelli-home-casali-del-manco,+39 327 189 8530
info@svevocosenza.it,B&B Svevo,https://www.hotelsdrop.com/hotel/b-b-svevo-casali-del-manco,+39 340 853 2090
info@centrosportivolorica.it,"Centro Sportivo lorica, B&BForesteria, Canoe, Pedalò, Bar Ristorante, Sala eventi, Terrazza panoramica.",https://www.hotelsdrop.com/hotel/centro-sportivo-lorica-b-bforesteria-canoe-pedal-casali-del-manco,+39 366 296 7309
info@dimoradematera.com,"Dimora ""De Matera""",https://www.hotelsdrop.com/hotel/dimora-de-matera-casali-del-manco,+39 392 118 2401
info@loricasuitelago.it,Lorica Suite Lago,https://www.hotelsdrop.com/hotel/lorica-suite-lago-casali-del-manco,+39 338 621 3337
giuseppe@lorichiamo.com,LorichiAmo B&b,https://www.hotelsdrop.com/hotel/lorichiamo-b-b-casali-del-manco,+39 320 795 0145
camere.agriturismograziosa@gmail.com,Agriturismo Cascina Graziosa AGMA,https://www.hotelsdrop.com/hotel/agriturismo-cascina-graziosa-agma-casalino,+39 331 213 0542
info@dachiappartamenti.com,Castramajora Alloggi,https://www.hotelsdrop.com/hotel/castramajora-alloggi-casalmaggiore,+39 388 306 6578
info@torrefazioneladycafe.com,TLcafè Hospitality B&B formula,https://www.hotelsdrop.com/hotel/tlcafe-hospitality-b-b-formula-casalmaggiore,+39 338 358 3125
info@residenceborromeo.com,Residence Borromeo Service,https://www.hotelsdrop.com/hotel/residence-borromeo-service-casalmaiocco,+39 333 162 5416
anticafornacesoresina@gmail.com,Agriturismo Antica Fornace,https://www.hotelsdrop.com/hotel/agriturismo-antica-fornace-casalmorano,+39 338 723 9539
cabiscott.mantova@gmail.com,Affittacamere Ca’ Biscòtt,https://www.hotelsdrop.com/hotel/affittacamere-ca-biscott-casalmoro,+39 375 983 7659
info@bbcasazzedream.it,B&B Casazze Dream,https://www.hotelsdrop.com/hotel/b-b-casazze-dream-casalmoro,+39 366 654 9680
lacasadellerondini302@gmail.com,B&B La Casa delle Rondini,https://www.hotelsdrop.com/hotel/b-b-la-casa-delle-rondini-casalmoro,+39 338 225 3100
pascolone@casapascolone.it,Bed and Breakfast Casa Pascolone,https://www.hotelsdrop.com/hotel/bed-and-breakfast-casa-pascolone-casalmoro,+39 335 686 8467
info@bebcasadelteatromantova.it,Foresteria Casa del Teatro,https://www.hotelsdrop.com/hotel/foresteria-casa-del-teatro-casalmoro,+39 345 710 4528
info@florebnb.com,Flore B&B,https://www.hotelsdrop.com/hotel/flore-b-b-casalnuovo-monterotaro,+39 338 375 6973
agriturismonuvolino@gmail.com,Agriturismo Nuvolino - Monzambano,https://www.hotelsdrop.com/hotel/agriturismo-nuvolino-monzambano-casaloldo,+39 339 616 5182
info@cortepomgrana.it,Corte Pomgrana' Bed and Breakfast,https://www.hotelsdrop.com/hotel/corte-pomgrana-bed-and-breakfast-casaloldo,+39 335 613 8617
info@bbpiacenza.com,B&B Antica Piacenza,https://www.hotelsdrop.com/hotel/b-b-antica-piacenza-casalpusterlengo,+39 349 802 2849
ing.francescoperi@gmail.com,Guest House Località Sorbara,https://www.hotelsdrop.com/hotel/guest-house-localita-sorbara-casalromano,+39 335 684 2484
gabriellaboggian@gmail.com,Al Casale B&B,https://www.hotelsdrop.com/hotel/al-casale-b-b-casalserugo,+39 347 706 5853
info@padovabnb.it,Room Garden,https://www.hotelsdrop.com/hotel/room-garden-casalserugo,+39 348 708 8360
domusantica@gmail.com,Domus Antica Guest House,https://www.hotelsdrop.com/hotel/domus-antica-guest-house-casaluce,+39 393 435 7403
info@ilcortilettodelborgo.it,il Cortiletto del Borgo,https://www.hotelsdrop.com/hotel/il-cortiletto-del-borgo-casalvecchio-di-puglia,+39 328 864 8470
info@bebpietramontecorvino.it,Vista Normanna,https://www.hotelsdrop.com/hotel/vista-normanna-casalvecchio-di-puglia,+39 328 355 8080
info@lalocandadegliamici.it,La Locanda degli amici,https://www.hotelsdrop.com/hotel/la-locanda-degli-amici-casalvecchio-siculo,+39 334 190 4529
mauparisi@hotmail.com,NUOVA AURORA Rent Rooms,https://www.hotelsdrop.com/hotel/nuova-aurora-rent-rooms-casalvecchio-siculo,+39 347 038 0652
info@castelcicala.com,B&B Castelcicala,https://www.hotelsdrop.com/hotel/b-b-castelcicala-casamarciano,+39 335 614 2873
info@bnbguarini.it,B&B Guarini,https://www.hotelsdrop.com/hotel/b-b-guarini-casamassima,+39 351 519 0615
prenotazioni@relaisdelmarchese.it,B&B Relais del Marchese,https://www.hotelsdrop.com/hotel/b-b-relais-del-marchese-casamassima,+39 328 032 5052
info@bb-viaroma.it,Bed & Breakfast Via Roma 15,https://www.hotelsdrop.com/hotel/bed-breakfast-via-roma-15-casamassima,+39 327 106 6120
prenotazioni@dimorarossi.it,Dimora Rossi,https://www.hotelsdrop.com/hotel/dimora-rossi-casamassima,+39 339 619 4857
palazzodidonna@gmail.com,Dimora Storica Palazzo Didonna,https://www.hotelsdrop.com/hotel/dimora-storica-palazzo-didonna-casamassima,+39 348 334 2889
info@holidayresidence.it,Holiday Residence di Michele Lucente,https://www.hotelsdrop.com/hotel/holiday-residence-di-michele-lucente-casamassima,+39 348 373 7715
beblamaison.acquaviva@gmail.com,La Maison,https://www.hotelsdrop.com/hotel/la-maison-casamassima,+39 347 299 2220
info@latorredeltempo.it,La Torre del Tempo,https://www.hotelsdrop.com/hotel/la-torre-del-tempo-casamassima,+39 351 192 4840
info@elpamas.com,Hotel El Pamas,https://www.hotelsdrop.com/hotel/hotel-el-pamas-casandrino,+39 345 369 0377
agriturismo.acanonica@gmail.com,Agriturismo A Canonica,https://www.hotelsdrop.com/hotel/agriturismo-a-canonica-casanova-lerrone,+39 339 633 3692
info@agriturismouspigu.it,Agriturismo U' Spigu Paravenna - Garlenda,https://www.hotelsdrop.com/hotel/agriturismo-u-spigu-paravenna-garlenda-casanova-lerrone,+39 339 373 6543
borgoameno@libero.it,Borgoameno,https://www.hotelsdrop.com/hotel/borgoameno-casanova-lerrone,+39 333 252 3231
info@villabarca.com,VILLA BARCA (Casa Carpe Diem),https://www.hotelsdrop.com/hotel/villa-barca-casa-carpe-diem-casanova-lerrone,+39 353 405 4476
contact@mysite.com,Residence Mirage,https://www.hotelsdrop.com/hotel/residence-mirage-caselle-torinese,+39 331 993 0391
bebvanvitelli@gmail.com,B&B Vanvitelli,https://www.hotelsdrop.com/hotel/b-b-vanvitelli-caserta,+39 392 999 0105
info@contespencer.it,Bed And Breakfast - Conte Spencer,https://www.hotelsdrop.com/hotel/bed-and-breakfast-conte-spencer-caserta,+39 328 322 9332
info@realborbone.it,Real Borbone,https://www.hotelsdrop.com/hotel/real-borbone-caserta,+39 349 824 2067
beb.carina@gmail.com,B&B Ca' Rina,https://www.hotelsdrop.com/hotel/b-b-ca-rina-casier,+39 389 427 6241
ranieri.g@live.it,Infinity House,https://www.hotelsdrop.com/hotel/infinity-house-casier,+39 393 036 2700
info@terredicasalia.it,Agriturismo Terre di Casalia,https://www.hotelsdrop.com/hotel/agriturismo-terre-di-casalia-casina,+39 349 838 2733
bebluvafragolina@gmail.com,Bed & Breakfast L'Uva Fragolina,https://www.hotelsdrop.com/hotel/bed-breakfast-l-uva-fragolina-casina,+39 347 305 3898
info@madonnadellacorte.com,Madonna della Corte,https://www.hotelsdrop.com/hotel/madonna-della-corte-casina,+39 334 294 7423
info@home4you.it,Home4you Treviglio,https://www.hotelsdrop.com/hotel/home4you-treviglio-casirate-d-adda,+39 379 133 0200
contatto@esempio.it,B&B ARCOBALENO,https://www.hotelsdrop.com/hotel/b-b-arcobaleno-caslino-d-erba,+39 339 218 4408
info@agriturismocadellago.com,Agriturismo Ca del Lago,https://www.hotelsdrop.com/hotel/agriturismo-ca-del-lago-casnate-con-bernate,+39 338 638 4217
info@agriturismozertin.com,AGRITURISMO ZERTIN,https://www.hotelsdrop.com/hotel/agriturismo-zertin-casnate-con-bernate,+39 331 650 5822
info@alciliegio.com,B&B Alciliegio,https://www.hotelsdrop.com/hotel/b-b-alciliegio-casnate-con-bernate,+39 347 259 1350
info@tenutaroncoregio.it,Tenuta Ronco Regio,https://www.hotelsdrop.com/hotel/tenuta-ronco-regio-casnate-con-bernate,+39 331 817 8636
k4b-am@kayak.com,La Vigna del Vento,https://www.hotelsdrop.com/hotel/la-vigna-del-vento-casola-di-napoli,+39 339 357 4735
info@villacasola.it,Villa Casola B&B,https://www.hotelsdrop.com/hotel/villa-casola-b-b-casola-di-napoli,+39 389 879 3518
larisorgiva.fivizzano@gmail.com,B&b La Risorgiva,https://www.hotelsdrop.com/hotel/b-b-la-risorgiva-casola-in-lunigiana,+39 340 993 4953
info@casavinicia.it,Casa Vinicia,https://www.hotelsdrop.com/hotel/casa-vinicia-casola-in-lunigiana,+39 371 350 2306
info@castellodifosdinovo.it,Castello Malaspina di Fosdinovo,https://www.hotelsdrop.com/hotel/castello-malaspina-di-fosdinovo-casola-in-lunigiana,+39 349 816 3641
info@agriturismodiladallacqua.it,podere groppini,https://www.hotelsdrop.com/hotel/podere-groppini-casola-in-lunigiana,+39 348 772 2748
info@agriturismocaminata.com,Agriturismo Caminata,https://www.hotelsdrop.com/hotel/agriturismo-caminata-casola-valsenio,+39 349 748 4294
info@agriturismomariano.it,Agriturismo Mariano,https://www.hotelsdrop.com/hotel/agriturismo-mariano-casola-valsenio,+39 339 799 0462
info@agriturismoicasali.com,Agriturismo I Casali,https://www.hotelsdrop.com/hotel/agriturismo-i-casali-casole-d-elsa,+39 340 081 9478
info@poderetremulini.it,Agriturismo Podere Tremulini,https://www.hotelsdrop.com/hotel/agriturismo-podere-tremulini-casole-d-elsa,+39 339 540 5065
info@borgoalcerro.com,Borgo al Cerro,https://www.hotelsdrop.com/hotel/borgo-al-cerro-casole-d-elsa,+39 348 777 6401
info@grecinella.com,Grecinella,https://www.hotelsdrop.com/hotel/grecinella-casole-d-elsa,+39 393 051 2301
info@madreselva.it,HOTEL LA SELVA - HOLISTIC HOTEL,https://www.hotelsdrop.com/hotel/hotel-la-selva-holistic-hotel-casole-d-elsa,+39 393 061 4682
info@poderemonti.net,Monti 1824 - Cottages & Apartments,https://www.hotelsdrop.com/hotel/monti-1824-cottages-apartments-casole-d-elsa,+39 344 509 9185
giovannarapino@gmail.com,B&B La Casa di Giò,https://www.hotelsdrop.com/hotel/b-b-la-casa-di-gio-casoli,360 304 752
lotushouselanciano@gmail.com,Lotus House Boutique B&b,https://www.hotelsdrop.com/hotel/lotus-house-boutique-b-b-casoli,+39 378 084 4678
margaret.bottini@gmail.com,Agriturismo Sant'Anna,https://www.hotelsdrop.com/hotel/agriturismo-sant-anna-casorate-sempione,+39 348 263 8984
info@beblafilanda.it,B&B La Filanda di Francesca Meneghin,https://www.hotelsdrop.com/hotel/b-b-la-filanda-di-francesca-meneghin-casorezzo,+39 347 339 6015
posta@sangiacomohorses.it,San Giacomo Horses & Agriturismo,https://www.hotelsdrop.com/hotel/san-giacomo-horses-agriturismo-casorezzo,+39 339 738 1988
stay@countryhousemontessino.com,Country House Montessino,https://www.hotelsdrop.com/hotel/country-house-montessino-casorzo-monferrato,+39 340 741 1729
cortebuenavista@gmail.com,Corte Buenavista Guest House,https://www.hotelsdrop.com/hotel/corte-buenavista-guest-house-casperia,+39 335 690 2075
info@relaisborgogentile.it,Relais Borgo Gentile,https://www.hotelsdrop.com/hotel/relais-borgo-gentile-casperia,+39 346 353 3937
webmaster@agarthisuites.com,Agarthi Suites,https://www.hotelsdrop.com/hotel/agarthi-suites-caspoggio,+39 320 302 2857
info@aduepassidalmondo.it,B&B A due passi dal mondo,https://www.hotelsdrop.com/hotel/b-b-a-due-passi-dal-mondo-cassago-brianza,+39 347 513 4651
prenotazioni@bblacasatadelprof.it,B&B La Casata del Prof,https://www.hotelsdrop.com/hotel/b-b-la-casata-del-prof-cassano-all-ionio,+39 379 299 0789
info@lacastellanacivita.it,B&B La Castellana,https://www.hotelsdrop.com/hotel/b-b-la-castellana-cassano-all-ionio,+39 340 479 4467
laghiroom@gmail.com,Laghi Room Only,https://www.hotelsdrop.com/hotel/laghi-room-only-cassano-all-ionio,+39 351 546 4358
agriturismotrepini@gmail.com,Agriturismo Tre Pini Cassano delle murge di Plantamura Felicia Antonia,https://www.hotelsdrop.com/hotel/agriturismo-tre-pini-cassano-delle-murge-di-plan-cassano-delle-murge,+39 392 425 5554
aracoeli20contatti@gmail.com,ARACOELI 20,https://www.hotelsdrop.com/hotel/aracoeli-20-cassano-delle-murge,+39 380 341 5437
info@finestresulborgo.it,Finestre sul Borgo,https://www.hotelsdrop.com/hotel/finestre-sul-borgo-cassano-delle-murge,+39 347 178 9799
ilcantuccio@gmail.com,Il Cantuccio,https://www.hotelsdrop.com/hotel/il-cantuccio-cassano-delle-murge,+39 328 967 8858
info@dimoredelgaribaldi.it,Le Dimore del Garibaldi,https://www.hotelsdrop.com/hotel/le-dimore-del-garibaldi-cassano-delle-murge,+39 347 641 5278
info@palazzo-novecento.com,Palazzo Novecento B&B,https://www.hotelsdrop.com/hotel/palazzo-novecento-b-b-cassano-delle-murge,+39 346 790 5926
info@runhouse07.it,Run House 07 Rooms & Apartments,https://www.hotelsdrop.com/hotel/run-house-07-rooms-apartments-cassano-delle-murge,+39 324 619 1371
info@agrihousedamarisa.it,Agriturismo Agrihouse Da Marisa,https://www.hotelsdrop.com/hotel/agriturismo-agrihouse-da-marisa-cassano-irpino,+39 324 786 3336
info@lafollonella.it,Agriturismo La Follonella,https://www.hotelsdrop.com/hotel/agriturismo-la-follonella-cassano-irpino,+39 320 682 0400
support@centralstay.eu,Vinea del Selvatico Cascina Agricola,https://www.hotelsdrop.com/hotel/vinea-del-selvatico-cascina-agricola-cassano-irpino,+39 379 231 3444
typesetit@att.net,Tenuta San Giorgio,https://www.hotelsdrop.com/hotel/tenuta-san-giorgio-cassano-spinola,+39 339 591 2565
broglia.azienda@broglia.it,Villa Girardengo,https://www.hotelsdrop.com/hotel/villa-girardengo-cassano-spinola,+39 331 384 7521
info@agriturismoportapantalica.eu,Agriturismo Porta Pantalica,https://www.hotelsdrop.com/hotel/agriturismo-porta-pantalica-cassaro,+39 338 372 6613
info@casavendicari.it,Casa Vendicari Boutique Hotel,https://www.hotelsdrop.com/hotel/casa-vendicari-boutique-hotel-cassaro,+39 344 534 1535
ciclaminosr@gmail.com,Ciclamino Siracusa（仙客来华夏旅馆）,https://www.hotelsdrop.com/hotel/ciclamino-siracusa-cassaro,+39 389 556 6886
ficopalasuites@gmail.com,FICOPALA SUITES,https://www.hotelsdrop.com/hotel/ficopala-suites-cassaro,+39 320 758 0721
basilicofood123@gmail.com,AGRITURISMO CA' DI FRANCHI',https://www.hotelsdrop.com/hotel/agriturismo-ca-di-franchi-cassiglio,+39 338 967 6659
agriturismocadiracc@hotmail.it,Agriturismo Ca' di Racc,https://www.hotelsdrop.com/hotel/agriturismo-ca-di-racc-cassiglio,+39 380 799 5369
alcasot@gmail.com,Agriturismo I Pascoli -Azienda Agricola Al Casot- cucina casalinga,https://www.hotelsdrop.com/hotel/agriturismo-i-pascoli-azienda-agricola-al-casot-cassiglio,+39 347 052 5026
info@adelche.it,B&B Adelché,https://www.hotelsdrop.com/hotel/b-b-adelche-cassiglio,+39 339 247 9553
sviluppoimmobiliaretim@gmail.com,Appartamenti LECCO per brevi periodi,https://www.hotelsdrop.com/hotel/appartamenti-lecco-per-brevi-periodi-cassina-valsassina,+39 393 747 4270
cascinacornella2014@gmail.com,B&B CASCINA CORNELLA CIN: IT097029C1OAXEL54H,https://www.hotelsdrop.com/hotel/b-b-cascina-cornella-cin-it097029c1oaxel54h-cassina-valsassina,+39 335 731 1041
borgodeipescatori.info@gmail.com,Borgo Dei Pescatori,https://www.hotelsdrop.com/hotel/borgo-dei-pescatori-cassina-valsassina,+39 338 448 1935
info@masozambo.com,Maso Zambo - Mountain Lodge and Restaurant,https://www.hotelsdrop.com/hotel/maso-zambo-mountain-lodge-and-restaurant-cassina-valsassina,+39 348 441 4370
rifugiobubbio@gmail.com,"Rifugio Escursionistico ex-scuola Grassi, Bubbio",https://www.hotelsdrop.com/hotel/rifugio-escursionistico-ex-scuola-grassi-bubbio-cassinasco,+39 348 770 8519
achillecava@gmail.com,Agriturismo il Buonvicino,https://www.hotelsdrop.com/hotel/agriturismo-il-buonvicino-cassine,+39 348 353 1976
webmaster@agriturismoamodomio.com,A Modo Mio,https://www.hotelsdrop.com/hotel/a-modo-mio-cassinelle,+39 340 052 5249
info@promoweb.me,Domus Cassino Centro,https://www.hotelsdrop.com/hotel/domus-cassino-centro-cassino,+39 379 209 7130
ilmagicorto@gmail.com,Agriturismo Il Magicorto,https://www.hotelsdrop.com/hotel/agriturismo-il-magicorto-cassola,+39 351 854 6485
info@tenutalapila.it,Tenuta la Pila - Agriturismo Verona,https://www.hotelsdrop.com/hotel/tenuta-la-pila-agriturismo-verona-castagnaro,+39 389 346 4611
info@gallinellaglamping.it,Agricamping La Gallinella,https://www.hotelsdrop.com/hotel/agricamping-la-gallinella-castagneto-carducci,+39 375 818 3432
info@relaislefornacelle.com,Relais Le Fornacelle,https://www.hotelsdrop.com/hotel/relais-le-fornacelle-castagneto-carducci,+39 339 238 1564
info@villacuriel.it,Villa Curiel,https://www.hotelsdrop.com/hotel/villa-curiel-castagneto-carducci,335 361 720
info@hotel-lameridiana.it,Hotel La Meridiana,https://www.hotelsdrop.com/hotel/hotel-la-meridiana-castagneto-po,+39 366 997 3778
bbcasamargot@gmail.com,B&B CASA MARGOT,https://www.hotelsdrop.com/hotel/b-b-casa-margot-castagnito,+39 393 945 4837
info@bbmarzia.it,B&B Marzia,https://www.hotelsdrop.com/hotel/b-b-marzia-castagnito,+39 339 327 4797
amabile@cascinabaresane.it,Cascina Baresane Da Amabile,https://www.hotelsdrop.com/hotel/cascina-baresane-da-amabile-castagnito,+39 335 724 8764
info@cascinacortine.com,Cascina Cortine,https://www.hotelsdrop.com/hotel/cascina-cortine-castagnito,+39 335 741 3479
info@dimoracortese.it,Dimora Cortese,https://www.hotelsdrop.com/hotel/dimora-cortese-castagnole-delle-lanze,+39 347 671 3615
discover@monvirelais.com,Monvì Wine Relais,https://www.hotelsdrop.com/hotel/monvi-wine-relais-castagnole-delle-lanze,+39 380 771 7653
vicoloalcastello.langhesuites@gmail.com,Vicolo Al Castello - Langhe e Monferrato Suites,https://www.hotelsdrop.com/hotel/vicolo-al-castello-langhe-e-monferrato-suites-castagnole-delle-lanze,+39 346 370 3478
info@villacristinasuite.it,Villa Cristina Suite,https://www.hotelsdrop.com/hotel/villa-cristina-suite-castagnole-delle-lanze,+39 351 694 1355
info@villa-perla.it,Villa Perla,https://www.hotelsdrop.com/hotel/villa-perla-castagnole-delle-lanze,+39 331 730 9038
office@lamondianese.com,La Mondianese D&Vine,https://www.hotelsdrop.com/hotel/la-mondianese-d-vine-castagnole-monferrato,+39 320 893 8182
bb.edera27@gmail.com,B&B Edera,https://www.hotelsdrop.com/hotel/b-b-edera-castagnole-piemonte,+39 333 676 6526
bbdelcorsocastano@gmail.com,B&B DEL CORSO,https://www.hotelsdrop.com/hotel/b-b-del-corso-castano-primo,+39 327 853 2549
info@imbeb.it,I’M B&B,https://www.hotelsdrop.com/hotel/i-m-b-b-castano-primo,+39 349 521 5725
info@villoresirooms.com,VILLORESI ROOMS,https://www.hotelsdrop.com/hotel/villoresi-rooms-castano-primo,+39 339 333 3919
beboltrepogloria@outlook.it,B&B Oltrepo di Albertini Gloria,https://www.hotelsdrop.com/hotel/b-b-oltrepo-di-albertini-gloria-casteggio,+39 333 410 9048
portierestella@hotmail.it,Agriturismo Masseria Portiere Stella,https://www.hotelsdrop.com/hotel/agriturismo-masseria-portiere-stella-castel-di-iudica,+39 339 337 8809
ilmiglioinpiu@yahoo.it,B&B Il Miglio In Più,https://www.hotelsdrop.com/hotel/b-b-il-miglio-in-piu-castel-di-lucio,+39 348 779 6288
info@heartofsicily.it,Exclusive Apartments in center,https://www.hotelsdrop.com/hotel/exclusive-apartments-in-center-castel-di-lucio,+39 339 210 6375
info@grandipgroup.com,La Rocca,https://www.hotelsdrop.com/hotel/la-rocca-castel-di-lucio,+39 333 967 7440
info@abadiahouse.it,a Badia,https://www.hotelsdrop.com/hotel/a-badia-castelbuono,+39 329 778 4051
info@bbportadellemadonie.it,B&B Porta Delle Madonie,https://www.hotelsdrop.com/hotel/b-b-porta-delle-madonie-castelbuono,+39 348 792 1370
info@bbtuliplotus.it,B&B TULIP LOTUS CASTELBUONO,https://www.hotelsdrop.com/hotel/b-b-tulip-lotus-castelbuono-castelbuono,+39 348 814 1349
villamletizia@alice.it,B&B Villa Letizia Inn,https://www.hotelsdrop.com/hotel/b-b-villa-letizia-inn-castelbuono,+39 328 429 3876
casegiannone@gmail.com,Bed and Breakfast Case Giannone,https://www.hotelsdrop.com/hotel/bed-and-breakfast-case-giannone-casteldaccia,+39 328 542 9097
roomgallettiinguaggiato@gmail.com,Room Galletti-Inguaggiato,https://www.hotelsdrop.com/hotel/room-galletti-inguaggiato-casteldaccia,+39 338 856 1713
solusbnb@gmail.com,Solus B&B,https://www.hotelsdrop.com/hotel/solus-b-b-casteldaccia,+39 334 818 5959
villainpalermo@gmail.com,Vile in Palermo,https://www.hotelsdrop.com/hotel/vile-in-palermo-casteldaccia,+39 339 443 3333
info@doncesarino.com,"Agriturismo ""Don Cesarino"" - Az. Agr. Ing. Dario Di Vincenzo",https://www.hotelsdrop.com/hotel/agriturismo-don-cesarino-az-agr-ing-dario-di-vin-castell-umberto,+39 333 794 9602
info@fattoriasanpio.it,Agriturismo Fattoria San Pio,https://www.hotelsdrop.com/hotel/agriturismo-fattoria-san-pio-castell-umberto,+39 327 008 4879
fontanapietra@gmail.com,Agriturismo Fontanapietra,https://www.hotelsdrop.com/hotel/agriturismo-fontanapietra-castell-umberto,+39 339 767 8428
info@agriturismolasorgentesinagra.it,AGRITURISMO LA SORGENTE,https://www.hotelsdrop.com/hotel/agriturismo-la-sorgente-castell-umberto,+39 329 596 9102
dcastano@fipporte.com,B&B Il Capitano,https://www.hotelsdrop.com/hotel/b-b-il-capitano-castell-umberto,+39 327 837 5765
me.gi.srls23@gmail.com,Tenuta Albachiara,https://www.hotelsdrop.com/hotel/tenuta-albachiara-castell-umberto,+39 379 170 1234
info@casedanna.it,Affittacamere Case D'Anna - Castellammare del Golfo,https://www.hotelsdrop.com/hotel/affittacamere-case-d-anna-castellammare-del-golf-castellammare-del-golfo,+39 320 060 6126
info@vacanzedelgolfo.it,B&B A Mare,https://www.hotelsdrop.com/hotel/b-b-a-mare-castellammare-del-golfo,+39 335 875 6243
info@lacasadelpittorepetralia.it,La Casa del Pittore di Petralia,https://www.hotelsdrop.com/hotel/la-casa-del-pittore-di-petralia-castellana-sicula,+39 335 137 0296
residenzaiportici@gmail.com,Residenza i Portici,https://www.hotelsdrop.com/hotel/residenza-i-portici-abbadia-cerreto,+39 340 081 0069
info@theviewtaormina.com,The View Luxury Apartments Taormina,https://www.hotelsdrop.com/hotel/the-view-luxury-apartments-taormina-castelmola,+39 342 187 6384
info@bbpalmentu.com,U Palmentu,https://www.hotelsdrop.com/hotel/u-palmentu-castelmola,+39 346 728 2831
info@villamabel.com,Villa Mabel Boutique Hotel,https://www.hotelsdrop.com/hotel/villa-mabel-boutique-hotel-castelmola,+39 377 367 9470
info@agrisicilia.it,Agrisicilia,https://www.hotelsdrop.com/hotel/agrisicilia-castelvetrano,+39 380 517 9233
pltmanagement@libero.it,B&B Camagna Country House,https://www.hotelsdrop.com/hotel/b-b-camagna-country-house-castelvetrano,+39 347 802 1347
info@iltempiodihera.com,B&B Il Tempio di Hera,https://www.hotelsdrop.com/hotel/b-b-il-tempio-di-hera-castelvetrano,+39 328 194 9796
info@baitanhotel.com,Baitan - Custom Experience Hotel,https://www.hotelsdrop.com/hotel/baitan-custom-experience-hotel-castelvetrano,+39 351 425 0080
salluzzo@gmail.com,Bed and Breakfast San Giovanni,https://www.hotelsdrop.com/hotel/bed-and-breakfast-san-giovanni-castelvetrano,+39 338 144 0789
info@palazzoalcarmine.it,Palazzo al Carmine Dimora Storica,https://www.hotelsdrop.com/hotel/palazzo-al-carmine-dimora-storica-castelvetrano,+39 392 042 5019
contatto@esempio.it,Animosa Suites,https://www.hotelsdrop.com/hotel/animosa-suites-castiglione-di-sicilia,+39 392 480 8402
info.iltanaceto@gmail.com,B&B - Country house- Il Tanaceto,https://www.hotelsdrop.com/hotel/b-b-country-house-il-tanaceto-castiglione-di-sicilia,+39 328 932 2693
carma.rooms@gmail.com,CarMa Luxury Rooms,https://www.hotelsdrop.com/hotel/carma-luxury-rooms-castiglione-di-sicilia,+39 334 347 7048
mariagiovanna.veroux@hotmail.it,Il Glicine,https://www.hotelsdrop.com/hotel/il-glicine-castiglione-di-sicilia,+39 347 447 6014
affittacamerearcodeisogni@gmail.com,L’ Arco dei Sogni,https://www.hotelsdrop.com/hotel/l-arco-dei-sogni-castiglione-di-sicilia,+39 331 367 0080
babilonia.ag.it@gmail.com%20,B&B Babilonia,https://www.hotelsdrop.com/hotel/b-b-babilonia-castrofilippo,+39 379 235 5581
info@nuovoborgotripi.it,B&b Nuovo Borgo,https://www.hotelsdrop.com/hotel/b-b-nuovo-borgo-castroreale,+39 340 343 0446
lacasettamilazzo@gmail.com,La Casetta B&B,https://www.hotelsdrop.com/hotel/la-casetta-b-b-castroreale,+39 348 699 5311
info@bblelefante.com,B&B l'Elefante,https://www.hotelsdrop.com/hotel/b-b-l-elefante-catania,+39 340 107 6699
info@badcatania.com,BAD - Bed & Breakfast and Design,https://www.hotelsdrop.com/hotel/bad-bed-breakfast-and-design-catania,+39 340 960 1012
info@palazzocerami.it,Bed & Breakfast Palazzo Cerami Catania,https://www.hotelsdrop.com/hotel/bed-breakfast-palazzo-cerami-catania-catania,+39 334 225 8249
info@charmesuites.it,Charme Catania Central Suites,https://www.hotelsdrop.com/hotel/charme-catania-central-suites-catania,+39 327 711 2795
info@etnasuiterooms.com,Etna Suite,https://www.hotelsdrop.com/hotel/etna-suite-catania,+39 391 394 6022
infopalazzosantalfano@gmail.com,Palazzo Sant'Alfano - B&B Catania centro storico,https://www.hotelsdrop.com/hotel/palazzo-sant-alfano-b-b-catania-centro-storico-catania,+39 348 269 6187
contact@globostay.com,San Giovanni Apartment - Guest House,https://www.hotelsdrop.com/hotel/san-giovanni-apartment-guest-house-catanzaro,+39 334 957 8273
valenti@bbdelcasale.com,B&B del Casale Valenti,https://www.hotelsdrop.com/hotel/b-b-del-casale-valenti-catenanuova,+39 347 778 5211
daidone_edoardo@hotmail.it,Beb Il Viandante di Edoardo Daidone,https://www.hotelsdrop.com/hotel/beb-il-viandante-di-edoardo-daidone-catenanuova,+39 340 526 0309
aduepassidal@gmail.com,B&b A due Passi dal sole,https://www.hotelsdrop.com/hotel/b-b-a-due-passi-dal-sole-cattolica-eraclea,+39 329 663 2079
bberacleaminoamare@gmail.com,Bed & Breakfast Eraclea Minoa Mare,https://www.hotelsdrop.com/hotel/bed-breakfast-eraclea-minoa-mare-cattolica-eraclea,+39 338 413 0246
torreletus@gmail.com,Torre Letus,https://www.hotelsdrop.com/hotel/torre-letus-cattolica-eraclea,+39 329 773 0754
info@emeraldcefalu.com,Emerald Hotel Residence Cefalu,https://www.hotelsdrop.com/hotel/emerald-hotel-residence-cefalu-cefal,+39 329 257 4574
bbleduesicilie@gmail.com,Le Due Sicilie B&B - CIN IT082044C1HCL3FJEB,https://www.hotelsdrop.com/hotel/le-due-sicilie-b-b-cin-it082044c1hcl3fjeb-cerda,+39 371 314 0108
leterredihimera@libero.it,Terre di Himera Sicily charming agriturismo near Cefalù with private jacuzzi,https://www.hotelsdrop.com/hotel/terre-di-himera-sicily-charming-agriturismo-near-cerda,+39 338 790 8230
info@villadeste.com,Villa d'Este,https://www.hotelsdrop.com/hotel/villa-d-este-cernobbio-lake-como,+39 031 3481
info@lescerze.it,"Agriturismo Borgagne ""Le Scerze""",https://www.hotelsdrop.com/hotel/agriturismo-borgagne-le-scerze-cesar,+39 388 119 5933
info@casadica.it,Casa di Ca Rooms,https://www.hotelsdrop.com/hotel/casa-di-ca-rooms-cesar,+39 392 706 5307
info@cesaranum.it,Cesaranum B&B,https://www.hotelsdrop.com/hotel/cesaranum-b-b-cesar,+39 349 272 2377
dearmarybeb@gmail.com,Dear Mary B&B,https://www.hotelsdrop.com/hotel/dear-mary-b-b-cesar,+39 375 602 3289
ladicesareventi@gmail.com,Là di Cesar - affittacamere,https://www.hotelsdrop.com/hotel/la-di-cesar-affittacamere-cesar,+39 348 767 6580
onlyfortwo@onlyfortwogiumbabulla.it,only for two giumbabulla home and spa,https://www.hotelsdrop.com/hotel/only-for-two-giumbabulla-home-and-spa-chiaramonte-gulfi,+39 345 024 0184
info@masseria-rossella.com,Agriturismo Masseria Rossella,https://www.hotelsdrop.com/hotel/agriturismo-masseria-rossella-chiusa-sclafani,+39 366 469 3129
info@ilciliegio-bandb.it,Il Ciliegio Locazione Turistica,https://www.hotelsdrop.com/hotel/il-ciliegio-locazione-turistica-chiusa-sclafani,+39 338 734 7550
prenotazioni@lecasedicardellino.it,Le Case di Cardellino - AgriSpa,https://www.hotelsdrop.com/hotel/le-case-di-cardellino-agrispa-chiusa-sclafani,+39 334 311 3834
info@daltritempi.it,B&B D'ALTRITEMPI - elegance in Cianciana,https://www.hotelsdrop.com/hotel/b-b-d-altritempi-elegance-in-cianciana-cianciana,+39 349 810 5724
giada@bnbilmarediterrasini.com,B&B Il Mare di Terrasini,https://www.hotelsdrop.com/hotel/b-b-il-mare-di-terrasini-cinisi,+39 388 440 8580
italyrental@outlook.com,Capo Rama Suites & Rooms,https://www.hotelsdrop.com/hotel/capo-rama-suites-rooms-cinisi,+39 388 253 2977
kunesias@live.it\,Kunesias B&B Cinisi,https://www.hotelsdrop.com/hotel/kunesias-b-b-cinisi-cinisi,+39 380 771 6432
info@terrasolebb.it,TerraSole Bakery B&B,https://www.hotelsdrop.com/hotel/terrasole-bakery-b-b-cinisi,360 866 775
info@alcarugio.it,Albergo Al Carugio (CIN:IT011019A1F9RJLJHZ),https://www.hotelsdrop.com/hotel/albergo-al-carugio-cin-it011019a1f9rjljhz-cinque-terre,+39 328 847 6276
margherita@hotelmonterosso.it,Hotel Margherita,https://www.hotelsdrop.com/hotel/hotel-margherita-cinque-terre,+39 340 194 2364
utente@dominio.com,Villino Wanda,https://www.hotelsdrop.com/hotel/villino-wanda-cinque-terre,+39 335 144 7012
info@tabarani.it,Agriturismo Case Tabarani,https://www.hotelsdrop.com/hotel/agriturismo-case-tabarani-collesano,+39 328 818 8742
agriturismodispenza@gmail.com,Agriturismo Dispenza,https://www.hotelsdrop.com/hotel/agriturismo-dispenza-collesano,+39 320 152 8051
605a7baede844d278b89dc95ae0a9123@sentry-next.wixpress.com,AZIENDA AGRICOLA ROCCA DI MEZZOGIORNO,https://www.hotelsdrop.com/hotel/azienda-agricola-rocca-di-mezzogiorno-collesano,+39 328 829 8419
info@parcocavalonga.it,Relais Parco Cavalonga Hotel,https://www.hotelsdrop.com/hotel/relais-parco-cavalonga-hotel-comiso,+39 366 672 1987
info@bebconfine.com,B&B Confine,https://www.hotelsdrop.com/hotel/b-b-confine-como,+39 338 119 8780
info@residenzacavour.it,B&B Residenza Cavour,https://www.hotelsdrop.com/hotel/b-b-residenza-cavour-como,+39 388 430 9018
info@bbvillaolmo.com,B&B Villa Olmo,https://www.hotelsdrop.com/hotel/b-b-villa-olmo-como,+39 339 578 0669
civico29como@gmail.com,Civico29 rooms&breakfast,https://www.hotelsdrop.com/hotel/civico29-rooms-breakfast-como,+39 366 971 0715
info@comoluxuryrooms.com,Como Luxury Rooms,https://www.hotelsdrop.com/hotel/como-luxury-rooms-como,+39 338 561 3996
info@comolakeholidayhome.com,Downtown Rooms,https://www.hotelsdrop.com/hotel/downtown-rooms-como,+39 335 825 4525
info@lestanzedellago.com,Le Stanze del Lago Suites&Pool,https://www.hotelsdrop.com/hotel/le-stanze-del-lago-suites-pool-como,+39 344 022 8895
info@santagatacomo.com,SantAgata Bed & Breakfast - Como,https://www.hotelsdrop.com/hotel/santagata-bed-breakfast-como-como,+39 339 528 5589
info@suiteslakecomo.com,Suites & Atelier Lake Como,https://www.hotelsdrop.com/hotel/suites-atelier-lake-como-como,+39 349 794 0744
info@alearooms.it,Aléa Rooms,https://www.hotelsdrop.com/hotel/alea-rooms-condr,+39 334 352 2019
booking@antichevoltelecce.com,Antiche Volte B&B,https://www.hotelsdrop.com/hotel/antiche-volte-b-b-condr,+39 333 382 5226
info@dimihouse.com,B&B Dimi House,https://www.hotelsdrop.com/hotel/b-b-dimi-house-condr,+39 393 900 0274
info@ilgiardinodellascuncerta.it,B&B Il Giardino della Scuncerta,https://www.hotelsdrop.com/hotel/b-b-il-giardino-della-scuncerta-condr,+39 376 179 9920
info@nididifeo.it,B&B Nidi di Feo,https://www.hotelsdrop.com/hotel/b-b-nidi-di-feo-condr,+39 328 474 5421
bnbfico@gmail.com,BnB FICO - B&B - Bed&Breakfast,https://www.hotelsdrop.com/hotel/bnb-fico-b-b-bed-breakfast-condr,+39 320 955 8155
dimoradeisalentini@gmail.com,Dimora dei Salentini B&B,https://www.hotelsdrop.com/hotel/dimora-dei-salentini-b-b-condr,+39 392 661 2616
info@distintolecce.it,Distinto Suite & Rooms B&B,https://www.hotelsdrop.com/hotel/distinto-suite-rooms-b-b-condr,+39 348 565 7673
riccardodedonno@libero.com,Five Rooms - Dimore Centro Lecce,https://www.hotelsdrop.com/hotel/five-rooms-dimore-centro-lecce-condr,+39 339 809 8421
cortile.lecce@gmail.com,Il Cortile Delle Esperidi B&B,https://www.hotelsdrop.com/hotel/il-cortile-delle-esperidi-b-b-condr,+39 338 569 2440
info@leccehouse.it,Lecce House B&B,https://www.hotelsdrop.com/hotel/lecce-house-b-b-condr,+39 347 816 5627
info@dimorasiqu.com,Dimora SIQU,https://www.hotelsdrop.com/hotel/dimora-siqu-contessa-entellina,+39 333 182 7107
info@villasalisa.com,Villa Salisà - Hotel Lido Fiori - Menfi,https://www.hotelsdrop.com/hotel/villa-salisa-hotel-lido-fiori-menfi-contessa-entellina,+39 388 771 1358
info@agrirelaisprincipespa.it,Agrirelais Principe SPA,https://www.hotelsdrop.com/hotel/agrirelais-principe-spa-corleone,+39 377 393 4876
mulinodiprada@gmail.com,B&B Mulino di Prada,https://www.hotelsdrop.com/hotel/b-b-mulino-di-prada-abbadia-cerreto,+39 335 126 6045
info@ancoracortina.com,Ancora Cortina,https://www.hotelsdrop.com/hotel/ancora-cortina-cortina-d-ampezzo,+39 390 436 3261
info@bbcasadorotei.com,B&B Casa Dorotei,https://www.hotelsdrop.com/hotel/b-b-casa-dorotei-cortina-d-ampezzo,+39 348 103 0648
booking@hotelcortina.com,Hotel Cortina,https://www.hotelsdrop.com/hotel/hotel-cortina-cortina-d-ampezzo,+39 390 436 4221
info@hotelcristallino.com,Hotel Cristallino d’Ampezzo,https://www.hotelsdrop.com/hotel/hotel-cristallino-d-ampezzo-cortina-d-ampezzo,+39 390 436 4690
info@hotelvillaneve.it,Hotel Meublè Villa Neve,https://www.hotelsdrop.com/hotel/hotel-meuble-villa-neve-cortina-d-ampezzo,+39 333 235 8482
hotel@montanacortina.it,Hotel Montana,https://www.hotelsdrop.com/hotel/hotel-montana-cortina-d-ampezzo,+39 390 436 4286
info@hotelpontechiesa.it,Hotel Pontechiesa,https://www.hotelsdrop.com/hotel/hotel-pontechiesa-cortina-d-ampezzo,+39 390 436 2523
info@hotelserenacortina.it,Hotel Serena,https://www.hotelsdrop.com/hotel/hotel-serena-cortina-d-ampezzo,+39 390 436 2604
info@villaalpina.it,Hotel Villa Alpina,https://www.hotelsdrop.com/hotel/hotel-villa-alpina-cortina-d-ampezzo,+39 390 436 2418
info@bbcoppola.com,B&B Coppola - San Vito Lo Capo,https://www.hotelsdrop.com/hotel/b-b-coppola-san-vito-lo-capo-custonaci,+39 328 417 0630
oleacastelluzzo@gmail.com,B&B Olea,https://www.hotelsdrop.com/hotel/b-b-olea-custonaci,+39 328 642 5791
info@tdsrent.it,Cala Buguto Hotel Ristorante,https://www.hotelsdrop.com/hotel/cala-buguto-hotel-ristorante-custonaci,+39 351 626 7536
info@catarin.it,Catarin,https://www.hotelsdrop.com/hotel/catarin-custonaci,+39 329 333 2697
hotelachibea@gmail.com,Hotel Achibea,https://www.hotelsdrop.com/hotel/hotel-achibea-custonaci,+39 339 119 1398
info@ilgiardinodellanonna.com,Il Giardino della Nonna,https://www.hotelsdrop.com/hotel/il-giardino-della-nonna-custonaci,+39 335 167 4271
iltramontobeb@gmail.com,Il Tramonto B&B,https://www.hotelsdrop.com/hotel/il-tramonto-b-b-custonaci,+39 347 495 2870
info@rotteesentieri.com,Rotte e Sentieri B&B,https://www.hotelsdrop.com/hotel/rotte-e-sentieri-b-b-custonaci,+39 329 490 5622
info@bebangelo.it,B&B ANGELO,https://www.hotelsdrop.com/hotel/b-b-angelo-delia,+39 389 175 6772
info@aziendeitalia.com,B&B Centro Sicilia Enna Centro,https://www.hotelsdrop.com/hotel/b-b-centro-sicilia-enna-centro-enna,+39 393 543 8428
doctorhousenna@tiscali.it,Doctor House,https://www.hotelsdrop.com/hotel/doctor-house-enna,+39 351 471 2011
ericeanticoborgo@gmail.com,Affittacamere Antico Borgo Erice,https://www.hotelsdrop.com/hotel/affittacamere-antico-borgo-erice-erice,+39 349 838 0344
info@bellavistaerice.it,B&B Bella vista,https://www.hotelsdrop.com/hotel/b-b-bella-vista-erice,+39 339 852 2110
ericemare@libero.it,B&B Erice Mare,https://www.hotelsdrop.com/hotel/b-b-erice-mare-erice,+39 328 277 2037
sanmartinoresidenceerice@gmail.com,Residenza San Martino,https://www.hotelsdrop.com/hotel/residenza-san-martino-erice,+39 389 637 9206
info@labrezzabeb.it,La Brezza B & B,https://www.hotelsdrop.com/hotel/la-brezza-b-b-falcone,+39 340 287 4692
info@lesuitediviaveneto.it,Le Suite Di Via Veneto,https://www.hotelsdrop.com/hotel/le-suite-di-via-veneto-favara,+39 320 833 6854
info@ajamola.it,Ajamola '800,https://www.hotelsdrop.com/hotel/ajamola-800-favignana,+39 320 149 1150
bebscalovecchio@tiscali.it,B&B Scalo Vecchio,https://www.hotelsdrop.com/hotel/b-b-scalo-vecchio-favignana,+39 329 785 7713
info@bebsulmare.com,Bed & Breakfast Sulmare Marettimo,https://www.hotelsdrop.com/hotel/bed-breakfast-sulmare-marettimo-favignana,+39 333 723 3478
info@dimoralatorre.it,Dimora La Torre Room,https://www.hotelsdrop.com/hotel/dimora-la-torre-room-favignana,+39 344 248 2832
casevacanzeilcorallorosso@gmail.com,Il Corallo Rosso,https://www.hotelsdrop.com/hotel/il-corallo-rosso-favignana,+39 393 694 3505
info@ilmulinofavignana.it,Il Mulino,https://www.hotelsdrop.com/hotel/il-mulino-favignana,+39 320 952 3649
booking@borgodelcarato.com,Borgo del Carato Case Sollima,https://www.hotelsdrop.com/hotel/borgo-del-carato-case-sollima-ferla,+39 348 172 6340
ficodindiarooms@gmail.com,Ficodindia rooms Sortino Pantalica,https://www.hotelsdrop.com/hotel/ficodindia-rooms-sortino-pantalica-ferla,+39 366 168 2031
info@oasis-acitrezza.com,B&B Oasis - Acitrezza,https://www.hotelsdrop.com/hotel/b-b-oasis-acitrezza-ficarazzi,+39 346 515 5880
palazzocorselli@gmail.com,B&B Palazzo Corselli,https://www.hotelsdrop.com/hotel/b-b-palazzo-corselli-ficarazzi,+39 333 614 5598
info@bebfirenzecentro.it,3B Bed and Breakfast Firenze Centro,https://www.hotelsdrop.com/hotel/3b-bed-and-breakfast-firenze-centro-firenze,+39 340 658 1695
florence@fourseasons.com,Four Seasons Hotel Firenze,https://www.hotelsdrop.com/hotel/four-seasons-hotel-firenze,+39 390 552 6261
info@hotelbrunelleschi.it,Hotel Brunelleschi,https://www.hotelsdrop.com/hotel/hotel-brunelleschi-firenze,+39 390 552 7370
hoteldaliflorence@gmail.com,Hotel Dali,https://www.hotelsdrop.com/hotel/hotel-dali-firenze,+39 339 576 9086
info@ilmercatocentrale.it,Il Mercato Centrale B and B,https://www.hotelsdrop.com/hotel/il-mercato-centrale-b-and-b-firenze,+39 331 393 4588
lafonderiafirenzebb@gmail.com,La Fonderia Firenze Bed and Breakfast in Florence,https://www.hotelsdrop.com/hotel/la-fonderia-firenze-bed-and-breakfast-in-florenc-firenze,+39 388 381 2571
info@florenceluxuryhome.com,Oltrarno VM48 by Florence Luxury Home,https://www.hotelsdrop.com/hotel/oltrarno-vm48-by-florence-luxury-home-firenze,+39 338 382 1830
info@palazzobiancacappello.com,Palazzo Bianca Cappello - Residenza d'Epoca,https://www.hotelsdrop.com/hotel/palazzo-bianca-cappello-residenza-d-epoca-firenze,+39 349 385 8520
info@palazzoridolfi.com,Palazzo Ridolfi - Residenza d'Epoca,https://www.hotelsdrop.com/hotel/palazzo-ridolfi-residenza-d-epoca-firenze,+39 392 715 4809
info@pontenani.com,Residenza Marchesi Pontenani,https://www.hotelsdrop.com/hotel/residenza-marchesi-pontenani-firenze,+39 380 124 1597
info@sognandofirenze.it,Sognando Firenze Bed & Breakfast,https://www.hotelsdrop.com/hotel/sognando-firenze-bed-breakfast-firenze,+39 329 884 5359
infoabsoluteflorence@gmail.com,Spirit of Florence Boutique Rooms,https://www.hotelsdrop.com/hotel/spirit-of-florence-boutique-rooms-firenze,+39 347 673 1941
info@residenzatoscanelli.com,Toscanelli Residenza d'Epoca,https://www.hotelsdrop.com/hotel/toscanelli-residenza-d-epoca-firenze,+39 375 556 9215
castellodalcontres@gmail.com,Castello D'Alcontres B&B,https://www.hotelsdrop.com/hotel/castello-d-alcontres-b-b-fiumedinisi,+39 393 988 9750
info@ilcovodeire.it,Il Covo dei Re,https://www.hotelsdrop.com/hotel/il-covo-dei-re-fiumedinisi,+39 339 226 9011
info@oasidelfiumefreddo.it,Agriturismo Oasi del Fiumefreddo,https://www.hotelsdrop.com/hotel/agriturismo-oasi-del-fiumefreddo-fiumefreddo-di-sicilia,+39 391 497 6759
info@casapaolo.it,B&B Casa Paolo,https://www.hotelsdrop.com/hotel/b-b-casa-paolo-fiumefreddo-di-sicilia,+39 340 764 5451
info@feudogrande.it,Feudogrande Bio Relais Hotel,https://www.hotelsdrop.com/hotel/feudogrande-bio-relais-hotel-fiumefreddo-di-sicilia,+39 392 918 5238
vedaelegantrooms@gmail.com,Veda Elegant Rooms b&b casa vacanze hotel con piscina zona taormina,https://www.hotelsdrop.com/hotel/veda-elegant-rooms-b-b-casa-vacanze-hotel-con-pi-fiumefreddo-di-sicilia,+39 344 130 8830
info@ponteduearchi.it,Agriturismo Ponte Due Archi,https://www.hotelsdrop.com/hotel/agriturismo-ponte-due-archi-floresta,+39 328 718 2465
borgoanticomontalbano@gmail.com,ALBERGO DIFFUSO MONTALBANO BORGO ANTICO,https://www.hotelsdrop.com/hotel/albergo-diffuso-montalbano-borgo-antico-floresta,+39 346 765 4897
lepoiane@live.it,B&B Le Poiane,https://www.hotelsdrop.com/hotel/b-b-le-poiane-floresta,+39 320 035 6297
dottoreaugusto@yahoo.it,Camping Agatos,https://www.hotelsdrop.com/hotel/camping-agatos-floresta,+39 338 947 8074
info@addauro.com,Addauro Resort,https://www.hotelsdrop.com/hotel/addauro-resort-floridia,+39 366 380 2155
info@agriturismosantelia.it,Agriturismo Sant'Elia,https://www.hotelsdrop.com/hotel/agriturismo-sant-elia-floridia,+39 340 349 3671
info@bbmediterraneo.com,B&B Mediterraneo,https://www.hotelsdrop.com/hotel/b-b-mediterraneo-floridia,+39 329 349 8115
info@bbkosmos.it,Bed & Breakfast Kosmos,https://www.hotelsdrop.com/hotel/bed-breakfast-kosmos-floridia,+39 392 789 5704
info@italianaresort.it,Italiana Resort Maniace,https://www.hotelsdrop.com/hotel/italiana-resort-maniace-floridia,+39 351 959 6788
alvicolettohouse@gmail.com,Al Vicoletto House,https://www.hotelsdrop.com/hotel/al-vicoletto-house-forza-d-agr,+39 389 565 2172
info@bbmareagro.com,B&B MareAgró,https://www.hotelsdrop.com/hotel/b-b-mareagro-forza-d-agr,+39 340 309 6605
domusmeasicily@gmail.com,Domus Mea,https://www.hotelsdrop.com/hotel/domus-mea-forza-d-agr,+39 377 599 7364
info@oreadi.it,Le Oreadi,https://www.hotelsdrop.com/hotel/le-oreadi-francavilla-di-sicilia,+39 329 693 7427
//info@castellocamemi.com,Castello Camemi,https://www.hotelsdrop.com/hotel/castello-camemi-francofonte,+39 328 431 5109
ferulaloftsortino@gmail.comseguici,Ferula loft Sortino Pantalica,https://www.hotelsdrop.com/hotel/ferula-loft-sortino-pantalica-francofonte,+39 366 168 2031
info@furriabeb.com,Furrìa - bed & breakfast,https://www.hotelsdrop.com/hotel/furria-bed-breakfast-francofonte,+39 333 490 5739
infoladimoradellegrazie@gmail.com,B&B La Dimora delle Grazie,https://www.hotelsdrop.com/hotel/b-b-la-dimora-delle-grazie-frazzan,+39 327 234 8379
info@bebluxurylecce.it,Luxury B&B,https://www.hotelsdrop.com/hotel/luxury-b-b-frazzan,+39 388 406 0218
whitesuitebed@gmail.com,White Suite B&B Lecce,https://www.hotelsdrop.com/hotel/white-suite-b-b-lecce-frazzan,+39 338 131 9969
info@agri.me.it,AGRITURISMO AGRI,https://www.hotelsdrop.com/hotel/agriturismo-agri-furnari,+39 346 633 1798
prenotazioni@portorosaresidence.com,Corallo Residence Portorosa,https://www.hotelsdrop.com/hotel/corallo-residence-portorosa-furnari,+39 329 888 8604
info@portorosavillage.com,Portorosa Village,https://www.hotelsdrop.com/hotel/portorosa-village-furnari,+39 339 862 8384
info@alcantaranaturaresort.it,Bed and Breakfast Alcantara Natura,https://www.hotelsdrop.com/hotel/bed-and-breakfast-alcantara-natura-gaggi,+39 334 907 9120
info@hotelvillanefele.com,Hotel Villa Nefele,https://www.hotelsdrop.com/hotel/hotel-villa-nefele-gaggi,+39 339 463 4474
newnaxosvillage@gmail.com,New Naxos Village,https://www.hotelsdrop.com/hotel/new-naxos-village-gaggi,+39 340 069 5115
user@company.com,Sicily in Love,https://www.hotelsdrop.com/hotel/sicily-in-love-gaggi,+39 366 818 2134
info@villaseta.com,Villa Seta Bed & Breakfast,https://www.hotelsdrop.com/hotel/villa-seta-bed-breakfast-gaggi,+39 371 687 5320
annasod7@gmail.com,A-MURI b&b,https://www.hotelsdrop.com/hotel/a-muri-b-b-gangi,+39 347 901 4349
borgobuonanotte@libero.it,Antico Borgo Buonanotte,https://www.hotelsdrop.com/hotel/antico-borgo-buonanotte-gangi,+39 335 134 2247
info@bebsantaluciagangi.it,Santa Lucia B&B,https://www.hotelsdrop.com/hotel/santa-lucia-b-b-gangi,+39 393 777 7825
info@lapiazzettarooms.com,B&B La Piazzetta Rooms,https://www.hotelsdrop.com/hotel/b-b-la-piazzetta-rooms-genova,+39 388 257 7066
info@guesthouseroma.net,"Guest house Roma, Genova",https://www.hotelsdrop.com/hotel/guest-house-roma-genova-genova,+39 329 476 5665
homegrifondoro@hotmail.com,Home Grifondoro,https://www.hotelsdrop.com/hotel/home-grifondoro-genova,+39 347 232 8674
info@hotelgenovaliberty.it,Hotel Genova Liberty,https://www.hotelsdrop.com/hotel/hotel-genova-liberty-genova,+39 348 190 2406
info@bblapiazzettaischia.it,B&B La Piazzetta,https://www.hotelsdrop.com/hotel/b-b-la-piazzetta-ischia,+39 335 579 9442
info@bludalia.it,Blu D’Alia Exclusive Rooms,https://www.hotelsdrop.com/hotel/blu-d-alia-exclusive-rooms-ischia,+39 338 525 8747
liferooms212@gmail.com,Liferooms,https://www.hotelsdrop.com/hotel/liferooms-ischia,+39 333 611 0916
info@relaisbijouxischia.it,Relais Bijoux Bed and Breakfast - Isola d'Ischia,https://www.hotelsdrop.com/hotel/relais-bijoux-bed-and-breakfast-isola-d-ischia-ischia,+39 337 844 018
info@villabinaischia.com,Villa Bina Sea Hotel,https://www.hotelsdrop.com/hotel/villa-bina-sea-hotel-ischia,+39 351 192 8500
villalietaischia@gmail.com,Villa Lieta,https://www.hotelsdrop.com/hotel/villa-lieta-ischia,+39 392 923 5924
info@arcovecchio.it,Arco Vecchio Urban Suite - Epoca Collection,https://www.hotelsdrop.com/hotel/arco-vecchio-urban-suite-epoca-collection-lecce,+39 351 418 8533
aedesresort@gmail.com,B&B Aedes - Il Giardino dei Sogni,https://www.hotelsdrop.com/hotel/b-b-aedes-il-giardino-dei-sogni-lecce,+39 328 767 2644
info@preziosolecce.it,B&B Prezioso Suites & Rooms Lecce,https://www.hotelsdrop.com/hotel/b-b-prezioso-suites-rooms-lecce-lecce,+39 329 464 3011
donnateresabedandbreakfast@gmail.com,Bed & Breakfast DONNA TERESA Guest House Lecce,https://www.hotelsdrop.com/hotel/bed-breakfast-donna-teresa-guest-house-lecce-lecce,+39 348 153 0091
info@labellalecce.it,La Bella Lecce B&B,https://www.hotelsdrop.com/hotel/la-bella-lecce-b-b-lecce,+39 333 422 2610
accoglienza@beb-leccesalento.com,LecceSalento B&B,https://www.hotelsdrop.com/hotel/leccesalento-b-b-lecce,+39 328 387 5928
info@nonnaiole.it,Nonna Jole B&B,https://www.hotelsdrop.com/hotel/nonna-jole-b-b-lecce,+39 347 638 0695
info@palazzobignami.com,Palazzo Bignami B&B,https://www.hotelsdrop.com/hotel/palazzo-bignami-b-b-lecce,+39 348 361 6186
info@palazzomaresgallo.com,Palazzo Maresgallo Suites & Spa,https://www.hotelsdrop.com/hotel/palazzo-maresgallo-suites-spa-lecce,+39 371 424 5399
gabriellabonaiti78@gmail.com,B&B Acqua Dolce. CIN IT097042C1FHQLWUK,https://www.hotelsdrop.com/hotel/b-b-acqua-dolce-cin-it097042c1fhqlwuk-abbadia-lariana,+39 328 693 0133
info@illagodipinto.it,B&B Il Lago Dipinto - Lecco,https://www.hotelsdrop.com/hotel/b-b-il-lago-dipinto-lecco-abbadia-lariana,+39 347 610 3280
info@casadilucio.it,Foresteria - Casa di Lucio,https://www.hotelsdrop.com/hotel/foresteria-casa-di-lucio-abbadia-cerreto,+39 351 911 0305
info@nonna-adriana.com,Guest house Nonna Adriana,https://www.hotelsdrop.com/hotel/guest-house-nonna-adriana-lucca,+39 329 742 4185
receptionilpontelucca@gmail.com,Il Ponte Affittacamere,https://www.hotelsdrop.com/hotel/il-ponte-affittacamere-lucca,+39 349 612 8128
lecameredicaterina@gmail.com,Le Camere di Caterina,https://www.hotelsdrop.com/hotel/le-camere-di-caterina-lucca,+39 334 141 5915
info@allatorredelbarbarossa.it,Alla Torre del Barbarossa B&B,https://www.hotelsdrop.com/hotel/alla-torre-del-barbarossa-b-b-abbadia-lariana,+39 340 089 0651
info@bbcasadellamusica.com,"B&B/FORESTERIA ""CASA DELLA MUSICA LAKE VIEW"" (codice CIN IT097046B4DSJ6PQGQ)",https://www.hotelsdrop.com/hotel/b-b-foresteria-casa-della-musica-lake-view-codic-abbadia-lariana,+39 347 856 2080
agliarchidimorestoriche@gmail.com,Agli Archi Dimore Storiche,https://www.hotelsdrop.com/hotel/agli-archi-dimore-storiche-matera,+39 320 859 2975
info@anticamateola.it,Antica Mateola Rooms & Suites,https://www.hotelsdrop.com/hotel/antica-mateola-rooms-suites-matera,+39 320 322 8284
ilredegliscalzi@gmail.com,Il Re degli Scalzi - Rooms in Matera,https://www.hotelsdrop.com/hotel/il-re-degli-scalzi-rooms-in-matera-matera,+39 392 006 9371
ineoutmatera@gmail.com,IN & OUT Matera b&b Affittacamere Residence,https://www.hotelsdrop.com/hotel/in-out-matera-b-b-affittacamere-residence-matera,+39 328 143 0215
info@lacasadiele.it,La Casa di Ele,https://www.hotelsdrop.com/hotel/la-casa-di-ele-matera,+39 389 011 7392
info@livingstonematera.it,Livingstone b&b,https://www.hotelsdrop.com/hotel/livingstone-b-b-matera,+39 351 265 6359
myricaematera@gmail.com,Myricae Affittacamere-Bed and breakfast Matera,https://www.hotelsdrop.com/hotel/myricae-affittacamere-bed-and-breakfast-matera-matera,+39 342 721 9918
info@stonerooms.it,stone rooms,https://www.hotelsdrop.com/hotel/stone-rooms-matera,+39 366 723 9351
info@tenutamargitello.com,Agriturismo Tenuta Margitello,https://www.hotelsdrop.com/hotel/agriturismo-tenuta-margitello-mazzarrone,+39 348 822 0784
info@gghotel.it,G&G Hotel,https://www.hotelsdrop.com/hotel/g-g-hotel-mazzarrone,+39 350 538 8249
ronnavona@gmail.com,Ronnavona Casa Vacanze B&B,https://www.hotelsdrop.com/hotel/ronnavona-casa-vacanze-b-b-mazzarrone,+39 338 941 5331
info@rosengartenbz.com,Manzoni Rooms,https://www.hotelsdrop.com/hotel/manzoni-rooms-merano,+39 340 003 4065
info@garibaldimessina.it,Garibaldi R&B Messina,https://www.hotelsdrop.com/hotel/garibaldi-r-b-messina-messina,+39 339 332 7612
info@isolamessina.com,ISOLA - Smart Accomodation,https://www.hotelsdrop.com/hotel/isola-smart-accomodation-messina,+39 392 050 9000
info@messina41.it,Messina 41 CondHotel,https://www.hotelsdrop.com/hotel/messina-41-condhotel-messina,+39 351 154 6983
aparthotelcasamia@gmail.com,Aparthotel Casamia,https://www.hotelsdrop.com/hotel/aparthotel-casamia-milano,+39 380 146 1999
info@bedinmilanodamara.it,Bed & Breakfast da Mara,https://www.hotelsdrop.com/hotel/bed-breakfast-da-mara-milano,+39 346 025 5753
info@camonteggia.it,Ca' Monteggia Guest House,https://www.hotelsdrop.com/hotel/ca-monteggia-guest-house-milano,+39 327 292 8781
info@cvm19milan.com,CVM 19 - Boutique Rooms Milan,https://www.hotelsdrop.com/hotel/cvm-19-boutique-rooms-milan-milano,+39 375 597 1199
reservations@staydomya.com,DOMYA - Manzoni 25,https://www.hotelsdrop.com/hotel/domya-manzoni-25-milano,+39 335 663 5157
duomocollection30@gmail.com,Duomo Collection Milano,https://www.hotelsdrop.com/hotel/duomo-collection-milano-milano,+39 351 518 1662
info@experiencedesignmilano.com,Experience Design Bed & Show,https://www.hotelsdrop.com/hotel/experience-design-bed-show-milano,+39 328 657 6845
spiga@homacollection.it,HÕMA Spiga,https://www.hotelsdrop.com/hotel/homa-spiga-milano,+39 351 606 8394
info@homebbmilano.com,HOME BB MILANO,https://www.hotelsdrop.com/hotel/home-bb-milano-milano,+39 338 939 0193
reservations.hps@dorchestercollection.com,Hotel Principe di Savoia,https://www.hotelsdrop.com/hotel/hotel-principe-di-savoia-milan,+39 02 62301
info@loftghospitality.com,Loft G Hospitality,https://www.hotelsdrop.com/hotel/loft-g-hospitality-milano,+39 331 636 8596
info@m20milano.com,M20 Boutique Hotel,https://www.hotelsdrop.com/hotel/m20-boutique-hotel-milano,+39 379 177 0742
shevaboutiquemilano@gmail.com,Sheva Boutique Hotel,https://www.hotelsdrop.com/hotel/sheva-boutique-hotel-milano,+39 379 177 0742
info@hotelsospeso.com,Sospeso Boutique Hotel,https://www.hotelsdrop.com/hotel/sospeso-boutique-hotel-milano,+39 379 265 9093
info@thedreamsuites.it,The Dream Suites Milano Centro,https://www.hotelsdrop.com/hotel/the-dream-suites-milano-centro-milano,+39 334 213 0031
info@velvetgreymilano.com,Velvet Grey Boutique Hotel,https://www.hotelsdrop.com/hotel/velvet-grey-boutique-hotel-milano,+39 380 157 4090
victorboutiquehotel@gmail.com,Victor Boutique Hotel,https://www.hotelsdrop.com/hotel/victor-boutique-hotel-milano,+39 380 157 4090
info@bbigeamodena.it,B&B Igea.50,https://www.hotelsdrop.com/hotel/b-b-igea-50-modena,+39 335 305 341
info@lenocidifeo.com,B&B Le Noci di Feo,https://www.hotelsdrop.com/hotel/b-b-le-noci-di-feo-modena,+39 349 210 0540
info@countryroomsmodena.com,Country Resort Modena,https://www.hotelsdrop.com/hotel/country-resort-modena-modena,+39 334 318 9130
info@emiliasuite.it,EMILIA SUITE PALACE,https://www.hotelsdrop.com/hotel/emilia-suite-palace-modena,+39 327 497 1651
lacasadelviandante@gmail.com,La Casa del Viandante,https://www.hotelsdrop.com/hotel/la-casa-del-viandante-modena,+39 347 924 8554
contact@globostay.com,Loft Albinelli,https://www.hotelsdrop.com/hotel/loft-albinelli-modena,+39 393 265 6618
info@salottodellearti.it,Salotto delle Arti,https://www.hotelsdrop.com/hotel/salotto-delle-arti-modena,+39 389 955 9087
support@readymag.com,Villa Argiolas Bed & Breakfast,https://www.hotelsdrop.com/hotel/villa-argiolas-bed-breakfast-modena,+39 328 482 5103
info@vicogrande.it,B&B Vico Grande,https://www.hotelsdrop.com/hotel/b-b-vico-grande-napoli,+39 380 420 5292
info@direloguesthouse.it,Direlo Guest House B&B,https://www.hotelsdrop.com/hotel/direlo-guest-house-b-b-napoli,+39 347 922 3867
info@downtownnapoli.com,Downtown Napoli b&b “E si nun canto Moro..”,https://www.hotelsdrop.com/hotel/downtown-napoli-b-b-e-si-nun-canto-moro-napoli,+39 347 063 1078
info@garibaldi136.it,Garibaldi 136,https://www.hotelsdrop.com/hotel/garibaldi-136-napoli,+39 338 378 9699
info@citygardenolbia.it,Affittacamere Olbia | Bed and Breakfast Olbia | City Garden Guest House |,https://www.hotelsdrop.com/hotel/affittacamere-olbia-bed-and-breakfast-olbia-city-olbia,+39 371 392 0924
simonettapadre@hotmail.com,B&B Bibiebò,https://www.hotelsdrop.com/hotel/b-b-bibiebo-olbia,+39 339 264 4312
piermarioserra@gmail.com,B&B La Casa di Pier,https://www.hotelsdrop.com/hotel/b-b-la-casa-di-pier-olbia,+39 347 791 5334
info@ispileroomsolbia.com,BARRILE'S - guest rooms - affittacamere,https://www.hotelsdrop.com/hotel/barrile-s-guest-rooms-affittacamere-olbia,+39 346 573 4716
gio.santoro@gmail.com,bbolbia,https://www.hotelsdrop.com/hotel/bbolbia-olbia,+39 340 605 8746
info@ispileroomsolbia.com,Bullerjanos _ Rooms in Olbia,https://www.hotelsdrop.com/hotel/bullerjanos-rooms-in-olbia-olbia,+39 340 480 8971
contatti@bedandbreakfastportoromano.it,Porto Romano Guest House,https://www.hotelsdrop.com/hotel/porto-romano-guest-house-olbia,+39 349 192 7996
lapiazzettaorvieto@gmail.com,Affittacamere La Piazzetta,https://www.hotelsdrop.com/hotel/affittacamere-la-piazzetta-orvieto,+39 333 757 9042
rosadiorvieto@gmail.com,Affittacamere La Rosa di Orvieto,https://www.hotelsdrop.com/hotel/affittacamere-la-rosa-di-orvieto-orvieto,+39 320 407 2718
info@casaselita.com,B&B CasaSelita,https://www.hotelsdrop.com/hotel/b-b-casaselita-orvieto,+39 339 225 4000
danilof.df@gmail.com,B&B Il Terrazzo,https://www.hotelsdrop.com/hotel/b-b-il-terrazzo-orvieto,+39 347 038 5659
catia@torrepolidoriorvieto.it,B&B TORRE POLIDORI,https://www.hotelsdrop.com/hotel/b-b-torre-polidori-orvieto,+39 349 426 2518
info@casaveraorvieto.it,Casa Vèra Orvieto Affittacamere Appartamenti Centro Storico,https://www.hotelsdrop.com/hotel/casa-vera-orvieto-affittacamere-appartamenti-cen-orvieto,+39 349 430 0167
info@bborvieto.com,Sant'Angelo 42,https://www.hotelsdrop.com/hotel/sant-angelo-42-orvieto,+39 348 775 7136
info@lemandolare.it,"Agriturismo ""Le Mandolare""",https://www.hotelsdrop.com/hotel/agriturismo-le-mandolare-albettone,+39 348 366 9215
agriaigiardini@gmail.com,Agriturismo ai Giardini,https://www.hotelsdrop.com/hotel/agriturismo-ai-giardini-padova,+39 347 884 4686
info@agriturismoalba.it,Agriturismo Alba,https://www.hotelsdrop.com/hotel/agriturismo-alba-baone,+39 393 385 0500
info@buonaterrabio.it,Agriturismo Biologico La Buona Terra,https://www.hotelsdrop.com/hotel/agriturismo-biologico-la-buona-terra-padova,+39 328 077 0977
info@cortedacqua.it,Agriturismo Corte d'acqua,https://www.hotelsdrop.com/hotel/agriturismo-corte-d-acqua-padova,+39 331 530 6030
alloggi@imarzemini.it,Agriturismo I Marzemini,https://www.hotelsdrop.com/hotel/agriturismo-i-marzemini-bagnoli-di-sopra,+39 393 936 2584
zattalino@libero.it,Agriturismo Il Castagneto - Appartamenti,https://www.hotelsdrop.com/hotel/agriturismo-il-castagneto-appartamenti-agugliaro,+39 328 828 4795
rino.romagnolo@libero.it,Agriturismo Il Passo,https://www.hotelsdrop.com/hotel/agriturismo-il-passo-padova,+39 339 635 2750
info@agriturmillefiori.it,Agriturismo Millefiori la Corte delle Rose,https://www.hotelsdrop.com/hotel/agriturismo-millefiori-la-corte-delle-rose-belfiore,+39 333 722 6602
agriturismopapaveriepapere@gmail.com,Agriturismo Papaveri e Papere di azienda agricola Bottazzin Raffaela e figli -Caltana Ve,https://www.hotelsdrop.com/hotel/agriturismo-papaveri-e-papere-di-azienda-agricol-arcade,+39 331 667 4231
info@terrebianche.it,Agriturismo Terre Bianche,https://www.hotelsdrop.com/hotel/agriturismo-terre-bianche-padova,+39 320 890 4988
info@verdecielo.it,Agriturismo Verdecielo,https://www.hotelsdrop.com/hotel/agriturismo-verdecielo-albignasego,+39 379 233 7109
info@alfiumepiovego.it,Al Fiume Piovego,https://www.hotelsdrop.com/hotel/al-fiume-piovego-padova,+39 335 586 7904
info@apartmentspadova.it,ApartmentsPadova,https://www.hotelsdrop.com/hotel/apartmentspadova-padova,+39 342 373 5756
info@laroccia.info,"Azienda agricola ""La Roccia"" di Martini Massimiliano",https://www.hotelsdrop.com/hotel/azienda-agricola-la-roccia-di-martini-massimilia-padova,+39 371 433 1059
info@montemoscalbo.it,Azienda Agrituristica Monte Boscalbò,https://www.hotelsdrop.com/hotel/azienda-agrituristica-monte-boscalbo-padova,+39 338 601 8891
info@bebalsantopadova.it,B&B al Santo,https://www.hotelsdrop.com/hotel/b-b-al-santo-padova,+39 328 957 2533
chezelisabeth1952@libero.it,B&B Chezelisabeth - Bed and Breakfast Padova Centro,https://www.hotelsdrop.com/hotel/b-b-chezelisabeth-bed-and-breakfast-padova-centr-padova,+39 340 697 8604
maxchiria@gmail.com,"B&B La stanza di Max Padova, via Sorio, Piazzale san giovanni",https://www.hotelsdrop.com/hotel/b-b-la-stanza-di-max-padova-via-sorio-piazzale-s-padova,+39 349 292 7366
hello@villamargherita.padova.it,B&B Villa Margherita | Luxury Rooms in Padua,https://www.hotelsdrop.com/hotel/b-b-villa-margherita-luxury-rooms-in-padua-padova,+39 388 579 1311
info@bbvillarosapadova.it,B&B Villa Rosa,https://www.hotelsdrop.com/hotel/b-b-villa-rosa-padova,+39 347 735 4780
beb.biosalix@gmail.com,Bed and Breakfast Bio Salix,https://www.hotelsdrop.com/hotel/bed-and-breakfast-bio-salix-padova,+39 347 449 6744
info@bedstudent.it,BedStudent - PadPad - The Best Rooms and Studios in Padova!,https://www.hotelsdrop.com/hotel/bedstudent-padpad-the-best-rooms-and-studios-in-padova,+39 391 754 4291
info@breadandbutter-rooms.com,Bread and Butter rooms,https://www.hotelsdrop.com/hotel/bread-and-butter-rooms-albignasego,+39 351 662 2816
bsuitesb@gmail.com,Bsuites Scrovegni,https://www.hotelsdrop.com/hotel/bsuites-scrovegni-padova,+39 366 250 0992
info@cadememi.it,Ca' de Memi,https://www.hotelsdrop.com/hotel/ca-de-memi-padova,+39 349 698 7953
info@cameratua.com,Camera Tua ®,https://www.hotelsdrop.com/hotel/camera-tua-padova,+39 349 476 8846
info@cameratua.com,Camera Tua ® | Affittacamere Paccagnella,https://www.hotelsdrop.com/hotel/camera-tua-affittacamere-paccagnella-padova,+39 349 476 8846
info@cameratua.com,Camera Tua ® | Jappelli Rooms,https://www.hotelsdrop.com/hotel/camera-tua-jappelli-rooms-padova,+39 349 476 8846
cantondelgallopadova@gmail.com,Canton del Gallo,https://www.hotelsdrop.com/hotel/canton-del-gallo-padova,+39 375 517 7627
info@casaalcarmine.it,Casa al Carmine,https://www.hotelsdrop.com/hotel/casa-al-carmine-padova,+39 328 961 3480
info@casabattisti.it,Casa Battisti,https://www.hotelsdrop.com/hotel/casa-battisti-padova,+39 331 127 1675
casagennyhouse@gmail.com,Casa Genny,https://www.hotelsdrop.com/hotel/casa-genny-padova,+39 351 474 1173
booking@casagiotto.it,Casa Giotto | Urban Luxury,https://www.hotelsdrop.com/hotel/casa-giotto-urban-luxury-padova,+39 345 974 8043
info@casalocatelli.it,Casa Locatelli,https://www.hotelsdrop.com/hotel/casa-locatelli-padova,+39 328 123 8481
casapatavina@gmail.com,Casa Patavina,https://www.hotelsdrop.com/hotel/casa-patavina-padova,+39 348 569 0115
santacaterinaesantantonio@gmail.com,Casa Santa Caterina,https://www.hotelsdrop.com/hotel/casa-santa-caterina-padova,+39 335 679 5000
civico57.info@gmail.com,CIVICO 57 Al Santo - PADOVA,https://www.hotelsdrop.com/hotel/civico-57-al-santo-padova-padova,+39 346 560 3950
info@colledelbarbarossa.com,Colle del Barbarossa,https://www.hotelsdrop.com/hotel/colle-del-barbarossa-padova,+39 335 684 9751
info@colombarafarmhouse.it,Colombara Farmhouse,https://www.hotelsdrop.com/hotel/colombara-farmhouse-campodoro,+39 348 315 6844
info@dadihome.it,Dadi Home,https://www.hotelsdrop.com/hotel/dadi-home-padova,+39 389 471 2661
info@dimoradibosco.it,Dimora di Bosco room & breakfast,https://www.hotelsdrop.com/hotel/dimora-di-bosco-room-breakfast-cin-it028072b4gum-campodoro,+39 348 264 7039
dimorainprato@bandj.it,DIMORA IN PRATO | Affittacamere in Prato della Valle,https://www.hotelsdrop.com/hotel/dimora-in-prato-affittacamere-in-prato-della-val-padova,+39 376 295 0585
info@eriklanger.it,Erik Langer Pedrocchi Suites,https://www.hotelsdrop.com/hotel/erik-langer-pedrocchi-suites-padova,+39 331 808 3555
info@gracehousepadova.it,Grace House Padova,https://www.hotelsdrop.com/hotel/grace-house-padova-padova,+39 350 575 0276
info@ilcasalealcolle.it,Il Casale al Colle,https://www.hotelsdrop.com/hotel/il-casale-al-colle-padova,+39 388 948 5163
info@filorossobeb.it,Il Filo Rosso B&B,https://www.hotelsdrop.com/hotel/il-filo-rosso-b-b-padova,+39 351 878 0733
giammy@lalanternabb.it,La Lanterna Guest House,https://www.hotelsdrop.com/hotel/la-lanterna-guest-house-padova,+39 328 010 5878
lrps@luxuryroomspd.com,Luxury Rooms Padova Station,https://www.hotelsdrop.com/hotel/luxury-rooms-padova-station-padova,+39 328 243 0495
montedegliaromi@gmail.com,Monte degli Aromi,https://www.hotelsdrop.com/hotel/monte-degli-aromi-padova,+39 329 906 1778
palazzogilberto@gmail.com,Palazzo Gilberto,https://www.hotelsdrop.com/hotel/palazzo-gilberto-albignasego,+39 377 338 5020
suite@palazzomantuabenavides.com,Palazzo Mantua Benavides,https://www.hotelsdrop.com/hotel/palazzo-mantua-benavides-padova,+39 380 893 2289
mail.ilmaestrale@gmail.com,Palazzo Vittoria Locazione Turistica,https://www.hotelsdrop.com/hotel/palazzo-vittoria-locazione-turistica-padova,+39 349 338 0068
pratodellavalle34@gmail.com,Prato della Valle 34 Apartments,https://www.hotelsdrop.com/hotel/prato-della-valle-34-apartments-padova,+39 347 735 4780
info@eremitaniresidence.it,Residence Eremitani,https://www.hotelsdrop.com/hotel/residence-eremitani-padova,+39 366 144 9474
info@santaluciasuites.it,Santa Lucia Suites,https://www.hotelsdrop.com/hotel/santa-lucia-suites-padova,+39 345 450 5487
bbisolamemmia@gmail.com,Suites Isola Memmia,https://www.hotelsdrop.com/hotel/suites-isola-memmia-padova,+39 328 973 0580
605a7baede844d278b89dc95ae0a9123@sentry-next.wixpress.com,Va Oltre - La Tenuta,https://www.hotelsdrop.com/hotel/va-oltre-la-tenuta-bovolenta,+39 329 225 3700
booking@welc-om.it,Welc-ōM Royal Garden Luxury Rooms,https://www.hotelsdrop.com/hotel/welc-om-royal-garden-luxury-rooms-padova,+39 327 959 0846
info@bbvivaldi.it,Bed and Breakfast Vivaldi,https://www.hotelsdrop.com/hotel/bed-and-breakfast-vivaldi-palermo,+39 331 447 3732
%20germanopucci@gmail.com,Palazzo Benso Bed and Breakfast,https://www.hotelsdrop.com/hotel/palazzo-benso-bed-and-breakfast-palermo,+39 339 730 5731
info@palazzosantagostino.eu,Palazzo Sant'Agostino,https://www.hotelsdrop.com/hotel/palazzo-sant-agostino-palermo,+39 334 998 8358
info@palermoinn.com,Palermo Inn Bed and Breakfast,https://www.hotelsdrop.com/hotel/palermo-inn-bed-and-breakfast-palermo,+39 392 025 0583
bbaparmaduomo@gmail.com,B&B A Parma Duomo,https://www.hotelsdrop.com/hotel/b-b-a-parma-duomo-parma,+39 349 479 5701
contatti@albattisterodoro.it,B&B Al Battistero d'Oro,https://www.hotelsdrop.com/hotel/b-b-al-battistero-d-oro-parma,+39 338 490 4697
legrazieparma@gmail.com,B&B Le Grazie,https://www.hotelsdrop.com/hotel/b-b-le-grazie-parma,+39 328 492 2453
info@operaparma.it,B&B Opera 1,https://www.hotelsdrop.com/hotel/b-b-opera-1-parma,+39 338 786 8043
info@poderemerlo.it,B&B Podere Merlo,https://www.hotelsdrop.com/hotel/b-b-podere-merlo-parma,+39 335 772 0191
bbsanfrancescoparma@gmail.com,B&B San Francesco,https://www.hotelsdrop.com/hotel/b-b-san-francesco-parma,+39 335 728 2638
info@piorooms.it,Pio Rooms,https://www.hotelsdrop.com/hotel/pio-rooms-parma,+39 347 776 9065
info@algiardinodialice.com,Al giardino di Alice B&B,https://www.hotelsdrop.com/hotel/al-giardino-di-alice-b-b-perugia,+39 393 152 1638
paola@beblenaiadi.com,B&B Alle Naiadi,https://www.hotelsdrop.com/hotel/b-b-alle-naiadi-perugia,+39 349 291 3914
info@housestellina.com,b&b housestellina,https://www.hotelsdrop.com/hotel/b-b-housestellina-perugia,+39 348 715 5727
lalocandadelleideepg@gmail.com,B&B La Locanda delle Idee Perugia,https://www.hotelsdrop.com/hotel/b-b-la-locanda-delle-idee-perugia-perugia,+39 350 574 8082
info@bbifioridimargherita.it,I Fiori di Margherita Luxury B&B,https://www.hotelsdrop.com/hotel/i-fiori-di-margherita-luxury-b-b-perugia,+39 333 229 2281
bebdadebora@libero.it,B&B da Debora,https://www.hotelsdrop.com/hotel/b-b-da-debora-pisa,+39 347 173 4575
bbguerrazzipisa@gmail.com,B&B Guerrazzi,https://www.hotelsdrop.com/hotel/b-b-guerrazzi-pisa,+39 338 932 8169
info@deicavalieri.pisa.it,Bed & Breakfast Dei Cavalieri / CIN IT050026B4PFBNPP82,https://www.hotelsdrop.com/hotel/bed-breakfast-dei-cavalieri-cin-it050026b4pfbnpp-pisa,+39 348 721 2254
bbsognando@gmail.com,"Bed and Breakfast ""Sognando verso la Torre"" Pisa",https://www.hotelsdrop.com/hotel/bed-and-breakfast-sognando-verso-la-torre-pisa-pisa,+39 392 466 6364
info@coloradohome.it,Colorado Home Bed and Breakfast,https://www.hotelsdrop.com/hotel/colorado-home-bed-and-breakfast-pisa,+39 340 718 1784
harmonyhouseprestige@gmail.com,Harmony House Prestige,https://www.hotelsdrop.com/hotel/harmony-house-prestige-pisa,+39 392 745 4909
info@hotelmariapisa.it,Hotel Maria Pisa Albergo 3 Stelle,https://www.hotelsdrop.com/hotel/hotel-maria-pisa-albergo-3-stelle-pisa,+39 390 504 2596
info@guest-house.it,Michele Guest House Bed and Breakfast,https://www.hotelsdrop.com/hotel/michele-guest-house-bed-and-breakfast-pisa,+39 333 601 1287
info@mammarosapositano.com,B&B Mamma Rosa,https://www.hotelsdrop.com/hotel/b-b-mamma-rosa-positano,+39 338 316 4868
info@baciodelsole.com,Bacio del Sole B&B,https://www.hotelsdrop.com/hotel/bacio-del-sole-b-b-positano,+39 333 275 6810
vegascermino@gmail.com,Bed and Breakfast Salerno,https://www.hotelsdrop.com/hotel/bed-and-breakfast-salerno-positano,+39 333 743 3995
info@colledellara.it,Casa Mariagrazia b&b Positano,https://www.hotelsdrop.com/hotel/casa-mariagrazia-b-b-positano-positano,+39 331 149 9264
info@colledellara.it,Colle dell'ara B&B,https://www.hotelsdrop.com/hotel/colle-dell-ara-b-b-positano,+39 331 149 9264
info@casateresapositano.com,Hotel Casa Teresa,https://www.hotelsdrop.com/hotel/hotel-casa-teresa-positano,+39 338 409 1520
info@santiesaraceni.it,Santi e Saraceni,https://www.hotelsdrop.com/hotel/santi-e-saraceni-positano,+39 349 462 2996
sleepingpositano@yahoo.it,"VENUS Inn, B&B Positano",https://www.hotelsdrop.com/hotel/venus-inn-b-b-positano-positano,+39 338 542 8531
info@hotelbyron.com,Hotel Centrale Byron,https://www.hotelsdrop.com/hotel/hotel-centrale-byron-ravenna,+39 337 103 1234
info@maisondegliartisti.it,Maison degli Artisti,https://www.hotelsdrop.com/hotel/maison-degli-artisti-ravenna,+39 340 950 9873
info@valentinorooms.it,Valentino Luxury Rooms | B&B Ravenna,https://www.hotelsdrop.com/hotel/valentino-luxury-rooms-b-b-ravenna-ravenna,+39 340 950 9873
info@torrionehotel.it,Torrione Hotel,https://www.hotelsdrop.com/hotel/torrione-hotel-reggio-di-calabria,+39 327 933 8921
info@townhousecavour.it,Town House Morgana,https://www.hotelsdrop.com/hotel/town-house-morgana-reggio-di-calabria,+39 338 358 0591
info@triproomrc.com,Trip Room & Breakfast,https://www.hotelsdrop.com/hotel/trip-room-breakfast-reggio-di-calabria,+39 371 351 9086
info@acasadanoi.it,A casa da noi,https://www.hotelsdrop.com/hotel/a-casa-da-noi-rimini,+39 348 760 2556
ausonia@hotelinrimini.it,Hotel Ausonia B&B RiMiNi - Sito Ufficiale,https://www.hotelsdrop.com/hotel/hotel-ausonia-b-b-rimini-sito-ufficiale-rimini,+39 327 612 5038
info@hotelardearimini.it,Hotel B&B Ardea Rimini,https://www.hotelsdrop.com/hotel/hotel-b-b-ardea-rimini-rimini,+39 327 153 9658
%20agriturismobellu@tiscali.it,Agriturismo Bellu,https://www.hotelsdrop.com/hotel/agriturismo-bellu-abbasanta,+39 389 104 1821
info@sanea.it,Agriturismo S'Anea,https://www.hotelsdrop.com/hotel/agriturismo-s-anea-abbasanta,+39 338 775 8212
info@bbilcovo.com,Bed & Breakfast Il Covo Roma,https://www.hotelsdrop.com/hotel/bed-breakfast-il-covo-roma-roma,+39 393 931 1013
info@bedandbest.it,Bed And Best,https://www.hotelsdrop.com/hotel/bed-and-best-roma,+39 338 409 1103
info@gioiabedandbreakfast.com,Gioia Bed and Breakfast,https://www.hotelsdrop.com/hotel/gioia-bed-and-breakfast-roma,+39 339 501 4088
reservations.derussie@roccofortehotels.com,Hotel de Russie,https://www.hotelsdrop.com/hotel/hotel-de-russie-rome,+39 390 632 8881
reservations.her@dorchestercollection.com,Hotel Eden,https://www.hotelsdrop.com/hotel/hotel-eden-rome,+39 390 647 8121
info@hotelhassler.it,Hotel Hassler Roma,https://www.hotelsdrop.com/hotel/hotel-hassler-roma,+39 390 669 9341
pantaleorooms@gmail.com,Residenza Pantaleo Bed & Breakfast Roma,https://www.hotelsdrop.com/hotel/residenza-pantaleo-bed-breakfast-roma-roma,+39 348 868 0654
romhiwa.reservations@hilton.com,"Rome Cavalieri, A Waldorf Astoria Hotel",https://www.hotelsdrop.com/hotel/rome-cavalieri-a-waldorf-astoria-hotel-roma,+39 06 35091
glamourcenterofrome@gmail.com,The Center of Rome Bed and Breakfast,https://www.hotelsdrop.com/hotel/the-center-of-rome-bed-and-breakfast-roma,+39 333 953 4752
info@vintohouse.com,Vinto House Downtown,https://www.hotelsdrop.com/hotel/vinto-house-downtown-salerno,+39 392 696 7811
info@bebilfienile.it,Bed and Breakfast Il Fienile,https://www.hotelsdrop.com/hotel/bed-and-breakfast-il-fienile-san-gimignano,+39 347 314 5048
info@duccionaccirooms.it,Duccio Nacci Rooms-guest house,https://www.hotelsdrop.com/hotel/duccio-nacci-rooms-guest-house-san-gimignano,+39 347 977 9390
info.undicilune@gmail.com,Le Undici Lune,https://www.hotelsdrop.com/hotel/le-undici-lune-san-gimignano,+39 379 352 1913
info@palazzobuonaccorsi.it,Palazzo Buonaccorsi Residenza d'Epoca,https://www.hotelsdrop.com/hotel/palazzo-buonaccorsi-residenza-d-epoca-san-gimignano,+39 349 807 9349
info@poderesantelena.com,Podere Sant'Elena Bed Breakfast San Gimignano,https://www.hotelsdrop.com/hotel/podere-sant-elena-bed-breakfast-san-gimignano-san-gimignano,+39 347 074 8188
info@villaalbasangimignano.it,Villa Alba Bed & Breakfast,https://www.hotelsdrop.com/hotel/villa-alba-bed-breakfast-san-gimignano,+39 377 097 0376
raimondo.rizzu@14bnb.it,14bnb,https://www.hotelsdrop.com/hotel/14bnb-sassari,+39 370 112 8617
support@centralstay.eu,B.I.C. (bnb in centro),https://www.hotelsdrop.com/hotel/b-i-c-bnb-in-centro-sassari,+39 393 285 1538
caffe2000@virgilio.it,B&B 2000 - Bed and Breakfast,https://www.hotelsdrop.com/hotel/b-b-2000-bed-and-breakfast-sassari,+39 389 456 9375
support@localsmalltour.com,B&B La Terrazza di Anna,https://www.hotelsdrop.com/hotel/b-b-la-terrazza-di-anna-sassari,+39 391 166 4359
infosognoallegro@gmail.com,Bed and Breakfast Sogno Allegro a Sassari,https://www.hotelsdrop.com/hotel/bed-and-breakfast-sogno-allegro-a-sassari-sassari,+39 388 370 7430
casariston@gmail.comtelefono,Casa Ariston,https://www.hotelsdrop.com/hotel/casa-ariston-sassari,+39 349 308 0641
morfeo.bnb@gmail.com,Morfeo Bed and Breakfast,https://www.hotelsdrop.com/hotel/morfeo-bed-and-breakfast-sassari,+39 333 211 1542
info@albergobernini.com,Albergo Bernini,https://www.hotelsdrop.com/hotel/albergo-bernini-siena,+39 339 112 4113
info@senesino.it,B&B Il Senesino,https://www.hotelsdrop.com/hotel/b-b-il-senesino-siena,+39 342 927 1151
bebvillafiorita@gmail.com,Bed & Breakfast Villa Fiorita Siena,https://www.hotelsdrop.com/hotel/bed-breakfast-villa-fiorita-siena-siena,+39 393 918 9000
info@cabiancasiena.com,Ca' Bianca Tuscany Relais,https://www.hotelsdrop.com/hotel/ca-bianca-tuscany-relais-siena,+39 351 889 8986
info@casalevirgili.it,Casale Virgili,https://www.hotelsdrop.com/hotel/casale-virgili-siena,+39 334 739 3124
hospitality@battisterosiena.com,Il Battistero Siena - Residenza d'epoca,https://www.hotelsdrop.com/hotel/il-battistero-siena-residenza-d-epoca-siena,+39 331 957 0519
info@bbpalazzobulgarini.com,Palazzo Bulgarini,https://www.hotelsdrop.com/hotel/palazzo-bulgarini-siena,+39 333 311 5284
info@palazzodelmagnifico.it,Palazzo del Magnifico,https://www.hotelsdrop.com/hotel/palazzo-del-magnifico-siena,+39 389 785 3750
laterradiarchimede@gmail.com,BeB La Terra di Archimede Siracusa,https://www.hotelsdrop.com/hotel/beb-la-terra-di-archimede-siracusa-siracusa,+39 320 789 0561
dolcesorrisobb39@gmail.com,Bed & Breakfast Dolce Sorriso,https://www.hotelsdrop.com/hotel/bed-breakfast-dolce-sorriso-siracusa,+39 351 535 6026
info@guesthouse-elettra.com,"Guest House Elettra ""service B&B""",https://www.hotelsdrop.com/hotel/guest-house-elettra-service-b-b-siracusa,+39 392 267 2351
info@sannicolasiracusa.com,San Nicola Rooms Siracusa,https://www.hotelsdrop.com/hotel/san-nicola-rooms-siracusa-siracusa,+39 335 727 7965
siracusa.ortigia.by.duomo@gmail.com,Siracusa Ortigia by Duomo,https://www.hotelsdrop.com/hotel/siracusa-ortigia-by-duomo-siracusa,+39 351 332 1698
info@palazzosaltovar.it,Bed and Breakfast Palazzo Saltovar,https://www.hotelsdrop.com/hotel/bed-and-breakfast-palazzo-saltovar-sorrento,+39 339 528 4725
info@sorrentoflats.com,Boutique Hotel Sorrento Flats,https://www.hotelsdrop.com/hotel/boutique-hotel-sorrento-flats-sorrento,+39 392 661 1150
lastradaparlata@gmail.com,La Strada Parlata,https://www.hotelsdrop.com/hotel/la-strada-parlata-sorrento,+39 349 324 4022
info@palazzospasiano.com,Palazzo Spasiano,https://www.hotelsdrop.com/hotel/palazzo-spasiano-sorrento,+39 339 841 1424
info@belvederesorrento.com,Sorrento Belvedere B&B,https://www.hotelsdrop.com/hotel/sorrento-belvedere-b-b-sorrento,+39 339 412 2024
info@surrientosuites.com,Surriento Suites B&B,https://www.hotelsdrop.com/hotel/surriento-suites-b-b-sorrento,+39 338 762 3486
info@vhome.it,Vhome B&B,https://www.hotelsdrop.com/hotel/vhome-b-b-sorrento,+39 333 653 3589
info@bedandbreakfastdionisio.com,B&B Dionisio a Taormina,https://www.hotelsdrop.com/hotel/b-b-dionisio-a-taormina-taormina,+39 339 585 6969
info@bbevelyne.com,B&B Evelyne,https://www.hotelsdrop.com/hotel/b-b-evelyne-taormina,+39 389 159 8366
info@bedandbreakfastgiulia.it,B&B Giulia,https://www.hotelsdrop.com/hotel/b-b-giulia-taormina,+39 340 189 3024
ladyhill.tao@gmail.com,Lady Hill B&B - Taormina,https://www.hotelsdrop.com/hotel/lady-hill-b-b-taormina-taormina,+39 351 953 4244
info@art-to.it,ART'To,https://www.hotelsdrop.com/hotel/art-to-torino,+39 393 915 0111
info@lacasadiflora.it,B&B La casa di Flora,https://www.hotelsdrop.com/hotel/b-b-la-casa-di-flora-torino,+39 349 270 3029
lasavoiarda@gmail.com,B&B La Savoiarda,https://www.hotelsdrop.com/hotel/b-b-la-savoiarda-torino,+39 347 520 3040
info@bemate.com,Be Mate Torino Centro,https://www.hotelsdrop.com/hotel/be-mate-torino-centro-torino,+39 345 794 9763
casaganci@gmail.com,Casa Ganci,https://www.hotelsdrop.com/hotel/casa-ganci-torino,+39 349 891 8279
info@goldenpalaceweb.com,Golden Palace Hotel,https://www.hotelsdrop.com/hotel/golden-palace-hotel-torino,+39 390 115 5121
info@principidipiemonte.com,Principi di Piemonte,https://www.hotelsdrop.com/hotel/principi-di-piemonte-torino,+39 390 115 5151
info@turinartexperience.com,Turin Art Experience Bed & Breakfast,https://www.hotelsdrop.com/hotel/turin-art-experience-bed-breakfast-torino,+39 333 392 1106
info@ilprofumodelporto.it,B&B Il profumo del porto,https://www.hotelsdrop.com/hotel/b-b-il-profumo-del-porto-trapani,+39 328 549 7965
info@terrazzevillanova.it,Bed & Breakfast Terrazze Villanova,https://www.hotelsdrop.com/hotel/bed-breakfast-terrazze-villanova-trapani,+39 347 320 4730
info@bebilcavaliere.com,Bed And Breakfast Il Cavaliere,https://www.hotelsdrop.com/hotel/bed-and-breakfast-il-cavaliere-trapani,+39 349 637 8715
info@ilquadrifogliobb.it,Bed and Breakfast Il Quadrifoglio a Trapani - Casa Vacanze Trapani,https://www.hotelsdrop.com/hotel/bed-and-breakfast-il-quadrifoglio-a-trapani-casa-trapani,+39 392 951 4411
bebspalti52@gmail.com,Bed and Breakfast Via Spalti 52,https://www.hotelsdrop.com/hotel/bed-and-breakfast-via-spalti-52-trapani,+39 329 643 2225
latrinacriarooms@gmail.com,La Trinacria Rooms,https://www.hotelsdrop.com/hotel/la-trinacria-rooms-trapani,+39 345 595 2455
tetivacanze@gmail.com,Teti Sea View Rooms & Apts. Trapani City Center,https://www.hotelsdrop.com/hotel/teti-sea-view-rooms-apts-trapani-city-center-trapani,+39 380 355 3435
vidaroomstrapani@gmail.com,Vida Rooms,https://www.hotelsdrop.com/hotel/vida-rooms-trapani,+39 345 595 2455
info@bbeden.it,B&B Eden,https://www.hotelsdrop.com/hotel/b-b-eden-trento,+39 334 715 5386
info@bbmargot.com,B&B Margot Trento,https://www.hotelsdrop.com/hotel/b-b-margot-trento-trento,+39 373 773 8322
bbelisatrento@gmail.com,B&B Palazzo Malfatti,https://www.hotelsdrop.com/hotel/b-b-palazzo-malfatti-trento,+39 335 784 9683
info@piedicastellobeb.it,B&B PIEDICASTELLO,https://www.hotelsdrop.com/hotel/b-b-piedicastello-trento,+39 334 342 9883
trentonelverde@gmail.com,B&B Trento nel Verde,https://www.hotelsdrop.com/hotel/b-b-trento-nel-verde-trento,+39 349 857 4780
ristopat@tiscali.it,Bed E Breakfast Ai Tre Portoni,https://www.hotelsdrop.com/hotel/bed-e-breakfast-ai-tre-portoni-trento,+39 347 647 5297
info@hotelaldostrento.it,Hotel al Dos Trento - Breakfast & private SPA,https://www.hotelsdrop.com/hotel/hotel-al-dos-trento-breakfast-private-spa-trento,+39 352 068 7927
info@houseofbruno.com,House of Bruno Rooms & Apartments,https://www.hotelsdrop.com/hotel/house-of-bruno-rooms-apartments-trento,+39 380 374 2955
info@souloftrento.it,"Soul of Trento - Vicolo del Vo, 27",https://www.hotelsdrop.com/hotel/soul-of-trento-vicolo-del-vo-27-trento,+39 327 725 9937
info@ponterossosuite.com,Ponterosso Suite,https://www.hotelsdrop.com/hotel/ponterosso-suite-trieste,+39 347 766 2689
info@vecchiocastellotropea.it,B&B Al Vecchio Castello,https://www.hotelsdrop.com/hotel/b-b-al-vecchio-castello-tropea,+39 339 364 4446
casalepietrantica@libero.it,B&B Casale Pietrantica Tropea,https://www.hotelsdrop.com/hotel/b-b-casale-pietrantica-tropea-tropea,+39 340 552 0587
bbilarytropea@gmail.com,B&B ILary Tropea,https://www.hotelsdrop.com/hotel/b-b-ilary-tropea-tropea,+39 388 118 3254
info@sunset-tropea.com,B&B Sunset Tropea,https://www.hotelsdrop.com/hotel/b-b-sunset-tropea-tropea,+39 328 240 4541
bellatropeaaccommodation@gmail.com,Bella Tropea Accommodation,https://www.hotelsdrop.com/hotel/bella-tropea-accommodation-tropea,+39 346 237 7428
pepeaccomodation@libero.it,Pepè Accommodation Bed and breakfast,https://www.hotelsdrop.com/hotel/pepe-accommodation-bed-and-breakfast-tropea,+39 347 253 7997
tropeacasascirocco@gmail.com,Tropea Casa Scirocco CIN IT102044B4EECW6KF8,https://www.hotelsdrop.com/hotel/tropea-casa-scirocco-cin-it102044b4eecw6kf8-tropea,+39 345 772 0359
info@villagarden.eu,Villa Garden Tropea,https://www.hotelsdrop.com/hotel/villa-garden-tropea-tropea,+39 377 237 3905
605a7baede844d278b89dc95ae0a9123@sentry-next.wixpress.com,Villa Liberty Urbino,https://www.hotelsdrop.com/hotel/villa-liberty-urbino-urbino,+39 349 752 7773
book@hotelvacationvenice.com,Alloggi Vacation Venice,https://www.hotelsdrop.com/hotel/alloggi-vacation-venice-venezia,+39 350 926 6480
info@angelesinnvenice.com,Angeles Inn Venice,https://www.hotelsdrop.com/hotel/angeles-inn-venice-venezia,+39 339 521 1292
info@bedandbreakfastalteatro.com,B&B Al Teatro,https://www.hotelsdrop.com/hotel/b-b-al-teatro-venezia,+39 333 918 2494
info@vistasulcanalgrande.it,B&B Vista sul Canal Grande,https://www.hotelsdrop.com/hotel/b-b-vista-sul-canal-grande-venezia,+39 353 444 5934
info@bbyouandme.com,Bed and Breakfast you and me,https://www.hotelsdrop.com/hotel/bed-and-breakfast-you-and-me-venezia,+39 346 576 8385
cadalisera1386@gmail.com,Ca Dalisera B&B Venezia,https://www.hotelsdrop.com/hotel/ca-dalisera-b-b-venezia-venezia,+39 334 124 1602
info@venicerent.it,Ca' Rielo,https://www.hotelsdrop.com/hotel/ca-rielo-venezia,+39 328 313 3682
charmingsantafosca@gmail.com,Charming Palace Santa Fosca,https://www.hotelsdrop.com/hotel/charming-palace-santa-fosca-venezia,+39 391 326 2735
venicehub2022@gmail.com,Dream Hub Hotel,https://www.hotelsdrop.com/hotel/dream-hub-hotel-venezia,+39 350 926 6480
info@guesthousetrainstation.com,Guest House Train Station,https://www.hotelsdrop.com/hotel/guest-house-train-station-venezia,+39 329 472 4966
info@hotelorion.it,Hotel Orion,https://www.hotelsdrop.com/hotel/hotel-orion-venezia,+39 328 623 5773
sammer@hostelsclub.com,Hotel Rossi,https://www.hotelsdrop.com/hotel/hotel-rossi-venezia,+39 349 316 6832
info@marconihouse.it,Marconi House & Lodge,https://www.hotelsdrop.com/hotel/marconi-house-lodge-venezia,+39 346 860 7345
info@oceanomarebb.com,Oceano Mare B&B Venezia,https://www.hotelsdrop.com/hotel/oceano-mare-b-b-venezia-venezia,+39 347 539 1782
info@palazzobembo.com,Palazzo Bembo - Exclusive Accommodation,https://www.hotelsdrop.com/hotel/palazzo-bembo-exclusive-accommodation-venezia,+39 328 559 2429
palazzotittivenice@gmail.com,Palazzo Ti-tti Rialto Suites,https://www.hotelsdrop.com/hotel/palazzo-ti-tti-rialto-suites-venezia,+39 376 248 2654
info@rimonplace.com,Rimon Place,https://www.hotelsdrop.com/hotel/rimon-place-venezia,+39 388 469 8228
info@lagunablumestre.com,Rooms LagunaBlu Mestre,https://www.hotelsdrop.com/hotel/rooms-lagunablu-mestre-venezia,+39 375 734 5509
royalsuitesvenice@gmail.com,Royal Suites Venice,https://www.hotelsdrop.com/hotel/royal-suites-venice-venezia,+39 380 752 3219
10minbb@gmail.com,10 Minutes B&B Bed & Breakfast,https://www.hotelsdrop.com/hotel/10-minutes-b-b-bed-breakfast-verona,+39 342 757 6683
info@allarivaverona.it,Alla Riva Camere Verona,https://www.hotelsdrop.com/hotel/alla-riva-camere-verona-verona,+39 345 174 6617
info@arielverona.com,Ariel Bed & Breakfast Verona,https://www.hotelsdrop.com/hotel/ariel-bed-breakfast-verona-verona,+39 340 003 9876
info@agliorti.it,B&B agli Orti,https://www.hotelsdrop.com/hotel/b-b-agli-orti-verona,+39 349 710 7667
info@al19.it,B&B al 19,https://www.hotelsdrop.com/hotel/b-b-al-19-verona,+39 347 755 6434
info@allacasadilucia.it,B&B Alla Casa di Lucia,https://www.hotelsdrop.com/hotel/b-b-alla-casa-di-lucia-verona,+39 333 947 8548
darioperusi@alice.it,B&B Orti di Spagna,https://www.hotelsdrop.com/hotel/b-b-orti-di-spagna-verona,+39 349 673 8227
bebvalverde@gmail.com,B&B Valverde,https://www.hotelsdrop.com/hotel/b-b-valverde-verona,+39 348 555 5249
info@bbveronacentro.it,B&B Verona Centro,https://www.hotelsdrop.com/hotel/b-b-verona-centro-verona,+39 338 301 3468
info@vicolo22.it,BB Vicolo 22 locazione turistica,https://www.hotelsdrop.com/hotel/bb-vicolo-22-locazione-turistica-verona,+39 348 271 9393
bbarenaverona@gmail.com,Bed & Bra,https://www.hotelsdrop.com/hotel/bed-bra-verona,+39 349 316 8780
info@casababbuino.com,Casa Babbuino,https://www.hotelsdrop.com/hotel/casa-babbuino-verona,+39 379 117 2228
casafloraverona@gmail.com,Casa Flora Verona,https://www.hotelsdrop.com/hotel/casa-flora-verona-verona,+39 375 976 2225
info@casafola.com,Casa Fola - City Centre Rooms,https://www.hotelsdrop.com/hotel/casa-fola-city-centre-rooms-verona,+39 340 582 0701
info@casavittoriabb.it,Casa Vittoria,https://www.hotelsdrop.com/hotel/casa-vittoria-verona,+39 335 600 4994
3929276445info@corterealdi.com,Corte Realdi Suites,https://www.hotelsdrop.com/hotel/corte-realdi-suites-verona,+39 392 927 6445
3929276445info@corterealdi.com,Corte Realdi Suites Arena Verona,https://www.hotelsdrop.com/hotel/corte-realdi-suites-arena-verona-verona,+39 392 927 6445
learche.verona@gmail.com,Delle Rose Rooms - Le Arche Verona,https://www.hotelsdrop.com/hotel/delle-rose-rooms-le-arche-verona-verona,+39 329 834 1423
info@dolcenotteverona.com,Dolce Notte B&B,https://www.hotelsdrop.com/hotel/dolce-notte-b-b-verona,+39 340 905 1060
domus44verona@gmail.com,Domus 44 Rooms - Porta Nuova,https://www.hotelsdrop.com/hotel/domus-44-rooms-porta-nuova-verona,+39 340 623 1365
gabriellirooms@gmail.com,Gabrielli Rooms & Apartments - Alloggio # 2 (Porta Palio),https://www.hotelsdrop.com/hotel/gabrielli-rooms-apartments-alloggio-2-porta-pali-verona,+39 340 621 2214
casaalgiardinogiusti@gmail.com,Giardino Giusti House & Court,https://www.hotelsdrop.com/hotel/giardino-giusti-house-court-verona,+39 324 549 2313
info@hoteltorcolo.it,Hotel Torcolo (Residenze del Cuore),https://www.hotelsdrop.com/hotel/hotel-torcolo-residenze-del-cuore-verona,+39 348 692 5255
info@lacasadigreta.com,La Casa di Greta,https://www.hotelsdrop.com/hotel/la-casa-di-greta-verona,+39 349 710 7667
info@cortedigiulietta.it,La Corte di Giulietta Exclusive Suites,https://www.hotelsdrop.com/hotel/la-corte-di-giulietta-exclusive-suites-verona,+39 328 426 6610
info@magnoliaverona.it,La Magnolia - House,https://www.hotelsdrop.com/hotel/la-magnolia-house-verona,+39 392 330 6284
info@lamaisondecharmeverona.com,La Maison De Charme ROOMS,https://www.hotelsdrop.com/hotel/la-maison-de-charme-rooms-verona,+39 333 523 1106
info@lamerope.com,La Merope Guest House de Charme,https://www.hotelsdrop.com/hotel/la-merope-guest-house-de-charme-verona,+39 351 592 7694
winerelais@massimago.com,Massimago - Wine Suites,https://www.hotelsdrop.com/hotel/massimago-wine-suites-verona,+39 327 576 6977
naboovr@gmail.com,Naboo B&B Verona,https://www.hotelsdrop.com/hotel/naboo-b-b-verona-verona,+39 349 421 3788
ospite@nicchiaverona.it,Nicchia,https://www.hotelsdrop.com/hotel/nicchia-verona,+39 349 101 7239
info@operaetlove.it,Opera Et Love | B&B a Verona Centro,https://www.hotelsdrop.com/hotel/opera-et-love-b-b-a-verona-centro-verona,+39 349 394 8634
relearbb@gmail.com,Re Lear Apartments,https://www.hotelsdrop.com/hotel/re-lear-apartments-verona,+39 345 677 9007
residenzaalcastello@gmail.com,Residenza al Castello,https://www.hotelsdrop.com/hotel/residenza-al-castello-verona,+39 392 383 9674
book@residenzabonifacio.it,Residenza Bonifacio,https://www.hotelsdrop.com/hotel/residenza-bonifacio-verona,+39 349 821 1009
residenzaelisabetta@gmail.com,Residenza Elisabetta,https://www.hotelsdrop.com/hotel/residenza-elisabetta-verona,+39 388 122 1218
info@residenzasanfaustino.it,Residenza San Faustino | B&B Verona,https://www.hotelsdrop.com/hotel/residenza-san-faustino-b-b-verona-verona,+39 346 183 5090
rentalroomsgroup@gmail.com,Rigoletto Rental Rooms,https://www.hotelsdrop.com/hotel/rigoletto-rental-rooms-verona,+39 340 223 9211
info@sannicolo3.com,San Nicolò 3,https://www.hotelsdrop.com/hotel/san-nicolo-3-verona,+39 349 821 1009
info@suitedigiulietta.it,Suite di Giulietta,https://www.hotelsdrop.com/hotel/suite-di-giulietta-verona,+39 327 206 8209
info@veronarooms.com,Verona Rooms,https://www.hotelsdrop.com/hotel/verona-rooms-verona,+39 375 704 0405
info@veronajourneys.com,VERONETTA 52,https://www.hotelsdrop.com/hotel/veronetta-52-verona,+39 345 036 4912
