Nome struttura	Email	URL HotelsDrop	Cellulare
B&B Le Colombine	info@beblecolombine.it	https://www.hotelsdrop.com/hotel/b-b-le-colombine-abbadia-lariana	+39 333 907 1899
B&B Lecco Contrada Lunga	info@bbcontradalunga.it	https://www.hotelsdrop.com/hotel/b-b-lecco-contrada-lunga-abbadia-lariana	+39 335 644 3223
Casa la Rosa Abbadia Lariana	casalarosaabbadialariana@gmail.com	https://www.hotelsdrop.com/hotel/casa-la-rosa-abbadia-lariana-abbadia-lariana	+39 340 863 8420
Villa Onedo - Lake Como	info@villaonedo.com	https://www.hotelsdrop.com/hotel/villa-onedo-lake-como-abbadia-lariana	+39 333 949 6937
B&B Gli Archi	info@bbgliarchi.it	https://www.hotelsdrop.com/hotel/b-b-gli-archi-abbadia-san-salvatore	+39 371 448 0935
B&B Il Biancospino	info@bbilbiancospino.com	https://www.hotelsdrop.com/hotel/b-b-il-biancospino-abbadia-san-salvatore	+39 334 344 5885
B&B Le Scalette | B&B San Marco	sanmarcoscalette@gmail.com	https://www.hotelsdrop.com/hotel/b-b-le-scalette-b-b-san-marco-abbadia-san-salvatore	+39 371 359 3707
Hotel Adriana Snc	hoteladriana@alice.it	https://www.hotelsdrop.com/hotel/hotel-adriana-snc-abbadia-san-salvatore	+39 338 592 0038
Agriturismo S'ispiga	mail@agriturismosispiga.com	https://www.hotelsdrop.com/hotel/agriturismo-s-ispiga-abbasanta	+39 347 302 2768
Agriturismo su Nuratolu	pinofodde@gmail.com	https://www.hotelsdrop.com/hotel/agriturismo-su-nuratolu-abbasanta	+39 338 248 4633
Agriturismo Villa Gaia Cabras	agriturvillagaia@tiscali.it	https://www.hotelsdrop.com/hotel/agriturismo-villa-gaia-cabras-abbasanta	+39 340 317 0324
B&B Bitulera	bitulera@gmail.com	https://www.hotelsdrop.com/hotel/b-b-bitulera-abbasanta	+39 349 395 0656
La Corte degli Ulivi | Albergo Rurale	info@lacortedegliulivi.it	https://www.hotelsdrop.com/hotel/la-corte-degli-ulivi-albergo-rurale-abbasanta	+39 393 872 4450
La Tinaia Country House Bed & Board	info@latinaia.eu	https://www.hotelsdrop.com/hotel/la-tinaia-country-house-bed-board-abbasanta	+39 348 381 2405
Pessighette Dimora di Campagna Bosa	info@pessighette.it	https://www.hotelsdrop.com/hotel/pessighette-dimora-di-campagna-bosa-abbasanta	+39 347 648 0478
Regia Hotel	info@regiahotel.com	https://www.hotelsdrop.com/hotel/regia-hotel-abbasanta	+39 377 099 4955
Casa dell’Orso	contact.casaorso@gmail.com	https://www.hotelsdrop.com/hotel/casa-dell-orso-abbateggio	+39 348 175 5863
Country House Antiche Dimore	countryhouse@antichedimore.net	https://www.hotelsdrop.com/hotel/country-house-antiche-dimore-abbateggio	+39 333 889 9567
Dimore Montane • glamping • b&b • ristorante	info@dimoremontane.com	https://www.hotelsdrop.com/hotel/dimore-montane-glamping-b-b-ristorante-abbateggio	+39 320 922 1069
La casa dalle finestre blu B&B	lacasadallefinestreblu@gmail.com	https://www.hotelsdrop.com/hotel/la-casa-dalle-finestre-blu-b-b-abbateggio	+39 348 773 5746
La Quercia B&B	bblaquercia91@gmail.com	https://www.hotelsdrop.com/hotel/la-quercia-b-b-abbateggio	+39 366 724 4879
Affittacamere Le Camere della Cervia	info@lecameredellacervia.it	https://www.hotelsdrop.com/hotel/affittacamere-le-camere-della-cervia-abbiategrasso	+39 331 188 2645
Agriturismo Cascina Palazzo	info@agriturismocascinapalazzo.it	https://www.hotelsdrop.com/hotel/agriturismo-cascina-palazzo-abbiategrasso	+39 345 148 9871
B&B Il Giardino	daniperini@libero.it	https://www.hotelsdrop.com/hotel/b-b-il-giardino-abbiategrasso	+39 392 747 4768
B&B Locanda Lugagnano	info@locandalugagnano.com	https://www.hotelsdrop.com/hotel/b-b-locanda-lugagnano-abbiategrasso	+39 393 279 2307
Cascina San Donato - Azienda agricola - Vendita diretta frutta e verdura - Fattoria Didattica	info@cascinasandonato.it	https://www.hotelsdrop.com/hotel/cascina-san-donato-azienda-agricola-vendita-dire-abbiategrasso	+39 347 056 8625
Delight Rooms	infodelightrooms@gmail.com	https://www.hotelsdrop.com/hotel/delight-rooms-abbiategrasso	+39 345 857 9724
La Cardinala	info@lacardinala.it	https://www.hotelsdrop.com/hotel/la-cardinala-abbiategrasso	+39 335 807 6411
Mahthildis Agriturismo B&B	info@mahthildis.net	https://www.hotelsdrop.com/hotel/mahthildis-agriturismo-b-b-abbiategrasso	+39 346 680 4097
B&B Dahu	info@bbdahu.it	https://www.hotelsdrop.com/hotel/b-b-dahu-abetone-cutigliano	+39 348 529 6800
B&B 85centro	bb85centro@gmail.com	https://www.hotelsdrop.com/hotel/b-b-85centro-abriola	+39 335 848 5441
La Fattoria Sotto il Cielo	info@sottoilcielo.it	https://www.hotelsdrop.com/hotel/la-fattoria-sotto-il-cielo-abriola	+39 345 672 5731
Ostello Villafranca	info@ostellovillafranca.com	https://www.hotelsdrop.com/hotel/ostello-villafranca-abriola	+39 349 003 1089
Baglio Occhipinti	info@bagliocchipinti.com	https://www.hotelsdrop.com/hotel/baglio-occhipinti-acate	+39 349 394 4359
Dimora di Dante	info@dimoradidante.com	https://www.hotelsdrop.com/hotel/dimora-di-dante-acate	+39 392 744 1466
Terra del sole b&b a Vittoria	ignazio55nicosia@gmail.com	https://www.hotelsdrop.com/hotel/terra-del-sole-b-b-a-vittoria-acate	+39 346 153 2571
TERRE IBLEE RESORT	info@terreibleeresort.com	https://www.hotelsdrop.com/hotel/terre-iblee-resort-acate	+39 338 807 8040
Villa Orchidea	info@villaorchidea.it	https://www.hotelsdrop.com/hotel/villa-orchidea-acate	+39 391 105 2271
A Casa Nostra	info@acasanostracandela.it	https://www.hotelsdrop.com/hotel/a-casa-nostra-accadia	+39 335 157 2312
Agriturismo Casale Cerere	info@casalecerere.it	https://www.hotelsdrop.com/hotel/agriturismo-casale-cerere-accadia	+39 329 923 5292
Azienda Agrituristica Petrilli	info@petrilli.it	https://www.hotelsdrop.com/hotel/azienda-agrituristica-petrilli-accadia	+39 324 849 0189
B&B Villa Milena	info@bbvillamilena.com	https://www.hotelsdrop.com/hotel/b-b-villa-milena-accadia	+39 338 424 2147
Domus Ansantica	info@domusansantica.it	https://www.hotelsdrop.com/hotel/domus-ansantica-accadia	+39 340 983 3779
L'Antico Monastero	info@lanticomonastero.com	https://www.hotelsdrop.com/hotel/l-antico-monastero-accadia	+39 375 510 2321
Albergo Ristorante Le Marmotte	info@lemarmotte.com	https://www.hotelsdrop.com/hotel/albergo-ristorante-le-marmotte-acceglio	+39 345 639 7132
Brieis Relais Alpino - Camere, Ristorante & Spa	info@brieis.it	https://www.hotelsdrop.com/hotel/brieis-relais-alpino-camere-ristorante-spa-acceglio	+39 347 224 2137
La Meiro	terredicastelmagno@hotmail.com	https://www.hotelsdrop.com/hotel/la-meiro-acceglio	+39 366 227 1614
Locanda Occitana Lou Pitavin	info@loupitavin.net	https://www.hotelsdrop.com/hotel/locanda-occitana-lou-pitavin-acceglio	+39 350 147 0847
Morier	siroden06a@gmail.com	https://www.hotelsdrop.com/hotel/morier-acceglio	+39 340 280 3526
Oronaye Bed and Breakfast Acceglio - Valle Maira	info@oronaye.com	https://www.hotelsdrop.com/hotel/oronaye-bed-and-breakfast-acceglio-valle-maira-acceglio	+39 347 452 5036
RIFUGIO LOU LINDAL	rifugioloulindal@gmail.com	https://www.hotelsdrop.com/hotel/rifugio-lou-lindal-acceglio	+39 328 748 4076
Sagna Rotonda	info@sagnarotonda.com	https://www.hotelsdrop.com/hotel/sagna-rotonda-acceglio	+39 348 561 2890
Visaisa Taverna & Foresteria	info@visaisa.com	https://www.hotelsdrop.com/hotel/visaisa-taverna-foresteria-acceglio	+39 335 670 6604
Aura Glamping	info@auraglamping.it	https://www.hotelsdrop.com/hotel/aura-glamping-accettura	+39 329 404 2031
B&B Vigna del Duca	bbvignadelduca@gmail.com	https://www.hotelsdrop.com/hotel/b-b-vigna-del-duca-accettura	+39 328 109 7848
Palazzo Laureano - Dimora Storica	info@palazzolaureano.it	https://www.hotelsdrop.com/hotel/palazzo-laureano-dimora-storica-accettura	+39 346 474 6904
Abruzzo Segreto bed & breakfast	info@abruzzo-segreto.it	https://www.hotelsdrop.com/hotel/abruzzo-segreto-bed-breakfast-acciano	+39 338 399 7221
B&B Goriano Valli	info@gorianovalli.it	https://www.hotelsdrop.com/hotel/b-b-goriano-valli-acciano	+39 349 094 5341
Charme in Perillis	info@charmeinperillis.it	https://www.hotelsdrop.com/hotel/charme-in-perillis-acciano	+39 350 084 0400
Collis Petri Relais	info@collispetrirelais.it	https://www.hotelsdrop.com/hotel/collis-petri-relais-acciano	+39 388 877 4414
Palazzo Pirro - Dimora Storica	palazzopirro@gmail.com	https://www.hotelsdrop.com/hotel/palazzo-pirro-dimora-storica-acciano	+39 353 468 3618
Tenuta Il Guerriero - Agricampeggio Capestrano	info@agricampeggiocapestrano.it	https://www.hotelsdrop.com/hotel/tenuta-il-guerriero-agricampeggio-capestrano-acciano	+39 349 658 4465
Agriturismo 'Coop. Grisciano'	contact@ourdomain.com	https://www.hotelsdrop.com/hotel/agriturismo-coop-grisciano-accumoli	+39 328 405 2893
Agriturismo Il Casale Pica	info@ilcasalepica.it	https://www.hotelsdrop.com/hotel/agriturismo-il-casale-pica-accumoli	+39 349 789 6258
Agriturismo Le Sorgenti	info@agriturismolesorgenti.com	https://www.hotelsdrop.com/hotel/agriturismo-le-sorgenti-accumoli	+39 347 891 2401
Agriturismo Valle Tezze	agriturismovalletezze@gmail.com	https://www.hotelsdrop.com/hotel/agriturismo-valle-tezze-accumoli	+39 347 810 4997
Hotel Villa Stella	info@hotelvillastellacascia.com	https://www.hotelsdrop.com/hotel/hotel-villa-stella-accumoli	+39 333 250 7957
B&B Tra I Castelli	info@traicastelli.it	https://www.hotelsdrop.com/hotel/b-b-tra-i-castelli-acerenza	337 901 255
Borgo Lamurese	lamurese@gmail.com	https://www.hotelsdrop.com/hotel/borgo-lamurese-acerenza	+39 393 261 3408
Il Casale del Borgo	info@ilcasaledelborgo.it	https://www.hotelsdrop.com/hotel/il-casale-del-borgo-acerenza	+39 389 439 2327
White Room	info@whiteroom.name	https://www.hotelsdrop.com/hotel/white-room-acerenza	+39 347 697 3629
Agriturismo la Vecchia Lanterna	lenza1968@hotmail.it	https://www.hotelsdrop.com/hotel/agriturismo-la-vecchia-lanterna-acerno	+39 338 830 6580
Domus Vivian b&b	info@domusvivian.it	https://www.hotelsdrop.com/hotel/domus-vivian-b-b-acerno	+39 351 518 5724
FABROS B&B	info@bbfabros.it	https://www.hotelsdrop.com/hotel/fabros-b-b-acerno	+39 339 899 0236
Villa Alessandra	info@villa-alessandra.it	https://www.hotelsdrop.com/hotel/villa-alessandra-acerno	+39 350 133 7876
Vittoria Guest House Battipaglia	info@vittoriaguesthouse.it	https://www.hotelsdrop.com/hotel/vittoria-guest-house-battipaglia-acerno	+39 371 340 8620
Bed & Breakfast La Primavera	rosa.c_sun@hotmail.it	https://www.hotelsdrop.com/hotel/bed-breakfast-la-primavera-acerra	+39 348 661 7188
Hotel Movida	info@hotelmovida.it	https://www.hotelsdrop.com/hotel/hotel-movida-acerra	+39 375 800 7100
Living Bed and Breakfast	info@livingbedandbreakfast.it	https://www.hotelsdrop.com/hotel/living-bed-and-breakfast-acerra	+39 351 848 4360
Paradisea Club and Residences	reservations@paradiseaclubandresidences.com	https://www.hotelsdrop.com/hotel/paradisea-club-and-residences-acerra	+39 377 350 7055
Pavean Suites Frattamaggiore	info@paveansuites.com	https://www.hotelsdrop.com/hotel/pavean-suites-frattamaggiore-acerra	+39 334 704 7940
B&B Casalotto Inn	info@casalottoinn.com	https://www.hotelsdrop.com/hotel/b-b-casalotto-inn-aci-bonaccorsi	+39 328 601 8254
B&B I Colori dell'Etna	info@icoloridelletnabb.it	https://www.hotelsdrop.com/hotel/b-b-i-colori-dell-etna-aci-bonaccorsi	+39 340 340 1981
B&B Le Antiche Cisterne	info@leantichecisterne.it	https://www.hotelsdrop.com/hotel/b-b-le-antiche-cisterne-aci-bonaccorsi	+39 339 162 8095
B&B Sotto l'eremo	info@sottoleremo.it	https://www.hotelsdrop.com/hotel/b-b-sotto-l-eremo-aci-bonaccorsi	+39 340 490 5659
B&B suite	maxct21@libero.it	https://www.hotelsdrop.com/hotel/b-b-suite-aci-bonaccorsi	+39 389 677 2586
Sikelia Rooms	info@sikeliarooms.it	https://www.hotelsdrop.com/hotel/sikelia-rooms-aci-bonaccorsi	+39 380 698 0069
B&B Epos Acitrezza	bbepos@icloud.com	https://www.hotelsdrop.com/hotel/b-b-epos-acitrezza-aci-castello	+39 392 484 8113
Hello B&B	hellobnbacitrezza@gmail.com	https://www.hotelsdrop.com/hotel/hello-b-b-aci-castello	+39 347 406 5907
Oasi Perla del Mare - Bed&Breakfast	oasiperladelmare@gmail.com	https://www.hotelsdrop.com/hotel/oasi-perla-del-mare-bed-breakfast-aci-castello	+39 351 729 3291
SicItaly Acicastello	helpdesk@sicitaly.eu	https://www.hotelsdrop.com/hotel/sicitaly-acicastello-aci-castello	+39 348 654 0517
Il vecchio sentiero	ilvecchiosentiero@gmail.com	https://www.hotelsdrop.com/hotel/il-vecchio-sentiero-aci-catena	+39 370 114 2251
BeB Casa di Mari	info@bebcasadimari.it	https://www.hotelsdrop.com/hotel/beb-casa-di-mari-aci-sant-antonio	+39 340 874 8965
Villa Corallo dell'Etna	info@villacorallodelletna.com	https://www.hotelsdrop.com/hotel/villa-corallo-dell-etna-aci-sant-antonio	+39 333 666 4545
B&B ACIREALE- il Cavalluccio Marino fronte mare	palazzofiorini@gmail.com	https://www.hotelsdrop.com/hotel/b-b-acireale-il-cavalluccio-marino-fronte-mare-acireale	+39 335 777 0739
Luxury B&b Euphorbia	info@luxurybeb-euphorbia.it	https://www.hotelsdrop.com/hotel/luxury-b-b-euphorbia-acireale	+39 329 748 8033
Residenza Cavour	info@residenzacavour.net	https://www.hotelsdrop.com/hotel/residenza-cavour-acireale	+39 393 914 5510
Riflessi Acireale Palace Suites	info@riflessiacireale.it	https://www.hotelsdrop.com/hotel/riflessi-acireale-palace-suites-acireale	+39 392 368 7239
Villa Arianna Acireale	villariannasicily@gmail.com	https://www.hotelsdrop.com/hotel/villa-arianna-acireale-acireale	+39 334 733 4234
Agriturismo Il Pioppeto	info@pioppetocassino.com	https://www.hotelsdrop.com/hotel/agriturismo-il-pioppeto-acquafondata	+39 349 431 2563
B&B La Montagnarosa	info@montagnarosa.it	https://www.hotelsdrop.com/hotel/b-b-la-montagnarosa-acquafondata	+39 329 264 9114
Chez Nous Bed and Breakfast	info@bbcheznous.it	https://www.hotelsdrop.com/hotel/chez-nous-bed-and-breakfast-acquafondata	+39 333 106 1109
Locanda Belvedere da Stefano	info@locandabelvedere.eu	https://www.hotelsdrop.com/hotel/locanda-belvedere-da-stefano-acquafondata	+39 338 173 0892
Palazzo Licinio	info@palazzolicinio.it	https://www.hotelsdrop.com/hotel/palazzo-licinio-acquafondata	+39 351 354 3286
B&B IL LAGHETTO	bebillaghetto@gmail.com	https://www.hotelsdrop.com/hotel/b-b-il-laghetto-acquaformosa	+39 320 259 7069
Green Bed And Breakfast	bedgreen23@gmail.com	https://www.hotelsdrop.com/hotel/green-bed-and-breakfast-acquaformosa	+39 347 244 9593
Ka Millordi	info@kamillordi.it	https://www.hotelsdrop.com/hotel/ka-millordi-acquaformosa	+39 328 405 4493
Tik Tak Bed and Breakfast	tiktakbedandbreakfast@gmail.com	https://www.hotelsdrop.com/hotel/tik-tak-bed-and-breakfast-acquaformosa	+39 392 342 9773
AMIRA PALACE HOTEL	info@amirapalacehotel.com	https://www.hotelsdrop.com/hotel/amira-palace-hotel-acquafredda	+39 331 560 8889
B&B Il Fienile	infobebilfienile@gmail.com	https://www.hotelsdrop.com/hotel/b-b-il-fienile-acquafredda	+39 351 771 8411
B&B Santa Cristina	info@cascinacavallera.com	https://www.hotelsdrop.com/hotel/b-b-santa-cristina-acquafredda	+39 338 838 1065
La Stazione Hotel(LA VECCHIA TRAMVIA)	info@lavecchiatramviacamere.it	https://www.hotelsdrop.com/hotel/la-stazione-hotel-la-vecchia-tramvia-acquafredda	+39 338 543 0936
Monticlaris Foresteria Self Contained	info@monticlaris.it	https://www.hotelsdrop.com/hotel/monticlaris-foresteria-self-contained-acquafredda	+39 335 533 7524
Palazzo Bed and Breakfast	info@bbpalazzo.it	https://www.hotelsdrop.com/hotel/palazzo-bed-and-breakfast-acquafredda	+39 328 181 3717
Agriturismo Alla Vecchia Quercia	info@vecchiaquercia.it	https://www.hotelsdrop.com/hotel/agriturismo-alla-vecchia-quercia-acqualagna	+39 329 602 8302
B&B Fox's Hill	info@brandio.it	https://www.hotelsdrop.com/hotel/b-b-fox-s-hill-acqualagna	+39 333 776 9915
B&b Monte San Pietro	gfranco.paoloni@gmail.com	https://www.hotelsdrop.com/hotel/b-b-monte-san-pietro-acqualagna	+39 328 420 7908
Bed & Breakfast del Teatro	info@bbdelteatro.it	https://www.hotelsdrop.com/hotel/bed-breakfast-del-teatro-acqualagna	+39 333 951 0045
Cielo e Nuvole	info@ristorantelagioconda.it	https://www.hotelsdrop.com/hotel/cielo-e-nuvole-acqualagna	+39 339 350 7781
InLoco - Natural Experience	info@inlocoitaly.com	https://www.hotelsdrop.com/hotel/inloco-natural-experience-acqualagna	+39 378 406 9780
La Tana del Furlo B&B	info@latanadelfurlo.it	https://www.hotelsdrop.com/hotel/la-tana-del-furlo-b-b-acqualagna	+39 352 012 0325
B & B Albergo Il Torchio Di Alchieri Moreno & C. Sas	info@albergoiltorchio.com	https://www.hotelsdrop.com/hotel/b-b-albergo-il-torchio-di-alchieri-moreno-c-sas-acquanegra-cremonese	+39 347 241 0169
B&B Spaziovitale	spaziovitale3@gmail.com	https://www.hotelsdrop.com/hotel/b-b-spaziovitale-acquanegra-cremonese	+39 340 416 4989
FORESTERIA LOMBARDA BED and BIKE CREMONA	info@bedandbikecremona.it	https://www.hotelsdrop.com/hotel/foresteria-lombarda-bed-and-bike-cremona-acquanegra-cremonese	+39 331 791 4435
Giardini Rooms	info@giardini-rooms-cremona.it	https://www.hotelsdrop.com/hotel/giardini-rooms-acquanegra-cremonese	+39 328 550 8586
Mulino degli Orti S.n.c	celiodiego@gmail.com	https://www.hotelsdrop.com/hotel/mulino-degli-orti-s-n-c-acquanegra-cremonese	+39 340 222 7695
Affittacamere Cigole	info@affittacamerecigole.it	https://www.hotelsdrop.com/hotel/affittacamere-cigole-acquanegra-sul-chiese	+39 339 318 1599
B&B La Casa sul Fiume	toninidavide81@gmail.com	https://www.hotelsdrop.com/hotel/b-b-la-casa-sul-fiume-acquanegra-sul-chiese	+39 331 766 5452
Bed&Biker	bedandbiker@gmail.com	https://www.hotelsdrop.com/hotel/bed-biker-acquanegra-sul-chiese	+39 351 979 2181
Casa delle Rondini B&B	casadellerondini5@gmail.com	https://www.hotelsdrop.com/hotel/casa-delle-rondini-b-b-acquanegra-sul-chiese	+39 351 624 9450
Corte Pioppazza	info@cortepioppazza.it	https://www.hotelsdrop.com/hotel/corte-pioppazza-acquanegra-sul-chiese	+39 335 823 6386
Corte Rachele	postmaster@corterachele.it	https://www.hotelsdrop.com/hotel/corte-rachele-acquanegra-sul-chiese	+39 340 857 6912
House Sabbioneta	lodirizzinir@gmail.com	https://www.hotelsdrop.com/hotel/house-sabbioneta-acquanegra-sul-chiese	+39 333 547 3606
il Giglio B&B	info@ilgigliobnb.it	https://www.hotelsdrop.com/hotel/il-giglio-b-b-acquanegra-sul-chiese	+39 379 201 2223
L'Alveare	info@bbalveare.com	https://www.hotelsdrop.com/hotel/l-alveare-acquanegra-sul-chiese	+39 335 642 8622
La Piazzetta Goito	lapiazzettagoito@gmail.com	https://www.hotelsdrop.com/hotel/la-piazzetta-goito-acquanegra-sul-chiese	+39 350 825 6539
Toson d'Oro Bed & Breakfast	tosondorobb@gmail.com	https://www.hotelsdrop.com/hotel/toson-d-oro-bed-breakfast-acquanegra-sul-chiese	+39 379 247 0959
Agriturismo Il Sentiero	isabella.ilsentiero@gmail.com	https://www.hotelsdrop.com/hotel/agriturismo-il-sentiero-acquapendente	+39 328 589 6854
B&B CASA GALLI	bbcasagalli@gmail.com	https://www.hotelsdrop.com/hotel/b-b-casa-galli-acquapendente	+39 328 859 9462
B&B Predio San Fernando	info@bbsanfernando.com	https://www.hotelsdrop.com/hotel/b-b-predio-san-fernando-acquapendente	+39 320 059 7925
Bed And Breakfast la Grotta	info@bblagrotta.eu	https://www.hotelsdrop.com/hotel/bed-and-breakfast-la-grotta-acquapendente	+39 333 201 1879
Athena Palace Hotel	info@athenapalacehotel.com	https://www.hotelsdrop.com/hotel/athena-palace-hotel-acquappesa	+39 379 247 3198
LUNA E STELLE Bed e Breakfast	info@lunaestelle.it	https://www.hotelsdrop.com/hotel/luna-e-stelle-bed-e-breakfast-acquappesa	+39 329 615 9350
Santa Rosa Centro Vacanze	info@santarosacentrovacanze.it	https://www.hotelsdrop.com/hotel/santa-rosa-centro-vacanze-acquappesa	+39 328 294 3612
B&B Il Girasole	info@bebilgirasole.eu	https://www.hotelsdrop.com/hotel/b-b-il-girasole-acquaro-2	+39 351 551 5974
B&B Villa Maracujà	villa.maracuja.beb@gmail.com	https://www.hotelsdrop.com/hotel/b-b-villa-maracuja-acquaro	+39 351 703 6921
B&B Villa Mery	info@villamery.it	https://www.hotelsdrop.com/hotel/b-b-villa-mery-acquaro	+39 348 882 6853
IL Vicoletto	info@ilvicolettoserrasanbruno.it	https://www.hotelsdrop.com/hotel/il-vicoletto-acquaro	+39 320 473 5359
Tenuta del Barone	info@tenutadelbaronemarzano.it	https://www.hotelsdrop.com/hotel/tenuta-del-barone-acquaro	+39 351 396 7150
Agriturismo La Cittadella dei Sibillini	informa@cittadelladeisibillini.it	https://www.hotelsdrop.com/hotel/agriturismo-la-cittadella-dei-sibillini-acquasanta-terme	+39 333 255 3824
B&B Antico Borgo Piceno	info@anticoborgopiceno.it	https://www.hotelsdrop.com/hotel/b-b-antico-borgo-piceno-acquasanta-terme	+39 339 702 1069
B&B Mosca Bianca	info@bebmoscabianca.it	https://www.hotelsdrop.com/hotel/b-b-mosca-bianca-acquasanta-terme	+39 331 252 8568
Dimora storica Castel di Luco	info@casteldiluco.com	https://www.hotelsdrop.com/hotel/dimora-storica-castel-di-luco-acquasanta-terme	+39 338 213 2286
Fattoria La Cona	info@fattorialacona.it	https://www.hotelsdrop.com/hotel/fattoria-la-cona-acquasanta-terme	+39 331 762 0864
AGRITURISMO LA CASA DI GELSOMINO	rhr@dormireinumbria.com	https://www.hotelsdrop.com/hotel/agriturismo-la-casa-di-gelsomino-acquasparta	+39 335 648 9266
Agriturismo Piano Grande	agriturismopianogrande@virgilio.it	https://www.hotelsdrop.com/hotel/agriturismo-piano-grande-acquasparta	+39 335 700 1575
Antico Portale Bed & Breakfast e Guest House	info@anticoportale.com	https://www.hotelsdrop.com/hotel/antico-portale-bed-breakfast-e-guest-house-acquasparta	+39 349 904 0560
B&B Il Pizzagiallo	info@ilpizzagiallo.it	https://www.hotelsdrop.com/hotel/b-b-il-pizzagiallo-acquasparta	+39 347 152 6493
Bed & Breakfast Le Cerque	info@lecerque.it	https://www.hotelsdrop.com/hotel/bed-breakfast-le-cerque-acquasparta	+39 380 413 6336
La Fortezza Alta	info@lafortezzaalta.it	https://www.hotelsdrop.com/hotel/la-fortezza-alta-acquasparta	+39 349 558 3234
La Perticara Agriturismo	info@laperticara.com	https://www.hotelsdrop.com/hotel/la-perticara-agriturismo-acquasparta	+39 338 495 7012
Tamerici House	tamericihouse@gmail.com	https://www.hotelsdrop.com/hotel/tamerici-house-acquasparta	+39 392 814 2706
Agriturismo Colle Bianco	info@agriturismocollebianco.it	https://www.hotelsdrop.com/hotel/agriturismo-colle-bianco-acquaviva-collecroce	+39 338 638 5424
Agriturismo La Quiete	ndibello60@gmail.com	https://www.hotelsdrop.com/hotel/agriturismo-la-quiete-acquaviva-collecroce	+39 338 130 0045
Albergo Diffuso "Borgo delle Fonti"	info@molisewow.com	https://www.hotelsdrop.com/hotel/albergo-diffuso-borgo-delle-fonti-acquaviva-collecroce	+39 334 785 7284
B&b Lume	info@trattorialaforacella.it	https://www.hotelsdrop.com/hotel/b-b-lume-acquaviva-collecroce	+39 388 477 3641
Corte Reale Luxury B&B	info@cortereale.com	https://www.hotelsdrop.com/hotel/corte-reale-luxury-b-b-acquaviva-collecroce	+39 348 190 8557
Il Gallo con gli Stivali	ilgalloconglistivali@gmail.com	https://www.hotelsdrop.com/hotel/il-gallo-con-gli-stivali-acquaviva-collecroce	+39 339 576 7480
Masseria Grande Hotel - Ristorante	masseriagrandehotel@gmail.com	https://www.hotelsdrop.com/hotel/masseria-grande-hotel-ristorante-acquaviva-collecroce	+39 351 381 8775
Residenza B&B Vistamare	info@bb-vistamare.it	https://www.hotelsdrop.com/hotel/residenza-b-b-vistamare-acquaviva-collecroce	+39 351 312 3696
B&B Giallo Siena	support@localsmalltour.com	https://www.hotelsdrop.com/hotel/b-b-giallo-siena-acquaviva-d-isernia	+39 338 626 0330
B&B Gocciaverde	info@bnbgocciaverde.one	https://www.hotelsdrop.com/hotel/b-b-gocciaverde-acquaviva-d-isernia	+39 371 173 0883
Bactaria - Bed and Breakfast	mariavisco@tiscali.it	https://www.hotelsdrop.com/hotel/bactaria-bed-and-breakfast-acquaviva-d-isernia	+39 320 943 9014
Borgo Donna Teresa	info@borgodonnateresa.it	https://www.hotelsdrop.com/hotel/borgo-donna-teresa-acquaviva-d-isernia	+39 331 839 5720
Borgo La Forgia	info@borgolaforgia.it	https://www.hotelsdrop.com/hotel/borgo-la-forgia-acquaviva-d-isernia	+39 375 145 0005
Masseria Monte Pizzi	info@masseriamontepizzi.it	https://www.hotelsdrop.com/hotel/masseria-monte-pizzi-acquaviva-d-isernia	+39 333 351 9849
Palazzo De' Farrocco	palazzodefarrocco@gmail.com	https://www.hotelsdrop.com/hotel/palazzo-de-farrocco-acquaviva-d-isernia	+39 345 531 2246
Albertario | B&B e Affittacamere	booking@albertariobb.it	https://www.hotelsdrop.com/hotel/albertario-b-b-e-affittacamere-acquaviva-delle-fonti	+39 338 236 6201
B&B PIAZZA KOLBE	bebpiazzakolbe@gmail.com	https://www.hotelsdrop.com/hotel/b-b-piazza-kolbe-acquaviva-delle-fonti	+39 347 299 2220
AFFITTACAMERE VILLA SANTA LUCIA	bbsantaluciasbt@gmail.com	https://www.hotelsdrop.com/hotel/affittacamere-villa-santa-lucia-acquaviva-picena	+39 347 392 9113
B&B Il Giardino Mediterraneo	info@bbilgiardinomediterraneo.com	https://www.hotelsdrop.com/hotel/b-b-il-giardino-mediterraneo-acquaviva-picena	+39 345 600 0910
B&B La Fontanella	prenotazioni@hosthero.it	https://www.hotelsdrop.com/hotel/b-b-la-fontanella-acquaviva-picena	+39 376 263 2014
B&B Verdemare	antonella.verdemare@gmail.com	https://www.hotelsdrop.com/hotel/b-b-verdemare-acquaviva-picena	+39 349 210 6463
Bed & breakfast geco	info@bebgeco.com	https://www.hotelsdrop.com/hotel/bed-breakfast-geco-acquaviva-picena	+39 333 159 0423
Hotel Oviv • La dimora del Borgo	ovivhotel@gmail.com	https://www.hotelsdrop.com/hotel/hotel-oviv-la-dimora-del-borgo-acquaviva-picena	+39 349 852 3329
Agriturismo Casalicchio	info@agriturismocasalicchio.it	https://www.hotelsdrop.com/hotel/agriturismo-casalicchio-acquaviva-platani	+39 333 485 3658
B&B La Terrazza degli Scrittori	laterrazzadegliscrittori@gmail.com	https://www.hotelsdrop.com/hotel/b-b-la-terrazza-degli-scrittori-acquaviva-platani	+39 379 201 5961
Manfredomus	info@manfredomus.it	https://www.hotelsdrop.com/hotel/manfredomus-acquaviva-platani	+39 366 127 0826
Musmelia Rooms	info@bbmusmelia.it	https://www.hotelsdrop.com/hotel/musmelia-rooms-acquaviva-platani	+39 351 892 5355
Regalpetra Hotel	info@regalpetrahotel.it	https://www.hotelsdrop.com/hotel/regalpetra-hotel-acquaviva-platani	+39 334 352 8103
Sorge Palace Room and Breakfast	info@sorgepalace.it	https://www.hotelsdrop.com/hotel/sorge-palace-room-and-breakfast-acquaviva-platani	+39 366 671 2300
Susafa | A Member of Small Luxury Hotels of the World	info@susafa.com	https://www.hotelsdrop.com/hotel/susafa-a-member-of-small-luxury-hotels-of-the-wo-acquaviva-platani	+39 338 960 8713
Agriturismo La Valle degli Ulivi | Nebrodi	info@lavalledegliuliviagriturismo.com	https://www.hotelsdrop.com/hotel/agriturismo-la-valle-degli-ulivi-nebrodi-acquedolci	+39 320 261 6118
Casa Giada	info@casagiada.it	https://www.hotelsdrop.com/hotel/casa-giada-acquedolci	+39 393 248 6510
Thea B&B	tabthea1@gmail.com	https://www.hotelsdrop.com/hotel/thea-b-b-acquedolci	+39 328 831 2835
Villa dei Principi	villadeiprincipi@gmail.com	https://www.hotelsdrop.com/hotel/villa-dei-principi-acquedolci	+39 377 093 0033
B&B Borgo Inferiore 24	info@borgoinferiore24.it	https://www.hotelsdrop.com/hotel/b-b-borgo-inferiore-24-acqui-terme	+39 347 574 3755
B&B Cascina Galla	cascinagalla@alice.it	https://www.hotelsdrop.com/hotel/b-b-cascina-galla-acqui-terme	+39 389 185 2119
B&B Cascina Luvot	605a7baede844d278b89dc95ae0a9123@sentry-next.wixpress.com	https://www.hotelsdrop.com/hotel/b-b-cascina-luvot-acqui-terme	+39 349 746 1531
B&B Maggiora 131	bbmaggiora131@gmail.com	https://www.hotelsdrop.com/hotel/b-b-maggiora-131-acqui-terme	+39 339 878 9566
Hotel Valentino Acqui Terme	info@hotel-valentino.com	https://www.hotelsdrop.com/hotel/hotel-valentino-acqui-terme-acqui-terme	+39 371 455 2046
Il Sambuco innamorato country house	info@sambucoinnamorato.it	https://www.hotelsdrop.com/hotel/il-sambuco-innamorato-country-house-acqui-terme	+39 345 210 7578
L'Alloro	info@bballoro.it	https://www.hotelsdrop.com/hotel/l-alloro-acqui-terme	+39 347 143 0149
Verdmont	info@verdmont.co	https://www.hotelsdrop.com/hotel/verdmont-acqui-terme	+39 378 082 2761
B&B Sandro Pertini	lameziaterme@locautorent.it	https://www.hotelsdrop.com/hotel/b-b-sandro-pertini-acri	+39 340 866 1609
Alla Niviera B&B Adelfia	allaniviera@gmail.com	https://www.hotelsdrop.com/hotel/alla-niviera-b-b-adelfia-adelfia	+39 348 761 1377
B&B ACA Suite Luxury	acasuiteluxury@outlook.it	https://www.hotelsdrop.com/hotel/b-b-aca-suite-luxury-adelfia	+39 351 612 1323
B&B Due Rioni	bbduerioni@gmail.com	https://www.hotelsdrop.com/hotel/b-b-due-rioni-adelfia	+39 335 153 6968
Agriturismo Corte Aragonese	info@agriturismocortearagonese.it	https://www.hotelsdrop.com/hotel/agriturismo-corte-aragonese-adrano	+39 320 611 4524
Agriturismo Gianferrante	info@gianferrante.it	https://www.hotelsdrop.com/hotel/agriturismo-gianferrante-adrano	+39 328 913 2504
B&B Casa degli Ulivi Etna	casaulivietna@gmail.com	https://www.hotelsdrop.com/hotel/b-b-casa-degli-ulivi-etna-adrano	+39 346 361 9280
B&B Eurelios	eurelios.sicurella@alice.it	https://www.hotelsdrop.com/hotel/b-b-eurelios-adrano	+39 351 407 2657
Boscoscuro	boscoscuroetna@gmail.com	https://www.hotelsdrop.com/hotel/boscoscuro-adrano	+39 392 875 9322
Corten Hotel	cortenhotel@gmail.com	https://www.hotelsdrop.com/hotel/corten-hotel-adrano	+39 320 870 5770
Locale Dimora Rurale	info@localedimorarurale.com	https://www.hotelsdrop.com/hotel/locale-dimora-rurale-adrano	+39 389 998 5275
Rifugio Ariel	info@rifugioariel.it	https://www.hotelsdrop.com/hotel/rifugio-ariel-adrano	+39 368 733 7966
B&B Casa del Nonno	info@bebcasadelnonno.com	https://www.hotelsdrop.com/hotel/b-b-casa-del-nonno-adrara-san-martino	+39 347 598 8034
B&B I Lazzarini	bblazzarini@hotmail.it	https://www.hotelsdrop.com/hotel/b-b-i-lazzarini-adrara-san-martino	+39 345 827 7512
Narciso Home	info@narciso-home.it	https://www.hotelsdrop.com/hotel/narciso-home-adrara-san-rocco	+39 346 104 5637
Adria bnb Nature Resort	appartamentisoleil@gmail.com	https://www.hotelsdrop.com/hotel/adria-bnb-nature-resort-adria	+39 366 355 3750
Bed & Breakfast Hotel Corte Zen	info.cortezen@gmail.com	https://www.hotelsdrop.com/hotel/bed-breakfast-hotel-corte-zen-adria	+39 340 910 3914
Hotel Mauro	info@hotelmauro.it	https://www.hotelsdrop.com/hotel/hotel-mauro-adria	+39 349 432 7094
Point Hotel Conselve	info@pointhotelconselve.it	https://www.hotelsdrop.com/hotel/point-hotel-conselve-adria	+39 351 821 3154
Agriturismo Riondel	info@agriturismoriondel.it	https://www.hotelsdrop.com/hotel/agriturismo-riondel-affi	+39 348 750 7334
Il Pigno	relaisilpigno@gmail.com	https://www.hotelsdrop.com/hotel/il-pigno-affi	+39 333 699 4000
Relais San Michele	relaisanmichele@gmail.com	https://www.hotelsdrop.com/hotel/relais-san-michele-affi	+39 334 754 3994
Agriturismo Colle Tocci Subiaco	info@agriturismocolletocci.it	https://www.hotelsdrop.com/hotel/agriturismo-colle-tocci-subiaco-affile	+39 335 688 3955
B&B Valmontone MagicLand - Casa del Girasole	bbcasadelgirasole@gmail.com	https://www.hotelsdrop.com/hotel/b-b-valmontone-magicland-casa-del-girasole-affile	+39 333 948 5935
Bed and Breakfast - La Panarda	lapanardarapone@gmail.com	https://www.hotelsdrop.com/hotel/bed-and-breakfast-la-panarda-affile	+39 338 522 1846
Bed and Breakfast Casa Rosella - Country House	casarosella.countryhouse@gmail.com	https://www.hotelsdrop.com/hotel/bed-and-breakfast-casa-rosella-country-house-affile	+39 331 659 8420
Nido del Nibbio	nidodelnibbio@gmail.com	https://www.hotelsdrop.com/hotel/nido-del-nibbio-affile	+39 333 468 5133
SUITE CELESTIA CASORIA BY SUITE	suiteconceptitaly@gmail.com	https://www.hotelsdrop.com/hotel/suite-celestia-casoria-by-suite-afragola	+39 334 146 7573
Suite concept Italy	suiteconceptitaly@gmail.com	https://www.hotelsdrop.com/hotel/suite-concept-italy-afragola	+39 334 108 9501
B&B Casa Cosmano	casacosmano@gmail.com	https://www.hotelsdrop.com/hotel/b-b-casa-cosmano-africo	+39 338 119 9236
Corte Vena	info@cortevena.com	https://www.hotelsdrop.com/hotel/corte-vena-africo	+39 340 644 7734
Erasippe Residence	erasippe@hotmail.it	https://www.hotelsdrop.com/hotel/erasippe-residence-africo	+39 349 586 0121
Hotel Il Girasole	info@hotelilgirasole.it	https://www.hotelsdrop.com/hotel/hotel-il-girasole-africo	+39 335 591 7194
I Galli Bed and Breakfast	igallibnb@gmail.com	https://www.hotelsdrop.com/hotel/i-galli-bed-and-breakfast-agazzano	+39 320 068 8803
Affittacamere Leonardo's – Agerola | Costiera Amalfitana.	rist.leonardos@gmail.com	https://www.hotelsdrop.com/hotel/affittacamere-leonardo-s-agerola-costiera-amalfi-agerola	+39 349 517 3878
Agriturismo Punta San Lazzaro	info@agriturismopuntasanlazzaro.com	https://www.hotelsdrop.com/hotel/agriturismo-punta-san-lazzaro-agerola	+39 338 784 0316
B&B SANTA MARIA AGEROLA	bbsantamariaagerola@gmail.com	https://www.hotelsdrop.com/hotel/b-b-santa-maria-agerola-agerola	+39 351 507 8402
HEDÈRA ROOMS	hederarooms@outlook.it	https://www.hotelsdrop.com/hotel/hedera-rooms-agerola	+39 331 506 6558
Il Vigneto di Nonno Pietro - Fraz.Pianillo	info@ilvignetodinonnopietro.com	https://www.hotelsdrop.com/hotel/il-vigneto-di-nonno-pietro-fraz-pianillo-agerola	+39 339 777 1914
La Villa Carmelina	reception@lavillacarmelina.it	https://www.hotelsdrop.com/hotel/la-villa-carmelina-agerola	+39 351 394 6799
O Spritt House	info@gmail.com	https://www.hotelsdrop.com/hotel/o-spritt-house-agerola	+39 347 043 8728
Relais Miló	info@relaismiloholidayrooms.com	https://www.hotelsdrop.com/hotel/relais-milo-agerola	+39 339 271 6719
B&B Letto&Latte	antonellarussino@tiscali.it	https://www.hotelsdrop.com/hotel/b-b-letto-latte-aggius	+39 328 354 5022
Conca Marina di Paolo Cuccu	info@concamarina.it	https://www.hotelsdrop.com/hotel/conca-marina-di-paolo-cuccu-aggius	+39 338 411 7667
L'Agnata di De André	info@agnata.com	https://www.hotelsdrop.com/hotel/l-agnata-di-de-andre-aggius	+39 344 438 1599
Stazzu Coiga	stazzucoiga@gmail.com	https://www.hotelsdrop.com/hotel/stazzu-coiga-aggius	+39 340 307 3011
Affittacamere Sikelìa	info@grandipgroup.com	https://www.hotelsdrop.com/hotel/affittacamere-sikelia-agira	+39 333 967 7440
B&B Casalbergo La Terza Stella	graziaanello@tiscali.it	https://www.hotelsdrop.com/hotel/b-b-casalbergo-la-terza-stella-agira	+39 348 762 3447
B&B Villa Antonella	villa.antonella2024@gmail.com	https://www.hotelsdrop.com/hotel/b-b-villa-antonella-agira	+39 333 797 3217
La Madonnina	info@grandipgroup.com	https://www.hotelsdrop.com/hotel/la-madonnina-agira	+39 333 967 7440
Mamà B&B	agiramama@gmail.com	https://www.hotelsdrop.com/hotel/mama-b-b-agira	+39 328 232 4959
Riviera Hotel	info@hotelrivieraenna.com	https://www.hotelsdrop.com/hotel/riviera-hotel-agira	+39 334 321 0155
Agriturismo Saliceto	info@agriturismosaliceto.it	https://www.hotelsdrop.com/hotel/agriturismo-saliceto-agliana	+39 342 857 1169
B&B Locanda La Rotonda	info@locandalarotonda.com	https://www.hotelsdrop.com/hotel/b-b-locanda-la-rotonda-agliana	+39 340 547 1736
Bed & Breakfast Profumo D'Estate	info@profumodestate.it	https://www.hotelsdrop.com/hotel/bed-breakfast-profumo-d-estate-agliana	+39 339 641 9624
Il Grifone	info@ilgrifone.info	https://www.hotelsdrop.com/hotel/il-grifone-agliana	+39 333 383 8483
VILLARTE	info@villartept.it	https://www.hotelsdrop.com/hotel/villarte-agliana	+39 327 868 6798
Agriturismo “Le Giustizie”	legiustizie@gmail.com	https://www.hotelsdrop.com/hotel/agriturismo-le-giustizie-agliano-terme	+39 342 648 8545
Agriturismo Dacapo	salesoffice@dacapo.it	https://www.hotelsdrop.com/hotel/agriturismo-dacapo-agliano-terme	+39 335 709 1570
Amerio Vincenzo Vini - Agriturismo Ca del Nono	info@ameriovincenzo.it	https://www.hotelsdrop.com/hotel/amerio-vincenzo-vini-agriturismo-ca-del-nono-agliano-terme	+39 334 566 7494
Cascina Tre Botti	info@cascinatrebotti.com	https://www.hotelsdrop.com/hotel/cascina-tre-botti-agliano-terme	+39 375 670 1785
Locanda San Giacomo	info@locandasangiacomo.com	https://www.hotelsdrop.com/hotel/locanda-san-giacomo-agliano-terme	+39 377 776 8367
Piemonte Country House	info@piemontecountryhouse.com	https://www.hotelsdrop.com/hotel/piemonte-country-house-agliano-terme	+39 351 759 9265
Agriturismo Lu Stabbiacciu	lustabbiacciu@gmail.com	https://www.hotelsdrop.com/hotel/agriturismo-lu-stabbiacciu-aglientu	+39 345 746 9554
Sardinia Beach Apartments	info@sardiniabeachapartments.it	https://www.hotelsdrop.com/hotel/sardinia-beach-apartments-aglientu	+39 346 067 4703
Villamarina	info@relaisvillamarina.it	https://www.hotelsdrop.com/hotel/villamarina-aglientu	+39 340 478 6853
Agriturismo Zennare	info@zennare.it	https://www.hotelsdrop.com/hotel/agriturismo-zennare-agna	+39 348 279 3586
Balabuska Rooms & Garden	info@balabuskarooms.it	https://www.hotelsdrop.com/hotel/balabuska-rooms-garden-agna	+39 389 285 7340
Ca' Brazzo Bed Relais	info@cabrazzobedrelais.it	https://www.hotelsdrop.com/hotel/ca-brazzo-bed-relais-agna	+39 351 423 9295
CA’ CINI	permunian.roberta@gmail.com	https://www.hotelsdrop.com/hotel/ca-cini-agna	+39 347 915 5236
Casa Sansovino	info@casasansovino.it	https://www.hotelsdrop.com/hotel/casa-sansovino-agna	+39 328 874 6494
IL TRENO DEI SOGNI BED & RELAIS	info@iltrenodeisogni.it	https://www.hotelsdrop.com/hotel/il-treno-dei-sogni-bed-relais-agna	+39 347 936 7501
LA GASTALDIA	info@lecortibenedettine.it	https://www.hotelsdrop.com/hotel/la-gastaldia-agna	+39 329 422 8414
LA REBOSOLA	info@larebosola.it	https://www.hotelsdrop.com/hotel/la-rebosola-agna	+39 340 079 7522
B&B Camumidha	prenotazioni@camumidha.it	https://www.hotelsdrop.com/hotel/b-b-camumidha-agnana-calabra	+39 348 904 8180
La Rosa Blu Bed & Breakfast	anna@annalarosa.it	https://www.hotelsdrop.com/hotel/la-rosa-blu-bed-breakfast-agnana-calabra	+39 340 500 1161
Palazzo Candida B&B	info@palazzocandida.it	https://www.hotelsdrop.com/hotel/palazzo-candida-b-b-agnana-calabra	+39 370 143 5693
B&B Largo Alighieri	info@largoalighieri.it	https://www.hotelsdrop.com/hotel/b-b-largo-alighieri-agnone	+39 347 658 3635
La Dimora del Sergente	aviodifrangia632@gmail.com	https://www.hotelsdrop.com/hotel/la-dimora-del-sergente-agnone	+39 333 278 4957
Masseria Acquasalsa	info@acquasalsa.it	https://www.hotelsdrop.com/hotel/masseria-acquasalsa-agnone	+39 333 965 7207
Rifugio dei Sanniti	info@rifugiodeisanniti.it	https://www.hotelsdrop.com/hotel/rifugio-dei-sanniti-agnone	+39 327 852 0409
ALBERGO LODRINO - Zeta affittacamere	camerelodrino@gmail.com	https://www.hotelsdrop.com/hotel/albergo-lodrino-zeta-affittacamere-agnosine	+39 347 903 7082
B&B L' Acero	cleo.bendotti@gmail.com	https://www.hotelsdrop.com/hotel/b-b-l-acero-agnosine	+39 335 172 7860
B&B Settesette6	info@settesette6.it	https://www.hotelsdrop.com/hotel/b-b-settesette6-agnosine	+39 320 023 1823
Bed & breakfast Isola Verde	cavallaromarzia@libero.it	https://www.hotelsdrop.com/hotel/bed-breakfast-isola-verde-agnosine	+39 339 343 3003
Corte Torchio B&B	info@cortetorchio.com	https://www.hotelsdrop.com/hotel/corte-torchio-b-b-agnosine	+39 379 169 8656
DiVino Rooms Deluxe	info@piccolomondo1977.it	https://www.hotelsdrop.com/hotel/divino-rooms-deluxe-agnosine	+39 335 755 3236
Agordo Cerbiatto	bbsolfiori@libero.it	https://www.hotelsdrop.com/hotel/agordo-cerbiatto-agordo	+39 340 627 3085
Agriturismo Busa dei Sbrase	info@busadeisbrase.it	https://www.hotelsdrop.com/hotel/agriturismo-busa-dei-sbrase-agordo	+39 350 039 3671
Bed and Breakfast Montagna Antica	info@montagnaantica.it	https://www.hotelsdrop.com/hotel/bed-and-breakfast-montagna-antica-agordo	+39 347 684 5519
Bed and Breakfast Sól Fiorì	bbsolfiori@libero.it	https://www.hotelsdrop.com/hotel/bed-and-breakfast-sol-fiori-agordo	+39 340 627 3085
Hotel Chalet Giasenei - Dolomitic Experience	info@chaletgiasenei.com	https://www.hotelsdrop.com/hotel/hotel-chalet-giasenei-dolomitic-experience-agordo	+39 329 173 1869
B&B Il Sorriso Dei Monti	info@ilsorrisodeimonti.it	https://www.hotelsdrop.com/hotel/b-b-il-sorriso-dei-monti-agosta	+39 347 920 6626
LA LUNA NEL POZZO	agri.lalunanelpozzo@gmail.com	https://www.hotelsdrop.com/hotel/la-luna-nel-pozzo-agosta	+39 339 634 6508
agriturismo "da attilio"	andrea.piffero@gmail.com	https://www.hotelsdrop.com/hotel/agriturismo-da-attilio-agra	+39 338 341 3423
Agriturismo ristorante Voeuja	info@voeuja.it	https://www.hotelsdrop.com/hotel/agriturismo-ristorante-voeuja-agra	+39 344 267 5464
Al Rost B&B	stewe.gabry@gmail.com	https://www.hotelsdrop.com/hotel/al-rost-b-b-agra	+39 334 772 8975
B&B Villa Viola	info@villaviola.it	https://www.hotelsdrop.com/hotel/b-b-villa-viola-agra	+39 346 140 3220
Hotel Elvezia	info@hotelelveziacannobio.com	https://www.hotelsdrop.com/hotel/hotel-elvezia-agra	+39 375 646 4449
Hotel Villa Palmira	info@villapalmira.it	https://www.hotelsdrop.com/hotel/hotel-villa-palmira-agra	+39 335 653 2250
Il Giardino Segreto	ilgiardinosegreto34@gmail.com	https://www.hotelsdrop.com/hotel/il-giardino-segreto-agra	+39 347 626 9409
Agriturismo Cascina Magana	agriturismo@cascinamagana.it	https://www.hotelsdrop.com/hotel/agriturismo-cascina-magana-agrate-brianza	+39 331 385 6923
Agriturismo I Gelsi	info@igelsi.com	https://www.hotelsdrop.com/hotel/agriturismo-i-gelsi-agrate-brianza	+39 345 022 9955
Agriturismo le Giuggiole	agriturismolegiuggiole@gmail.com	https://www.hotelsdrop.com/hotel/agriturismo-le-giuggiole-agrate-brianza	+39 351 741 6372
Cascina Bressanella | Agriturismo | Ortofrutta Km0	prenotazioni@cascinabressanella.it	https://www.hotelsdrop.com/hotel/cascina-bressanella-agriturismo-ortofrutta-km0-agrate-brianza	+39 339 646 7231
Cascina Costa	info@cascinacosta.net	https://www.hotelsdrop.com/hotel/cascina-costa-agrate-brianza	+39 338 659 8230
Camping Lago Azzurro	info@campinglagoazzurro.it	https://www.hotelsdrop.com/hotel/camping-lago-azzurro-agrate-conturbia	+39 335 544 7599
CRYSTAL b&b	prenotazioni.crystal@gmail.com	https://www.hotelsdrop.com/hotel/crystal-b-b-agrate-conturbia	+39 340 987 4903
Il Salice B&B	info@ilsalicebb.com	https://www.hotelsdrop.com/hotel/il-salice-b-b-agrate-conturbia	+39 338 923 7744
Les Arcs	lesarcs.countryhouse@gmail.com	https://www.hotelsdrop.com/hotel/les-arcs-agrate-conturbia	+39 344 455 0173
Ritratto Sul Lago Bed & Breakfast	magdaoliver197@gmail.com	https://www.hotelsdrop.com/hotel/ritratto-sul-lago-bed-breakfast-agrate-conturbia	+39 327 316 9799
Agrigento Bed	info@gctravel.it	https://www.hotelsdrop.com/hotel/agrigento-bed-agrigento	+39 350 505 4261
Alloggio Della Posta Vecchia	alloggiodellapostavecchia@gmail.com	https://www.hotelsdrop.com/hotel/alloggio-della-posta-vecchia-agrigento	+39 347 750 8466
B&B VENTODITRAMONTANA	info@ventoditramontana.com	https://www.hotelsdrop.com/hotel/b-b-ventoditramontana-agrigento	+39 328 786 2943
Bed and Breakfast Le Casette di Lù CIN IT084001C1DOWHC9PB	info@lecasettedilu.it	https://www.hotelsdrop.com/hotel/bed-and-breakfast-le-casette-di-lu-cin-it084001c-agrigento	+39 339 235 2614
La Terrazza di Empedocle	info@laterrazzadiempedocle.it	https://www.hotelsdrop.com/hotel/la-terrazza-di-empedocle-agrigento	+39 338 488 8677
B & Beach	posta@bedandbeach.com	https://www.hotelsdrop.com/hotel/b-beach-agropoli	+39 338 636 5731
B&B Casa Vacanze Il Girasole	info@bebilgirasole.it	https://www.hotelsdrop.com/hotel/b-b-casa-vacanze-il-girasole-agropoli	+39 347 176 6722
B&B Costa Blu	info@bebcostablu.it	https://www.hotelsdrop.com/hotel/b-b-costa-blu-agropoli	+39 331 767 8075
B&B Stella Marina Agropoli	mariorossi@email.com	https://www.hotelsdrop.com/hotel/b-b-stella-marina-agropoli-agropoli	+39 392 192 6806
B&B Zeropensieri	info@zeropensieribeb.it\	https://www.hotelsdrop.com/hotel/b-b-zeropensieri-agropoli	+39 366 229 2388
Cilento d'aMare Bed and Breakfast	info@cilentodamarebeb.it	https://www.hotelsdrop.com/hotel/cilento-d-amare-bed-and-breakfast-agropoli	+39 392 640 9730
Marlè Rooms	info@bbmarle.it	https://www.hotelsdrop.com/hotel/marle-rooms-agropoli	+39 388 756 1777
Qvattro Stagioni panoramic suites	info@qvattrostagioni.it	https://www.hotelsdrop.com/hotel/qvattro-stagioni-panoramic-suites-agropoli	+39 350 085 9220
Villa Lery - Azzurra Home	info@vedereimmobiliare.it	https://www.hotelsdrop.com/hotel/villa-lery-azzurra-home-agropoli	+39 333 564 7990
Agriturismo L'Antigo Granaro	info@camereantigogranaro.com	https://www.hotelsdrop.com/hotel/agriturismo-l-antigo-granaro-agugliano	+39 348 751 9407
B&B "Sole e Luna"- Parcheggio recintato - A14 Ancona Nord	bb_soleluna@yahoo.it	https://www.hotelsdrop.com/hotel/b-b-sole-e-luna-parcheggio-recintato-a14-ancona-agugliano	+39 331 813 9244
B&B Villa LeMarche	info@bblemarche.com	https://www.hotelsdrop.com/hotel/b-b-villa-lemarche-agugliano	+39 342 580 8910
CASA VACANZE ANTICO CASALE ANCONA	info@anticocasalevacanzeancona.it	https://www.hotelsdrop.com/hotel/casa-vacanze-antico-casale-ancona-agugliano	+39 351 791 7810
La Casa del Sole e della Luna	nicola.sciulli@libero.it	https://www.hotelsdrop.com/hotel/la-casa-del-sole-e-della-luna-agugliano	+39 328 496 3471
LA GRADINA B&B	info@lagradina.it	https://www.hotelsdrop.com/hotel/la-gradina-b-b-agugliano	+39 328 665 6936
Agriturismo San Matteo - Lozzo Atestino	info@bbsanmatteo.com	https://www.hotelsdrop.com/hotel/agriturismo-san-matteo-lozzo-atestino-agugliaro	+39 347 253 9949
B&B LA MARTINA	bedandbreakfast-lamartina@live.it	https://www.hotelsdrop.com/hotel/b-b-la-martina-agugliaro	+39 347 694 2014
Bed&Bike.Belfiore	bedandbike.fiore@gmail.com	https://www.hotelsdrop.com/hotel/bed-bike-belfiore-agugliaro	+39 393 703 8239
Casa Agricola Amicizia	casagricolamicizia@gmail.com	https://www.hotelsdrop.com/hotel/casa-agricola-amicizia-agugliaro	+39 347 194 1673
Fattoria Busa dell'Oro B&B	info@labusadelloro.com	https://www.hotelsdrop.com/hotel/fattoria-busa-dell-oro-b-b-agugliaro	+39 346 637 4802
B&B Villa Carolina	bebvillcarolina@gmail.com	https://www.hotelsdrop.com/hotel/b-b-villa-carolina-aicurzio	+39 348 220 2306
bbbolbrianza	bbbolbrianza@libero.it	https://www.hotelsdrop.com/hotel/bbbolbrianza-aicurzio	+39 380 373 1880
La Corte Guesthouse - Appartamento con Giardino privato	info@lacorteguesthouse.com\	https://www.hotelsdrop.com/hotel/la-corte-guesthouse-appartamento-con-giardino-pr-aicurzio	+39 345 937 4463
Agriturismo Sa Tanchitta	prenota@satanchitta.it	https://www.hotelsdrop.com/hotel/agriturismo-sa-tanchitta-aidomaggiore	+39 328 861 6067
Hotel l'anfora	anforatramatza@hotmail.it	https://www.hotelsdrop.com/hotel/hotel-l-anfora-aidomaggiore	+39 349 471 9079
The Templars Guesthouse	prenotazioni.templars@gmail.com	https://www.hotelsdrop.com/hotel/the-templars-guesthouse-aidomaggiore	+39 379 292 6805
Agriresort Leano	info@tenuteleano.com	https://www.hotelsdrop.com/hotel/agriresort-leano-aidone	+39 328 214 4097
Agriturismo Il Drago	info@agriturismodrago.com	https://www.hotelsdrop.com/hotel/agriturismo-il-drago-aidone	+39 333 629 1517
GH Hotel & Restaurant	info@hotelgh.it	https://www.hotelsdrop.com/hotel/gh-hotel-restaurant-aidone	+39 331 123 6293
Monia rooms&hospitality	booking@moniabb.com	https://www.hotelsdrop.com/hotel/monia-rooms-hospitality-aidone	+39 393 765 0834
Hotel Residence Il Feudo Dei Pierleoni	info@hotelresidenceilfeudo.it	https://www.hotelsdrop.com/hotel/hotel-residence-il-feudo-dei-pierleoni-aielli	+39 339 823 1194
Hotel Ristorante Mastrodattia	info@mastrodattia.it	https://www.hotelsdrop.com/hotel/hotel-ristorante-mastrodattia-aielli	+39 338 153 9501
B&B La Casetta della Nonna Belmonte Calabro	lacasettadellanonnabb@gmail.com	https://www.hotelsdrop.com/hotel/b-b-la-casetta-della-nonna-belmonte-calabro-aiello-calabro	+39 347 738 8133
Dimore Morelli Amantea	info@dimoremorelli.it	https://www.hotelsdrop.com/hotel/dimore-morelli-amantea-aiello-calabro	+39 379 147 5433
LIDO TIRRENO BEACH	info@lidotirreno.it	https://www.hotelsdrop.com/hotel/lido-tirreno-beach-aiello-calabro	+39 348 036 3966
Al Castello di Aiello - Casa Vacanze	alcastellodiaiello@gmail.com	https://www.hotelsdrop.com/hotel/al-castello-di-aiello-casa-vacanze-aiello-del-friuli	+39 324 777 6584
al Vecchio Confine Cervignano del Friuli	beb@alvecchioconfine.it	https://www.hotelsdrop.com/hotel/al-vecchio-confine-cervignano-del-friuli-aiello-del-friuli	+39 324 685 6920
Albergo Commercio	info@albergocommercio.it	https://www.hotelsdrop.com/hotel/albergo-commercio-aiello-del-friuli	+39 388 973 9070
Bed and Breakfast Casa della Fornace	info@casadellafornace.it	https://www.hotelsdrop.com/hotel/bed-and-breakfast-casa-della-fornace-aiello-del-friuli	+39 333 777 2770
Liguorini House b&b in Avellino	liguorinihouse@gmail.com	https://www.hotelsdrop.com/hotel/liguorini-house-b-b-in-avellino-aiello-del-sabato	+39 366 197 9686
A Casa di Angela	info@acasadiangela.com	https://www.hotelsdrop.com/hotel/a-casa-di-angela-aieta	+39 349 837 6228
Agriturismo Terre Rosse Di Massadita	info@terrerossedimassadita.it	https://www.hotelsdrop.com/hotel/agriturismo-terre-rosse-di-massadita-aieta	+39 370 131 5021
Hotel Brutium	contatto@esempio.it	https://www.hotelsdrop.com/hotel/hotel-brutium-aieta	+39 366 341 2847
Hotel Napoleone	info@hotelnapoleone.it	https://www.hotelsdrop.com/hotel/hotel-napoleone-aieta	+39 347 762 9709
Hotel Praja mare	reservation@hotelprajamare.it	https://www.hotelsdrop.com/hotel/hotel-praja-mare-aieta	+39 377 347 2522
B&B La casa di Anna	support@localsmalltour.com	https://www.hotelsdrop.com/hotel/b-b-la-casa-di-anna-ailano	+39 327 624 2098
La Quercia di Aorivola	support@localsmalltour.com	https://www.hotelsdrop.com/hotel/la-quercia-di-aorivola-ailano	+39 333 393 0026
La Rossa Fantastica	info@larossafantastica.it	https://www.hotelsdrop.com/hotel/la-rossa-fantastica-ailano	+39 331 640 6231
Le Sale Resort	info@lesaleresort.it	https://www.hotelsdrop.com/hotel/le-sale-resort-ailano	+39 379 110 5121
Azienda Agricola con Agriturismo Ca' nel Bosco	info@agricanelbosco.it	https://www.hotelsdrop.com/hotel/azienda-agricola-con-agriturismo-ca-nel-bosco-ailoche	+39 349 801 5473
B&B Il Cortile	info@bbilcortile.it	https://www.hotelsdrop.com/hotel/b-b-il-cortile-ailoche	+39 333 857 5382
B&B Il Gomitolo - Soggiorno di charme	benvenutialgomitolo@gmail.com	https://www.hotelsdrop.com/hotel/b-b-il-gomitolo-soggiorno-di-charme-ailoche	+39 335 545 7469
B&B La Biulla	bb.labiulla@libero.it	https://www.hotelsdrop.com/hotel/b-b-la-biulla-ailoche	+39 349 330 0818
Camere Camillo	info@camere-camillo.com	https://www.hotelsdrop.com/hotel/camere-camillo-ailoche	+39 335 523 3861
Casa Valduggia	info@casavalduggia.it	https://www.hotelsdrop.com/hotel/casa-valduggia-ailoche	+39 388 985 1221
La Casa Verde B&B	info@lacasaverdeitalia.com	https://www.hotelsdrop.com/hotel/la-casa-verde-b-b-ailoche	+39 347 928 1355
Apparta hotel	info@appartahotel.eu	https://www.hotelsdrop.com/hotel/apparta-hotel-airasca	+39 339 709 3196
B&B Pian Savin	bbpiansavin@gmail.com	https://www.hotelsdrop.com/hotel/b-b-pian-savin-airasca	+39 328 479 1971
B&B Quattro Gatti	info@bbquattrogatti.it	https://www.hotelsdrop.com/hotel/b-b-quattro-gatti-airasca	+39 335 536 1760
Casa Del Grande Vecchio	info@casadelgrandevecchio.it	https://www.hotelsdrop.com/hotel/casa-del-grande-vecchio-airasca	+39 333 488 0946
B&B Mamma Mia’s	info@mammamiasbeb.it	https://www.hotelsdrop.com/hotel/b-b-mamma-mia-s-airola	+39 347 559 6205
Hotel La Campagnola Di Carbone Raffaela	info@lacampagnolahotel.it	https://www.hotelsdrop.com/hotel/hotel-la-campagnola-di-carbone-raffaela-airola	+39 327 787 7762
La Collina dei Goti Agriturismo	info@lacollinadeigoti.it	https://www.hotelsdrop.com/hotel/la-collina-dei-goti-agriturismo-airola	+39 333 843 1180
Da Giua' Bed and Breakfast	info@dagiua.it	https://www.hotelsdrop.com/hotel/da-giua-bed-and-breakfast-airole	+39 328 656 2885
L'Oasi del Rossese	oasirossese@virgilio.it	https://www.hotelsdrop.com/hotel/l-oasi-del-rossese-airole	+39 347 882 1298
La Favorita Apricale	info@lafavoritaapricale.com	https://www.hotelsdrop.com/hotel/la-favorita-apricale-airole	+39 342 874 0132
Osteria e Camere La Pecora Nera	info@lapecoranera.eu	https://www.hotelsdrop.com/hotel/osteria-e-camere-la-pecora-nera-airole	+39 345 469 0888
Talking Stones	info@talkingstones.it	https://www.hotelsdrop.com/hotel/talking-stones-airole	+39 333 662 4255
Terre Bianche	terrebianche@terrebianche.com	https://www.hotelsdrop.com/hotel/terre-bianche-airole	+39 351 401 2440
Un Mare di Fiori	info@agriturismounmaredifiori.com	https://www.hotelsdrop.com/hotel/un-mare-di-fiori-airole	+39 320 060 5421
B & B Villa Paradis	villaparadis@outlook.it	https://www.hotelsdrop.com/hotel/b-b-villa-paradis-airuno	+39 388 129 8703
Agriturismo Fior Di Campo	info@agriturismofiordicampo.it	https://www.hotelsdrop.com/hotel/agriturismo-fior-di-campo-aisone	+39 328 288 7852
B&B La Rocca Bianca	info@laroccabianca.com	https://www.hotelsdrop.com/hotel/b-b-la-rocca-bianca-aisone	+39 320 492 5307
Stura River Village RAFTING	stiera@pec.it	https://www.hotelsdrop.com/hotel/stura-river-village-rafting-aisone	+39 338 101 1194
Ai Vellutai	info@aivellutai.it	https://www.hotelsdrop.com/hotel/ai-vellutai-ala	+39 347 382 2028
Aparthotel Bellavista	info@polsavacanze.it	https://www.hotelsdrop.com/hotel/aparthotel-bellavista-ala	+39 329 881 7775
B&b Cà Ulivi	cauliviala@gmail.com	https://www.hotelsdrop.com/hotel/b-b-ca-ulivi-ala	+39 334 825 6063
Camping Polsa **	info@polsavacanze.it	https://www.hotelsdrop.com/hotel/camping-polsa-ala	+39 329 881 7775
Casa alla Fontana	info@lacadalora.com	https://www.hotelsdrop.com/hotel/casa-alla-fontana-ala	+39 339 735 1398
Giulio Mountain B&B	info@giuliobb.it	https://www.hotelsdrop.com/hotel/giulio-mountain-b-b-ala	+39 348 304 7962
Hotel Baldo	info@hotelbaldo.it	https://www.hotelsdrop.com/hotel/hotel-baldo-ala	+39 340 680 3296
Agriturismo Al pra di Muriet	info@alpradimuriet.it	https://www.hotelsdrop.com/hotel/agriturismo-al-pra-di-muriet-ala-di-stura	+39 320 272 7858
Agriturismo La ferme du Grand Paradis	info@lafermedugrandparadis.it	https://www.hotelsdrop.com/hotel/agriturismo-la-ferme-du-grand-paradis-ala-di-stura	+39 348 258 9500
Agriturismo La Sforzata - Da Dormire	info@lasforzata.com	https://www.hotelsdrop.com/hotel/agriturismo-la-sforzata-da-dormire-ala-di-stura	+39 349 272 6047
Agriturismo Plan de la Tour	agriturismoplandelatour@gmail.com	https://www.hotelsdrop.com/hotel/agriturismo-plan-de-la-tour-ala-di-stura	+39 371 477 3465
Agriturismo Serras D'ala	serrasdala@gmail.com	https://www.hotelsdrop.com/hotel/agriturismo-serras-d-ala-ala-di-stura	+39 329 562 7271
Agriturismo Usurtala	info@usurtala.com	https://www.hotelsdrop.com/hotel/agriturismo-usurtala-ala-di-stura	+39 348 859 7341
B&B Ca' D'ambra	bb.cadambra@gmail.com	https://www.hotelsdrop.com/hotel/b-b-ca-d-ambra-ala-di-stura	+39 338 595 3321
B&B La Crestolina - CIN IT001003C1VBAR23UF	lacrestolina@gmail.com	https://www.hotelsdrop.com/hotel/b-b-la-crestolina-cin-it001003c1vbar23uf-ala-di-stura	+39 351 456 2390
baite del baus	cinzialoturco@libero.it	https://www.hotelsdrop.com/hotel/baite-del-baus-ala-di-stura	+39 347 156 2130
bnbuja	info@bnbuja.com	https://www.hotelsdrop.com/hotel/bnbuja-ala-di-stura	+39 338 535 4025
Casa Curnet	casacurnet@yahoo.com	https://www.hotelsdrop.com/hotel/casa-curnet-ala-di-stura	+39 347 646 6862
B&B Alpe Sattal	info@alpesattal.com	https://www.hotelsdrop.com/hotel/b-b-alpe-sattal-alagna	+39 349 630 8738
LE MIE RADICI	camerelemieradici@gmail.com	https://www.hotelsdrop.com/hotel/le-mie-radici-alagna	+39 347 846 6529
Mh Olen Hotel	olen@mhhotels.it	https://www.hotelsdrop.com/hotel/mh-olen-hotel-alagna	+39 342 943 7393
Residence Mary di Ferraris Stefania	info@residencemary.it	https://www.hotelsdrop.com/hotel/residence-mary-di-ferraris-stefania-alagna	+39 348 700 3660
Residence Walsertal	info@walsertal.it	https://www.hotelsdrop.com/hotel/residence-walsertal-alagna-valsesia	+39 340 181 9867
Abruzzo Borgo	nikkiabruzzo@gmail.com	https://www.hotelsdrop.com/hotel/abruzzo-borgo-alanno	+39 328 687 2158
Agriturismo La Masseria	info@agriturismolamasseria.com	https://www.hotelsdrop.com/hotel/agriturismo-la-masseria-alanno	+39 349 616 2785
B&B Il Sogno	petrelli.alessandro@gmail.com	https://www.hotelsdrop.com/hotel/b-b-il-sogno-alanno	+39 320 696 6830
Casa Aurora B&B	info@casaaurora.it	https://www.hotelsdrop.com/hotel/casa-aurora-b-b-alanno	+39 389 166 9730
La Piccola Oasi	bblapiccolaoasi.2009@gmail.com	https://www.hotelsdrop.com/hotel/la-piccola-oasi-alanno	+39 340 466 4755
Hotel Gabbiano	info@hotelgabbianoalassio.it	https://www.hotelsdrop.com/hotel/hotel-gabbiano-alassio	+39 335 645 7740
Sabbia Blu Alassio - GuestRoom	sabbiablualassio@gmail.com	https://www.hotelsdrop.com/hotel/sabbia-blu-alassio-guestroom-alassio	+39 351 794 6700
Il Rosone - Rooms&Apartments	ilrosone2022@gmail.com	https://www.hotelsdrop.com/hotel/il-rosone-rooms-apartments-alatri	+39 334 539 8666
Alba Morus Guest House	albamorus.info@gmail.com	https://www.hotelsdrop.com/hotel/alba-morus-guest-house-alba	+39 349 382 8127
Alba Serena Camere e Appartamenti	bbalbaserena@gmail.com	https://www.hotelsdrop.com/hotel/alba-serena-camere-e-appartamenti-alba	+39 333 950 3545
ALMA	info@almahospitality.it	https://www.hotelsdrop.com/hotel/alma-alba	+39 335 582 6391
Casa Alba Blu	casa.albablu@gmail.com	https://www.hotelsdrop.com/hotel/casa-alba-blu-alba	+39 375 859 4267
La Basiglia	info@labasiglia.com	https://www.hotelsdrop.com/hotel/la-basiglia-alba	+39 349 447 4421
Palazzo Finati	info@palazzofinati.it	https://www.hotelsdrop.com/hotel/palazzo-finati-alba	+39 348 008 0806
B&B Linae	info@bblinae.com	https://www.hotelsdrop.com/hotel/b-b-linae-alba-adriatica	+39 328 337 2652
Hotel Boston	info@bostonalba.it	https://www.hotelsdrop.com/hotel/hotel-boston-alba-adriatica	+39 340 809 0444
Hotel Flora Alba Adriatica	info@hotelfloraalbaadriatica.it	https://www.hotelsdrop.com/hotel/hotel-flora-alba-adriatica-alba-adriatica	+39 327 145 3534
Agriturismo Andala	fabiola.deidda@tiscali.it	https://www.hotelsdrop.com/hotel/agriturismo-andala-albagiara	+39 349 861 0412
B&B Daddanca	gianlusanna@gmail.com	https://www.hotelsdrop.com/hotel/b-b-daddanca-albagiara	+39 346 154 6547
Domo Achenza Guesthouse	info@domoachenza.it	https://www.hotelsdrop.com/hotel/domo-achenza-guesthouse-albagiara	+39 345 500 2681
Agriturismo Cascina Scanna	info@cascinascanna.it	https://www.hotelsdrop.com/hotel/agriturismo-cascina-scanna-albairate	+39 388 060 2003
B&B Villa Milano	info@mind-milano.com	https://www.hotelsdrop.com/hotel/b-b-villa-milano-albairate	+39 347 665 5298
Hotel La Pendola	lapendolahotel@email.it	https://www.hotelsdrop.com/hotel/hotel-la-pendola-albairate	+39 389 781 3589
agriturismo Il Girasole	info@beb-ilgirasole.com	https://www.hotelsdrop.com/hotel/agriturismo-il-girasole-albanella	+39 339 872 7421
Aia Resort	info@aiaresort.it	https://www.hotelsdrop.com/hotel/aia-resort-albanella	+39 328 927 0730
B&B La Mortella	info@la-mortella.it	https://www.hotelsdrop.com/hotel/b-b-la-mortella-albanella	+39 333 639 4519
Casa degli Ulivi	info@bbcasadegliulivi.it	https://www.hotelsdrop.com/hotel/casa-degli-ulivi-albanella	+39 339 790 2433
Il Casolare degli Alburni	info@ilcasolaredeglialburni.it	https://www.hotelsdrop.com/hotel/il-casolare-degli-alburni-albanella	+39 333 666 3739
Agriturismo Il Molino Della Contessa	info@molinodellacontessa.com	https://www.hotelsdrop.com/hotel/agriturismo-il-molino-della-contessa-albano-di-lucania	+39 331 112 9830
B&B Il Patriarca	carminepat@libero.it	https://www.hotelsdrop.com/hotel/b-b-il-patriarca-albano-di-lucania	+39 348 740 4089
B&B La casa di Giulietta	info@lacasadigiulietta.net	https://www.hotelsdrop.com/hotel/b-b-la-casa-di-giulietta-albano-di-lucania	+39 333 488 4579
Hotel Dolomiti Castelmezzano	info@hoteldolomiticastelmezzano.com	https://www.hotelsdrop.com/hotel/hotel-dolomiti-castelmezzano-albano-di-lucania	+39 333 203 8290
Residenza Balios	info@residenzabalios.it	https://www.hotelsdrop.com/hotel/residenza-balios-albano-di-lucania	+39 375 843 0549
"I Silos" Guest House	silosbergamo@hotmail.it	https://www.hotelsdrop.com/hotel/i-silos-guest-house-albano-sant-alessandro	+39 333 538 7093
B&B Corte Seguini	beb@corteseguini.it	https://www.hotelsdrop.com/hotel/b-b-corte-seguini-albano-sant-alessandro	+39 366 431 1934
B&B Miravalle Scanzorosciate BG: 2 camere, terrazzo panoramico vista colline Moscato, cantina eventi.CIN:IT016194C1CHPXAOEP	info@bbmiravalle.it	https://www.hotelsdrop.com/hotel/b-b-miravalle-scanzorosciate-bg-2-camere-terrazz-albano-sant-alessandro	+39 338 805 5160
B&B Villa Giò	villa.gio.bg@gmail.com	https://www.hotelsdrop.com/hotel/b-b-villa-gio-albano-sant-alessandro	+39 349 604 2407
CaMé	info@bbcame.it	https://www.hotelsdrop.com/hotel/came-albano-sant-alessandro	+39 392 571 0109
AMY B&B Casetta di Charme	amycasettadicharme@gmail.com	https://www.hotelsdrop.com/hotel/amy-b-b-casetta-di-charme-albano-vercellese	+39 388 798 0994
G&G Giusy e Gabry	info.giusygabry@gmail.com	https://www.hotelsdrop.com/hotel/g-g-giusy-e-gabry-albano-vercellese	+39 375 792 1591
Guest House Nonna Rosa	labovessrl@gmail.com	https://www.hotelsdrop.com/hotel/guest-house-nonna-rosa-albano-vercellese	+39 348 231 1289
LA CITTA' DEL RISO	lacittadelriso1@gmail.com	https://www.hotelsdrop.com/hotel/la-citta-del-riso-albano-vercellese	+39 353 478 6456
Residence Campagnole	info@campagnole.com	https://www.hotelsdrop.com/hotel/residence-campagnole-albano-vercellese	+39 335 753 9065
B&B Artemide	info@bbartemide.it	https://www.hotelsdrop.com/hotel/b-b-artemide-albaredo-d-adige	+39 340 554 6962
BeB Il Conte	bbilconte2014@gmail.com	https://www.hotelsdrop.com/hotel/beb-il-conte-albaredo-d-adige	+39 348 721 0993
Bed & Breakfast la Casa delle Zie	info@lacasadellezie.it	https://www.hotelsdrop.com/hotel/bed-breakfast-la-casa-delle-zie-albaredo-d-adige	+39 348 983 2862
Borgo Antico Affittacamere Soave Verona	borgoanticodisoave@gmail.com	https://www.hotelsdrop.com/hotel/borgo-antico-affittacamere-soave-verona-albaredo-d-adige	+39 349 651 9241
Hotel Stazione | Ex Hotel Lini	info@hotelstazionecerea.it	https://www.hotelsdrop.com/hotel/hotel-stazione-ex-hotel-lini-albaredo-d-adige	+39 379 263 9472
Agriturismo Casa Delle Erbe	info@casadelleerbe.it	https://www.hotelsdrop.com/hotel/agriturismo-casa-delle-erbe-albareto	+39 339 254 4184
Agriturismo Mulino Marghen	captainmurph2000@yahoo.com	https://www.hotelsdrop.com/hotel/agriturismo-mulino-marghen-albareto	+39 339 845 6395
B&B Costalta	prenotazioni@costalta.com	https://www.hotelsdrop.com/hotel/b-b-costalta-albareto	+39 348 511 8531
B&B Il Casolare Bioenergetico : Seminari olistici, soggiorni per famiglie e gruppi.	ilcasolarebioenergetico5@gmail.com	https://www.hotelsdrop.com/hotel/b-b-il-casolare-bioenergetico-seminari-olistici-albareto	+39 347 541 0455
B&B Il Poggio di Traverde	faustella201@libero.it	https://www.hotelsdrop.com/hotel/b-b-il-poggio-di-traverde-albareto	+39 339 298 9349
Borgo Casale	info@borgocasale.it	https://www.hotelsdrop.com/hotel/borgo-casale-albareto	+39 346 965 5397
Funghi e Fate	info@funghiefate.com	https://www.hotelsdrop.com/hotel/funghi-e-fate-albareto	+39 328 215 1262
La Casa del Sarto - FedericoFarm	federicofarm95@gmail.com	https://www.hotelsdrop.com/hotel/la-casa-del-sarto-federicofarm-albareto	+39 333 884 1166
Agriturismo Casa del principe	info@agriturismocasadelprincipe.it	https://www.hotelsdrop.com/hotel/agriturismo-casa-del-principe-albaretto-della-torre	+39 392 118 3788
Agriturismo Cascina Pajanòt	info@cascinapajanot.com	https://www.hotelsdrop.com/hotel/agriturismo-cascina-pajanot-albaretto-della-torre	+39 388 693 1655
Agriturismo Rihane	agriturismo.rihane@gmail.com	https://www.hotelsdrop.com/hotel/agriturismo-rihane-albaretto-della-torre	+39 389 913 1971
Al Brich	info@agriturismoalbrich.it	https://www.hotelsdrop.com/hotel/al-brich-albaretto-della-torre	+39 392 142 5076
B&B La Rola	info@bblarola.it	https://www.hotelsdrop.com/hotel/b-b-la-rola-albaretto-della-torre	+39 338 684 6338
Tenuta Bricchi	info@tenutabricchi.it	https://www.hotelsdrop.com/hotel/tenuta-bricchi-albaretto-della-torre	+39 335 787 2079
Villa Moglietta Host in Langhe	sonnessa@pec.villamoglietta.it	https://www.hotelsdrop.com/hotel/villa-moglietta-host-in-langhe-albaretto-della-torre	+39 324 848 6224
Affitta camere Foresteria San Giuseppe	trattoriasangiuseppe@yahoo.it	https://www.hotelsdrop.com/hotel/affitta-camere-foresteria-san-giuseppe-albavilla	+39 331 235 8043
Agriturismo Il Talento Nella Quiete Lago di Como	#iltalentonellaquiete@gmail.com	https://www.hotelsdrop.com/hotel/agriturismo-il-talento-nella-quiete-lago-di-como-albavilla	+39 333 687 2570
AQUARELLE Bed and Breakfast	info@aquarellebeb.it	https://www.hotelsdrop.com/hotel/aquarelle-bed-and-breakfast-albavilla	+39 347 129 9215
Cucina Delle Agridee - Azienda Agricola	ki@cucinadelleidee.it	https://www.hotelsdrop.com/hotel/cucina-delle-agridee-azienda-agricola-albavilla	+39 333 650 1647
La Villa Bianca guest house	info@villabiancagh.it	https://www.hotelsdrop.com/hotel/la-villa-bianca-guest-house-albavilla	+39 347 176 7177
Affittacamere Archivolto del Teatro	info@ingauniahub.com	https://www.hotelsdrop.com/hotel/affittacamere-archivolto-del-teatro-albenga	+39 380 266 5836
Affittacamere San Teodoro	info@santeodoro-albenga.it	https://www.hotelsdrop.com/hotel/affittacamere-san-teodoro-albenga	+39 320 811 8109
Agriturismo Nonna Merj	info@agriturismononnamerj.it	https://www.hotelsdrop.com/hotel/agriturismo-nonna-merj-albenga	+39 327 573 5418
Albergo Magnolia	info@magnolia-hotel.it	https://www.hotelsdrop.com/hotel/albergo-magnolia-albenga	+39 389 506 1661
B&B Le Terrazze	bandbleterrazze@gmail.com	https://www.hotelsdrop.com/hotel/b-b-le-terrazze-albenga	+39 376 116 5973
Salvia e Rosmarino - Affittacamere in Liguria	info@salviaerosmarino.com	https://www.hotelsdrop.com/hotel/salvia-e-rosmarino-affittacamere-in-liguria-albenga	+39 328 951 7192
Agriturismo La Sereta	info@lasereta.it	https://www.hotelsdrop.com/hotel/agriturismo-la-sereta-albera-ligure	+39 349 582 6357
Albergo Ristorante Locanda Belvedere Pey	info@locandabelvederepey.it	https://www.hotelsdrop.com/hotel/albergo-ristorante-locanda-belvedere-pey-albera-ligure	+39 346 388 2147
B&B Griffondoro	info@bbgriffondoro.com	https://www.hotelsdrop.com/hotel/b-b-griffondoro-albera-ligure	+39 349 055 1613
B&B Il Podestà	bebilpodesta@gmail.com	https://www.hotelsdrop.com/hotel/b-b-il-podesta-albera-ligure	+39 377 310 5556
I Cappuccini Wellness	icappucciniw@gmail.com	https://www.hotelsdrop.com/hotel/i-cappuccini-wellness-albera-ligure	+39 339 380 7841
L'Antica dimora sul fiume	info@anticadimorasulfiume.it	https://www.hotelsdrop.com/hotel/l-antica-dimora-sul-fiume-albera-ligure	+39 392 989 0067
Hotel Silva	info@hotel-silva.it	https://www.hotelsdrop.com/hotel/hotel-silva-alberobello	+39 392 203 7016
San Marco Boutique Rooms	turiantonio1995business@gmail.com	https://www.hotelsdrop.com/hotel/san-marco-boutique-rooms-alberobello	+39 379 258 2020
Trulli e Puglia Resort	info@trulliepuglia.com	https://www.hotelsdrop.com/hotel/trulli-e-puglia-resort-alberobello	+39 338 533 7864
Affittacamere Palazzo 1892	info@palazzo1892.it	https://www.hotelsdrop.com/hotel/affittacamere-palazzo-1892-alberona	+39 347 187 4295
Agriturismo Regio Tratturo	info@ilregiotratturo.it	https://www.hotelsdrop.com/hotel/agriturismo-regio-tratturo-alberona	+39 389 985 7542
B&b Borgo Sciugolo	borgosciugolo@gmail.com	https://www.hotelsdrop.com/hotel/b-b-borgo-sciugolo-alberona	+39 342 020 5389
I Templari di Alberona	info@itemplaridialberona.com	https://www.hotelsdrop.com/hotel/i-templari-di-alberona-alberona	+39 328 549 4720
Il Viandante Bed & Breakfast	ilviandanterooms@gmail.com	https://www.hotelsdrop.com/hotel/il-viandante-bed-breakfast-alberona	+39 328 638 7458
Casale Raffaello B&B	casaleraffaello25@gmail.com	https://www.hotelsdrop.com/hotel/casale-raffaello-b-b-albese-con-cassano	+39 366 218 9659
Hotel La Corte di Lurago	info@lacortedilurago.com	https://www.hotelsdrop.com/hotel/hotel-la-corte-di-lurago-albese-con-cassano	+39 347 808 9691
Villa Cuore	contact@villacuore.it	https://www.hotelsdrop.com/hotel/villa-cuore-albese-con-cassano	+39 334 726 2292
B&Bio spa Catanzaro	bebiospa@gmail.com	https://www.hotelsdrop.com/hotel/b-bio-spa-catanzaro-albi	+39 329 851 2424
Agriturismo tra Serra e Lago	info@traserraelago.it	https://www.hotelsdrop.com/hotel/agriturismo-tra-serra-e-lago-albiano-d-ivrea	+39 335 789 1294
Alfredo Residence	info@rmhospitality.it	https://www.hotelsdrop.com/hotel/alfredo-residence-albiano-d-ivrea	+39 339 416 5233
B&B e Az. Agricola Cascina Pozzo Forte	info@cascinapozzoforte.it	https://www.hotelsdrop.com/hotel/b-b-e-az-agricola-cascina-pozzo-forte-albiano-d-ivrea	+39 329 190 3000
B&B Il Piccione Viaggiatore	info@bbilpiccioneviaggiatore.com	https://www.hotelsdrop.com/hotel/b-b-il-piccione-viaggiatore-albiano-d-ivrea	+39 338 950 5757
Casa Ena	info@casaena.it	https://www.hotelsdrop.com/hotel/casa-ena-albiano-d-ivrea	+39 334 600 3267
La Fiorana Ivrea	info@lafioranaivrea.it	https://www.hotelsdrop.com/hotel/la-fiorana-ivrea-albiano-d-ivrea	+39 340 332 4240
Villa San Martino B&B	info@rmhospitality.it	https://www.hotelsdrop.com/hotel/villa-san-martino-b-b-albiano-d-ivrea	+39 339 416 5233
B&B Brianza Overview CIN IT108011C1WTGGTO9M	crisfolci@gmail.com	https://www.hotelsdrop.com/hotel/b-b-brianza-overview-cin-it108011c1wtggto9m-albiate	+39 339 393 3139
Carro Rooms	rooms@ilcarrobiolo.com	https://www.hotelsdrop.com/hotel/carro-rooms-albiate	+39 388 801 3391
isidoro affitta camere carugo	info@isidoroaffittacamere.it	https://www.hotelsdrop.com/hotel/isidoro-affitta-camere-carugo-albiate	+39 351 888 9007
Residence Tre Pini	info@residencetrepini.it	https://www.hotelsdrop.com/hotel/residence-tre-pini-albiate	+39 338 769 6389
B&B Mare E Monti	605a7baede844d278b89dc95ae0a9123@sentry-next.wixpress.com	https://www.hotelsdrop.com/hotel/b-b-mare-e-monti-albidona	+39 347 381 2483
La Dimora dei Nonni	terredilevidonia@gmail.com	https://www.hotelsdrop.com/hotel/la-dimora-dei-nonni-albidona	+39 368 702 7382
Merigio'	info@merigio.it	https://www.hotelsdrop.com/hotel/merigio-albidona	+39 333 294 3111
Rifugio Radura del Grano	info@raduradelgrano.com	https://www.hotelsdrop.com/hotel/rifugio-radura-del-grano-albidona	+39 351 806 4884
Martina's Rooms	martinas.albignasego@gmail.com	https://www.hotelsdrop.com/hotel/martina-s-rooms-albignasego	+39 351 651 6877
Agriturismo BOSCO DEL FRACASSO	info@boscodelfracasso.com	https://www.hotelsdrop.com/hotel/agriturismo-bosco-del-fracasso-albinea	+39 335 806 9070
Casale Hortensia Hospitalite de Charme	info@casalehortensia.com	https://www.hotelsdrop.com/hotel/casale-hortensia-hospitalite-de-charme-albinea	+39 370 372 8959
La Maison Deux	lamaisondeux2@gmail.com	https://www.hotelsdrop.com/hotel/la-maison-deux-albinea	+39 338 659 2528
Parco di Montebello	info@parcodimontebello.it	https://www.hotelsdrop.com/hotel/parco-di-montebello-albinea	+39 338 701 2328
B&B Casa Dolce Casa	marzia@bebcasadolcecasa.eu	https://www.hotelsdrop.com/hotel/b-b-casa-dolce-casa-albino	+39 333 618 9592
B&B Casaviva	info@casavivabeb.it	https://www.hotelsdrop.com/hotel/b-b-casaviva-albino	+39 339 889 8639
Bed and Breakfast Il Ghiro	info@bbilghiro.it	https://www.hotelsdrop.com/hotel/bed-and-breakfast-il-ghiro-albino	+39 333 261 9187
Bed And Breakfast Montino	info@bbmontino.com	https://www.hotelsdrop.com/hotel/bed-and-breakfast-montino-albino	+39 340 305 7978
Bergamo BnB	info@bergamobnb.it	https://www.hotelsdrop.com/hotel/bergamo-bnb-albino	+39 339 327 0717
Casa vacanze Nonna ITA	nonnaita.house@gmail.com	https://www.hotelsdrop.com/hotel/casa-vacanze-nonna-ita-albino	+39 350 156 9675
B&B Casa Ceruti	casaceruti@hotmail.it	https://www.hotelsdrop.com/hotel/b-b-casa-ceruti-albiolo	+39 339 166 6775
Ca' Rosa B&B	carosamalnate@gmail.com	https://www.hotelsdrop.com/hotel/ca-rosa-b-b-albiolo	+39 328 815 4424
Casale al Foino	agriturismocasalealfoino@gmail.com	https://www.hotelsdrop.com/hotel/casale-al-foino-albiolo	+39 340 342 2766
La Corte e L'Uva	info@lacorteeluva.it	https://www.hotelsdrop.com/hotel/la-corte-e-l-uva-albiolo	+39 338 425 9610
La Maison di Gio & Gio	info@lamaisondigioegio.com	https://www.hotelsdrop.com/hotel/la-maison-di-gio-gio-albiolo	+39 338 618 6597
Riarel | B&B - Rooms and hospitality	filipporaviola.fr@gmail.com	https://www.hotelsdrop.com/hotel/riarel-b-b-rooms-and-hospitality-albiolo	+39 375 845 8473
B&B Capo Torre Resort & SPA	info@capotorreresort.it	https://www.hotelsdrop.com/hotel/b-b-capo-torre-resort-spa-albisola-superiore	+39 340 476 9163
Riobasco Guesthouse	riobasco.guesthouse@gmail.com	https://www.hotelsdrop.com/hotel/riobasco-guesthouse-albisola-superiore	+39 379 274 2824
Agriturismo Laghi d'Insubria Albizzate.	info@vitinsubria.it	https://www.hotelsdrop.com/hotel/agriturismo-laghi-d-insubria-albizzate-albizzate	+39 348 008 3427
B&B il Cortile	ilcortile@hotmail.it	https://www.hotelsdrop.com/hotel/b-b-il-cortile-albizzate	+39 347 110 6528
B&B Il Pozzo Malpensa	bbilpozzo@libero.it	https://www.hotelsdrop.com/hotel/b-b-il-pozzo-malpensa-albizzate	+39 328 273 5376
Il Casolare del Medio Olona	ilcasolaredelmedioolona@gmail.com	https://www.hotelsdrop.com/hotel/il-casolare-del-medio-olona-albizzate	+39 338 429 7496
Residence Mxp rooms	info@mxp-rooms.it	https://www.hotelsdrop.com/hotel/residence-mxp-rooms-albizzate	+39 340 198 2450
Il Cottage	info@bnbvigevano.com	https://www.hotelsdrop.com/hotel/il-cottage-albonese	+39 334 201 4954
Residence Matteotti	info@residencematteotti.it	https://www.hotelsdrop.com/hotel/residence-matteotti-albonese	+39 392 787 6095
Agriturismo Stella Orobica	info@stellaorobica.com	https://www.hotelsdrop.com/hotel/agriturismo-stella-orobica-albosaggia	+39 328 753 1375
B&B Sopralapanca	contatto@esempio.it	https://www.hotelsdrop.com/hotel/b-b-sopralapanca-albosaggia	+39 335 685 1203
Cà ROSSA - B&B	info@carossa.eu	https://www.hotelsdrop.com/hotel/ca-rossa-b-b-albosaggia	+39 349 525 8247
Guest House Le Cassandre	info@lecassandre.com	https://www.hotelsdrop.com/hotel/guest-house-le-cassandre-albosaggia	+39 375 534 6359
Luna di miele	manit_ambra@yahoo.com	https://www.hotelsdrop.com/hotel/luna-di-miele-albosaggia	+39 328 597 0103
'l piasì	piasi.cortanze@gmail.com	https://www.hotelsdrop.com/hotel/l-piasi-albugnano	+39 339 142 1956
Agriturismo Arcobaleno fattoria Didattica	antonella.chareun@libero.it	https://www.hotelsdrop.com/hotel/agriturismo-arcobaleno-fattoria-didattica-albugnano	+39 347 419 1801
B&B Naturin - Vegan Eco Farm	info.naturin@gmail.com	https://www.hotelsdrop.com/hotel/b-b-naturin-vegan-eco-farm-albugnano	+39 334 133 9622
Bed & Breakfast “Bed & Box”	bb.bedbox@gmail.com	https://www.hotelsdrop.com/hotel/bed-breakfast-bed-box-albugnano	+39 335 819 7728
Bed and Breakfast Ca d' Pinin	barbarene@outlook.it	https://www.hotelsdrop.com/hotel/bed-and-breakfast-ca-d-pinin-albugnano	+39 328 099 8016
Ca' Borgo Vecchio di Coppero Cristina	info@caborgovecchio.com	https://www.hotelsdrop.com/hotel/ca-borgo-vecchio-di-coppero-cristina-albugnano	+39 329 905 9819
Ca'Mariuccia Agriturismo biologico	info@camariuccia.it	https://www.hotelsdrop.com/hotel/ca-mariuccia-agriturismo-biologico-albugnano	+39 335 750 7496
La Corte del Barbio	info@lacortedelbarbio.it	https://www.hotelsdrop.com/hotel/la-corte-del-barbio-albugnano	+39 335 742 9998
B&B Amaca - affitti brevi	mfrooms.srl@gmail.com	https://www.hotelsdrop.com/hotel/b-b-amaca-affitti-brevi-albuzzano	+39 320 973 6248
B&B Il Pettirosso	ilpettirossobb@gmail.com	https://www.hotelsdrop.com/hotel/b-b-il-pettirosso-albuzzano	+39 338 437 5598
B&B Paola e Francesco miglior prezzo/qualità CIN IT018137C1UV3UL8KZ	bebpaolaefrancesco@gmail.com	https://www.hotelsdrop.com/hotel/b-b-paola-e-francesco-miglior-prezzo-qualita-cin-albuzzano	+39 339 451 8048
Cascina Marzana	info@cascinamarzana.it	https://www.hotelsdrop.com/hotel/cascina-marzana-albuzzano	+39 349 590 8302
Guest House Maiocchi	guesthousemaiocchi@gmail.com	https://www.hotelsdrop.com/hotel/guest-house-maiocchi-albuzzano	+39 328 639 3588
Hotel Italia	info@italiacertosa.pavia.it	https://www.hotelsdrop.com/hotel/hotel-italia-albuzzano	+39 351 542 7257
Casale Ginisara - B&B - Agriturismo - Castellammare del golfo	info@casaleginisara.it	https://www.hotelsdrop.com/hotel/casale-ginisara-b-b-agriturismo-castellammare-de-alcamo	+39 327 719 0843
Ciuri' affittacamere	info@ciurialcamo.it	https://www.hotelsdrop.com/hotel/ciuri-affittacamere-alcamo	+39 327 586 0692
Affittacamere Nicolò	emilianogioitta@tiscali.it	https://www.hotelsdrop.com/hotel/affittacamere-nicolo-alcara-li-fusi	+39 347 292 7684
Agriturismo il Vignale	ilvignale@hotmail.com	https://www.hotelsdrop.com/hotel/agriturismo-il-vignale-alcara-li-fusi	+39 338 277 9383
Agriturismo Villa Luca	turismovillaluca@gmail.com	https://www.hotelsdrop.com/hotel/agriturismo-villa-luca-alcara-li-fusi	+39 328 266 1118
Giardino di Sicilia	home@giardinodisicilia.com	https://www.hotelsdrop.com/hotel/giardino-di-sicilia-alcara-li-fusi	+39 328 707 4615
La Collina Dei Nebrodi	info@lacollinadeinebrodi.it\&quot;	https://www.hotelsdrop.com/hotel/la-collina-dei-nebrodi-alcara-li-fusi	+39 388 636 0216
Nebrodi Agrivillage Bianca Sole Mia	nebrodiagrivillage@virgilio.it	https://www.hotelsdrop.com/hotel/nebrodi-agrivillage-bianca-sole-mia-alcara-li-fusi	+39 320 890 7014
Agriturismo e Camping Locanda de l'Arguta	reservation@locanda-arguta.it	https://www.hotelsdrop.com/hotel/agriturismo-e-camping-locanda-de-l-arguta-aldeno	+39 333 761 4660
B&B Alessandro	info@bbalessandro.it	https://www.hotelsdrop.com/hotel/b-b-alessandro-aldeno	+39 351 906 0306
La Finestra sul Giardino - B&B	info@lafinestrasulgiardino.com	https://www.hotelsdrop.com/hotel/la-finestra-sul-giardino-b-b-aldeno	+39 371 521 5388
Albergo Gasthof zur Mühle | Ristorante Pizzeria	info@zur-muhle.com	https://www.hotelsdrop.com/hotel/albergo-gasthof-zur-muhle-ristorante-pizzeria-aldino-aldein	+39 353 443 2298
Rasterhof	info@rasterhof.it	https://www.hotelsdrop.com/hotel/rasterhof-aldino-aldein	+39 333 365 7429
Hotel Mistral	info@mentefredda.it\	https://www.hotelsdrop.com/hotel/hotel-mistral-ales	+39 349 507 6518
La Casetta Guest House	info@lacasettaguesthouse.com	https://www.hotelsdrop.com/hotel/la-casetta-guest-house-ales	+39 389 454 0055
B&B Arcobaleno	arcobalenobb@hotmail.it	https://www.hotelsdrop.com/hotel/b-b-arcobaleno-alessandria	+39 331 771 2212
La Corte	lacortebnb@gmail.com	https://www.hotelsdrop.com/hotel/la-corte-alessandria	+39 351 847 4463
Relais Palazzo Paleologi - Secolo XIV	info@palazzopaleologi.com	https://www.hotelsdrop.com/hotel/relais-palazzo-paleologi-secolo-xiv-alessandria	+39 345 806 5758
Residence Corso Monferrato	residencemonferrato@libero.it	https://www.hotelsdrop.com/hotel/residence-corso-monferrato-alessandria	+39 334 581 9052
Bed and Breakfast LA CASETTA	contatto@esempio.it	https://www.hotelsdrop.com/hotel/bed-and-breakfast-la-casetta-alessandria-del-carretto	+39 376 096 0284
L&B B&B	lbfrutta89@gmail.com	https://www.hotelsdrop.com/hotel/l-b-b-b-alessandria-del-carretto	+39 329 417 3498
Agriturismo Terra di Leuca	terra.dileuca@libero.it	https://www.hotelsdrop.com/hotel/agriturismo-terra-di-leuca-alessano	+39 339 410 4698
B&B A casa di Paolo	info@acasadipaolo.it	https://www.hotelsdrop.com/hotel/b-b-a-casa-di-paolo-alessano	+39 328 338 7407
B&B il Baiocco	info@ilbaiocco.it	https://www.hotelsdrop.com/hotel/b-b-il-baiocco-alessano	+39 380 472 4093
B&B Masseria Lu Palummaru	info@lupalummaru.it	https://www.hotelsdrop.com/hotel/b-b-masseria-lu-palummaru-alessano	+39 338 883 7713
Le Lantane Luxury Rooms	lelantanesalento@gmail.com	https://www.hotelsdrop.com/hotel/le-lantane-luxury-rooms-alessano	+39 391 381 5505
Masseria Delle Rose	trappeti@yahoo.it	https://www.hotelsdrop.com/hotel/masseria-delle-rose-alessano	+39 328 052 0968
Villa B&B Antiche Macine del Salento nel cuore del Salento - villetta con piscina - punto strategico spiaggia del Salento	info@antichemacine.com	https://www.hotelsdrop.com/hotel/villa-b-b-antiche-macine-del-salento-nel-cuore-d-alessano	+39 327 980 7068
Agriturismo Santa Chiara	info@agriturismosantachiara.it	https://www.hotelsdrop.com/hotel/agriturismo-santa-chiara-alezio	+39 388 602 0270
B&B Mandarino e Arancio by Montedelia Tour	info@mandarinoarancio.it	https://www.hotelsdrop.com/hotel/b-b-mandarino-e-arancio-by-montedelia-tour-alezio	+39 335 190 0159
B&B Sant'Antonio Gallipoli	prenotazioni@madeturismo.it	https://www.hotelsdrop.com/hotel/b-b-sant-antonio-gallipoli-alezio	+39 329 708 6485
Gioia del Mare	info@gioiadelmare.com	https://www.hotelsdrop.com/hotel/gioia-del-mare-alezio	+39 328 154 1172
La Fenice Salentina B&B	lafenicesalentina@hotmail.com	https://www.hotelsdrop.com/hotel/la-fenice-salentina-b-b-alezio	+39 345 302 7904
Ostello Salento	e-mail:info@ostellosalento.com	https://www.hotelsdrop.com/hotel/ostello-salento-alezio	+39 335 818 4398
Palazzo Aurora	prenotazioni.palazzoaurora@gmail.com	https://www.hotelsdrop.com/hotel/palazzo-aurora-alezio	+39 379 369 4437
Tenuta Doxi	info@tenutadoxi.com	https://www.hotelsdrop.com/hotel/tenuta-doxi-alezio	+39 377 099 3055
Tenuta La Baronessa - Masseria & Country Resort	info@masserialabaronessa.com	https://www.hotelsdrop.com/hotel/tenuta-la-baronessa-masseria-country-resort-alezio	+39 351 570 1454
Villa Maria B&B	villamariacasevacanze@gmail.com	https://www.hotelsdrop.com/hotel/villa-maria-b-b-alezio	+39 375 684 4359
Villarancia B&B	info@villaranciasalento.it	https://www.hotelsdrop.com/hotel/villarancia-b-b-alezio	+39 347 848 0953
Agriturismo Casa Giusta	agriturismocasagiusta@gmail.com	https://www.hotelsdrop.com/hotel/agriturismo-casa-giusta-alfano	+39 331 141 6295
Amaltea Bed and Breakfast	info@beb-palinuro.com	https://www.hotelsdrop.com/hotel/amaltea-bed-and-breakfast-alfano	+39 320 853 3752
Il Casale del Barone, SA	ilcasaledelbaronesgap@gmail.com	https://www.hotelsdrop.com/hotel/il-casale-del-barone-sa-alfano	+39 348 461 5569
affittacamere le rondini	contatto@esempio.it	https://www.hotelsdrop.com/hotel/affittacamere-le-rondini-alfedena	+39 350 140 7956
B&B Villa Tina	bbvillatina@gmail.com	https://www.hotelsdrop.com/hotel/b-b-villa-tina-alfedena	+39 335 695 8075
Da Nonna Li bed & breakfast	danonnali@gmail.com	https://www.hotelsdrop.com/hotel/da-nonna-li-bed-breakfast-alfedena	+39 335 822 8730
Il Vicoletto B&B	info@ilvicolettobeb.it	https://www.hotelsdrop.com/hotel/il-vicoletto-b-b-alfedena	+39 347 779 1472
La scarpetta di Venere B&B	contatto@esempio.it	https://www.hotelsdrop.com/hotel/la-scarpetta-di-venere-b-b-alfedena	+39 331 249 1181
Agriturismo Cascina Tavolette	info@cascinatavolette.it	https://www.hotelsdrop.com/hotel/agriturismo-cascina-tavolette-alfianello	+39 353 474 3712
Foresteria Le Rustiche	lerustiche.foresteria@gmail.com	https://www.hotelsdrop.com/hotel/foresteria-le-rustiche-alfianello	+39 351 727 6892
IL COLIBRÌ B&B	federica.gadaldi@yahoo.it	https://www.hotelsdrop.com/hotel/il-colibri-b-b-alfianello	+39 328 969 6006
Agriturismo Crealto	info@crealto.it	https://www.hotelsdrop.com/hotel/agriturismo-crealto-alfiano-natta	+39 345 568 6278
B&B I Mandorli	imandorli@gmail.com	https://www.hotelsdrop.com/hotel/b-b-i-mandorli-alfiano-natta	+39 335 619 7718
B&B Julia	info@benbjulia.com	https://www.hotelsdrop.com/hotel/b-b-julia-alfiano-natta	+39 388 881 5659
B&B Monferrato La Casa sui Tetti	bblacasasuitetti@gmail.com	https://www.hotelsdrop.com/hotel/b-b-monferrato-la-casa-sui-tetti-alfiano-natta	+39 320 233 3816
B&B The Wine Room - MATUNEI	info@matunei.it	https://www.hotelsdrop.com/hotel/b-b-the-wine-room-matunei-alfiano-natta	+39 340 763 6101
Cascina Vicentini	info@cascinavicentini.it	https://www.hotelsdrop.com/hotel/cascina-vicentini-alfiano-natta	+39 335 688 0594
Magalocanda | Stanze sotto il Castello	magalocanda@gmail.com	https://www.hotelsdrop.com/hotel/magalocanda-stanze-sotto-il-castello-alfiano-natta	+39 349 559 9374
Amy Rooms	info@amyrooms.it	https://www.hotelsdrop.com/hotel/amy-rooms-alfonsine	+39 340 950 9873
B&B La Quercia In Giardino	info@bblaquercia.it	https://www.hotelsdrop.com/hotel/b-b-la-quercia-in-giardino-alfonsine	+39 335 615 5060
B&B Villa Erika	info@villaerikalugo.com	https://www.hotelsdrop.com/hotel/b-b-villa-erika-alfonsine	335 204 427
Casa Aurora	aurora@casaurora.com	https://www.hotelsdrop.com/hotel/casa-aurora-alfonsine	+39 346 083 9911
Le Tre Gemme - Luxury Rooms	info@letregemme.it	https://www.hotelsdrop.com/hotel/le-tre-gemme-luxury-rooms-alfonsine	+39 344 709 3268
R&B Hotel	info@rbhotel.it	https://www.hotelsdrop.com/hotel/r-b-hotel-alfonsine	+39 349 105 3987
Room & Breakfast D'Annunzio	ravennasuites@gmail.com	https://www.hotelsdrop.com/hotel/room-breakfast-d-annunzio-alfonsine	+39 347 571 9361
Alguest	info@alguest.com	https://www.hotelsdrop.com/hotel/alguest-alghero	+39 380 655 7527
B&B Alghero Aigua centro	info@aigua.it	https://www.hotelsdrop.com/hotel/b-b-alghero-aigua-centro-alghero	+39 340 077 7688
B&B Alghero Horizon	info@algheroemobility.com	https://www.hotelsdrop.com/hotel/b-b-alghero-horizon-alghero	+39 389 566 1653
Casa dei Liuti Luxury Guest House	booking@casadeiliuti.it	https://www.hotelsdrop.com/hotel/casa-dei-liuti-luxury-guest-house-alghero	+39 379 262 4757
Casa Felicidad Alguer	casafelicidadalguer@gmail.com	https://www.hotelsdrop.com/hotel/casa-felicidad-alguer-alghero	+39 351 958 4570
Dolmen Guest House	info@lmgroupitalia.it	https://www.hotelsdrop.com/hotel/dolmen-guest-house-alghero	+39 331 920 1846
Leolù Alghero Guesthouse Bed & Breakfast	info@leolualghero.it	https://www.hotelsdrop.com/hotel/leolu-alghero-guesthouse-bed-breakfast-alghero	+39 328 930 7283
Ottocento Guest House	ottocentoguesthouse@gmail.com	https://www.hotelsdrop.com/hotel/ottocento-guest-house-alghero	+39 391 156 5792
R & D Bed and Breakfast	losmeraldoaffittacamere@hotmail.com	https://www.hotelsdrop.com/hotel/r-d-bed-and-breakfast-alghero	+39 340 883 6194
B&B Cascina Ronco Grande	bebcascinaroncogrande@gmail.com	https://www.hotelsdrop.com/hotel/b-b-cascina-ronco-grande-algua	+39 328 088 6750
B&B CENTRALE	bbcentrale.orio@libero.it	https://www.hotelsdrop.com/hotel/b-b-centrale-algua	+39 339 174 5005
B&B San Francesco Class	info@bebsanfrancescoclass.it	https://www.hotelsdrop.com/hotel/b-b-san-francesco-class-algua	+39 340 258 4538
Baita nel Bosco | BnB Rigosa	info@baitanelbosco.it	https://www.hotelsdrop.com/hotel/baita-nel-bosco-bnb-rigosa-algua	+39 329 857 3842
Bergamo Alta Guest House	info@bnbbergamoalta.it	https://www.hotelsdrop.com/hotel/bergamo-alta-guest-house-algua	+39 329 165 5581
GIO’EL Happiness Guest House	info@gioelbergamo.it	https://www.hotelsdrop.com/hotel/gio-el-happiness-guest-house-algua	+39 342 782 4324
Sotto l'Alben	info@bbsottolalben.it	https://www.hotelsdrop.com/hotel/sotto-l-alben-algua	+39 346 233 4325
Stay Bergamo Guesthouse	staybergamo@gmail.com	https://www.hotelsdrop.com/hotel/stay-bergamo-guesthouse-algua	+39 328 545 5515
Agriturismo Serra Moneta	agriturismoserramoneta@gmail.com	https://www.hotelsdrop.com/hotel/agriturismo-serra-moneta-alia	+39 371 472 6070
Equiturismo San Lorenzo - Villa KAMARA	info@villakamara.it	https://www.hotelsdrop.com/hotel/equiturismo-san-lorenzo-villa-kamara-alia	+39 324 592 6979
Porta Soprana luxury guest House & spa	p.sopranaluxhouse@libero.it	https://www.hotelsdrop.com/hotel/porta-soprana-luxury-guest-house-spa-alia	+39 389 635 9592
Agriturismo 'U Vardar	info@agriturismouvardar.it	https://www.hotelsdrop.com/hotel/agriturismo-u-vardar-aliano	+39 349 356 5221
Al Bosco delle Api	roccosinisgalli@pec.cgn.it	https://www.hotelsdrop.com/hotel/al-bosco-delle-api-aliano	+39 340 121 3887
Girastrittue, Rooms for Rent	colobraro.residence@gmail.com	https://www.hotelsdrop.com/hotel/girastrittue-rooms-for-rent-aliano	+39 377 387 8859
Il Casale dei Calanchi	info@allogio.com	https://www.hotelsdrop.com/hotel/il-casale-dei-calanchi-aliano	+39 320 345 1268
Il Paesaggio Lunare - Affittacamere	info@ilpaesaggiolunare.it	https://www.hotelsdrop.com/hotel/il-paesaggio-lunare-affittacamere-aliano	+39 345 828 5416
La Sterpina	info@lasterpina.com	https://www.hotelsdrop.com/hotel/la-sterpina-aliano	+39 349 878 5133
Agriturismo Da.matra'	alessandra@damatracassine.com	https://www.hotelsdrop.com/hotel/agriturismo-da-matra-alice-bel-colle	+39 345 290 1065
B&B A Casa di Anna	info@acasa-di-anna.it	https://www.hotelsdrop.com/hotel/b-b-a-casa-di-anna-alice-bel-colle	+39 339 129 5031
Casa Levi	daniel.65levi@gmail.com	https://www.hotelsdrop.com/hotel/casa-levi-alice-bel-colle	+39 348 845 6774
B&B Bouganville	paolobobba67@gmail.com	https://www.hotelsdrop.com/hotel/b-b-bouganville-alice-castello	+39 338 639 6761
B&B Spighe Paglia e Girasole	info@spighepagliaegirasole.it	https://www.hotelsdrop.com/hotel/b-b-spighe-paglia-e-girasole-alice-castello	+39 351 718 9444
Fattoria delle Rose - Società Semplice Agricola	info@fattoriadellerose.com	https://www.hotelsdrop.com/hotel/fattoria-delle-rose-societa-semplice-agricola-alice-castello	+39 333 845 3710
Nautica Tarello	info@nauticatarello.it	https://www.hotelsdrop.com/hotel/nautica-tarello-alice-castello	+39 334 600 3267
Riders	info@bedandbreakfast-riders.it	https://www.hotelsdrop.com/hotel/riders-alice-castello	+39 340 368 2004
THE LAKE HOUSE	info@thelakehouse-viverone.it	https://www.hotelsdrop.com/hotel/the-lake-house-alice-castello	+39 346 784 9240
Anima Antiqua	info@animaantiqua.it	https://www.hotelsdrop.com/hotel/anima-antiqua-alife	+39 320 447 9549
Borgo Scorciarini B&B	borgoscorciarinibnb@gmail.com	https://www.hotelsdrop.com/hotel/borgo-scorciarini-b-b-alife	+39 327 886 3899
PURA Smart Veg Farmhouse - Il Rifugio Pecorella	info@ilrifugiopecorella.it	https://www.hotelsdrop.com/hotel/pura-smart-veg-farmhouse-il-rifugio-pecorella-alife	+39 377 089 5917
Agriturismo Gelso	agriturismo.gelso@gmail.com	https://www.hotelsdrop.com/hotel/agriturismo-gelso-alimena	+39 334 389 9201
B&B La Casa In Pietra	sergiorol@gmail.com	https://www.hotelsdrop.com/hotel/b-b-la-casa-in-pietra-alimena	+39 328 191 4175
Donna Vì Hotel	info@donnavi.it	https://www.hotelsdrop.com/hotel/donna-vi-hotel-alimena	+39 370 156 7134
Locanda Susuiusu	info@locandasusuiusu.it	https://www.hotelsdrop.com/hotel/locanda-susuiusu-alimena	+39 333 657 4923
P&G DESIGN BY LAGO WELCOME	info@pgdesignennait.wpcomstaging.com	https://www.hotelsdrop.com/hotel/p-g-design-by-lago-welcome-alimena	+39 335 633 9797
Agriturismo Villa Splendore - Ristorante tipico con piscina e camere, sicilian restaurant	info@villasplendore.com	https://www.hotelsdrop.com/hotel/agriturismo-villa-splendore-ristorante-tipico-co-aliminusa	+39 328 476 8198
B&B Giardino dei Cedri	giardinodeicedritrabia@gmail.com	https://www.hotelsdrop.com/hotel/b-b-giardino-dei-cedri-aliminusa	+39 379 235 9505
B&B Ottolune Accomodations	ottoluneaccomodations@gmail.com	https://www.hotelsdrop.com/hotel/b-b-ottolune-accomodations-aliminusa	+39 347 701 7474
Bed And Breakfast Ulivo	info@bedandbreakfastulivo.it	https://www.hotelsdrop.com/hotel/bed-and-breakfast-ulivo-aliminusa	+39 366 477 2955
Wundergarten Dimora dei frati	info@wundergarten.it	https://www.hotelsdrop.com/hotel/wundergarten-dimora-dei-frati-aliminusa	+39 339 206 5625
B&B Maison Cerise	info@maisoncerise.eu	https://www.hotelsdrop.com/hotel/b-b-maison-cerise-allein	+39 347 244 8934
Chez Magan	info@chezmagan.it	https://www.hotelsdrop.com/hotel/chez-magan-allein	+39 347 924 3861
CleMaison Antica Dimora - Appartamenti	lauracolella.clem@gmail.com	https://www.hotelsdrop.com/hotel/clemaison-antica-dimora-appartamenti-allein	+39 331 666 9800
La Maison du Bon Megnadzo	info@maisondubonmegnadzo.com	https://www.hotelsdrop.com/hotel/la-maison-du-bon-megnadzo-allein	+39 335 540 0404
Agriturismo Belvedere Delle Crete	info@belvederedellecrete.com	https://www.hotelsdrop.com/hotel/agriturismo-belvedere-delle-crete-allerona	+39 339 714 9326
Agriturismo Casale Mulinaccino	agriturismomulinaccino@gmail.com	https://www.hotelsdrop.com/hotel/agriturismo-casale-mulinaccino-allerona	+39 348 239 2569
Agriturismo Pian di Frattina	info@piandifrattina.com	https://www.hotelsdrop.com/hotel/agriturismo-pian-di-frattina-allerona	+39 366 538 7317
B&B Locanda Toscanini	info@locandatoscanini.it	https://www.hotelsdrop.com/hotel/b-b-locanda-toscanini-allerona	+39 331 163 7814
Albergo Vittoria 3 stelle	info@albergovittoriataviano.it	https://www.hotelsdrop.com/hotel/albergo-vittoria-3-stelle-alliste	360 833 338
Corterè B&B	bebcortere@gmail.com	https://www.hotelsdrop.com/hotel/cortere-b-b-alliste	+39 347 697 9369
DONNA FIORA Antica Dimora	info@dimoradonnafiora.it	https://www.hotelsdrop.com/hotel/donna-fiora-antica-dimora-alliste	+39 379 231 4984
Il Giardino di Paola B&B	prenotazioni@ilgiardinodipaola.it	https://www.hotelsdrop.com/hotel/il-giardino-di-paola-b-b-alliste	+39 348 473 3535
La Gemma del Salento	lagemmadelsalento@gmail.com	https://www.hotelsdrop.com/hotel/la-gemma-del-salento-alliste	+39 328 024 3944
Le Gemelle Boutique Hotel	info@bblegemelle.it	https://www.hotelsdrop.com/hotel/le-gemelle-boutique-hotel-alliste	+39 338 905 1330
Rosso Salento B&B	info@rossosalento.it	https://www.hotelsdrop.com/hotel/rosso-salento-b-b-alliste	+39 347 047 6234
Salenterra B&B	salenterra@gmail.com	https://www.hotelsdrop.com/hotel/salenterra-b-b-alliste	+39 324 899 1839
Salenthouse	info@salenthouse.com	https://www.hotelsdrop.com/hotel/salenthouse-alliste	+39 327 888 9311
Autenticum Agriturismo Tolfa	info@autenticum.it	https://www.hotelsdrop.com/hotel/autenticum-agriturismo-tolfa-allumiere	+39 347 898 9011
Convento dei Cappuccini	info@conventocappuccinitolfa.it	https://www.hotelsdrop.com/hotel/convento-dei-cappuccini-allumiere	+39 391 790 6068
Locanda Villa Naumanni	info@villanaumanni.it	https://www.hotelsdrop.com/hotel/locanda-villa-naumanni-allumiere	+39 393 930 5408
Maison De Revel B&B Civitavecchia	info@maisonderevel.it	https://www.hotelsdrop.com/hotel/maison-de-revel-b-b-civitavecchia-allumiere	+39 342 619 1540
Tenuta dell'Argento	info@tenutadellargento.com	https://www.hotelsdrop.com/hotel/tenuta-dell-argento-allumiere	+39 351 581 7934
B&B Antico Pioppo	lanticopioppo@gmail.com	https://www.hotelsdrop.com/hotel/b-b-antico-pioppo-alluvioni-piovera	+39 333 247 7601
B&B La Cortevecchia	info@lacortevecchiabandb.it	https://www.hotelsdrop.com/hotel/b-b-la-cortevecchia-alluvioni-piovera	+39 335 527 5868
Marinella G.H.	infogh@marinellabeb.it	https://www.hotelsdrop.com/hotel/marinella-g-h-alluvioni-piovera	+39 333 604 4995
Il Posto delle Rose	prenotazioni.ilpostodellerose@gmail.com	https://www.hotelsdrop.com/hotel/il-posto-delle-rose-almenno-san-bartolomeo	+39 351 630 5248
BnB La Casa di Anna	lacasadianna9@gmail.com	https://www.hotelsdrop.com/hotel/bnb-la-casa-di-anna-almenno-san-salvatore	+39 333 221 1664
B&B La Curandera	lacurandera@lacurandera-bb.it	https://www.hotelsdrop.com/hotel/b-b-la-curandera-almese	+39 348 292 0327
B&B La Marmotta	contact@turismotorino.org	https://www.hotelsdrop.com/hotel/b-b-la-marmotta-almese	+39 338 663 8927
Casa dei Nonni - Bed & Breakfast	alberto.omegna@gmail.com	https://www.hotelsdrop.com/hotel/casa-dei-nonni-bed-breakfast-almese	+39 335 669 2153
Cascina Bucolica	cascinabucolica@gmail.com	https://www.hotelsdrop.com/hotel/cascina-bucolica-almese	+39 328 756 6437
Active Alm Hotel Moena	info@almhotel.it	https://www.hotelsdrop.com/hotel/active-alm-hotel-moena-alm	+39 388 876 0326
Al Duca B&B - Bergamo centro - con piscina	bbalduca@gmail.com	https://www.hotelsdrop.com/hotel/al-duca-b-b-bergamo-centro-con-piscina-alm	+39 331 442 2544
Almà Domos	almatorredellestelle@gmail.com	https://www.hotelsdrop.com/hotel/alma-domos-alm	+39 340 724 5526
Alma Rooms Appia	almasuite2023@gmail.com	https://www.hotelsdrop.com/hotel/alma-rooms-appia-alm	+39 338 498 4429
Almare' B&b	info@almarebb.it	https://www.hotelsdrop.com/hotel/almare-b-b-alm	+39 347 057 9282
B&B Alalama	info@alalama.it	https://www.hotelsdrop.com/hotel/b-b-alalama-alm	+39 328 872 3176
B&B Alma Garda Lake (Boutique Villa Sara)	almagardalake@gmail.com	https://www.hotelsdrop.com/hotel/b-b-alma-garda-lake-boutique-villa-sara-alm	+39 388 803 3103
B&B AlMaré	info@bbalmare.it	https://www.hotelsdrop.com/hotel/b-b-almare-alm	+39 347 497 9297
B&B Atelier della Montagna	info@atelierdellamontagna.it	https://www.hotelsdrop.com/hotel/b-b-atelier-della-montagna-alm	+39 338 254 5733
Bed & Breakfast Aia Grande Puglia / Apulien	aiagrande@yahoo.it	https://www.hotelsdrop.com/hotel/bed-breakfast-aia-grande-puglia-apulien-alm	+39 329 384 6275
Hotel Piazza Vecchia	info@hotelpiazzavecchia.it	https://www.hotelsdrop.com/hotel/hotel-piazza-vecchia-alm	+39 342 188 2660
Agriturismo Ca' D'oro	agriturismocadoro@gmail.com	https://www.hotelsdrop.com/hotel/agriturismo-ca-d-oro-alonte	+39 339 624 6025
Agriturismo Castel Bricon	info@castelbricon.it	https://www.hotelsdrop.com/hotel/agriturismo-castel-bricon-alonte	+39 352 013 1886
La Pria Wine Resort	taste@lapria.it	https://www.hotelsdrop.com/hotel/la-pria-wine-resort-alonte	+39 333 391 9209
Hôtellerie Valle Sacra B&B Centro benessere e spa	info@hotellerievallesacra.it	https://www.hotelsdrop.com/hotel/hotellerie-valle-sacra-b-b-centro-benessere-e-sp-alpette	+39 339 658 4249
Il Pettirosso	nicoletta@vivietico.it	https://www.hotelsdrop.com/hotel/il-pettirosso-alpette	+39 331 397 2928
B&B Casa V-Ale	info.casavalebb@gmail.com	https://www.hotelsdrop.com/hotel/b-b-casa-v-ale-alpignano	+39 347 325 9517
La Finestra sulla Reggia	info@lafinestrasullareggia.it	https://www.hotelsdrop.com/hotel/la-finestra-sulla-reggia-alpignano	+39 340 975 1888
B&B Villa Bellaria	info@villabellariabb.it	https://www.hotelsdrop.com/hotel/b-b-villa-bellaria-alseno	+39 338 692 5674
Agriturismo Bacchanalis	info@tenutaritasolari.com	https://www.hotelsdrop.com/hotel/agriturismo-bacchanalis-alta-val-tidone	+39 347 810 7358
Antico Casale di Bobbio B&B	info@anticocasaledibobbio.it	https://www.hotelsdrop.com/hotel/antico-casale-di-bobbio-b-b-alta-val-tidone	+39 380 123 5310
B&B Ca’ Növa	canovaoltrepo@gmail.com	https://www.hotelsdrop.com/hotel/b-b-ca-nova-alta-val-tidone	+39 338 637 4210
B&B Casa Piantone	soggacaterina@gmail.com	https://www.hotelsdrop.com/hotel/b-b-casa-piantone-alta-val-tidone	+39 339 223 7430
B&B Il Giardino di Laura	laura@ilgiardinodilaura.it\	https://www.hotelsdrop.com/hotel/b-b-il-giardino-di-laura-alta-val-tidone	+39 347 800 4248
Borgo dei Gatti - Albergo diffuso	info@relaisborgodeigatti.it	https://www.hotelsdrop.com/hotel/borgo-dei-gatti-albergo-diffuso-alta-val-tidone	+39 348 797 5541
Hotel Locanda Borgo Impero	info@borgoimpero.it	https://www.hotelsdrop.com/hotel/hotel-locanda-borgo-impero-alta-val-tidone	+39 334 843 9900
Residenze del Borgo	residenzedelborgo@gmail.com	https://www.hotelsdrop.com/hotel/residenze-del-borgo-alta-val-tidone	+39 352 066 0636
Villa San Fedele - Hotel	info@villasanfedele.com	https://www.hotelsdrop.com/hotel/villa-san-fedele-hotel-alta-valle-intelvi	+39 348 737 8152
B & B Panorama Lucano - Foresteria Multicamere	panoramalucano@gmail.com	https://www.hotelsdrop.com/hotel/b-b-panorama-lucano-foresteria-multicamere-altamura	+39 335 769 5789
B&B Capovento della Murgia	capoventodellamurgia@gmail.com	https://www.hotelsdrop.com/hotel/b-b-capovento-della-murgia-altamura	+39 371 510 3829
B&B Casa Felda	casafelda@gmail.com	https://www.hotelsdrop.com/hotel/b-b-casa-felda-altamura	+39 392 465 9987
Beb Luna Federiciana	info@beblunafedericiana.it	https://www.hotelsdrop.com/hotel/beb-luna-federiciana-altamura	+39 340 334 8458
deB&SPA	f.lli.debernardis@gmail.com	https://www.hotelsdrop.com/hotel/deb-spa-altamura	+39 378 061 9460
Il Borgo Antico - Bed & Breakfast Altamura	borgoanticoaltamura@libero.it	https://www.hotelsdrop.com/hotel/il-borgo-antico-bed-breakfast-altamura-altamura	+39 334 871 7114
Il Nido Dei Falchi B&B	info@ilnidodeifalchi.it	https://www.hotelsdrop.com/hotel/il-nido-dei-falchi-b-b-altamura	+39 338 542 9404
Malandrì B&B	info@malandri.eu	https://www.hotelsdrop.com/hotel/malandri-b-b-altamura	+39 349 804 0209
Mattei Luxury B&B	info@matteibeb.it	https://www.hotelsdrop.com/hotel/mattei-luxury-b-b-altamura	+39 339 358 1640
B&B I Calleri garden & rooms	icalleri.cosseria@gmail.com	https://www.hotelsdrop.com/hotel/b-b-i-calleri-garden-rooms-altare	+39 328 287 5100
B&B Le Stanze del Moro	info@prolocopallare.it	https://www.hotelsdrop.com/hotel/b-b-le-stanze-del-moro-altare	+39 366 353 4121
Se mi vuoi lasciare	info@michelemaisano.com	https://www.hotelsdrop.com/hotel/se-mi-vuoi-lasciare-altare	+39 333 221 1604
Bed & Breakfast "Casa delle fate"	info@casadellefate.it	https://www.hotelsdrop.com/hotel/bed-breakfast-casa-delle-fate-altavalle	+39 349 684 7041
Hotel Garní Alta Valle	info@hotelaltavalle.it	https://www.hotelsdrop.com/hotel/hotel-garni-alta-valle-altavalle	+39 375 606 1791
Agriturismo e Winery FEUDO DI CASTELMOZZO	info@feudodicastelmozzo.it	https://www.hotelsdrop.com/hotel/agriturismo-e-winery-feudo-di-castelmozzo-altavilla-irpina	+39 328 327 3516
Allegroitalia Torre Artale Palermo	infosangallo@allegroitalia.it	https://www.hotelsdrop.com/hotel/allegroitalia-torre-artale-palermo-altavilla-milicia	+39 392 914 2974
Antico Casale Formica	info@casaleformica.it	https://www.hotelsdrop.com/hotel/antico-casale-formica-altavilla-milicia	+39 366 645 2963
Hotel Borgo di Ciàula	hotelborgodiciaula@gmail.com	https://www.hotelsdrop.com/hotel/hotel-borgo-di-ciaula-altavilla-milicia	+39 334 713 5042
La Dimora dei Paladini	info@ladimoradeipaladini.com	https://www.hotelsdrop.com/hotel/la-dimora-dei-paladini-altavilla-milicia	+39 351 336 4024
Principe Alogna Hotel & SPA	info@principealogna.it	https://www.hotelsdrop.com/hotel/principe-alogna-hotel-spa-altavilla-milicia	+39 392 062 4512
Suite le palme	lepalmesuite@gmail.com	https://www.hotelsdrop.com/hotel/suite-le-palme-altavilla-milicia	+39 392 523 9419
B&B Castello di Frassinello	info@castellodifrassinello.it	https://www.hotelsdrop.com/hotel/b-b-castello-di-frassinello-altavilla-monferrato	+39 349 644 7343
BELCASALE - Camere in collina	info@belcasale.it	https://www.hotelsdrop.com/hotel/belcasale-camere-in-collina-altavilla-monferrato	+39 391 376 6069
BELVEDERE MONFERRATO Relais&Wellness	info@belvederemonferrato.it	https://www.hotelsdrop.com/hotel/belvedere-monferrato-relais-wellness-altavilla-monferrato	+39 375 835 7902
Cascina Trapella	biotrapella@gmail.com	https://www.hotelsdrop.com/hotel/cascina-trapella-altavilla-monferrato	+39 331 111 3439
Le Libellule Relais	booking@lelibellulerelais.com	https://www.hotelsdrop.com/hotel/le-libellule-relais-altavilla-monferrato	+39 335 545 3913
Monferrato Resort	info@monferratoresort.it	https://www.hotelsdrop.com/hotel/monferrato-resort-altavilla-monferrato	+39 333 108 6737
Villa Morneto - Relais & Agriturismo	prenotazioni@villamorneto.it	https://www.hotelsdrop.com/hotel/villa-morneto-relais-agriturismo-altavilla-monferrato	+39 349 851 0505
Biancolivo Country House	info@biancolivo.com	https://www.hotelsdrop.com/hotel/biancolivo-country-house-altavilla-silentina	+39 331 299 1747
Hotel Locanda Botella	girobancoblu@gmail.com	https://www.hotelsdrop.com/hotel/hotel-locanda-botella-altavilla-vicentina	+39 340 829 2420
L'Abbraccio della Vigna - Alloggio Agrituristico - Agriturismo	info@abbracciodellavigna.it	https://www.hotelsdrop.com/hotel/l-abbraccio-della-vigna-alloggio-agrituristico-a-altavilla-vicentina	+39 333 574 2121
Villa Valmarana De Toni-Dimora Storica	villavalmaranadetoni@gmail.com	https://www.hotelsdrop.com/hotel/villa-valmarana-de-toni-dimora-storica-altavilla-vicentina	+39 338 873 1538
Acquarello	info@acquarellorestaurant.it	https://www.hotelsdrop.com/hotel/acquarello-altidona	+39 324 771 7211
Agriturismo La Pieve	info@agriturismolapieve.net	https://www.hotelsdrop.com/hotel/agriturismo-la-pieve-altidona	+39 333 629 5114
Alba sul Mare Guest House	bbalbasulmare@gmail.com	https://www.hotelsdrop.com/hotel/alba-sul-mare-guest-house-altidona	+39 333 894 7161
B&B La poeta- vicino A14 Pedaso	lapoetabb@libero.it	https://www.hotelsdrop.com/hotel/b-b-la-poeta-vicino-a14-pedaso-altidona	+39 328 236 7013
Monna Terra B&B	info@monnaterra.it	https://www.hotelsdrop.com/hotel/monna-terra-b-b-altidona	+39 375 819 7014
Vicolo Malavolta 7 - Rooms and Suites	prenotazioni@vicolomalavolta.it	https://www.hotelsdrop.com/hotel/vicolo-malavolta-7-rooms-and-suites-altidona	+39 338 331 9022
B&B Calabria	info@bedandbreakfastcalabria.it	https://www.hotelsdrop.com/hotel/b-b-calabria-altilia	+39 349 878 1894
B&B L'arcobaleno	dalpagano@email.it	https://www.hotelsdrop.com/hotel/b-b-l-arcobaleno-altino	+39 380 311 0824
BB/Casavacanze Corneto	g.caniglia@libero.it	https://www.hotelsdrop.com/hotel/bb-casavacanze-corneto-altino	+39 340 239 2427
Il Castello	ilcastellodiatessa@gmail.com	https://www.hotelsdrop.com/hotel/il-castello-altino	+39 388 487 3398
Il Giardinotto Bed&Breakfast	info@giardinotto.it	https://www.hotelsdrop.com/hotel/il-giardinotto-bed-breakfast-altino	+39 339 527 9750
Ospitati - B&B Le Tre Chiavi	info@ospitati.it	https://www.hotelsdrop.com/hotel/ospitati-b-b-le-tre-chiavi-altino	+39 349 080 6000
Agriturismo Da Celestina	agricelestina@gmail.com	https://www.hotelsdrop.com/hotel/agriturismo-da-celestina-altissimo	+39 375 690 7048
Amagi Home	amagi@email.com	https://www.hotelsdrop.com/hotel/amagi-home-altissimo	+39 328 909 8197
Angolo di Paradiso	info@angolodiparadisoaltissimo.it	https://www.hotelsdrop.com/hotel/angolo-di-paradiso-altissimo	+39 335 543 2380
B&B Ca' Panisacco	info@capanisacco.com%20	https://www.hotelsdrop.com/hotel/b-b-ca-panisacco-altissimo	+39 347 670 0447
Casalloro	info@casalloro.com	https://www.hotelsdrop.com/hotel/casalloro-altissimo	+39 345 089 2774
La Rindola	larindola@gmail.com	https://www.hotelsdrop.com/hotel/la-rindola-altissimo	+39 331 480 7141
Le Camere di Marietta	info@lecameredimarietta.it	https://www.hotelsdrop.com/hotel/le-camere-di-marietta-altissimo	+39 379 106 3515
Al Giorgione	info@algiorgione.it	https://www.hotelsdrop.com/hotel/al-giorgione-altivole	+39 340 501 6145
ALLOGGIO AGRITURISTICO ZAMBON	casa@agriturismozambon.it	https://www.hotelsdrop.com/hotel/alloggio-agrituristico-zambon-altivole	+39 340 771 8345
Fara1911	info@fara1911.com	https://www.hotelsdrop.com/hotel/fara1911-altivole	+39 335 592 8029
Hotel Relais Villa Annamaria bed and breakfast	info@relaisvillaannamaria.com	https://www.hotelsdrop.com/hotel/hotel-relais-villa-annamaria-bed-and-breakfast-altivole	+39 345 333 1665
Terrazza San Vettore	info@meloinfiore.it	https://www.hotelsdrop.com/hotel/terrazza-san-vettore-altivole	+39 346 770 7324
Albergo dell'Angelo	prenotazioni@dellangeloalbergo.it	https://www.hotelsdrop.com/hotel/albergo-dell-angelo-alto	+39 335 708 5636
Albergo Ristorante Payarin	info@payarin.it	https://www.hotelsdrop.com/hotel/albergo-ristorante-payarin-alto	+39 333 134 1915
Antico Convento	info@antico-convento.it	https://www.hotelsdrop.com/hotel/antico-convento-alto	+39 333 535 2911
B&B Rossociliegia	rossociliegiabb@gmail.com	https://www.hotelsdrop.com/hotel/b-b-rossociliegia-alto	+39 350 028 5514
Hotel Momora	info@hotelmomora.com	https://www.hotelsdrop.com/hotel/hotel-momora-alto	+39 344 712 9083
Kalimera	kalimerabardineto@tiscali.it	https://www.hotelsdrop.com/hotel/kalimera-alto	+39 377 289 5060
La Fornace di Garessio	lafornacegaressio@gmail.com	https://www.hotelsdrop.com/hotel/la-fornace-di-garessio-alto	+39 331 224 7063
NonnAmelia	nonnamelianasino@gmail.com	https://www.hotelsdrop.com/hotel/nonnamelia-alto	+39 338 321 6637
ANTICA LOCANDA LA POSTA	lapostagaggio@gmail.com	https://www.hotelsdrop.com/hotel/antica-locanda-la-posta-alto-reno-terme	+39 348 361 8752
B&B La Presa	boris.bragalli@gmail.com	https://www.hotelsdrop.com/hotel/b-b-la-presa-alto-reno-terme	+39 334 350 1446
Cà Gennara Agri B&B	info@cagennara.com	https://www.hotelsdrop.com/hotel/ca-gennara-agri-b-b-alto-reno-terme	+39 338 274 7679
Ecochiocciola	info@ecochiocciola.com	https://www.hotelsdrop.com/hotel/ecochiocciola-alto-reno-terme	+39 335 822 1005
L'OCA GIULIVA RELAIS	ocagiulivabologna@gmail.com	https://www.hotelsdrop.com/hotel/l-oca-giuliva-relais-alto-reno-terme	+39 334 240 5509
Affittacamere Tagliaferro	tagliaferrocamere@gmail.com	https://www.hotelsdrop.com/hotel/affittacamere-tagliaferro-alto-sermenza	+39 333 888 5924
Hotel Signal	hotelsignalmacugnaga@gmail.com	https://www.hotelsdrop.com/hotel/hotel-signal-alto-sermenza	+39 393 233 8646
Rifugio Alpenrose	rifugioalpenrose.gta@gmail.com	https://www.hotelsdrop.com/hotel/rifugio-alpenrose-alto-sermenza	+39 349 362 3587
Ristorante Dei Pescatori	info@pescatoripiode.eu	https://www.hotelsdrop.com/hotel/ristorante-dei-pescatori-alto-sermenza	+39 351 871 8107
ABT L'AURA	info@abt-laura.it	https://www.hotelsdrop.com/hotel/abt-l-aura-altofonte	+39 329 887 9553
B&b Casa Rossa di Matri srl	bbcasarossa@bbcasarossa.com	https://www.hotelsdrop.com/hotel/b-b-casa-rossa-di-matri-srl-altofonte	+39 335 843 8400
B&B Monreale Locanda Re Ruggero	info@locandareruggero.it	https://www.hotelsdrop.com/hotel/b-b-monreale-locanda-re-ruggero-altofonte	+39 348 524 1341
Hotel Palazzo Salerno	reception@hotelpalazzosalerno.it	https://www.hotelsdrop.com/hotel/hotel-palazzo-salerno-altomonte	+39 331 937 5748
Le Mimose B&B	lemimosebeb@gmail.com	https://www.hotelsdrop.com/hotel/le-mimose-b-b-altomonte	+39 347 692 7402
Agriturismo Villa Monica	info@villamonica.net	https://www.hotelsdrop.com/hotel/agriturismo-villa-monica-altopascio	+39 339 313 4754
La porta di San Rocco	altopasciobb@gmail.com	https://www.hotelsdrop.com/hotel/la-porta-di-san-rocco-altopascio	+39 388 366 9468
Sibolla Holidays	sibollaholidays@gmail.com	https://www.hotelsdrop.com/hotel/sibolla-holidays-altopascio	+39 349 626 3270
Agritur La Sabbionara	info@agriturlasabbionara.com	https://www.hotelsdrop.com/hotel/agritur-la-sabbionara-altopiano-della-vigolana	+39 329 123 7272
AGRITUR SEDICI - Bed and Breakfast	info@agritur16.it	https://www.hotelsdrop.com/hotel/agritur-sedici-bed-and-breakfast-altopiano-della-vigolana	+39 348 892 3568
Azienda agricola e agritur Maso Flonkeri	agrinonna@gmail.com	https://www.hotelsdrop.com/hotel/azienda-agricola-e-agritur-maso-flonkeri-altopiano-della-vigolana	+39 348 068 0151
Berry House	info@berryhouse.it	https://www.hotelsdrop.com/hotel/berry-house-altopiano-della-vigolana	+39 328 956 9309
La Corte di San Rocco	info@lacortedisanrocco.com	https://www.hotelsdrop.com/hotel/la-corte-di-san-rocco-altopiano-della-vigolana	+39 388 627 0077
Agriturismo San Marco	info@sanmarco-agriturismo.it	https://www.hotelsdrop.com/hotel/agriturismo-san-marco-alvignano	+39 388 187 6074
Mulino Bencivenga	info@mulinobencivenga.it	https://www.hotelsdrop.com/hotel/mulino-bencivenga-alvignano	+39 371 626 3618
Villa Falcone B&B	villafalcone8@gmail.com	https://www.hotelsdrop.com/hotel/villa-falcone-b-b-alvignano	+39 353 398 8301
Villa Ortensia D'Avalos	info@villaortensia.it	https://www.hotelsdrop.com/hotel/villa-ortensia-d-avalos-alvignano	+39 351 925 5191
“A casa di” bed and breakfast	info@acasadialvito.it	https://www.hotelsdrop.com/hotel/a-casa-di-bed-and-breakfast-alvito	+39 347 424 8266
Accogliente Dimora nel Centro Storico di Alvito Dinamica Real Estate	realestate.dinamica@gmail.com	https://www.hotelsdrop.com/hotel/accogliente-dimora-nel-centro-storico-di-alvito-alvito	+39 350 025 5937
B&B Casal Cominium	casalcominium@gmail.com	https://www.hotelsdrop.com/hotel/b-b-casal-cominium-alvito	+39 333 255 5257
Il Tiglio	info@iltiglioalvito.it	https://www.hotelsdrop.com/hotel/il-tiglio-alvito	+39 320 537 0021
Italy Farm Stay	italyfarmstay@gmail.com	https://www.hotelsdrop.com/hotel/italy-farm-stay-alvito	+39 340 251 7941
Relais Colle Buono	info@collebuono.it	https://www.hotelsdrop.com/hotel/relais-colle-buono-alvito	+39 351 703 7623
Rifugio Orsa Maggiore	info@csorsamaggiore.com	https://www.hotelsdrop.com/hotel/rifugio-orsa-maggiore-alvito	+39 351 472 9394
Tenuta Del Daino	info@tenutadeldaino.it	https://www.hotelsdrop.com/hotel/tenuta-del-daino-alvito	+39 340 378 3780
Agriturismo La soglia del parco	lasogliadelparco@gmail.com	https://www.hotelsdrop.com/hotel/agriturismo-la-soglia-del-parco-alzano-lombardo	+39 349 662 4715
B&B Al Grattacielo	info@bbalgrattacielo.it	https://www.hotelsdrop.com/hotel/b-b-al-grattacielo-alzano-lombardo	+39 349 091 8567
Hotel Ristorante Marcellino	info@hotelmarcellino.it	https://www.hotelsdrop.com/hotel/hotel-ristorante-marcellino-alzano-lombardo	+39 333 291 3357
Relais Villa Carrara | Bed & Breakfast in provincia di Bergamo	info@relaisvillacarrara.it	https://www.hotelsdrop.com/hotel/relais-villa-carrara-bed-breakfast-in-provincia-alzano-lombardo	+39 335 563 2456
San Valentino Hotel	info@sanvalentinohotel.it	https://www.hotelsdrop.com/hotel/san-valentino-hotel-alzano-lombardo	+39 389 454 1063
Elleboro B&B	info@elleborobeb.it	https://www.hotelsdrop.com/hotel/elleboro-b-b-alzate-brianza	+39 347 969 4726
Affittacamere MIOE	info@mioe.it	https://www.hotelsdrop.com/hotel/affittacamere-mioe-al	+39 351 519 2319
Inn Puglia Guest House	innpugliaguesthouse@gmail.com	https://www.hotelsdrop.com/hotel/inn-puglia-guest-house-al	+39 389 788 3641
Masseria Trulli&Stelle Bed & Breakfast	info@trulliestelle.it	https://www.hotelsdrop.com/hotel/masseria-trulli-stelle-bed-breakfast-al	+39 347 753 4676
Murr Luxury Rooms	info@murrluxuryrooms.com	https://www.hotelsdrop.com/hotel/murr-luxury-rooms-al	+39 392 254 2933
Via del Mare Apulia B&B Spa Suite	viadelmarebeb@gmail.com	https://www.hotelsdrop.com/hotel/via-del-mare-apulia-b-b-spa-suite-al	+39 388 791 2996
103 Boutique Hotel Stintino	info@103stintino.com	https://www.hotelsdrop.com/hotel/103-boutique-hotel-stintino-al-dei-sardi	+39 388 802 9149
Hotel La Ciaccia	info@laciaccia.it	https://www.hotelsdrop.com/hotel/hotel-la-ciaccia-al-dei-sardi	+39 347 560 0190
S'ARD Guest House Sassari	sard.sassari@gmail.com	https://www.hotelsdrop.com/hotel/s-ard-guest-house-sassari-al-dei-sardi	+39 350 992 2331
B&B La Gatta Bianca	info@beblagattabianca.it	https://www.hotelsdrop.com/hotel/b-b-la-gatta-bianca-al-terme	+39 334 309 9258
B&B Torreforte	bbtorreforte@bbtorreforte.com	https://www.hotelsdrop.com/hotel/b-b-torreforte-al-terme	+39 351 716 0020
BAARIA House Hotel	baariahousehotel@gmail.com	https://www.hotelsdrop.com/hotel/baaria-house-hotel-al-terme	+39 346 707 5870
Scirocco House	bbsciroccohouse@gmail.com	https://www.hotelsdrop.com/hotel/scirocco-house-al-terme	+39 348 699 0317
Amalfi Resort	info@amalfiholidayresort.it	https://www.hotelsdrop.com/hotel/amalfi-resort-amalfi	+39 345 849 6233
B&B Amalfi Coast - Salerno	info@bebamalficoast.it	https://www.hotelsdrop.com/hotel/b-b-amalfi-coast-salerno-amalfi	+39 373 766 8855
Bed & Breakfast Ercole di Amalfi	info@ercolediamalfi.it	https://www.hotelsdrop.com/hotel/bed-breakfast-ercole-di-amalfi-amalfi	+39 334 249 4141
Dint' a Torre Bed & Breakfast	info@dint-a-torre.com	https://www.hotelsdrop.com/hotel/dint-a-torre-bed-breakfast-amalfi	+39 346 513 3137
Villa Paradise Amalfi Coast	info@villaparadiseamalfi.it	https://www.hotelsdrop.com/hotel/villa-paradise-amalfi-coast-amalfi	+39 328 418 8162
Vista d’ Amalfi	vistadamalfi@gmail.com	https://www.hotelsdrop.com/hotel/vista-d-amalfi-amalfi	+39 392 760 1679
Agriturismo Antico Mulino dei Sibillini	anticomulinodeisibillini@gmail.com	https://www.hotelsdrop.com/hotel/agriturismo-antico-mulino-dei-sibillini-amandola	+39 338 769 5040
Area Sosta Camper Sibillini	parco@sibillini.net	https://www.hotelsdrop.com/hotel/area-sosta-camper-sibillini-amandola	+39 320 331 4948
B&B Borgofortino	info@borgofortino.it	https://www.hotelsdrop.com/hotel/b-b-borgofortino-amandola	+39 328 453 7508
La Mela Rosa	info@lamelarosa.it	https://www.hotelsdrop.com/hotel/la-mela-rosa-amandola	+39 331 435 5247
La Perla Amantea - Rooms & Apartaments	info@laperlaamantea.it	https://www.hotelsdrop.com/hotel/la-perla-amantea-rooms-apartaments-amantea	+39 346 610 3960
Comune Rustico Sport Hotel	info@comunerustico.it	https://www.hotelsdrop.com/hotel/comune-rustico-sport-hotel-amaro	+39 349 470 6335
Agriturismo Borgo Piazza | Ristorante - Fattoria Didattica	info@borgopiazza.it	https://www.hotelsdrop.com/hotel/agriturismo-borgo-piazza-ristorante-fattoria-did-amaroni	+39 349 781 1695
Agriturismo Costantino	agriturismocostantino@gmail.com	https://www.hotelsdrop.com/hotel/agriturismo-costantino-amaroni	+39 339 184 1463
Agriturismo Podere Pansera	info@poderepansera.com	https://www.hotelsdrop.com/hotel/agriturismo-podere-pansera-amaroni	+39 348 521 9489
Domus b&b	domusbbweb@gmail.com	https://www.hotelsdrop.com/hotel/domus-b-b-amaroni	+39 324 792 2749
LVRESIDENCE	info@lvresidence.com	https://www.hotelsdrop.com/hotel/lvresidence-amaroni	+39 388 170 5509
San Michele Apartments - B&B - Hotel- Residence con ristorante convenzionato	info@sanmichelegermaneto.it	https://www.hotelsdrop.com/hotel/san-michele-apartments-b-b-hotel-residence-con-r-amaroni	+39 338 527 7233
B&B "Da Gabry"	scrivi@bebdagabry.it	https://www.hotelsdrop.com/hotel/b-b-da-gabry-amaseno	+39 329 936 7049
B&B La Casa Di Nonna Tella CIN: IT059012C1D4NCDPEV	info@lacasadinonnatella.it	https://www.hotelsdrop.com/hotel/b-b-la-casa-di-nonna-tella-cin-it059012c1d4ncdpe-amaseno	+39 329 386 5891
B&B Oro Puro	info@beboropuro.it	https://www.hotelsdrop.com/hotel/b-b-oro-puro-amaseno	+39 347 126 3678
B&B Solerosa	yourclaudio@tiscali.it	https://www.hotelsdrop.com/hotel/b-b-solerosa-amaseno	+39 339 647 2389
Hotel "La Villa"	hotelvillasrl@gmail.com	https://www.hotelsdrop.com/hotel/hotel-la-villa-amaseno	+39 351 816 5880
La Tenuta di Trimalcione	domenica.destefano@pec.agritel.it	https://www.hotelsdrop.com/hotel/la-tenuta-di-trimalcione-amaseno	+39 340 815 3274
Petalo Rosso	rominagu79@gmail.com	https://www.hotelsdrop.com/hotel/petalo-rosso-amaseno	+39 349 295 8690
B&B La casa di Ely	info@lacasadiely.it	https://www.hotelsdrop.com/hotel/b-b-la-casa-di-ely-amato	+39 338 827 8616
Albergo Diffuso Amatrice	info@albergodiffusoamatrice.it	https://www.hotelsdrop.com/hotel/albergo-diffuso-amatrice-amatrice	+39 346 305 1912
Bed & Breakfast Palazzo Sassatelli	info@palazzosassatelli.it	https://www.hotelsdrop.com/hotel/bed-breakfast-palazzo-sassatelli-amatrice	+39 351 761 2114
Agriturismo Il Belvedere	agriturismo@agribelvedere.it	https://www.hotelsdrop.com/hotel/agriturismo-il-belvedere-ambivere	+39 393 315 5954
Al-Colle	info@al-colle.it	https://www.hotelsdrop.com/hotel/al-colle-ambivere	+39 349 789 6403
Binario Magic Hotel	info@binariomagicpub.it	https://www.hotelsdrop.com/hotel/binario-magic-hotel-ambivere	+39 366 509 9666
B&B Claudia	bebdon@alice.it	https://www.hotelsdrop.com/hotel/b-b-claudia-amblar-don	+39 340 841 7064
B&B Lupo	605a7baede844d278b89dc95ae0a9123@sentry-next.wixpress.com	https://www.hotelsdrop.com/hotel/b-b-lupo-amblar-don	+39 329 411 5714
Le Camere di Giò	info@lecameredigio.it	https://www.hotelsdrop.com/hotel/le-camere-di-gio-ameglia	+39 340 928 6696
Le Sirene	lesirene.tellaro@libero.it	https://www.hotelsdrop.com/hotel/le-sirene-ameglia	+39 380 645 7655
Un Angelo Alla Mia Tavola	unangeloallamiatavola1@gmail.com	https://www.hotelsdrop.com/hotel/un-angelo-alla-mia-tavola-ameglia	+39 334 711 3354
AFFITTACAMERE B&B NONNA ANITA	saragiardini6@gmail.com	https://www.hotelsdrop.com/hotel/affittacamere-b-b-nonna-anita-amelia	+39 379 328 2731
Agriturismo Marinella	marina.iuliano@libero.it	https://www.hotelsdrop.com/hotel/agriturismo-marinella-amelia	+39 347 090 5423
Casale Viridi	casaleviridi@gmail.com	https://www.hotelsdrop.com/hotel/casale-viridi-amelia	+39 346 426 7004
Villa Magnolia	lamagnoliabassano@gmail.com	https://www.hotelsdrop.com/hotel/villa-magnolia-amelia	+39 379 216 2761
B&B La Piazzetta	info@lapiazzettaroseto.it	https://www.hotelsdrop.com/hotel/b-b-la-piazzetta-amendolara	+39 345 829 4912
B&B Roseto Mare	info@bebrosetomare.it	https://www.hotelsdrop.com/hotel/b-b-roseto-mare-amendolara	+39 338 948 8037
La dimora di Poseidone	salvogermi@gmail.com	https://www.hotelsdrop.com/hotel/la-dimora-di-poseidone-amendolara	+39 388 343 1112
Villaggio calabria agriturismo La Lista	agriturismolalista@gmail.com	https://www.hotelsdrop.com/hotel/villaggio-calabria-agriturismo-la-lista-amendolara	+39 392 042 6656
B&B Il giardino sul lago	il_giardino_sul_lago@libero.it	https://www.hotelsdrop.com/hotel/b-b-il-giardino-sul-lago-ameno	+39 333 759 6149
B&B Lavanda e Rosmarino	lavandaerosmarino@virgilio.it	https://www.hotelsdrop.com/hotel/b-b-lavanda-e-rosmarino-ameno	+39 349 849 8150
Campeggio Punta di Crabbia	info@campingpuntacrabbia.it	https://www.hotelsdrop.com/hotel/campeggio-punta-di-crabbia-ameno	+39 339 562 5257
Hotel San Rocco	info@hotelsanrocco.it	https://www.hotelsdrop.com/hotel/hotel-san-rocco-ameno	+39 334 978 0164
L'Oasi Amena	info@oasiamena.com	https://www.hotelsdrop.com/hotel/l-oasi-amena-ameno	+39 339 423 1743
La Darbia Resort	info@ladarbia.com	https://www.hotelsdrop.com/hotel/la-darbia-resort-ameno	+39 389 311 3813
Ostello del Quadrifoglio by Le Pigne World	ostellodelquadrifoglio@gmail.com	https://www.hotelsdrop.com/hotel/ostello-del-quadrifoglio-by-le-pigne-world-ameno	+39 334 979 7579
Villa Antica Colonia Spa&Wellness	info@anticacolonia.com	https://www.hotelsdrop.com/hotel/villa-antica-colonia-spa-wellness-ameno	+39 392 656 2131
Agriturismo e Azienda Agricola Corte Ciervo	info@corteciervo.it\&quot;	https://www.hotelsdrop.com/hotel/agriturismo-e-azienda-agricola-corte-ciervo-amorosi	+39 333 614 1926
Choco B&B - Amnesia Experience	info@amnesiaexperience.it	https://www.hotelsdrop.com/hotel/choco-b-b-amnesia-experience-amorosi	+39 375 904 5871
Dimora Rosae B&B	info@dimorarosae.it	https://www.hotelsdrop.com/hotel/dimora-rosae-b-b-amorosi	+39 392 892 0757
Nerium house	nerium.dl@gmail.com	https://www.hotelsdrop.com/hotel/nerium-house-amorosi	+39 351 931 3025
BIKE & BIKERS HOTEL RESTAURANT	bikebikersinfo@gmail.com	https://www.hotelsdrop.com/hotel/bike-bikers-hotel-restaurant-ampezzo	+39 393 404 1385
Rifugio Tita Piaz / Perkhhite Tita Piaz	info@rifugiotitapiaz.com%20	https://www.hotelsdrop.com/hotel/rifugio-tita-piaz-perkhhite-tita-piaz-ampezzo	+39 331 356 8500
La Minucciola	minucciolacapri@gmail.com	https://www.hotelsdrop.com/hotel/la-minucciola-anacapri	+39 331 500 1424
La Romantique Anacapri	info@laromantique.it	https://www.hotelsdrop.com/hotel/la-romantique-anacapri-anacapri	+39 379 266 0281
Villa Mimosa Anacapri	villamimosacapri@gmail.com	https://www.hotelsdrop.com/hotel/villa-mimosa-anacapri-anacapri	+39 327 111 8099
Agriturismo Giudici - Tenuta Vico Moricino	info@agriturismovico.it	https://www.hotelsdrop.com/hotel/agriturismo-giudici-tenuta-vico-moricino-anagni	+39 328 318 4188
Antica Dimora Palazzo Ciprani	anticadimoraciprani@gmail.com	https://www.hotelsdrop.com/hotel/antica-dimora-palazzo-ciprani-anagni	+39 338 723 8323
Il Viaggiatore	il-viaggiatore@hotmail.it	https://www.hotelsdrop.com/hotel/il-viaggiatore-anagni	+39 348 085 9085
La terrazza Anagni	laterrazza.anagni@gmail.com	https://www.hotelsdrop.com/hotel/la-terrazza-anagni-anagni	+39 340 965 7485
Le Stanze del Duomo	info.lestanzedelduomo@gmail.com	https://www.hotelsdrop.com/hotel/le-stanze-del-duomo-anagni	+39 345 667 0245
B&B Alveare di Rita	gettodelpeso34@gmail.com	https://www.hotelsdrop.com/hotel/b-b-alveare-di-rita-ancarano	+39 331 374 5123
Country House Andromeda	countryhouseandromeda@gmail.com	https://www.hotelsdrop.com/hotel/country-house-andromeda-ancarano	+39 348 330 5802
Villa Yucca - B&B and Glamping	info@villayucca.it	https://www.hotelsdrop.com/hotel/villa-yucca-b-b-and-glamping-ancarano	+39 388 574 3067
Villa9cento	villanovecentobb@gmail.com	https://www.hotelsdrop.com/hotel/villa9cento-ancarano	+39 328 884 8142
Hotel Ankon	info@ankonhotel.com	https://www.hotelsdrop.com/hotel/hotel-ankon-ancona	+39 346 955 9593
Cassiodoro Rooms Affittacamere	info@bebcassiodoro.com	https://www.hotelsdrop.com/hotel/cassiodoro-rooms-affittacamere-andali	+39 347 941 8237
Hotel Onda Bleu	info@hotelondableu.it	https://www.hotelsdrop.com/hotel/hotel-onda-bleu-andali	+39 328 826 3713
Hotel Ristorante L'Orizzonte	prenotazioni@hotellorizzonte.it	https://www.hotelsdrop.com/hotel/hotel-ristorante-l-orizzonte-andali	+39 328 200 3289
Sandhotel via De Gasperi Botricello	sand.hotel@outlook.it	https://www.hotelsdrop.com/hotel/sandhotel-via-de-gasperi-botricello-andali	+39 349 823 5190
Cà Elsa B&B	ca.info.elsa@gmail.com	https://www.hotelsdrop.com/hotel/ca-elsa-b-b-andalo-valtellino	+39 338 131 6035
Hotel del Mera	info@hoteldelmera.com	https://www.hotelsdrop.com/hotel/hotel-del-mera-andalo-valtellino	+39 351 862 6918
Agriturismo del Florario	prenotazioni.florario@gmail.com	https://www.hotelsdrop.com/hotel/agriturismo-del-florario-andezeno	+39 348 220 2600
Cico e Mamasita	info@cicoemamasita.com	https://www.hotelsdrop.com/hotel/cico-e-mamasita-andezeno	+39 380 758 1520
Hotel Cascina Speranza	prenotazioni@hotelcascinasperanza.com	https://www.hotelsdrop.com/hotel/hotel-cascina-speranza-andezeno	+39 331 131 0023
PUNTO DI VISTA - Bed and Breakfast	sara@puntodivista-bb.com	https://www.hotelsdrop.com/hotel/punto-di-vista-bed-and-breakfast-andezeno	+39 340 987 5334
Rosatea B&B	info@rosatea-bedandbreakfast.it	https://www.hotelsdrop.com/hotel/rosatea-b-b-andezeno	+39 375 617 5369
Agriturismo Domus Serena	domus.serena@libero.it	https://www.hotelsdrop.com/hotel/agriturismo-domus-serena-andora	+39 333 393 1598
B&B Andoramare	info@andoramare.it	https://www.hotelsdrop.com/hotel/b-b-andoramare-andora	+39 328 314 6959
B&B Villa Corsini	villacorsinilaigueglia@hotmail.com	https://www.hotelsdrop.com/hotel/b-b-villa-corsini-andora	+39 334 214 4581
Dachi casa vacanze	info@dachifarm.it	https://www.hotelsdrop.com/hotel/dachi-casa-vacanze-andora	+39 329 938 2970
Gli Ulivi Rooms and Breakfast	roomandbreakfast@gliuliviandora.it	https://www.hotelsdrop.com/hotel/gli-ulivi-rooms-and-breakfast-andora	+39 366 879 8143
Agriturismo Borgo Cà del Becca	info@borgocadelbecca.it	https://www.hotelsdrop.com/hotel/agriturismo-borgo-ca-del-becca-andorno-micca	+39 349 935 3224
Agriturismo La Fucina	info@agriturismolafucina.it	https://www.hotelsdrop.com/hotel/agriturismo-la-fucina-andorno-micca	+39 340 305 5264
B&B Villa Maria	domenico.conti.65@gmail.com	https://www.hotelsdrop.com/hotel/b-b-villa-maria-andorno-micca	+39 340 861 4875
Cascina Serra Bed & Breakfast eco-house	info@cascinaserrabedandbreakfast.it	https://www.hotelsdrop.com/hotel/cascina-serra-bed-breakfast-eco-house-andorno-micca	+39 348 883 0858
Il Talucco: Bed & Breakfast	info@iltalucco.com	https://www.hotelsdrop.com/hotel/il-talucco-bed-breakfast-andorno-micca	+39 334 339 1941
La Nuvola	info@guesthouselanuvola.it	https://www.hotelsdrop.com/hotel/la-nuvola-andorno-micca	+39 335 534 4328
Le Terrazze Di Tavigliano	chiaramartcm@libero.it	https://www.hotelsdrop.com/hotel/le-terrazze-di-tavigliano-andorno-micca	+39 349 851 7761
Villa Bernardino Galliari	villa.bernardino.galliari@gmail.com	https://www.hotelsdrop.com/hotel/villa-bernardino-galliari-andorno-micca	+39 339 694 5011
Aia di San Giorgio	info@aiadisangiorgio.it	https://www.hotelsdrop.com/hotel/aia-di-san-giorgio-andrano	+39 338 223 7722
Bellavista B&B Castro (le)	bebbellavista@gmail.com	https://www.hotelsdrop.com/hotel/bellavista-b-b-castro-le-andrano	+39 328 383 6437
CAMPURRA affittacamere	campurra.marittima@tiscali.it	https://www.hotelsdrop.com/hotel/campurra-affittacamere-andrano	+39 392 114 5686
Eliados Casa Vacanze	info@casaleeliados.it	https://www.hotelsdrop.com/hotel/eliados-casa-vacanze-andrano	+39 328 382 0163
La Balaustra B&B	labalaustra@tiscali.it	https://www.hotelsdrop.com/hotel/la-balaustra-b-b-andrano	+39 328 667 0808
PETRA. Charme a sud est	info@petrasudestcharme.it	https://www.hotelsdrop.com/hotel/petra-charme-a-sud-est-andrano	+39 351 552 6119
Vignali Residence	mariavittoria.cozza@pec.it	https://www.hotelsdrop.com/hotel/vignali-residence-andrano	+39 327 239 5412
Vignavecchia	donatadeluca@virgilio.it	https://www.hotelsdrop.com/hotel/vignavecchia-andrano	+39 333 688 0974
B&B Cascina Brunod	maurizio@brunod.com	https://www.hotelsdrop.com/hotel/b-b-cascina-brunod-andrate	+39 339 647 2135
B&B L'Albero Maestro	info@alberomaestro.it	https://www.hotelsdrop.com/hotel/b-b-l-albero-maestro-andrate	+39 347 558 7766
B&B La Coccinella - Ecologico e Biologico CIN: IT096028C1LO23OMD8	info@cucinanatura.it\&quot;&gt;&lt;button	https://www.hotelsdrop.com/hotel/b-b-la-coccinella-ecologico-e-biologico-cin-it09-andrate	+39 333 647 7016
B&B Villa Tavallini Biella	info@villatavallini.it	https://www.hotelsdrop.com/hotel/b-b-villa-tavallini-biella-andrate	+39 393 016 2580
L'Ospitalità del Castello	moreno.nico@gmail.com	https://www.hotelsdrop.com/hotel/l-ospitalita-del-castello-andrate	+39 348 452 7017
La Locanda dei Gatti	info@lalocandadeigatti.it	https://www.hotelsdrop.com/hotel/la-locanda-dei-gatti-andrate	+39 333 790 8698
Ostello del Canoa - Acquapiatta	info@ostelloivrea.it	https://www.hotelsdrop.com/hotel/ostello-del-canoa-acquapiatta-andrate	+39 371 578 0055
Relais del Brigante	info@relaisdelbrigante.com	https://www.hotelsdrop.com/hotel/relais-del-brigante-andrate	+39 348 090 2808
B&B il Gufo	bb.dacorona99@gmail.com	https://www.hotelsdrop.com/hotel/b-b-il-gufo-andreis	+39 389 460 7267
Agriturismo "A un tiro di schioppo"	info@ruralis.com	https://www.hotelsdrop.com/hotel/agriturismo-a-un-tiro-di-schioppo-andretta	+39 380 732 7034
Agriturismo Caperroni	agriturismocaperroni@gmail.com	https://www.hotelsdrop.com/hotel/agriturismo-caperroni-andretta	+39 388 811 0870
B&B Il Tritone	info@iltritonebeb.com	https://www.hotelsdrop.com/hotel/b-b-il-tritone-andretta	+39 339 670 9669
Domus Romulea Albergo Locanda	info@domusromulea.it	https://www.hotelsdrop.com/hotel/domus-romulea-albergo-locanda-andretta	+39 347 186 3354
Vicolo72	vicolo72.calitri@gmail.com	https://www.hotelsdrop.com/hotel/vicolo72-andretta	+39 335 839 3873
B&B Novilunio	allogginovilunio@gmail.com	https://www.hotelsdrop.com/hotel/b-b-novilunio-andria	+39 389 559 6092
B&B Palazzo Ducale	info@bbpalazzoducale.it	https://www.hotelsdrop.com/hotel/b-b-palazzo-ducale-andria	+39 347 659 7431
Borgomurgia	info@borgomurgia.it	https://www.hotelsdrop.com/hotel/borgomurgia-andria	+39 347 399 8881
Club 64 Bed & Breakfast	rooms@clubsessantaquattro.com	https://www.hotelsdrop.com/hotel/club-64-bed-breakfast-andria	+39 342 550 5894
Santa Maria Vetere	info@santamariavetere.it	https://www.hotelsdrop.com/hotel/santa-maria-vetere-andria	+39 339 639 3279
Trèscharme	info@trescharme.it	https://www.hotelsdrop.com/hotel/trescharme-andria	+39 353 438 8515
Albergo La Madonnina	lamadonnina@tiscali.it	https://www.hotelsdrop.com/hotel/albergo-la-madonnina-anela	+39 349 686 0107
Domos Antigas	cossumonicapierina@gmail.com	https://www.hotelsdrop.com/hotel/domos-antigas-anela	+39 347 313 7757
Hotel Ristorante Le Tre Rose	info@letrerose.it	https://www.hotelsdrop.com/hotel/hotel-ristorante-le-tre-rose-anela	+39 349 764 1288
Ristorante Hotel La Pineta	hotellapineta@gmail.com	https://www.hotelsdrop.com/hotel/ristorante-hotel-la-pineta-anela	+39 320 301 8097
Sanctuary Armony	info@sanctuaryarmony.com	https://www.hotelsdrop.com/hotel/sanctuary-armony-anela	+39 340 305 5211
Albergo Ampola	info@locandaampola.it	https://www.hotelsdrop.com/hotel/albergo-ampola-anfo	+39 347 517 3158
Hotel Bonardi	info@hotelbonardi.it	https://www.hotelsdrop.com/hotel/hotel-bonardi-anfo	+39 348 873 4186
Cascina Canée	office@cascinacanee.com	https://www.hotelsdrop.com/hotel/cascina-canee-angera	+39 348 166 4411
Little Square Arona	info@littlesquarearona.com	https://www.hotelsdrop.com/hotel/little-square-arona-angera	+39 351 589 1950
Relais Cascina al Campaccio	info@cascinacampaccio.it	https://www.hotelsdrop.com/hotel/relais-cascina-al-campaccio-angera	+39 348 441 0249
Agriturismo Terre di Anghiari	terredianghiari@gmail.com	https://www.hotelsdrop.com/hotel/agriturismo-terre-di-anghiari-anghiari	+39 344 527 5942
Antica Dimora del Pellegrino	info@anticadimoradelpellegrino.com	https://www.hotelsdrop.com/hotel/antica-dimora-del-pellegrino-anghiari	+39 366 901 4050
B&B Vigna del Poggio	info@vignadelpoggio.com	https://www.hotelsdrop.com/hotel/b-b-vigna-del-poggio-anghiari	+39 349 199 0689
Bed & Breakfast Locanda del Viandante	info@locandadelviandante.com	https://www.hotelsdrop.com/hotel/bed-breakfast-locanda-del-viandante-anghiari	+39 334 795 6056
Casa vacanze Il Nido sulla Ruga	anghiari2016@yahoo.com	https://www.hotelsdrop.com/hotel/casa-vacanze-il-nido-sulla-ruga-anghiari	+39 349 084 6772
Il Giardino Nascosto Affittacamere	info@ilgiardinonascosto.com	https://www.hotelsdrop.com/hotel/il-giardino-nascosto-affittacamere-anghiari	+39 339 456 8430
B&B Corte San Tomaso	info@cortesantomaso.it	https://www.hotelsdrop.com/hotel/b-b-corte-san-tomaso-angiari	+39 347 730 9581
Corte Ramedello	info@corteramedello.it	https://www.hotelsdrop.com/hotel/corte-ramedello-angiari	+39 333 119 7339
Hotel Milano	hotelmilano1925@gmail.com	https://www.hotelsdrop.com/hotel/hotel-milano-angiari	+39 347 464 4020
Soave Country House	info@impresacozyhome.eu	https://www.hotelsdrop.com/hotel/soave-country-house-angiari	+39 348 987 9488
Villa Brama	info@bramaverona.it	https://www.hotelsdrop.com/hotel/villa-brama-angiari	+39 348 700 8700
Agriturismo Le Frise	info@lefrise.it	https://www.hotelsdrop.com/hotel/agriturismo-le-frise-angolo-terme	+39 347 157 0422
Agriturismo Serec | Ristorante e B&B	info@agriturismoserec.it	https://www.hotelsdrop.com/hotel/agriturismo-serec-ristorante-e-b-b-angolo-terme	+39 340 388 1623
Casa Marino Angri	info@casamarinoangri.com	https://www.hotelsdrop.com/hotel/casa-marino-angri-angri	+39 334 719 6878
COAST TO COAST ROOMS And POOL	bbcoasttocoast@libero.it	https://www.hotelsdrop.com/hotel/coast-to-coast-rooms-and-pool-angri	+39 393 869 4606
Domus Monasteire - B&B Guesthouse	domusmonasteire@gmail.com	https://www.hotelsdrop.com/hotel/domus-monasteire-b-b-guesthouse-angri	+39 329 310 5464
Villa Ante b&b	info@villaante.com	https://www.hotelsdrop.com/hotel/villa-ante-b-b-angri	+39 338 476 5205
B&B Blu Lavanda	info@blulavanda.net	https://www.hotelsdrop.com/hotel/b-b-blu-lavanda-angrogna	+39 338 321 4902
B&B Il Girasole	bb.ilgirasole@virgilio.it	https://www.hotelsdrop.com/hotel/b-b-il-girasole-angrogna	+39 347 667 6258
Cascina la Demilana	support@centralstay.eu	https://www.hotelsdrop.com/hotel/cascina-la-demilana-angrogna	+39 333 779 5556
Country house Casa Payer	info@casapayer.it	https://www.hotelsdrop.com/hotel/country-house-casa-payer-angrogna	+39 347 938 4034
Locanda il Pomo d'Oro - Ristorante & Pizza	locanda@locandailpomodoro.it	https://www.hotelsdrop.com/hotel/locanda-il-pomo-d-oro-ristorante-pizza-angrogna	+39 328 812 7449
Agriturismo Zugarelli	info@agriturismozugarelli.it	https://www.hotelsdrop.com/hotel/agriturismo-zugarelli-anguillara-sabazia	+39 348 252 8368
B&B al Vicolo dei Pescatori	pescatori@gmail.com	https://www.hotelsdrop.com/hotel/b-b-al-vicolo-dei-pescatori-anguillara-sabazia	+39 348 242 1910
La Cannella	bb.lacannella@gmail.com	https://www.hotelsdrop.com/hotel/la-cannella-anguillara-sabazia	+39 338 459 9940
Aura Dimore ad Arquà Petrarca	info@auradimore.it	https://www.hotelsdrop.com/hotel/aura-dimore-ad-arqua-petrarca-anguillara-veneta	+39 392 584 1008
Country House Campofiore	info@campofiore.eu	https://www.hotelsdrop.com/hotel/country-house-campofiore-anguillara-veneta	+39 333 648 2775
Hotel Fuori Città	fuoricitta.bego@gmail.com	https://www.hotelsdrop.com/hotel/hotel-fuori-citta-anguillara-veneta	+39 344 033 7471
Quo Vadis Qui Vieni	info@quovadisbeb.com	https://www.hotelsdrop.com/hotel/quo-vadis-qui-vieni-anguillara-veneta	+39 349 676 7992
B&B Armonie del Lago	info@armoniedellago.it	https://www.hotelsdrop.com/hotel/b-b-armonie-del-lago-annone-di-brianza	+39 338 181 7770
Agriturismo Quadrifoglio Relax	info@agriturismoquadrifogliorelax.com	https://www.hotelsdrop.com/hotel/agriturismo-quadrifoglio-relax-annone-veneto	+39 348 305 2539
Borgo Stalis Resort	info@borgostalis.com	https://www.hotelsdrop.com/hotel/borgo-stalis-resort-annone-veneto	+39 376 168 8399
B&B Bed and breakfast Campo Sportivo	http://francesco_caruso@libero.it	https://www.hotelsdrop.com/hotel/b-b-bed-and-breakfast-campo-sportivo-anoia	+39 347 621 8322
B&B La Villa Cittanova	info@lavilla.academy	https://www.hotelsdrop.com/hotel/b-b-la-villa-cittanova-anoia	+39 347 234 7099
Elpidios Galatro Terme	info@elpidios.it	https://www.hotelsdrop.com/hotel/elpidios-galatro-terme-anoia	+39 338 574 0869
Hotel & Village La Porta Del Sole	info@laportadelsole.it	https://www.hotelsdrop.com/hotel/hotel-village-la-porta-del-sole-anoia	+39 393 919 0141
Insonnyroom B&B	insonnyroom@hotmail.com	https://www.hotelsdrop.com/hotel/insonnyroom-b-b-anoia	+39 388 326 9879
mura 17 bed & breakfast	mura17beb@gmail.com	https://www.hotelsdrop.com/hotel/mura-17-bed-breakfast-anoia	+39 342 103 0556
Giuly’s Home	giulyshome25@gmail.com	https://www.hotelsdrop.com/hotel/giuly-s-home-antegnate	+39 345 915 9067
La Residenza del Viale - Affittacamere	info@laresidenzadelviale.it	https://www.hotelsdrop.com/hotel/la-residenza-del-viale-affittacamere-antegnate	+39 320 842 1111
Affittacamere Garden Cavalese	info@perettihotels.com	https://www.hotelsdrop.com/hotel/affittacamere-garden-cavalese-anterivo-altrei	+39 338 233 6680
Agriturismo Maso Schneider	masoschneider@gmail.com	https://www.hotelsdrop.com/hotel/agriturismo-maso-schneider-anterivo-altrei	+39 349 113 0824
B&B nonna Rosa vista Lagorai	info@bebnonnarosa.com	https://www.hotelsdrop.com/hotel/b-b-nonna-rosa-vista-lagorai-anterivo-altrei	+39 328 696 9902
Affittacamere Lo verdze	info@loverdze.com	https://www.hotelsdrop.com/hotel/affittacamere-lo-verdze-antey-saint-andr	+39 348 310 0286
Agriturismo Au Jardin Fleuri	info@aujardinfleuri.it	https://www.hotelsdrop.com/hotel/agriturismo-au-jardin-fleuri-antey-saint-andr	+39 348 481 8426
Agriturismo La Clochette - dormire a Torgnon	alexistomaselli@gmail.com	https://www.hotelsdrop.com/hotel/agriturismo-la-clochette-dormire-a-torgnon-antey-saint-andr	+39 333 927 9301
Hotel du Soleil	booking@hotel-du-soleil.it	https://www.hotelsdrop.com/hotel/hotel-du-soleil-antey-saint-andr	+39 379 335 7713
Lo Barba	info@lobarba.it	https://www.hotelsdrop.com/hotel/lo-barba-antey-saint-andr	+39 320 425 1778
Maison du Tatà	info@maisondutata.it	https://www.hotelsdrop.com/hotel/maison-du-tata-antey-saint-andr	+39 366 290 7497
AgriQuartuccio b&b/Piscina salata	agriquartuccio@gmail.com	https://www.hotelsdrop.com/hotel/agriquartuccio-b-b-piscina-salata-anticoli-corrado	+39 333 836 8619
Al Seminario	custer@libero.it	https://www.hotelsdrop.com/hotel/al-seminario-anticoli-corrado	+39 380 599 6086
La Giada	lagiada@bbtivoli.com	https://www.hotelsdrop.com/hotel/la-giada-anticoli-corrado	+39 329 181 1419
Le Ville Tivoli - Suites, Gregoriana, Vesta Alloggio Turistico	levilletivoli@gmail.com	https://www.hotelsdrop.com/hotel/le-ville-tivoli-suites-gregoriana-vesta-alloggio-anticoli-corrado	+39 346 128 5860
Agriturismo IL FRA'	agriturismoilfra@gmail.com	https://www.hotelsdrop.com/hotel/agriturismo-il-fra-antignano	+39 338 915 2151
Antico Tralcio Bed and Breakfast e Home Restaurant	lanticotralcio@gmail.com	https://www.hotelsdrop.com/hotel/antico-tralcio-bed-and-breakfast-e-home-restaura-antignano	+39 320 887 3276
Ca' Nadin	info@agriturismocanadin.it	https://www.hotelsdrop.com/hotel/ca-nadin-antignano	+39 338 810 1210
La Cascina del Castello	info@lacascinadelcastello.it	https://www.hotelsdrop.com/hotel/la-cascina-del-castello-antignano	+39 345 737 5280
La Granda agrirelax	relax@agrirelaxlagranda.it	https://www.hotelsdrop.com/hotel/la-granda-agrirelax-antignano	+39 340 984 1882
La Valle Bed and breakfast Asti	info@bedandbreakfastlavalle.asti.it	https://www.hotelsdrop.com/hotel/la-valle-bed-and-breakfast-asti-antignano	+39 339 760 5353
Moonfrà	info@moonfra.it	https://www.hotelsdrop.com/hotel/moonfra-antignano	+39 345 236 5803
WellHome Asti	info@wellhomeasti.it	https://www.hotelsdrop.com/hotel/wellhome-asti-antignano	+39 389 665 8553
B&B Quattro Torri	info@bbquattrotorri.com	https://www.hotelsdrop.com/hotel/b-b-quattro-torri-antillo	+39 331 464 9370
Camere Santa Margherita	carmelonaselli@gmail.com	https://www.hotelsdrop.com/hotel/camere-santa-margherita-antillo	+39 349 465 0887
Il Belvedere	info@ilbelvederevillabnb.it	https://www.hotelsdrop.com/hotel/il-belvedere-antillo	+39 393 167 3737
VERDELLO HOME SAVOCA	verdelloh@gmail.com	https://www.hotelsdrop.com/hotel/verdello-home-savoca-antillo	+39 327 357 1903
Barone G. R. Macrì	info@baronemacri.it	https://www.hotelsdrop.com/hotel/barone-g-r-macri-antonimina	+39 335 128 3052
Bed And Breakfast Bellavista	geracebellavista@gmail.com	https://www.hotelsdrop.com/hotel/bed-and-breakfast-bellavista-antonimina	+39 340 971 3490
Magia dell’Aspromonte	info@magiadellaspromonte.com	https://www.hotelsdrop.com/hotel/magia-dell-aspromonte-antonimina	+39 345 358 6524
Visit.Antonimina | Affittacamere & Home	info@visitantonimina.it	https://www.hotelsdrop.com/hotel/visit-antonimina-affittacamere-home-antonimina	+39 345 358 6524
Agriturismo Cupello	giuseppe@agricupello.it	https://www.hotelsdrop.com/hotel/agriturismo-cupello-antrodoco	+39 334 823 9379
Guest House La Palazzina a Rieti, zona Quattrostrade, vicino al Santuario della Foresta. Affitta camere confortevoli.	contatti@lapalazzina.it	https://www.hotelsdrop.com/hotel/guest-house-la-palazzina-a-rieti-zona-quattrostr-antrodoco	+39 324 130 4709
L'Archetto Apartment Rieti	info.archetto51@gmail.com	https://www.hotelsdrop.com/hotel/l-archetto-apartment-rieti-antrodoco	+39 350 021 3551
La Casa della Rocca	lacasadellarocca@gmail.com	https://www.hotelsdrop.com/hotel/la-casa-della-rocca-antrodoco	+39 351 469 5385
Ostello Il Castagno	ilcastagnoostello@gmail.com	https://www.hotelsdrop.com/hotel/ostello-il-castagno-antrodoco	+39 346 947 1143
Porta Conca Apartments	portaconcaapartments@gmail.com	https://www.hotelsdrop.com/hotel/porta-conca-apartments-antrodoco	+39 328 654 5214
Albergo Ristorante Da Cecilia	info@albergodacecilia.com	https://www.hotelsdrop.com/hotel/albergo-ristorante-da-cecilia-antrona-schieranco	+39 328 324 9960
B&B Casa Quaroni	casquaroni@gmail.com	https://www.hotelsdrop.com/hotel/b-b-casa-quaroni-antrona-schieranco	+39 340 387 3843
Hotel Dufour	info@hoteldufour.com	https://www.hotelsdrop.com/hotel/hotel-dufour-antrona-schieranco	+39 392 368 6271
Hotel Pace	info@pacehotel.it	https://www.hotelsdrop.com/hotel/hotel-pace-antrona-schieranco	+39 338 190 9003
Palazzo 7	info@palazzo7.it	https://www.hotelsdrop.com/hotel/palazzo-7-antrona-schieranco	+39 375 697 5755
B&B La Casa dei Nonni	lamiacasadeinonni@gmail.com	https://www.hotelsdrop.com/hotel/b-b-la-casa-dei-nonni-anversa-degli-abruzzi	+39 349 634 1948
L'Antico Borgo B&B	lanticoborgo2020@libero.it	https://www.hotelsdrop.com/hotel/l-antico-borgo-b-b-anversa-degli-abruzzi	+39 320 316 9756
Ristorante Hotel Filippone	info@filippone.it	https://www.hotelsdrop.com/hotel/ristorante-hotel-filippone-anversa-degli-abruzzi	+39 351 922 3850
La Cavallina Azienda Agrituristica	info@agriturismolacavallina.com	https://www.hotelsdrop.com/hotel/la-cavallina-azienda-agrituristica-anzano-del-parco	+39 338 748 9775
Ristorante La Scaletta Hotel	info@trattorialascaletta.it	https://www.hotelsdrop.com/hotel/ristorante-la-scaletta-hotel-anzano-del-parco	+39 393 650 5405
Agriturismo La Cerasola - Masseria Grosso	info@agriturismolacerasola.it	https://www.hotelsdrop.com/hotel/agriturismo-la-cerasola-masseria-grosso-anzano-di-puglia	+39 335 672 7807
L’Antica Quercia	lanticaquerciahotel@gmail.com	https://www.hotelsdrop.com/hotel/l-antica-quercia-anzi	+39 345 443 4185
Cavalieri D'Oro Luxury House ad Anzio	info@cavalieridoroanzio.it	https://www.hotelsdrop.com/hotel/cavalieri-d-oro-luxury-house-ad-anzio-anzio	+39 333 443 4047
Halex Room & Food	info@halex.it	https://www.hotelsdrop.com/hotel/halex-room-food-anzio	+39 379 299 5033
Resort la Magnolia	info@resortlamagnolia.it	https://www.hotelsdrop.com/hotel/resort-la-magnolia-anzio	+39 335 717 7923
Casa della Capra	commerciale@casadellacapra.com	https://www.hotelsdrop.com/hotel/casa-della-capra-anzola-d-ossola	+39 392 220 3731
VILLA CHIOVENDA Residenza d'Epoca	info@villachiovenda.it	https://www.hotelsdrop.com/hotel/villa-chiovenda-residenza-d-epoca-anzola-d-ossola	+39 335 618 1551
Accogliente appartamento Anzola dell' emilia	support@centralstay.eu	https://www.hotelsdrop.com/hotel/accogliente-appartamento-anzola-dell-emilia-anzola-dell-emilia	+39 351 501 4213
carla's house	support@centralstay.eu	https://www.hotelsdrop.com/hotel/carla-s-house-anzola-dell-emilia	+39 331 360 5098
Emilia381 Suite	info@affittacamere-bologna.it	https://www.hotelsdrop.com/hotel/emilia381-suite-anzola-dell-emilia	+39 331 598 8662
La collinetta B&B	teresazrt@gmail.com	https://www.hotelsdrop.com/hotel/la-collinetta-b-b-anzola-dell-emilia	+39 347 434 9268
San Vincenzo Rooms	sanvincenzorooms@gmail.com	https://www.hotelsdrop.com/hotel/san-vincenzo-rooms-anzola-dell-emilia	+39 375 546 9692
Santa Caterina 1604 Suites	info@santacaterinasuites.it	https://www.hotelsdrop.com/hotel/santa-caterina-1604-suites-anzola-dell-emilia	+39 347 870 2838
B&B Ambrosia	info@bbambrosia.com	https://www.hotelsdrop.com/hotel/b-b-ambrosia-aosta	+39 339 574 9594
Mon Emile	info@hotelmonemile.it	https://www.hotelsdrop.com/hotel/mon-emile-aosta	+39 375 774 0807
Agriturismo ca'Licozzo	info@agriturismocalicozzo.it	https://www.hotelsdrop.com/hotel/agriturismo-ca-licozzo-apecchio	+39 333 464 8720
Agriturismo Chignoni	info@chignoni.it	https://www.hotelsdrop.com/hotel/agriturismo-chignoni-apecchio	+39 340 335 3492
Agriturismo Fontesomma	info@fontesomma.it	https://www.hotelsdrop.com/hotel/agriturismo-fontesomma-apecchio	+39 338 263 6602
Agriturismo Piandimolino	agriturismopiandimolino.marche@gmail.com	https://www.hotelsdrop.com/hotel/agriturismo-piandimolino-apecchio	+39 329 201 6664
Casale il Sogno	info@casaleilsogno.nl	https://www.hotelsdrop.com/hotel/casale-il-sogno-apecchio	+39 377 308 0740
Casale La Spina	info@casalelaspina.com	https://www.hotelsdrop.com/hotel/casale-la-spina-apecchio	+39 339 806 3402
Castello della Pieve	info@castellodellapieve.it	https://www.hotelsdrop.com/hotel/castello-della-pieve-apecchio	+39 328 151 2654
Monte Paradiso Agriturismo	info@monteparadiso.net	https://www.hotelsdrop.com/hotel/monte-paradiso-agriturismo-apecchio	+39 344 526 8165
Palazzo Donati	info@palazzodonati.com	https://www.hotelsdrop.com/hotel/palazzo-donati-apecchio	+39 339 401 6247
Relais Valguerriera	info@valguerriera.it	https://www.hotelsdrop.com/hotel/relais-valguerriera-apecchio	+39 334 667 4370
Agriturismo "Al Castello del Principe"	605a7baede844d278b89dc95ae0a9123@sentry-next.wixpress.com	https://www.hotelsdrop.com/hotel/agriturismo-al-castello-del-principe-apice	+39 339 166 4656
Agriturismo Villa Luisa	agriturismovillaluisa@gmail.com	https://www.hotelsdrop.com/hotel/agriturismo-villa-luisa-apice	+39 340 228 2483
B&B Artistico Relax	info@artisticorelax.com	https://www.hotelsdrop.com/hotel/b-b-artistico-relax-apice	+39 328 875 9718
B&B Relais Aeclanum	relaisaeclanum@gmail.com	https://www.hotelsdrop.com/hotel/b-b-relais-aeclanum-apice	+39 393 905 3522
Bombrelais	bombrelais@gmail.com	https://www.hotelsdrop.com/hotel/bombrelais-apice	+39 389 138 5822
Country Relais La Torretta Baronale	amministrazione@boscolucarelli.it	https://www.hotelsdrop.com/hotel/country-relais-la-torretta-baronale-apice	+39 339 384 2917
Juliette Rooms Jesi affittacamere	info@juliettejesi.com	https://www.hotelsdrop.com/hotel/juliette-rooms-jesi-affittacamere-apiro	+39 339 810 4585
B&B Tre Passi dalla Torre	trepassidallatorre@gmail.com	https://www.hotelsdrop.com/hotel/b-b-tre-passi-dalla-torre-apollosa	+39 391 402 9730
Dimora del Duomo	contact@globostay.com	https://www.hotelsdrop.com/hotel/dimora-del-duomo-apollosa	+39 320 400 8916
Janara - Santa Sofia	info@janara.net	https://www.hotelsdrop.com/hotel/janara-santa-sofia-apollosa	+39 375 562 6515
Parva Vinea	info@parvavinea.it	https://www.hotelsdrop.com/hotel/parva-vinea-apollosa	+39 351 966 0453
B&B Le Palme	bblepalme33@gmail.com	https://www.hotelsdrop.com/hotel/b-b-le-palme-appiano-gentile	+39 347 451 5387
Convo Al Lago	reception.como@theconvo.com	https://www.hotelsdrop.com/hotel/convo-al-lago-appiano-gentile	+39 375 804 8752
Villa Scalabrini Como	residenzascalabrini@gmail.com	https://www.hotelsdrop.com/hotel/villa-scalabrini-como-appiano-gentile	+39 340 057 3968
Kreuzstein - Bar - Bed&Breakfast	info@kreuzstein.com	https://www.hotelsdrop.com/hotel/kreuzstein-bar-bed-breakfast-appiano-sulla-strada-del-vino-ep	+39 348 530 3238
Agriturismo i Mori	info@imori.net	https://www.hotelsdrop.com/hotel/agriturismo-i-mori-appignano	+39 320 154 1301
AGRITURISMO IL CONFINE - Treia - Marche	agriturismoilconfine@gmail.com	https://www.hotelsdrop.com/hotel/agriturismo-il-confine-treia-marche-appignano	+39 338 363 2739
La Vecchia Scuola	info@lemarchebedandbreakfast.com	https://www.hotelsdrop.com/hotel/la-vecchia-scuola-appignano	+39 331 478 2959
OH! Outdoor Hostel San Lorenzo	info@ohsanlorenzo.it	https://www.hotelsdrop.com/hotel/oh-outdoor-hostel-san-lorenzo-appignano	+39 351 357 8561
Agriturismo Alla Solagna	info-agriturismo@allasolagna.it	https://www.hotelsdrop.com/hotel/agriturismo-alla-solagna-appignano-del-tronto	+39 329 928 9839
Dimora nel borgo	dimoranelborgo@hotmail.com	https://www.hotelsdrop.com/hotel/dimora-nel-borgo-appignano-del-tronto	+39 333 453 1639
B&B Penak	bbpenakaprica@gmail.com	https://www.hotelsdrop.com/hotel/b-b-penak-aprica	+39 333 431 8709
Residence Hotel Biancaneve	info@biancanevehotelresidence.it	https://www.hotelsdrop.com/hotel/residence-hotel-biancaneve-aprica	+39 351 567 0872
Agriturismo Aurivu	info@aurivu.com	https://www.hotelsdrop.com/hotel/agriturismo-aurivu-apricale	+39 347 894 2520
Agriturismo dalla Mimmi	orengolaura@alice.it	https://www.hotelsdrop.com/hotel/agriturismo-dalla-mimmi-apricale	+39 335 565 1968
Apricus Boutique Hotel	info@apricuslocanda.com	https://www.hotelsdrop.com/hotel/apricus-boutique-hotel-apricale	+39 338 173 3401
B&B Le Gemme	legemme@aol.com	https://www.hotelsdrop.com/hotel/b-b-le-gemme-apricale	+39 333 866 9323
Da Marta	info@damarta.com	https://www.hotelsdrop.com/hotel/da-marta-apricale	+39 328 656 2885
Agriturismo Masseria Cannella	info@masseriacannella.it	https://www.hotelsdrop.com/hotel/agriturismo-masseria-cannella-apricena	+39 320 180 9743
B&B Colors	prenotazioni@bbcolorslesina.it	https://www.hotelsdrop.com/hotel/b-b-colors-apricena	330 437 192
B&b da nonna rosa	g@bedanonnarosa.com	https://www.hotelsdrop.com/hotel/b-b-da-nonna-rosa-apricena	+39 379 298 8219
B&B Il Giardino Della Torre	ilgiardinodellatorre@gmail.com	https://www.hotelsdrop.com/hotel/b-b-il-giardino-della-torre-apricena	+39 333 636 6666
B&B STELLE DELLA DAUNIA	info@stelledelledaunia.it	https://www.hotelsdrop.com/hotel/b-b-stelle-della-daunia-apricena	+39 329 317 5750
Bed & Breakfast Corso Roma	bnbcorsoroma@tiscali.it	https://www.hotelsdrop.com/hotel/bed-breakfast-corso-roma-apricena	+39 349 640 3977
Bed & Breakfast Porta del Gargano	giovannimaddamma@gmail.com	https://www.hotelsdrop.com/hotel/bed-breakfast-porta-del-gargano-apricena	+39 348 870 8898
Happy b&b	happybeb.torre@gmail.com	https://www.hotelsdrop.com/hotel/happy-b-b-apricena	+39 378 066 4543
Agriturismo Il Costrano	ag_c2002@yahoo.it	https://www.hotelsdrop.com/hotel/agriturismo-il-costrano-aprigliano	+39 328 291 3336
Alma B&B Home Cosenza	casavacanzecosenza.alma@gmail.com	https://www.hotelsdrop.com/hotel/alma-b-b-home-cosenza-aprigliano	+39 391 719 7978
B&B L'antico Rudere	giovannitamino@libero.it	https://www.hotelsdrop.com/hotel/b-b-l-antico-rudere-aprigliano	+39 347 330 2448
Donna Giovanna Guest House	donnagiovannaguesthouse@gmail.com	https://www.hotelsdrop.com/hotel/donna-giovanna-guest-house-aprigliano	+39 338 870 3249
Appartment Le Mirage 2.0	lemirageaprilia@gmail.com	https://www.hotelsdrop.com/hotel/appartment-le-mirage-2-0-aprilia	+39 370 323 0488
COMÓ EXCLUSIVE affittacamere	comoexclusive23@gmail.com	https://www.hotelsdrop.com/hotel/como-exclusive-affittacamere-aprilia	+39 328 641 9782
Della Piana Residence Srl	info@dellapianaresidence.it	https://www.hotelsdrop.com/hotel/della-piana-residence-srl-aprilia	+39 348 403 5386
Favola Affittacamere	favolarooms@gmail.com	https://www.hotelsdrop.com/hotel/favola-affittacamere-aprilia	+39 380 785 2289
Lucaia B&B	lucaia.web@gmail.com	https://www.hotelsdrop.com/hotel/lucaia-b-b-aprilia	+39 338 844 8058
Agriturimo La Dimora del Croccio	info@ladimoradelcroccio.it	https://www.hotelsdrop.com/hotel/agriturimo-la-dimora-del-croccio-aquara	+39 328 462 0140
Agriturismo Casale Condotti	info@casalecondotti.it	https://www.hotelsdrop.com/hotel/agriturismo-casale-condotti-aquara	+39 339 768 4035
B&B O' Stiavucco	info@stiavucco.it	https://www.hotelsdrop.com/hotel/b-b-o-stiavucco-aquara	+39 377 094 7921
Masusà	masusagri@gmail.com	https://www.hotelsdrop.com/hotel/masusa-aquara	+39 350 186 6183
Arvé Bed & Breakfast	info@arvecastelbianco.it	https://www.hotelsdrop.com/hotel/arve-bed-breakfast-aquila-d-arroscia	+39 340 776 9356
B&B 8A CASTELBIANCO	laura.riolfo77@gmail.com	https://www.hotelsdrop.com/hotel/b-b-8a-castelbianco-aquila-d-arroscia	+39 347 259 3357
La casa dei Nonni Castelbianco	info@casadeinonni.it	https://www.hotelsdrop.com/hotel/la-casa-dei-nonni-castelbianco-aquila-d-arroscia	+39 339 693 3994
Lo Sporting	info@bblosporting.it	https://www.hotelsdrop.com/hotel/lo-sporting-aquila-d-arroscia	+39 320 194 4193
Agriturismo Il Riccio	agriturismoilriccio@gmail.com	https://www.hotelsdrop.com/hotel/agriturismo-il-riccio-aquilonia	+39 348 386 7677
B&B Monte Vulture	info@bbmontevulture.com	https://www.hotelsdrop.com/hotel/b-b-monte-vulture-aquilonia	+39 339 782 0397
B&B Relais Villa Patrizia	r.villapatrizia@gmail.com	https://www.hotelsdrop.com/hotel/b-b-relais-villa-patrizia-aquilonia	+39 349 295 5847
Azienda Agrituristica La Vecchia Quercia	info@tuttocassino.it	https://www.hotelsdrop.com/hotel/azienda-agrituristica-la-vecchia-quercia-aquino	+39 366 353 0534
B&B Aquino in Terrazza	info@aquinointerrazza.com	https://www.hotelsdrop.com/hotel/b-b-aquino-in-terrazza-aquino	+39 328 845 2373
Ricci Rooms	info@tuttocassino.it	https://www.hotelsdrop.com/hotel/ricci-rooms-aquino	+39 392 731 5976
Villa Capodacqua B&B	info@villacapodacqua.it	https://www.hotelsdrop.com/hotel/villa-capodacqua-b-b-aquino	335 327 853
Il Torrino	iltorrinogalatina@libero.it	https://www.hotelsdrop.com/hotel/il-torrino-aradeo	+39 392 558 8039
Palazzo Donna Chicchi	info@palazzodonnachicchi.it	https://www.hotelsdrop.com/hotel/palazzo-donna-chicchi-aradeo	+39 331 477 1145
Palazzo Francesco Grassi B&B	info@palazzofrancescograssi.it	https://www.hotelsdrop.com/hotel/palazzo-francesco-grassi-b-b-aradeo	+39 339 118 9933
Pozzi Dolci B&B	info@pozzidolci.it	https://www.hotelsdrop.com/hotel/pozzi-dolci-b-b-aradeo	+39 388 752 3883
Residenza Santa Lucia	bbresidenzasantaalucia@gmail.com	https://www.hotelsdrop.com/hotel/residenza-santa-lucia-aradeo	+39 338 855 9609
B&B Domus 65	m.rita74@libero.it	https://www.hotelsdrop.com/hotel/b-b-domus-65-aragona	+39 329 372 4118
Camere a sud	info@camereasud.it	https://www.hotelsdrop.com/hotel/camere-a-sud-aragona	+39 349 638 4424
A casa di Carla B&B	info.acasadicarla@gmail.com	https://www.hotelsdrop.com/hotel/a-casa-di-carla-b-b-aramengo	+39 339 332 9930
Acquaementa	info@acquaementa.it	https://www.hotelsdrop.com/hotel/acquaementa-aramengo	+39 340 761 7315
Dalla Magna Livia L. & L. Di Cavalitto Alessandro	dallamagnalivia@gmail.com	https://www.hotelsdrop.com/hotel/dalla-magna-livia-l-l-di-cavalitto-alessandro-aramengo	+39 331 897 5555
La Civignola - Agriturismo Resort	info@lacivignola.com	https://www.hotelsdrop.com/hotel/la-civignola-agriturismo-resort-aramengo	+39 340 395 3747
Theresa sulla collina b&b	info@theresasullacollina.com	https://www.hotelsdrop.com/hotel/theresa-sulla-collina-b-b-aramengo	+39 347 053 3419
Bed & Breakfast Cuore di Lavanda	info@cuoredilavanda.it	https://www.hotelsdrop.com/hotel/bed-breakfast-cuore-di-lavanda-arba	+39 392 211 5603
Dolcenero Hotel Residence	info@dolceneroresidence.com	https://www.hotelsdrop.com/hotel/dolcenero-hotel-residence-arba	+39 375 692 5113
Portone180 GuestHouse	info@portone180.it	https://www.hotelsdrop.com/hotel/portone180-guesthouse-arba	+39 388 784 8000
Memo's Affittacamere - Room & Breakfast-	memos.affittacamere@gmail.com	https://www.hotelsdrop.com/hotel/memo-s-affittacamere-room-breakfast-arborea	+39 389 105 1178
Mistral 2 Hotel	info@mentefredda.it\	https://www.hotelsdrop.com/hotel/mistral-2-hotel-arborea	+39 347 343 5237
Agriturismo La Biandrina	info@labiandrina.it	https://www.hotelsdrop.com/hotel/agriturismo-la-biandrina-arborio	+39 348 235 7402
B&b Villa Sofia CIN IT003065B4KE2KB9YH	villasofiafara@gmail.com	https://www.hotelsdrop.com/hotel/b-b-villa-sofia-cin-it003065b4ke2kb9yh-arborio	+39 329 342 6159
Hotel Ristorante Paladini	alepaladini87@gmail.com	https://www.hotelsdrop.com/hotel/hotel-ristorante-paladini-arborio	+39 334 221 1011
Locanda della Stazione	info@locandadellastazione.com	https://www.hotelsdrop.com/hotel/locanda-della-stazione-arborio	+39 329 090 7907
VICOLUNGO Glamour Lodge & Spa	vicolungolodge@ondaland.it	https://www.hotelsdrop.com/hotel/vicolungo-glamour-lodge-spa-arborio	+39 320 111 0435
Agriturismo Costa Verde	agricostaverde@tiscali.it	https://www.hotelsdrop.com/hotel/agriturismo-costa-verde-arbus	+39 347 108 3355
Agriturismo l'Aquila Arbus	ginetta.leo@gmail.com	https://www.hotelsdrop.com/hotel/agriturismo-l-aquila-arbus-arbus	+39 349 195 5182
Agriturismo Rocce Bianche	roccebianche.agriturismo@gmail.com	https://www.hotelsdrop.com/hotel/agriturismo-rocce-bianche-arbus	+39 348 284 7405
Anima Sardinia	animahotelsardinia@gmail.com	https://www.hotelsdrop.com/hotel/anima-sardinia-arbus	+39 377 082 0627
centro di turismo equestre Shangrila'	cavallolibero@tiscali.it	https://www.hotelsdrop.com/hotel/centro-di-turismo-equestre-shangrila-arbus	+39 340 334 9570
Hotel Tarthesh	booking@tartheshotel.com	https://www.hotelsdrop.com/hotel/hotel-tarthesh-arbus	+39 338 298 4712
L'Ulivo Affittacamere	prenota@ulivogonnosfanadiga.it	https://www.hotelsdrop.com/hotel/l-ulivo-affittacamere-arbus	+39 350 123 3732
Agriturismo Da Zeffi	info@agriturismodazeffi.it	https://www.hotelsdrop.com/hotel/agriturismo-da-zeffi-arcade	+39 350 526 1676
Arca Guest House	hello@arcaguesthouse.it	https://www.hotelsdrop.com/hotel/arca-guest-house-arcade	+39 339 418 6844
Arcade Luxury Loft	info@arcadeluxuryloft.it	https://www.hotelsdrop.com/hotel/arcade-luxury-loft-arcade	+39 334 153 1720
B&B Al sogno di Laura	alsognodilaura@gmail.com	https://www.hotelsdrop.com/hotel/b-b-al-sogno-di-laura-arcade	+39 347 127 7393
B&B Doberdo	mario.narder@alice.it	https://www.hotelsdrop.com/hotel/b-b-doberdo-arcade	+39 338 484 0526
Casa vacanze La Madonnetta	support@centralstay.eu	https://www.hotelsdrop.com/hotel/casa-vacanze-la-madonnetta-arcade	+39 347 449 0115
Casale dei ricordi B&B, Home restaurant	info@casaledeiricordi.it	https://www.hotelsdrop.com/hotel/casale-dei-ricordi-b-b-home-restaurant-arce	+39 348 042 6825
Bed and Breakfast La Delice	claudiagavin@gmail.com	https://www.hotelsdrop.com/hotel/bed-and-breakfast-la-delice-arcene	+39 392 191 4874
Botanique Hotel Vergani	info@countryhotelcastelbarco.it	https://www.hotelsdrop.com/hotel/botanique-hotel-vergani-arcene	+39 378 306 1563
Hotel Albi	info@hotelalbi.it	https://www.hotelsdrop.com/hotel/hotel-albi-arcene	+39 339 183 3566
Il cortile da Tania	ilcortiledatania@gmail.com	https://www.hotelsdrop.com/hotel/il-cortile-da-tania-arcene	+39 375 101 5098
Ristorante Albergo Papa	info@albergoristorantepapa.it	https://www.hotelsdrop.com/hotel/ristorante-albergo-papa-arcene	+39 338 616 0388
San Giorgio	info@villazoia.it	https://www.hotelsdrop.com/hotel/san-giorgio-arcene	+39 375 737 6241
Agriturismo Acquasalata	a.acquasalata@libero.it	https://www.hotelsdrop.com/hotel/agriturismo-acquasalata-arcevia	+39 333 138 9057
Agriturismo Borgo Belfiore	info@belfiore-italia.com	https://www.hotelsdrop.com/hotel/agriturismo-borgo-belfiore-arcevia	+39 348 462 7954
Agriturismo la Cantina di Bacco	info@lacantinadibacco.it	https://www.hotelsdrop.com/hotel/agriturismo-la-cantina-di-bacco-arcevia	+39 347 310 9933
B&B IN VINO VERITAS	info@bbinvinoveritas.com	https://www.hotelsdrop.com/hotel/b-b-in-vino-veritas-arcevia	+39 328 192 7453
La casa di Odessa	info@lacasadiodessa.com	https://www.hotelsdrop.com/hotel/la-casa-di-odessa-arcevia	+39 389 009 4241
Le Cune Country House and Farm	info@lecunecountryhouse.com	https://www.hotelsdrop.com/hotel/le-cune-country-house-and-farm-arcevia	+39 338 506 4697
Riserva Privata San Settimio	info@sansettimio.it	https://www.hotelsdrop.com/hotel/riserva-privata-san-settimio-arcevia	+39 335 630 3230
Rocca Contrada	info@roccacontrada.com	https://www.hotelsdrop.com/hotel/rocca-contrada-arcevia	+39 366 245 7272
Sogno diVino B&B	sogno.divino.bb@gmail.com	https://www.hotelsdrop.com/hotel/sogno-divino-b-b-arcevia	+39 333 494 8621
VisitArcevia	roberto@visitarcevia.com	https://www.hotelsdrop.com/hotel/visitarcevia-arcevia	+39 392 973 4953
Casa Vistaverde · B&B	info@casavistaverde.it	https://www.hotelsdrop.com/hotel/casa-vistaverde-b-b-archi	+39 351 514 2494
Agriturismo Le Casaline - Val d'Orcia	email@azienda.it	https://www.hotelsdrop.com/hotel/agriturismo-le-casaline-val-d-orcia-arcidosso	+39 339 757 7386
Agriturismo Molino del Ponte	molinodelponte@libero.it	https://www.hotelsdrop.com/hotel/agriturismo-molino-del-ponte-arcidosso	+39 347 498 1836
Bed & Breakfast Amiata Grosseto	info@bebamiata.it	https://www.hotelsdrop.com/hotel/bed-breakfast-amiata-grosseto-arcidosso	368 990 970
La Colombaia Amiata	lacolombaia.amiata@gmail.com	https://www.hotelsdrop.com/hotel/la-colombaia-amiata-arcidosso	+39 378 086 9440
La corteccia del faggio	info@lacortecciadelfaggio.it	https://www.hotelsdrop.com/hotel/la-corteccia-del-faggio-arcidosso	+39 388 449 9900
La Fuga Luxury Experience	postmaster@lafugaluxuryexperience.it	https://www.hotelsdrop.com/hotel/la-fuga-luxury-experience-arcidosso	+39 393 933 3652
Albergo King	king@kinghotelfiuggi.it	https://www.hotelsdrop.com/hotel/albergo-king-arcinazzo-romano	+39 320 979 1004
Al Nifontano B&B	info@alnifontano.it	https://www.hotelsdrop.com/hotel/al-nifontano-b-b-arcisate	+39 347 434 9598
B&B Villa Adriana Varese	adrianagosatti@gmail.com	https://www.hotelsdrop.com/hotel/b-b-villa-adriana-varese-arcisate	+39 338 590 4590
Corte Picasass	barbaroenzo@gmail.com	https://www.hotelsdrop.com/hotel/corte-picasass-arcisate	+39 333 457 9919
Invilla Bnb	invilla.bnb@gmail.com	https://www.hotelsdrop.com/hotel/invilla-bnb-arcisate	+39 333 275 5017
Agritur Michelotti	info@agriturmichelotti.it	https://www.hotelsdrop.com/hotel/agritur-michelotti-arco	+39 344 241 3419
B&B NALÙ	welcome@bnb-nalu.it	https://www.hotelsdrop.com/hotel/b-b-nalu-arco	+39 348 587 7350
Hotel San Giorgio	info@hotelsangiorgioriva.eu	https://www.hotelsdrop.com/hotel/hotel-san-giorgio-arco	+39 371 471 6561
O_Live Agriresort	info@o-liveresort.com	https://www.hotelsdrop.com/hotel/o-live-agriresort-arco	+39 338 468 3246
Albergo Serena -	info@albergoserena.net	https://www.hotelsdrop.com/hotel/albergo-serena-arcola	+39 327 626 7849
B&B Borgo degli Angeli Arcola	info@borgodegliangeliarcola.it	https://www.hotelsdrop.com/hotel/b-b-borgo-degli-angeli-arcola-arcola	+39 347 063 3948
B&B Casa Lisa	lisa.sanguinetti@gmail.com	https://www.hotelsdrop.com/hotel/b-b-casa-lisa-arcola	+39 339 610 3505
B&B Da Giusè	elide.dagiuse@gmail.com	https://www.hotelsdrop.com/hotel/b-b-da-giuse-arcola	+39 339 172 8379
B&B Podere Morucciola	info@poderemorucciola.com	https://www.hotelsdrop.com/hotel/b-b-podere-morucciola-arcola	+39 347 165 2877
B&B Antique Maison	bebantiquemaison@gmail.com	https://www.hotelsdrop.com/hotel/b-b-antique-maison-arcole	+39 328 080 7212
Villabella Hotel Ristorante Pizzeria	info@hotelvillabella.net	https://www.hotelsdrop.com/hotel/villabella-hotel-ristorante-pizzeria-arcole	+39 393 857 7183
B&B VillAlbero	info@villalbero.it	https://www.hotelsdrop.com/hotel/b-b-villalbero-arconate	+39 347 966 6325
In Curti 1913	bebincurti@tiscali.it	https://www.hotelsdrop.com/hotel/in-curti-1913-arconate	+39 376 099 9500
Lo Stallone Rent a Room	lostallone.rooms@gmail.com	https://www.hotelsdrop.com/hotel/lo-stallone-rent-a-room-arconate	+39 333 938 6928
Al Giardino Segreto	secretgardenmonza@gmail.com	https://www.hotelsdrop.com/hotel/al-giardino-segreto-arcore	+39 351 509 0315
Conte Durini Apartments & Rooms	info@contedurini.it	https://www.hotelsdrop.com/hotel/conte-durini-apartments-rooms-arcore	+39 340 510 0135
La Raffa House - Location per eventi privati e Casa Vacanze	info@laraffahouse.com	https://www.hotelsdrop.com/hotel/la-raffa-house-location-per-eventi-privati-e-cas-arcore	+39 335 584 1481
Agriturismo San Michele	info@agrismichele.it	https://www.hotelsdrop.com/hotel/agriturismo-san-michele-arcugnano	+39 349 736 2249
B&B Il Suono del Bosco	info@bebilsuonodelbosco.it	https://www.hotelsdrop.com/hotel/b-b-il-suono-del-bosco-arcugnano	+39 340 182 0017
B&B La Quiete	info@beb-laquiete.it	https://www.hotelsdrop.com/hotel/b-b-la-quiete-arcugnano	+39 333 385 7540
Bob And Jenny's B&B	bed@bed-breakfast-italy.com	https://www.hotelsdrop.com/hotel/bob-and-jenny-s-b-b-arcugnano	+39 335 572 9190
Casa Felice - soggiorni di relax, lavoro e gruppo ad Arcugnano	casafelicevicenza@gmail.com	https://www.hotelsdrop.com/hotel/casa-felice-soggiorni-di-relax-lavoro-e-gruppo-a-arcugnano	+39 338 899 2362
Fattoria le Vegre - Azienda vitivinicola - Agriturismo con camere - Degustazione Vini Colli Berici	info@fattorialevegre.it	https://www.hotelsdrop.com/hotel/fattoria-le-vegre-azienda-vitivinicola-agrituris-arcugnano	+39 338 534 9883
B&B La Casa sui Tetti	casasuitettiozieri@yahoo.com	https://www.hotelsdrop.com/hotel/b-b-la-casa-sui-tetti-ardara	+39 345 063 1855
B&B Piazza San Pantaleo	info@piazzasanpantaleo.it	https://www.hotelsdrop.com/hotel/b-b-piazza-san-pantaleo-ardara	+39 340 936 0245
I Cappuccini B&B	bebicappuccini@gmail.com	https://www.hotelsdrop.com/hotel/i-cappuccini-b-b-ardara	+39 351 307 8338
La Terrazza sul Golfo Sennori	icacadeddu1@gmail.com	https://www.hotelsdrop.com/hotel/la-terrazza-sul-golfo-sennori-ardara	+39 340 977 9624
Locanda Su mere	info@sumere.it	https://www.hotelsdrop.com/hotel/locanda-su-mere-ardara	+39 347 777 6981
Su Giardinu	info@sugiardinu.com	https://www.hotelsdrop.com/hotel/su-giardinu-ardara	+39 347 087 5665
Is scabas Guestrooms	beb.isscabas@yahoo.it	https://www.hotelsdrop.com/hotel/is-scabas-guestrooms-ardauli	+39 380 798 2522
Agriturismo Corte in Fiore	info@corteinfiore.com	https://www.hotelsdrop.com/hotel/agriturismo-corte-in-fiore-ardea	+39 393 073 4557
B&B Colle Tiziano Lucchini Eva	info@colletiziano.it	https://www.hotelsdrop.com/hotel/b-b-colle-tiziano-lucchini-eva-ardea	+39 347 668 3166
Residence Del Mare	info@residencenuovaflorida.it	https://www.hotelsdrop.com/hotel/residence-del-mare-ardea	+39 353 324 6619
B&B Valtellina	info@bbvaltellina.it	https://www.hotelsdrop.com/hotel/b-b-valtellina-ardenno	+39 340 812 9269
beb Aria di Montagna	info@bebariadimontagna.it	https://www.hotelsdrop.com/hotel/beb-aria-di-montagna-ardenno	+39 347 527 2175
Cà Selvetta - Holiday Houses in Valtellina	info@caselvetta.it	https://www.hotelsdrop.com/hotel/ca-selvetta-holiday-houses-in-valtellina-ardenno	+39 347 010 6277
Foresteria Traversi	foresteria.traversi@gmail.com	https://www.hotelsdrop.com/hotel/foresteria-traversi-ardenno	+39 371 595 1234
Baita Valle Azzurra - Ostello e ristorante	info@baitavalleazzurra.it	https://www.hotelsdrop.com/hotel/baita-valle-azzurra-ostello-e-ristorante-ardesio	+39 335 679 3515
Bed And Breakfast Coral Blue	info@coral-blue.it	https://www.hotelsdrop.com/hotel/bed-and-breakfast-coral-blue-arena	+39 328 614 2478
Residenza Arena	support@centralstay.eu	https://www.hotelsdrop.com/hotel/residenza-arena-arena	+39 333 203 5486
B&B Monteguzzo	info@bbmonteguzzo.it	https://www.hotelsdrop.com/hotel/b-b-monteguzzo-arena-po	+39 347 590 8750
M-Hotel Don Carlo	info@mhoteldoncarlo.com	https://www.hotelsdrop.com/hotel/m-hotel-don-carlo-arena-po	+39 379 224 2115
Affittacamere Onda Chiara	ondachiaraarenzano@gmail.com	https://www.hotelsdrop.com/hotel/affittacamere-onda-chiara-arenzano	+39 329 227 6348
Câ da Muntà	cadamunta@gmail.com	https://www.hotelsdrop.com/hotel/ca-da-munta-arenzano	+39 340 851 4889
Dimore di Mare affittacamere	info@dimoremare.com	https://www.hotelsdrop.com/hotel/dimore-di-mare-affittacamere-arenzano	+39 338 780 5055
Glem Rooms and Breakfast	glemrooms@gmail.com	https://www.hotelsdrop.com/hotel/glem-rooms-and-breakfast-arenzano	335 393 533
Mirandola Suites	info@mirandolasuites.com	https://www.hotelsdrop.com/hotel/mirandola-suites-arenzano	+39 331 312 8932
Via di Francia Residence Arenzano	info@residencearenzano.com	https://www.hotelsdrop.com/hotel/via-di-francia-residence-arenzano-arenzano	+39 331 312 8932
Villa Figoli Suites	info@villafigoli.it	https://www.hotelsdrop.com/hotel/villa-figoli-suites-arenzano	+39 389 948 5991
AdriroomsRho	adrirommsrho@gmail.com	https://www.hotelsdrop.com/hotel/adriroomsrho-arese	+39 351 423 7446
Anjoy&Bleev Rooms - Rho Fiera	hello@abrooms.it	https://www.hotelsdrop.com/hotel/anjoy-bleev-rooms-rho-fiera-arese	+39 391 357 3526
B&B Amelie	silvia.grossi1956@gmail.com	https://www.hotelsdrop.com/hotel/b-b-amelie-arese	+39 348 093 8137
Bed	bedfiera@gmail.com	https://www.hotelsdrop.com/hotel/bed-arese	+39 348 043 3806
Bed Rho Fiera	bedfiera@gmail.com	https://www.hotelsdrop.com/hotel/bed-rho-fiera-arese	+39 393 930 9819
Exclusive Passion	ufficiopassion@gmail.com	https://www.hotelsdrop.com/hotel/exclusive-passion-arese	+39 340 504 1867
Fish Art Restaurant	605a7baede844d278b89dc95ae0a9123@sentry-next.wixpress.com	https://www.hotelsdrop.com/hotel/fish-art-restaurant-arese	+39 351 988 1496
Holiday Rooms Rho	holiday_rho@hotmail.com	https://www.hotelsdrop.com/hotel/holiday-rooms-rho-arese	+39 347 718 3373
B&B Arezzo Allegra Toscana - bed&breakfast Apartments & Short lets	allegratoscana@gmail.com	https://www.hotelsdrop.com/hotel/b-b-arezzo-allegra-toscana-bed-breakfast-apartme-arezzo	+39 377 253 9581
Bibi Boutique Arezzo	info@bibiarezzo.com	https://www.hotelsdrop.com/hotel/bibi-boutique-arezzo-arezzo	+39 392 742 3301
THE HOMESTAY - Arezzo	thehomestay.arezzo@gmail.com	https://www.hotelsdrop.com/hotel/the-homestay-arezzo-arezzo	+39 377 577 4064
B&B Cherry en Rose	info@cherryenrose.it	https://www.hotelsdrop.com/hotel/b-b-cherry-en-rose-argegno	+39 333 236 1788
B&B Garzola	bbgarzola@locandagarzola.it	https://www.hotelsdrop.com/hotel/b-b-garzola-argegno	+39 338 150 6399
B&B Il Nido dello Svasso	info@ilnidodellosvasso.com	https://www.hotelsdrop.com/hotel/b-b-il-nido-dello-svasso-argegno	+39 338 471 7186
B&B Nest On The Lake	info@nestonthelake.com	https://www.hotelsdrop.com/hotel/b-b-nest-on-the-lake-argegno	+39 328 478 5430
B&B Sosta Sul Lago	info@sostasullago.it	https://www.hotelsdrop.com/hotel/b-b-sosta-sul-lago-argegno	+39 349 293 8264
Bed and Breakfast Casa Pini	infocasapini@libero.it	https://www.hotelsdrop.com/hotel/bed-and-breakfast-casa-pini-argegno	+39 338 130 8945
Fattoria dei Castagni	fattoriadeicastagni@gmail.com	https://www.hotelsdrop.com/hotel/fattoria-dei-castagni-argegno	+39 349 125 2406
Larioview suites	info@larioview.com	https://www.hotelsdrop.com/hotel/larioview-suites-argegno	+39 391 140 8292
Locanda Posta	info@laposteria1817.it	https://www.hotelsdrop.com/hotel/locanda-posta-argegno	+39 349 589 5736
Affittacamere levante	605a7baede844d278b89dc95ae0a9123@sentry-next.wixpress.com	https://www.hotelsdrop.com/hotel/affittacamere-levante-argelato	+39 339 231 5294
Affittacamere Villa Tigli	lmelotti0@gmail.com	https://www.hotelsdrop.com/hotel/affittacamere-villa-tigli-argelato	+39 348 786 0931
B&B i Casali (IT037050C1C59QKUUA)	icasalibologna@gmail.com	https://www.hotelsdrop.com/hotel/b-b-i-casali-it037050c1c59qkuua-argelato	+39 347 465 5701
B&B Villa Pace D'Oro	villapacedoro@gmail.com	https://www.hotelsdrop.com/hotel/b-b-villa-pace-d-oro-argelato	+39 327 872 9138
Agrilocanda Val Campotto	prenotazioni@agrilocandavalcampotto.it	https://www.hotelsdrop.com/hotel/agrilocanda-val-campotto-argenta	+39 377 084 9073
Agriturismo Ai Due Laghi del Verginese	reception.duelaghi@f-gh.it	https://www.hotelsdrop.com/hotel/agriturismo-ai-due-laghi-del-verginese-argenta	+39 393 161 2154
B&B La Salghè	support@localsmalltour.com	https://www.hotelsdrop.com/hotel/b-b-la-salghe-argenta	+39 335 616 1156
Boni Room & Breakfast/SMART ROOMS ARGENTA	ferrarasuites@gmail.com	https://www.hotelsdrop.com/hotel/boni-room-breakfast-smart-rooms-argenta-argenta	+39 327 207 2888
I Due Orfici	info@i2orficicona.it	https://www.hotelsdrop.com/hotel/i-due-orfici-argenta	+39 331 122 5687
Residence Appartamenti Villa Masi	info@residencevillamasi.it	https://www.hotelsdrop.com/hotel/residence-appartamenti-villa-masi-argenta	+39 339 419 8000
Sacripante	info@ilsacripante.it	https://www.hotelsdrop.com/hotel/sacripante-argenta	+39 334 365 5964
B&B del Villaggio	info@passaggioalpino.it	https://www.hotelsdrop.com/hotel/b-b-del-villaggio-argentera	+39 333 728 2525
Locanda La Marmu e Osteria della Croce bianca Marmora	lamarmulocanda@gmail.com	https://www.hotelsdrop.com/hotel/locanda-la-marmu-e-osteria-della-croce-bianca-ma-argentera	+39 342 807 0565
Lou Loop	info@louloop.it	https://www.hotelsdrop.com/hotel/lou-loop-argentera	+39 347 145 2505
Rifugio Becchi Rossi	becchirossirifugio@gmai.com	https://www.hotelsdrop.com/hotel/rifugio-becchi-rossi-argentera	+39 345 669 5092
B&B Ca' Pavaglione - Fraz.San Bovo	info@capavaglione.it	https://www.hotelsdrop.com/hotel/b-b-ca-pavaglione-fraz-san-bovo-arguello	+39 335 592 9263
B&B Tra Cielo e Terra	bebtracieloeterra@gmail.com	https://www.hotelsdrop.com/hotel/b-b-tra-cielo-e-terra-arguello	+39 348 351 9216
Ca' Ginet	info@caginet.it	https://www.hotelsdrop.com/hotel/ca-ginet-arguello	+39 333 796 6379
Ciabot Langhe	info@ciabotlanghe.it	https://www.hotelsdrop.com/hotel/ciabot-langhe-arguello	+39 334 994 2671
Dimora Storico Romantica Il Sole E La Luna	info@ilsole-laluna.com	https://www.hotelsdrop.com/hotel/dimora-storico-romantica-il-sole-e-la-luna-arguello	+39 349 433 6992
Hotel Trepiasì	info@trepiasi.com	https://www.hotelsdrop.com/hotel/hotel-trepiasi-arguello	+39 350 100 5945
Ristorante Albergo 'l bunet	lbunet@lbunet.it	https://www.hotelsdrop.com/hotel/ristorante-albergo-l-bunet-arguello	+39 334 251 7793
Villa Ersilia	info@villaersilia.com	https://www.hotelsdrop.com/hotel/villa-ersilia-argusto	+39 379 257 9888
B&B Casa Madè	605a7baede844d278b89dc95ae0a9123@sentry-next.wixpress.com	https://www.hotelsdrop.com/hotel/b-b-casa-made-ari	+39 392 383 4588
B&B La Casa di Anna	info@lacasadiannabnb.it	https://www.hotelsdrop.com/hotel/b-b-la-casa-di-anna-ari	+39 329 432 0899
Bed&Breakfast Stella Dell'Adriatico	annatolstaya18@gmail.com	https://www.hotelsdrop.com/hotel/bed-breakfast-stella-dell-adriatico-ari	+39 392 064 1813
Mama Maja	info@mamamaja.it	https://www.hotelsdrop.com/hotel/mama-maja-ari	+39 388 766 0798
Villa Santoro	info@villasantoro.it	https://www.hotelsdrop.com/hotel/villa-santoro-ariano-irpino	+39 392 542 0748
Agriturismo Bertilla	booking@agriturismobertilla.it	https://www.hotelsdrop.com/hotel/agriturismo-bertilla-ariano-nel-polesine	335 452 851
Agriturismo Forzello	info@agriturismoforzello.it	https://www.hotelsdrop.com/hotel/agriturismo-forzello-ariano-nel-polesine	+39 338 665 9575
B&B Da Toni	tagliodipocasa@yahoo.it	https://www.hotelsdrop.com/hotel/b-b-da-toni-ariano-nel-polesine	+39 349 501 9301
La Vista Agriturismo Boutique	ufficiolavista@gmail.com	https://www.hotelsdrop.com/hotel/la-vista-agriturismo-boutique-ariccia	+39 333 193 3809
Mia Rooms Ariccia	605a7baede844d278b89dc95ae0a9123@sentry-next.wixpress.com	https://www.hotelsdrop.com/hotel/mia-rooms-ariccia-ariccia	+39 347 630 3268
Agriturismo b&b La Cinciallegra	info@agriturismolacinciallegra.it	https://www.hotelsdrop.com/hotel/agriturismo-b-b-la-cinciallegra-arignano	+39 347 299 2395
B&B Fairy Castle	fairycastlebeb@gmail.com	https://www.hotelsdrop.com/hotel/b-b-fairy-castle-arignano	+39 366 400 9542
B&B Il Piccolo Leone	info@piccololeone.it	https://www.hotelsdrop.com/hotel/b-b-il-piccolo-leone-arignano	+39 320 119 4309
Bed and Breakfast - La Baita di Aritzo	labaitaaritzo@yahoo.it	https://www.hotelsdrop.com/hotel/bed-and-breakfast-la-baita-di-aritzo-aritzo	+39 327 127 7738
Bed and Breakfast Casa Masini Fonni	info@casamasini.it	https://www.hotelsdrop.com/hotel/bed-and-breakfast-casa-masini-fonni-aritzo	+39 346 956 5511
Hotel Miramonti Seulo	miramontiseulo@gmail.com	https://www.hotelsdrop.com/hotel/hotel-miramonti-seulo-aritzo	+39 333 566 8765
S'Erbei Niedda Guesthouse	serbeiniedda@gmail.com	https://www.hotelsdrop.com/hotel/s-erbei-niedda-guesthouse-aritzo	+39 340 805 9196
Agriturismo Al Motto	info@agriturismoalmotto.it	https://www.hotelsdrop.com/hotel/agriturismo-al-motto-arizzano	+39 339 845 6070
B&B La Locanda del Cinghiale	lalocandadelcinghiale@gmail.com	https://www.hotelsdrop.com/hotel/b-b-la-locanda-del-cinghiale-arizzano	+39 345 210 6695
Chi Ghinn	info@chighinn.com	https://www.hotelsdrop.com/hotel/chi-ghinn-arizzano	+39 366 721 4304
la casa nel bosco BeB	info@lacasanelboscobeb.it	https://www.hotelsdrop.com/hotel/la-casa-nel-bosco-beb-arizzano	+39 346 972 3141
Agriturismo "Cerrosughero"	cerrosughero@gmail.com	https://www.hotelsdrop.com/hotel/agriturismo-cerrosughero-arlena-di-castro	+39 352 025 4363
Agriturismo Casale Bonaparte	info@casalebonaparte.it	https://www.hotelsdrop.com/hotel/agriturismo-casale-bonaparte-arlena-di-castro	+39 349 257 7459
Agriturismo Le Ginestre	info@agriturismoleginestre.it	https://www.hotelsdrop.com/hotel/agriturismo-le-ginestre-arlena-di-castro	+39 335 548 7043
Agriturismo Prataccio	aldorocchi1@gmail.com	https://www.hotelsdrop.com/hotel/agriturismo-prataccio-arlena-di-castro	+39 324 614 7417
Arcipelago di Arte et Agricoltura	info@arteagricoltura.com	https://www.hotelsdrop.com/hotel/arcipelago-di-arte-et-agricoltura-arlena-di-castro	+39 335 650 3536
Il Poggio di Musignano	info@ilpoggiodimusignano.com	https://www.hotelsdrop.com/hotel/il-poggio-di-musignano-arlena-di-castro	+39 338 709 6908
La Mela Rosa	lamelarosa2018@gmail.com	https://www.hotelsdrop.com/hotel/la-mela-rosa-arlena-di-castro	+39 334 839 6415
La Torretta	info@latorretta.biz	https://www.hotelsdrop.com/hotel/la-torretta-arlena-di-castro	+39 333 226 3893
Residenze del Bosco	info@storiediterraedidolcezza.it	https://www.hotelsdrop.com/hotel/residenze-del-bosco-arlena-di-castro	+39 328 483 7243
B&B Lilly's Home	info@lillyshome.it	https://www.hotelsdrop.com/hotel/b-b-lilly-s-home-arluno	+39 340 289 6589
Hotel Madonna di Luciago	hotelml@libero.it	https://www.hotelsdrop.com/hotel/hotel-madonna-di-luciago-armeno	+39 339 865 0705
Le Farfalle di Armeno CIN:IT003006C1PFUA6AR5	lefarfallediarmeno@gmail.com	https://www.hotelsdrop.com/hotel/le-farfalle-di-armeno-cin-it003006c1pfua6ar5-armeno	+39 370 122 6413
Affittacamere "Il Portale"	affittacamereilportale@gmail.com	https://www.hotelsdrop.com/hotel/affittacamere-il-portale-armento	+39 339 172 2504
Il Sospiro B&B	info@ilsospirobb.com	https://www.hotelsdrop.com/hotel/il-sospiro-b-b-armento	+39 388 380 7030
A’Mare - Luxury B&B Spa & Social Food	info@dianomarinaluxuryrooms.it	https://www.hotelsdrop.com/hotel/a-mare-luxury-b-b-spa-social-food-armo	+39 392 772 6226
B&B Ariadamare	laura-ginevra@hotmail.it	https://www.hotelsdrop.com/hotel/b-b-ariadamare-armo	+39 329 458 9864
B&B Ca' de Rossana	605a7baede844d278b89dc95ae0a9123@sentry-next.wixpress.com	https://www.hotelsdrop.com/hotel/b-b-ca-de-rossana-armo	+39 328 400 6839
B&B Il Mirto	info@ilmirto.com	https://www.hotelsdrop.com/hotel/b-b-il-mirto-armo	+39 347 443 4988
Bed & Breakfast Luotti	info@luotti.it	https://www.hotelsdrop.com/hotel/bed-breakfast-luotti-armo	+39 348 326 1831
Il Sole di Poggi	ilsoledipoggi@gmail.com	https://www.hotelsdrop.com/hotel/il-sole-di-poggi-armo	+39 331 318 6017
B&B Sa Specula	saspecula.sanvito@tiscali.it	https://www.hotelsdrop.com/hotel/b-b-sa-specula-armungia	+39 349 711 1676
Murahera Guest House	info@murahera.com	https://www.hotelsdrop.com/hotel/murahera-guest-house-armungia	+39 327 919 3625
Su Cunventu	support@centralstay.eu	https://www.hotelsdrop.com/hotel/su-cunventu-armungia	+39 340 893 7241
Au coeur du village	romeofavre@gmail.com	https://www.hotelsdrop.com/hotel/au-coeur-du-village-arnad	+39 347 716 5095
L' Armanac de Toubie - Hotel & Restaurant	mail@larmanac.it	https://www.hotelsdrop.com/hotel/l-armanac-de-toubie-hotel-restaurant-arnad	+39 351 441 8238
Maison de Noé	maisondenoe@libero.it	https://www.hotelsdrop.com/hotel/maison-de-noe-arnad	+39 348 510 1479
B&B da Lillo	info@dalillo.com	https://www.hotelsdrop.com/hotel/b-b-da-lillo-arnara	+39 380 652 8141
Il Giglio Rooms	ilgiglio.rooms@gmail.com	https://www.hotelsdrop.com/hotel/il-giglio-rooms-arnara	+39 375 805 5727
Il Piccolo Principe	info@ilpiccoloprincipe-bb.it	https://www.hotelsdrop.com/hotel/il-piccolo-principe-arnara	+39 333 923 6526
Torre Dei Venti	info@torredeiventi.net	https://www.hotelsdrop.com/hotel/torre-dei-venti-arnara	+39 350 536 9506
Albergo Ristorante Cecchin	info@albergocecchin.it	https://www.hotelsdrop.com/hotel/albergo-ristorante-cecchin-arnasco	+39 328 436 0566
Hotel Ca de Berna	welcome@cadeberna.it	https://www.hotelsdrop.com/hotel/hotel-ca-de-berna-arnasco	+39 389 146 2726
B&B Casa di Anita	casadianita@gmail.com	https://www.hotelsdrop.com/hotel/b-b-casa-di-anita-arnesano	+39 329 817 3629
B&b Ètoile	info@bedetoilesalento.it	https://www.hotelsdrop.com/hotel/b-b-etoile-arnesano	+39 388 756 4966
Dimora Donna Rita	loredana.ago@gmail.com	https://www.hotelsdrop.com/hotel/dimora-donna-rita-arnesano	+39 392 718 7518
Dimora La Cupa	dimoralacupa@gmail.com	https://www.hotelsdrop.com/hotel/dimora-la-cupa-arnesano	+39 328 832 8811
Le Chiese	info@lechiese.com	https://www.hotelsdrop.com/hotel/le-chiese-arnesano	+39 320 033 8056
Mattandrè B&B	info@mattandre.it	https://www.hotelsdrop.com/hotel/mattandre-b-b-arnesano	+39 320 182 3438
Villa Di Noi	info@villadinoi.it	https://www.hotelsdrop.com/hotel/villa-di-noi-arnesano	+39 380 493 0974
Agriturismo Il Barchetto	alpebarchetto@gmail.com	https://www.hotelsdrop.com/hotel/agriturismo-il-barchetto-arola	+39 347 947 5771
B&B Melizio	info@bbmelizio.it	https://www.hotelsdrop.com/hotel/b-b-melizio-arola	+39 328 454 2252
B&B White Lilac, Arona, Lago Maggiore	info@whitelilac.it	https://www.hotelsdrop.com/hotel/b-b-white-lilac-arona-lago-maggiore-arona	+39 347 488 6376
Cavaedium Guest House	info@cavaediumarona.it	https://www.hotelsdrop.com/hotel/cavaedium-guest-house-arona	+39 347 764 3892
EF Luxury Living B&B - Rooms and SPA	info@efluxuryliving.it	https://www.hotelsdrop.com/hotel/ef-luxury-living-b-b-rooms-and-spa-arpaia	+39 375 627 7819
B&B Piazza Roma Rooms	info@piazzaromarooms.it	https://www.hotelsdrop.com/hotel/b-b-piazza-roma-rooms-arpaise	+39 334 934 7275
I Giardini Dell'Acropoli	info@igiardinidellacropoli.it	https://www.hotelsdrop.com/hotel/i-giardini-dell-acropoli-arpino	+39 335 747 5409
Tenuta La Fagiana	info@tenutalafagiana.com	https://www.hotelsdrop.com/hotel/tenuta-la-fagiana-arpino	+39 331 946 8924
Agriturismo la Valle delle Aquile	info@lavalledelleaquile.com	https://www.hotelsdrop.com/hotel/agriturismo-la-valle-delle-aquile-arquata-del-tronto	+39 339 258 6218
Agriturismo le Castellare	info@lecastellare.it	https://www.hotelsdrop.com/hotel/agriturismo-le-castellare-arquata-del-tronto	+39 339 271 3954
Agriturismo Monte Veletta	info@monteveletta.it	https://www.hotelsdrop.com/hotel/agriturismo-monte-veletta-arquata-del-tronto	+39 348 524 5231
Albergo Il Portico Ristorante Pizzeria	info@ilporticohotel.com	https://www.hotelsdrop.com/hotel/albergo-il-portico-ristorante-pizzeria-arquata-scrivia	+39 347 252 4549
B&B - La Fortezza di Gavi	lafortezzadigavi@gmail.com	https://www.hotelsdrop.com/hotel/b-b-la-fortezza-di-gavi-arquata-scrivia	+39 389 852 2927
Cascina degli Ulivi	info@cascinadegliulivi.it	https://www.hotelsdrop.com/hotel/cascina-degli-ulivi-arquata-scrivia	+39 348 168 6350
La Pradellina B&B Arquata Scrivia Allevamento Jack Russell Terrier e Australian Cattle Dog	info@lapradellina.it	https://www.hotelsdrop.com/hotel/la-pradellina-b-b-arquata-scrivia-allevamento-ja-arquata-scrivia	+39 348 265 2489
Locanda Del Daino #casadicaccia	info@locandadeldaino.com	https://www.hotelsdrop.com/hotel/locanda-del-daino-casadicaccia-arquata-scrivia	+39 339 201 0920
ViaBasso11 Guest House	amarasresidence@libero.it	https://www.hotelsdrop.com/hotel/viabasso11-guest-house-arquata-scrivia	+39 335 666 5843
Villa Paradiso Charme&Design	villaparadiso75@gmail.com	https://www.hotelsdrop.com/hotel/villa-paradiso-charme-design-arquata-scrivia	+39 333 851 8636
Agriturismo Borgo Buzzaccarini Rocca di Castello	agriturismo@borgobuzzaccarini.it	https://www.hotelsdrop.com/hotel/agriturismo-borgo-buzzaccarini-rocca-di-castello-arqu-petrarca	+39 376 151 6387
Holiday house Petrarca	contatti@hhpetrarca.com	https://www.hotelsdrop.com/hotel/holiday-house-petrarca-arqu-petrarca	+39 333 779 9805
Locazione Turistica Borgo Petrarca	info@borgopetrarca.it	https://www.hotelsdrop.com/hotel/locazione-turistica-borgo-petrarca-arqu-petrarca	+39 388 588 3878
Locazione Turistica La Giuggiola	info@locazioneturisticalagiuggiola.it	https://www.hotelsdrop.com/hotel/locazione-turistica-la-giuggiola-arqu-petrarca	+39 347 809 0880
Agriturismo I Quarti	info@agriturismoiquarti.com	https://www.hotelsdrop.com/hotel/agriturismo-i-quarti-arqu-polesine	+39 348 225 8009
B&B Casa dell’Alma	kastel@kastel.com	https://www.hotelsdrop.com/hotel/b-b-casa-dell-alma-arqu-polesine	+39 342 915 6722
B&B Il giardino segreto	daniela.occhiali@libero.it	https://www.hotelsdrop.com/hotel/b-b-il-giardino-segreto-arqu-polesine	+39 347 678 3759
Bed & Breakfast Alla Commenda	allacommenda@libero.it	https://www.hotelsdrop.com/hotel/bed-breakfast-alla-commenda-arqu-polesine	+39 331 113 2554
Bed and Breakfast " da Zio Gianni "	mansofra@libero.it	https://www.hotelsdrop.com/hotel/bed-and-breakfast-da-zio-gianni-arqu-polesine	+39 348 223 6288
Casa Alice	support@centralstay.eu	https://www.hotelsdrop.com/hotel/casa-alice-arqu-polesine	+39 338 290 9247
La Bordeghina	info@bordeghina.it	https://www.hotelsdrop.com/hotel/la-bordeghina-arqu-polesine	+39 392 926 6961
Motel Karibe	info@motelkaribe.it	https://www.hotelsdrop.com/hotel/motel-karibe-arqu-polesine	+39 339 159 0866
Torre del Po	info@torredelpo.it	https://www.hotelsdrop.com/hotel/torre-del-po-arqu-polesine	+39 329 632 6768
Cà Sagredo Alloggi	info@ca-sagredo.it	https://www.hotelsdrop.com/hotel/ca-sagredo-alloggi-arre	+39 392 021 6252
Hotel Lanterna	info@albergolanterna.it	https://www.hotelsdrop.com/hotel/hotel-lanterna-arre	+39 351 529 9947
Borgo San Valentino	info@viviilborgo.com	https://www.hotelsdrop.com/hotel/borgo-san-valentino-arrone	+39 331 282 3802
Convento San Bernardino	info@casaperferiesanbernardino.it	https://www.hotelsdrop.com/hotel/convento-san-bernardino-arrone	+39 350 197 4026
Guesthouse Runcini	info@guesthouseruncini.com	https://www.hotelsdrop.com/hotel/guesthouse-runcini-arrone	+39 342 062 1616
Hotel Villa De Santis	info@hotelvilladesantis.it	https://www.hotelsdrop.com/hotel/hotel-villa-de-santis-arrone	+39 339 390 4124
Il Casolare della Cascata	info@ilcasolaredellacascata.com	https://www.hotelsdrop.com/hotel/il-casolare-della-cascata-arrone	+39 388 385 3753
La Magnolia b&b come a casa tua	susannamatteucci@libero.it	https://www.hotelsdrop.com/hotel/la-magnolia-b-b-come-a-casa-tua-arrone	+39 327 366 7698
Ristorante Locanda Mulino Nera	mulinonera@gmail.com	https://www.hotelsdrop.com/hotel/ristorante-locanda-mulino-nera-arrone	+39 345 028 8345
B&B campagnoli CIN IT012123C1GP3K8AET	605a7baede844d278b89dc95ae0a9123@sentry-next.wixpress.com	https://www.hotelsdrop.com/hotel/b-b-campagnoli-cin-it012123c1gp3k8aet-arsago-seprio	+39 392 611 5705
Garzonera Agriturismo e Scuderia	605a7baede844d278b89dc95ae0a9123@sentry-next.wixpress.com	https://www.hotelsdrop.com/hotel/garzonera-agriturismo-e-scuderia-arsago-seprio	+39 328 790 6606
Albergo Ristorante Da Marco al Cerbaro	info@damarco.net	https://www.hotelsdrop.com/hotel/albergo-ristorante-da-marco-al-cerbaro-arsiero	+39 338 586 9938
Il Capriolo Felice - Agriturismo	info@ilcapriolofelice.it	https://www.hotelsdrop.com/hotel/il-capriolo-felice-agriturismo-arsiero	+39 339 751 6230
B&B Il Girasole	info@ilgirasoleabruzzo.it	https://www.hotelsdrop.com/hotel/b-b-il-girasole-arsita	+39 388 372 2668
Colle degli Angeli	info@bbcolledegliangeli.it	https://www.hotelsdrop.com/hotel/colle-degli-angeli-arsita	+39 371 568 3795
Il Parco dei Poeti Bed & Breakfast	info@ilparcodeipoeti.it	https://www.hotelsdrop.com/hotel/il-parco-dei-poeti-bed-breakfast-arsita	+39 320 673 7567
Bed & Wellness Fisterre	info@bedandwellness.net	https://www.hotelsdrop.com/hotel/bed-wellness-fisterre-arsi	+39 348 781 0168
Càdor Hotel	info@cadorhotel.it	https://www.hotelsdrop.com/hotel/cador-hotel-arsi	+39 351 690 2915
Sky Garden & Wellness R.	info@bedandwellness.net	https://www.hotelsdrop.com/hotel/sky-garden-wellness-r-arsi	+39 348 781 0168
B&B Ad Un Passo Dal Cielo	support@centralstay.eu	https://www.hotelsdrop.com/hotel/b-b-ad-un-passo-dal-cielo-arsoli	+39 331 604 1065
B&B Casa di Orazio	info@casadiorazio.it	https://www.hotelsdrop.com/hotel/b-b-casa-di-orazio-arsoli	+39 340 311 9133
La Vie en Rose B&B	lavieenrosebuja@gmail.com	https://www.hotelsdrop.com/hotel/la-vie-en-rose-b-b-artegna	+39 347 980 1870
B&B dell'Artista	info@bbdellartista.it	https://www.hotelsdrop.com/hotel/b-b-dell-artista-artena	+39 335 800 0894
B&B IL Falco e l'Ulivo	falcoeulivo@gmail.com	https://www.hotelsdrop.com/hotel/b-b-il-falco-e-l-ulivo-artena	+39 338 785 7939
HOST'n GO	amministrazione@hostngo.it	https://www.hotelsdrop.com/hotel/host-n-go-artena	+39 351 795 6322
B & B "La Teiera"	info@bblateiera.com	https://www.hotelsdrop.com/hotel/b-b-la-teiera-artogne	+39 349 804 1502
B&B Al Cortile del Bertolet	alcortile.delbertolet@gmail.com	https://www.hotelsdrop.com/hotel/b-b-al-cortile-del-bertolet-artogne	+39 348 794 9297
B&B Le Pateghe	info@lepateghe.it	https://www.hotelsdrop.com/hotel/b-b-le-pateghe-artogne	+39 347 290 7251
Hôtel Beau Séjour	beausejour114@gmail.com	https://www.hotelsdrop.com/hotel/hotel-beau-sejour-arvier	+39 348 566 2027
Hotel Col Du Mont	info@hotelcoldumont.com	https://www.hotelsdrop.com/hotel/hotel-col-du-mont-arvier	+39 335 676 0865
HOTEL SAINT NICOLAS	hsn@libero.it	https://www.hotelsdrop.com/hotel/hotel-saint-nicolas-arvier	+39 351 358 0399
L'angolino di Bonny	info@langolinodibonny.it	https://www.hotelsdrop.com/hotel/l-angolino-di-bonny-arvier	+39 338 279 3576
View of the vineyards	605a7baede844d278b89dc95ae0a9123@sentry-next.wixpress.com	https://www.hotelsdrop.com/hotel/view-of-the-vineyards-arvier	+39 320 149 0030
Hotel Olimpia	info@hotelmeubleolimpia.it	https://www.hotelsdrop.com/hotel/hotel-olimpia-arzachena	+39 351 903 3664
Hotel Pedra Santa	info@hotelpedrasanta.com	https://www.hotelsdrop.com/hotel/hotel-pedra-santa-arzachena	+39 331 287 0859
Stazzo Lu Ciaccaru	info@stazzoluciaccaru.it	https://www.hotelsdrop.com/hotel/stazzo-lu-ciaccaru-arzachena	+39 333 801 4714
BED AND BREAKFAST CON BAGNO PRIVATO	info@il-loto.com	https://www.hotelsdrop.com/hotel/bed-and-breakfast-con-bagno-privato-arzago-d-adda	+39 335 757 4932
Hotel Treviglio	hotel.treviglio@gmail.com	https://www.hotelsdrop.com/hotel/hotel-treviglio-arzago-d-adda	+39 331 875 1810
Affittacamere il Vicoletto Aria Ona	support@centralstay.eu	https://www.hotelsdrop.com/hotel/affittacamere-il-vicoletto-aria-ona-arzana	+39 339 755 5471
B&B La Corte Dei Baroni	lacortedeibaroni@gmail.com	https://www.hotelsdrop.com/hotel/b-b-la-corte-dei-baroni-arzana	+39 348 449 2457
B&B Ruinas	bebruinas23@gmail.com	https://www.hotelsdrop.com/hotel/b-b-ruinas-arzana	+39 327 166 2225
Cantos & Sonos	info@cantosesonos.com	https://www.hotelsdrop.com/hotel/cantos-sonos-arzana	+39 379 234 6950
Hotel Antica Posada	info@anticaposada.com	https://www.hotelsdrop.com/hotel/hotel-antica-posada-arzana	+39 389 129 6025
Hotel Dei Tacchi	hoteldeitacchi@gmail.com	https://www.hotelsdrop.com/hotel/hotel-dei-tacchi-arzana	+39 377 089 1705
HOTEL MARIE CLAIRE	support@hotelmarieclaire.com	https://www.hotelsdrop.com/hotel/hotel-marie-claire-arzana	+39 379 284 5867
Hotel Ristorante Il Nido Dell'Aquila	hotelilnidodellaquila@gmail.com	https://www.hotelsdrop.com/hotel/hotel-ristorante-il-nido-dell-aquila-arzana	+39 320 352 8096
Hotel Sant'Efisio	info@hotel-santefisio.com	https://www.hotelsdrop.com/hotel/hotel-sant-efisio-arzana	+39 338 359 1742
Redabba House - Rifugio naturalistico esperienziale in Ogliastra	redabbahouse@gmail.com	https://www.hotelsdrop.com/hotel/redabba-house-rifugio-naturalistico-esperienzial-arzana	+39 366 165 1425
Fattoria Alvaneta	info@fattoriaalvaneta.it	https://www.hotelsdrop.com/hotel/fattoria-alvaneta-arzano	+39 328 704 6591
Hotel Ristorante da Toni	hoteldatoni@virgilio.it	https://www.hotelsdrop.com/hotel/hotel-ristorante-da-toni-arzergrande	+39 338 343 7209
Il Farfasole	605a7baede844d278b89dc95ae0a9123@sentry-next.wixpress.com	https://www.hotelsdrop.com/hotel/il-farfasole-arzergrande	+39 327 732 8121
Corte Di Emma	info@cortediemma.it	https://www.hotelsdrop.com/hotel/corte-di-emma-arzignano	+39 334 921 8112
el Canfin	m.fracasso71@gmail.com	https://www.hotelsdrop.com/hotel/el-canfin-arzignano	+39 349 052 6214
Affittacamere Il Centenario	info@ilcentenario.com	https://www.hotelsdrop.com/hotel/affittacamere-il-centenario-ascea	+39 349 051 3415
Agriturismo il Pozzo	info@agriturismoilpozzo.it	https://www.hotelsdrop.com/hotel/agriturismo-il-pozzo-ascea	+39 349 091 3483
Agriturismo Terra di Elea	info@terradielea.it	https://www.hotelsdrop.com/hotel/agriturismo-terra-di-elea-ascea	+39 339 586 1161
B&B La Chianarella	info@lachianarella.com	https://www.hotelsdrop.com/hotel/b-b-la-chianarella-ascea	+39 334 358 8879
Hotel Villa Mar@dona	prenotazioni@villamaredona.it	https://www.hotelsdrop.com/hotel/hotel-villa-mar-dona-ascea	+39 388 771 9694
La Casa sul Blu	info@lacasasulblu.it	https://www.hotelsdrop.com/hotel/la-casa-sul-blu-ascea	+39 338 195 5502
Palazzo del Baglivo Hotel & Spa Cilento	info@palazzodelbaglivo.it	https://www.hotelsdrop.com/hotel/palazzo-del-baglivo-hotel-spa-cilento-ascea	+39 342 696 5202
Villa Laura Residence Hotel Apartments & Studios	info@residencevillalaura.it	https://www.hotelsdrop.com/hotel/villa-laura-residence-hotel-apartments-studios-ascea	+39 334 394 1519
Acetylene B&B	ilquadrifoglio_osteria@yahoo.com	https://www.hotelsdrop.com/hotel/acetylene-b-b-asciano	+39 391 184 8286
Agriturismo Dipinture	info@dipinture.it	https://www.hotelsdrop.com/hotel/agriturismo-dipinture-asciano	+39 338 160 9285
Agriturismo Monte Oliveto Maggiore	info@homestoscana.com	https://www.hotelsdrop.com/hotel/agriturismo-monte-oliveto-maggiore-asciano	+39 388 122 7740
Alle Terme B&B Bio Rooms	info@alle-terme.com	https://www.hotelsdrop.com/hotel/alle-terme-b-b-bio-rooms-asciano	+39 366 372 8157
Antico Granaione B&B Residenza d'Epoca IT052026B9LCNLYMEY	mailing@anticogranaione.com	https://www.hotelsdrop.com/hotel/antico-granaione-b-b-residenza-d-epoca-it052026b-asciano	+39 393 957 2036
Bed and Breakfast Casa Titty	info@casatitty.com	https://www.hotelsdrop.com/hotel/bed-and-breakfast-casa-titty-asciano	+39 338 482 7646
La Stalla de La Costa	andrea.cirina@mail.polimi.it	https://www.hotelsdrop.com/hotel/la-stalla-de-la-costa-asciano	+39 331 946 0804
B&B Domus Florea Ascoli	info@mirasolutions.it	https://www.hotelsdrop.com/hotel/b-b-domus-florea-ascoli-ascoli-piceno	+39 366 476 7151
B&B La culla dei Sabini	culla.sabini@yahoo.it	https://www.hotelsdrop.com/hotel/b-b-la-culla-dei-sabini-ascoli-piceno	+39 340 801 6177
B&B Stella	formagiunina@gmail.com	https://www.hotelsdrop.com/hotel/b-b-stella-ascoli-piceno	+39 348 499 2871
Bed & Breakfast L'Arengo	arengobb@gmail.com	https://www.hotelsdrop.com/hotel/bed-breakfast-l-arengo-ascoli-piceno	+39 328 615 3195
Luxury B&B '700	bedandbreakfast700@gmail.com	https://www.hotelsdrop.com/hotel/luxury-b-b-700-ascoli-piceno	+39 347 361 9449
Affittacamere Number 1	coopdauniaservice@libero.it	https://www.hotelsdrop.com/hotel/affittacamere-number-1-ascoli-satriano	+39 347 220 5132
B&B Alla Corte del Duca	info@allacortedelduca.it	https://www.hotelsdrop.com/hotel/b-b-alla-corte-del-duca-ascoli-satriano	+39 339 210 6256
Le Stanze del Castello b&b	support@centralstay.eu	https://www.hotelsdrop.com/hotel/le-stanze-del-castello-b-b-ascoli-satriano	+39 333 922 8586
Agriturismo La Ripa	info@laripa.com	https://www.hotelsdrop.com/hotel/agriturismo-la-ripa-ascrea	+39 338 467 7159
Agriturismo La Terrazza su Farfa	info@laterrazzasufarfa.com	https://www.hotelsdrop.com/hotel/agriturismo-la-terrazza-su-farfa-ascrea	+39 379 256 3609
Agriturismo Le Cascine	agriturismolecascinecdt@gmail.com	https://www.hotelsdrop.com/hotel/agriturismo-le-cascine-ascrea	+39 345 223 3976
B&B In Sabina	bebinsabina@gmail.com	https://www.hotelsdrop.com/hotel/b-b-in-sabina-ascrea	+39 328 719 0397
B&B Nonna Assunta	605a7baede844d278b89dc95ae0a9123@sentry-next.wixpress.com	https://www.hotelsdrop.com/hotel/b-b-nonna-assunta-ascrea	+39 340 134 3070
C'era Una Volta Guest House Affittacamere	ceraunavoltaffittacamere@gmail.com	https://www.hotelsdrop.com/hotel/c-era-una-volta-guest-house-affittacamere-ascrea	+39 338 695 4978
B&B Stella Alpina	info@stella-alpina-fontanelle.it	https://www.hotelsdrop.com/hotel/b-b-stella-alpina-asiago	+39 349 341 6048
Begale - Rifugio Urbano - Appartamenti	prenotazioni@begale.it	https://www.hotelsdrop.com/hotel/begale-rifugio-urbano-appartamenti-asiago	+39 346 044 3461
La Mondina	info@sportingvillagemondina.it	https://www.hotelsdrop.com/hotel/la-mondina-asigliano-vercellese	+39 349 455 9227
B&B Conca Verde	info@bebconcaverde.com	https://www.hotelsdrop.com/hotel/b-b-conca-verde-asola	+39 339 768 2883
Hotel Ristorante Nuvole	matteus@pcert.it	https://www.hotelsdrop.com/hotel/hotel-ristorante-nuvole-asola	+39 350 100 1234
Al Reparo	info@alreparo.it	https://www.hotelsdrop.com/hotel/al-reparo-asolo	+39 353 443 9461
B&B ANTICO MAGLIO	loris.spagnolo@gmail.com	https://www.hotelsdrop.com/hotel/b-b-antico-maglio-asolo	+39 348 544 1221
B&B La Fabbrica delle Idee	martinasgarbossa.1@gmail.com	https://www.hotelsdrop.com/hotel/b-b-la-fabbrica-delle-idee-asolo	+39 351 556 5425
B&B SWEET DREAMS	info@bbsweetdreams.it	https://www.hotelsdrop.com/hotel/b-b-sweet-dreams-asolo	+39 340 872 2211
Barone d'Asolo Country House Bed Breakfast Ristorazione	info@baroneasolo.it	https://www.hotelsdrop.com/hotel/barone-d-asolo-country-house-bed-breakfast-risto-asolo	+39 349 090 1338
Il Molino - Centorizzonti	info@centorizzonti.com	https://www.hotelsdrop.com/hotel/il-molino-centorizzonti-asolo	+39 346 364 1857
Residenza Dante Asolo B&B	info.npimmobiliare@gmail.com	https://www.hotelsdrop.com/hotel/residenza-dante-asolo-b-b-asolo	+39 334 733 1534
Villa Flangini	info@villaflangini.it	https://www.hotelsdrop.com/hotel/villa-flangini-asolo	+39 333 528 7806
B&B Botton D’Oro 2	bottondorodue@pec.it	https://www.hotelsdrop.com/hotel/b-b-botton-d-oro-2-assago	+39 346 366 5597
Ristorante da Kico	info@ristorantedakico.it	https://www.hotelsdrop.com/hotel/ristorante-da-kico-assago	+39 391 166 0456
B&B Martina - Assemini - vicino Aeroporto Cagliari	info@bebmartina.it	https://www.hotelsdrop.com/hotel/b-b-martina-assemini-vicino-aeroporto-cagliari-assemini	+39 339 719 4251
B&B Relaxing Spaces	eosanna@gmail.com	https://www.hotelsdrop.com/hotel/b-b-relaxing-spaces-assemini	+39 349 670 0676
Corte Boero Bed&Breakfast - Eventi	info@corteboero.com	https://www.hotelsdrop.com/hotel/corte-boero-bed-breakfast-eventi-assemini	+39 329 298 3766
Mansio Airport Hotel & Residence	info@mansioresidence.it	https://www.hotelsdrop.com/hotel/mansio-airport-hotel-residence-assemini	+39 380 215 5555
Villa Mostallino Affittacamere	villamostallino@gmail.com	https://www.hotelsdrop.com/hotel/villa-mostallino-affittacamere-assemini	+39 347 938 7704
Agriturismo La Piaggia - Assisi	info@lapiaggia.it	https://www.hotelsdrop.com/hotel/agriturismo-la-piaggia-assisi-assisi	+39 338 889 4770
B&B Lavanda e Rosmarino	lavandaerosmarino@gmail.com	https://www.hotelsdrop.com/hotel/b-b-lavanda-e-rosmarino-assisi	+39 347 924 2148
Bed and Breakfast - La Via Francigena - Assisi	info@laviafrancigena-assisi.it	https://www.hotelsdrop.com/hotel/bed-and-breakfast-la-via-francigena-assisi-assisi	+39 320 430 8306
Domus Mariae B&B Assisi	domusmariae.assisi@gmail.com	https://www.hotelsdrop.com/hotel/domus-mariae-b-b-assisi-assisi	+39 333 969 9343
Hotel Pallotta Assisi	pallotta@pallottaassisi.it	https://www.hotelsdrop.com/hotel/hotel-pallotta-assisi-assisi	+39 338 740 7574
Il Fienile Di Assisi	ilfienilediassisi@gmail.com	https://www.hotelsdrop.com/hotel/il-fienile-di-assisi-assisi	+39 334 163 3462
Villa Clara Assisi	info@villaclara-assisi.it	https://www.hotelsdrop.com/hotel/villa-clara-assisi-assisi	+39 375 746 4477
Villa Luce Assisi Rooms & Suites	info@villaluceassisi.it	https://www.hotelsdrop.com/hotel/villa-luce-assisi-rooms-suites-assisi	+39 328 156 5160
Agriturismo Crotto Di Somana	info@crottodisomana.it	https://www.hotelsdrop.com/hotel/agriturismo-crotto-di-somana-asso	+39 338 451 9777
b&b Al Pozzo	info@bbalpozzo.net	https://www.hotelsdrop.com/hotel/b-b-al-pozzo-asso	+39 347 383 9609
B&B La Pusianella	lapusianella@gmail.com	https://www.hotelsdrop.com/hotel/b-b-la-pusianella-asso	+39 348 702 7287
Sara Hotel	info@hotelsaracaglio.it	https://www.hotelsdrop.com/hotel/sara-hotel-asso	+39 371 455 1213
Is Coronas affittacamere	orrumarcella85@gmail.com	https://www.hotelsdrop.com/hotel/is-coronas-affittacamere-assolo	+39 340 569 0141
B&B Stazione Dittaino	info@bebstazionedittaino.it	https://www.hotelsdrop.com/hotel/b-b-stazione-dittaino-assoro	+39 350 522 7688
B&B Casa del Ventiniere	massimorosso75@virgilio.it	https://www.hotelsdrop.com/hotel/b-b-casa-del-ventiniere-asti	+39 348 393 4263
Cascina Desderi Società Semplice Agricola	desderibooking@outlook.com	https://www.hotelsdrop.com/hotel/cascina-desderi-societa-semplice-agricola-asti	+39 333 101 2126
Guest House La Carolina	info.ospiti@lacarolina.it	https://www.hotelsdrop.com/hotel/guest-house-la-carolina-asti	+39 393 894 8558
Hotel Asti Albergo Etico	info@albergoetico.asti.it	https://www.hotelsdrop.com/hotel/hotel-asti-albergo-etico-asti	+39 320 337 5555
La Casa Celeste B&B - Asti, Italy	info@lacasa-celeste.com	https://www.hotelsdrop.com/hotel/la-casa-celeste-b-b-asti-italy-asti	+39 371 590 1360
Hotel Excelsior	info@hexcelsior.com	https://www.hotelsdrop.com/hotel/hotel-excelsior-ateleta	+39 388 424 0032
Il Pero Ateleta bed and relax	booking@ilperoateleta.it	https://www.hotelsdrop.com/hotel/il-pero-ateleta-bed-and-relax-ateleta	+39 329 449 4399
Azienda Agrituristica Rupe delle Sorbe	alessio_minniti@yahoo.it	https://www.hotelsdrop.com/hotel/azienda-agrituristica-rupe-delle-sorbe-atella	+39 327 941 9530
B&B La Torre	ruvolatorre@gmail.com	https://www.hotelsdrop.com/hotel/b-b-la-torre-atella	+39 350 127 1222
Bed & Breakfast La Torre	bblatorre2013@tiscali.it	https://www.hotelsdrop.com/hotel/bed-breakfast-la-torre-atella	+39 349 493 1049
Palazzo Badiale History&Rooms	palazzobadiale@gmail.com	https://www.hotelsdrop.com/hotel/palazzo-badiale-history-rooms-atella	+39 392 710 5576
Torre Serena B&B	torreserena@hotmail.com	https://www.hotelsdrop.com/hotel/torre-serena-b-b-atella	+39 366 871 5915
VILLA MARTINA PIA B&B	info@villamartinapia.com	https://www.hotelsdrop.com/hotel/villa-martina-pia-b-b-atella	+39 328 492 0267
1 e Resort Agriturismo Maliandi	info@maliandi.it	https://www.hotelsdrop.com/hotel/1-e-resort-agriturismo-maliandi-atena-lucana	+39 347 803 2569
Agriturismo Domus Otium	info@domusotium.it	https://www.hotelsdrop.com/hotel/agriturismo-domus-otium-atena-lucana	+39 345 702 4181
Amber Hotel Italy	info@amberhotel.it	https://www.hotelsdrop.com/hotel/amber-hotel-italy-atessa	+39 340 450 8312
Ospitati - B&B Sangro	info@ospitati.it	https://www.hotelsdrop.com/hotel/ospitati-b-b-sangro-atessa	+39 349 080 6000
Albergo Sotto le Stelle	info@iciacca.com	https://www.hotelsdrop.com/hotel/albergo-sotto-le-stelle-atina	+39 342 946 5890
Villa Visocchi B&B	info@villavisocchi.com	https://www.hotelsdrop.com/hotel/villa-visocchi-b-b-atina	+39 347 936 7859
CristallPont: Amalfi.Day	hello@amalfi.day	https://www.hotelsdrop.com/hotel/cristallpont-amalfi-day-atrani	+39 327 097 2329
B&B TIO PEPE 1	bbtiopepe@gmail.com	https://www.hotelsdrop.com/hotel/b-b-tio-pepe-1-atri	+39 377 280 1186
BioAgriturismo La Quercia	info@laquerciabio.com	https://www.hotelsdrop.com/hotel/bioagriturismo-la-quercia-atri	+39 351 538 0330
Casa in centro storico Atri - Locazione Turistica	casaincentrostorico@gmail.com	https://www.hotelsdrop.com/hotel/casa-in-centro-storico-atri-locazione-turistica-atri	+39 329 225 0603
Hotel Italia	informazioni@hotelitalia.org	https://www.hotelsdrop.com/hotel/hotel-italia-atri	+39 338 521 5386
La finestra sul cortile	support@centralstay.eu	https://www.hotelsdrop.com/hotel/la-finestra-sul-cortile-atri	+39 334 671 7989
Bellavigna Country House	info@bellavigna.it	https://www.hotelsdrop.com/hotel/bellavigna-country-house-atripalda	+39 393 878 0345
Agriturismo Le Querce	info@lequercebomarzo.it	https://www.hotelsdrop.com/hotel/agriturismo-le-querce-attigliano	+39 338 164 3220
Hotel Lazio Ristorante	info@hotel-lazio.it	https://www.hotelsdrop.com/hotel/hotel-lazio-ristorante-attigliano	+39 333 790 4100
Agriturismo Clochiatti	agri.clochiatti@gmail.com	https://www.hotelsdrop.com/hotel/agriturismo-clochiatti-attimis	+39 348 493 9687
Borgo di Ponte Holiday Apartments & Rooms	info@borgodiponte.it	https://www.hotelsdrop.com/hotel/borgo-di-ponte-holiday-apartments-rooms-attimis	+39 347 911 8162
Dai Minisins	daiminisins@gmail.com	https://www.hotelsdrop.com/hotel/dai-minisins-attimis	+39 380 314 6178
La Vrata Gialla - B&B Taipana	605a7baede844d278b89dc95ae0a9123@sentry-next.wixpress.com	https://www.hotelsdrop.com/hotel/la-vrata-gialla-b-b-taipana-attimis	+39 334 249 1029
La Plaza Affittacamere Ollolai	laplazaollolai@gmail.com	https://www.hotelsdrop.com/hotel/la-plaza-affittacamere-ollolai-atzara	+39 338 703 4270
B&B Garden Holiday	info@gardenholiday-bb.it	https://www.hotelsdrop.com/hotel/b-b-garden-holiday-augusta	+39 335 658 7996
B&Brucoli	info@bebrucoli.com	https://www.hotelsdrop.com/hotel/b-brucoli-augusta	+39 348 731 7616
Città della Notte - hotel tra Catania e Siracusa, Sicily hotel, cinema multisala, teatro, sala congressi, discoteca.	hotel@cittadellanotte.com	https://www.hotelsdrop.com/hotel/citta-della-notte-hotel-tra-catania-e-siracusa-s-augusta	+39 391 415 1651
Il Triangolo Hotel	iltriangolohotel@gmail.com	https://www.hotelsdrop.com/hotel/il-triangolo-hotel-augusta	+39 331 792 3329
B&B Anastasia	torricellifabio@libero.it	https://www.hotelsdrop.com/hotel/b-b-anastasia-auletta	+39 331 495 7165
Palazzo Sabini	info@palazzosabini.it	https://www.hotelsdrop.com/hotel/palazzo-sabini-auletta	+39 320 269 7197
B&B Aulla Torre di San Caprasio	bnbtorredisancaprasio@gmail.com	https://www.hotelsdrop.com/hotel/b-b-aulla-torre-di-san-caprasio-aulla	+39 389 622 0343
B&B Cadrecca Tra Terra Luna e Mare	info@bedandbreakfastcadrecca.it	https://www.hotelsdrop.com/hotel/b-b-cadrecca-tra-terra-luna-e-mare-aulla	+39 347 471 1947
Villa Borgo degli artisti boutique rooms	infoeremodeipoeti@gmail.com	https://www.hotelsdrop.com/hotel/villa-borgo-degli-artisti-boutique-rooms-aulla	+39 328 011 8945
Agriturismo casa Ferrari	lombardinisabrina83@icloud.com	https://www.hotelsdrop.com/hotel/agriturismo-casa-ferrari-aurigo	+39 340 964 1107
Agriturismo Nonni Devia	info@olioarmato.it	https://www.hotelsdrop.com/hotel/agriturismo-nonni-devia-aurigo	+39 338 147 5966
Agriturismo San Michele	sanmicheledolcedo@gmail.com	https://www.hotelsdrop.com/hotel/agriturismo-san-michele-aurigo	+39 333 253 8853
Ca' da Cardella	info@rifugiocardella.com	https://www.hotelsdrop.com/hotel/ca-da-cardella-aurigo	+39 333 616 0187
Case Vacanze Gli Ulivi	cascione@casevacanzegliulivi.it	https://www.hotelsdrop.com/hotel/case-vacanze-gli-ulivi-aurigo	+39 347 403 3912
Il Poggio di Maro'	info@ilpoggiodimaro.it	https://www.hotelsdrop.com/hotel/il-poggio-di-maro-aurigo	+39 328 211 7600
Secret Gardens B&B	info@secretgardens.it	https://www.hotelsdrop.com/hotel/secret-gardens-b-b-aurigo	+39 342 351 1186
B&B Al Castel	turappartamenti@libero.it	https://www.hotelsdrop.com/hotel/b-b-al-castel-auronzo-di-cadore	+39 333 494 1931
B&B Il Bucaneve	bucanevebeb@gmail.com	https://www.hotelsdrop.com/hotel/b-b-il-bucaneve-auronzo-di-cadore	+39 340 710 9465
B&b Meuble Bar Giustina	info@meublegiustina.it	https://www.hotelsdrop.com/hotel/b-b-meuble-bar-giustina-auronzo-di-cadore	+39 328 334 5082
B&B Rossodisera	info@dolomitirossodisera.com	https://www.hotelsdrop.com/hotel/b-b-rossodisera-auronzo-di-cadore	+39 334 171 3309
Bed&Breakfast Bar La Coa	bblacoa@gmail.com	https://www.hotelsdrop.com/hotel/bed-breakfast-bar-la-coa-auronzo-di-cadore	+39 376 033 9813
Belvedere Alloggio Turistico	belvedereauronzo@gmail.com	https://www.hotelsdrop.com/hotel/belvedere-alloggio-turistico-auronzo-di-cadore	+39 351 973 3345
Cedavécia Bed & Breakfast	info@cedavecia.it	https://www.hotelsdrop.com/hotel/cedavecia-bed-breakfast-auronzo-di-cadore	+39 348 321 5107
Hotel Auronzo Dolomites, Affiliated by Meliá	auronzo.dolomites@melia.com	https://www.hotelsdrop.com/hotel/hotel-auronzo-dolomites-affiliated-by-melia-auronzo-di-cadore	+39 351 483 6845
Le Crode Auronzo	info@lecrodeauronzo.it	https://www.hotelsdrop.com/hotel/le-crode-auronzo-auronzo-di-cadore	+39 392 120 0291
AZIENDA AGRITURISTICA "LA TENUTA DEL FALCO"	info@tenutadelvarco.it	https://www.hotelsdrop.com/hotel/azienda-agrituristica-la-tenuta-del-falco-ausonia	+39 338 192 6950
B&B Holiday Formia beach	info@bbholidayformia.it	https://www.hotelsdrop.com/hotel/b-b-holiday-formia-beach-ausonia	+39 320 288 5912
B&B Le Terrazze	bedandbreakfastleterrazze@yahoo.it	https://www.hotelsdrop.com/hotel/b-b-le-terrazze-ausonia	+39 347 270 6930
B&B Nonna Elvira	alessiofusco84@gmail.com	https://www.hotelsdrop.com/hotel/b-b-nonna-elvira-ausonia	+39 328 794 8711
Bed & Breakfast Casa Fratelli Castelli	infocasafratellicastelli@gmail.com	https://www.hotelsdrop.com/hotel/bed-breakfast-casa-fratelli-castelli-ausonia	+39 344 653 4610
Hotel Ausonia	info@hotel-ausonia.com	https://www.hotelsdrop.com/hotel/hotel-ausonia-ausonia	+39 342 579 8375
Hotel Maria Cristina 2 stelle	hotelmariacristina74@gmail.com	https://www.hotelsdrop.com/hotel/hotel-maria-cristina-2-stelle-ausonia	+39 331 123 3318
ANITA B&B	anitacalza.ac@gmail.com	https://www.hotelsdrop.com/hotel/anita-b-b-avegno	+39 389 637 7170
B&B I glicini	iglicini@yahoo.it	https://www.hotelsdrop.com/hotel/b-b-i-glicini-avegno	+39 340 799 9837
B&B Passo Selvatico	info@passoselvatico.it	https://www.hotelsdrop.com/hotel/b-b-passo-selvatico-avegno	+39 339 327 7289
Crazy Suites	info@crazysuites.it	https://www.hotelsdrop.com/hotel/crazy-suites-avella	+39 350 094 3363
Favorite room	yourfavoriteroom@libero.it	https://www.hotelsdrop.com/hotel/favorite-room-avella	+39 328 793 9005
Ghe Kale' Resort	info@ghekale.it	https://www.hotelsdrop.com/hotel/ghe-kale-resort-avella	+39 338 600 0985
B&B Torrette	lacontessa.hotel@gmail.com	https://www.hotelsdrop.com/hotel/b-b-torrette-avellino	+39 388 574 7087
Bed & Breakfast Villa Antinea	info@villaantinea.it	https://www.hotelsdrop.com/hotel/bed-breakfast-villa-antinea-avellino	+39 339 623 6952
Il Posto Accanto	info@ilpostoaccanto.it	https://www.hotelsdrop.com/hotel/il-posto-accanto-avellino	+39 335 841 9338
Hotel Adler	info@hoteladler-foppolo.it	https://www.hotelsdrop.com/hotel/hotel-adler-averara	+39 327 869 2307
B&B Dimora Normanna	info@bbdimoranormanna.it	https://www.hotelsdrop.com/hotel/b-b-dimora-normanna-aversa	+39 392 939 6626
B&B Sognando Vietri e Spa esclusiva	info@rigeneraspa.com	https://www.hotelsdrop.com/hotel/b-b-sognando-vietri-e-spa-esclusiva-aversa	+39 331 637 0219
Hoa Suites	hoasuites@gmail.com	https://www.hotelsdrop.com/hotel/hoa-suites-aversa	+39 334 183 9252
La Resilienza Relais	info@laresilienzarelais.it	https://www.hotelsdrop.com/hotel/la-resilienza-relais-aversa	+39 331 336 1750
le chiavi di polidoro	lechiavidipolidoro@gmail.com	https://www.hotelsdrop.com/hotel/le-chiavi-di-polidoro-aversa	+39 340 276 1496
Tenuta Don Alfonso	tenutadonalfondo@gmail.com	https://www.hotelsdrop.com/hotel/tenuta-don-alfonso-aversa	+39 338 732 2430
B&B Cala del Conte	support@centralstay.eu	https://www.hotelsdrop.com/hotel/b-b-cala-del-conte-avetrana	+39 333 609 1324
Bed&Breakfast Largo Imperiali	info@bedlargoimperiali.it	https://www.hotelsdrop.com/hotel/bed-breakfast-largo-imperiali-avetrana	+39 340 728 8938
HOTEL CARAIBISIACO PUGLIA SUL MARE IONIO	ctpro@ctpro.it	https://www.hotelsdrop.com/hotel/hotel-caraibisiaco-puglia-sul-mare-ionio-avetrana	+39 338 895 4120
La Vetrana Rooms | JD Vacanze	info@japigiadomus.it	https://www.hotelsdrop.com/hotel/la-vetrana-rooms-jd-vacanze-avetrana	+39 347 906 9709
Li Caseddi ti lu Cesarinu	support@centralstay.eu	https://www.hotelsdrop.com/hotel/li-caseddi-ti-lu-cesarinu-avetrana	+39 320 455 0811
Masseria La Porticella	site@masserialaporticella.it	https://www.hotelsdrop.com/hotel/masseria-la-porticella-avetrana	+39 349 114 7801
Palazzo Mancini	info@palazzomancini.it	https://www.hotelsdrop.com/hotel/palazzo-mancini-avetrana	+39 375 892 0333
B&B Relais Marlene	info@relaismarlene.it	https://www.hotelsdrop.com/hotel/b-b-relais-marlene-avezzano	+39 338 668 6769
B&B' Tra i due Parchi'	pitarienrico@gmail.com	https://www.hotelsdrop.com/hotel/b-b-tra-i-due-parchi-avezzano	+39 333 543 5818
Il Risorgimento Avezzano	support@centralstay.eu	https://www.hotelsdrop.com/hotel/il-risorgimento-avezzano-avezzano	+39 329 438 2189
Avianresidenze	avianresidenze@coopacli.it	https://www.hotelsdrop.com/hotel/avianresidenze-aviano	+39 347 800 2889
Bed & Breakfast Villa Orsolina	villaorsolina@libero.it	https://www.hotelsdrop.com/hotel/bed-breakfast-villa-orsolina-aviano	+39 320 353 6641
Smart Residence Aviano	info@smartresidenceaviano.it	https://www.hotelsdrop.com/hotel/smart-residence-aviano-aviano	+39 349 244 0594
Agriturismo La Fontana	info@agriturismolafontanabg.it	https://www.hotelsdrop.com/hotel/agriturismo-la-fontana-aviatico	+39 345 262 5953
Albergo Relax di Razzetti C. Sas	info@albergorelax.it	https://www.hotelsdrop.com/hotel/albergo-relax-di-razzetti-c-sas-aviatico	+39 349 718 8457
B&B Casa Arcangeli	ghilardiezio@gmail.com	https://www.hotelsdrop.com/hotel/b-b-casa-arcangeli-aviatico	+39 338 967 6659
Borgo d'Oro Loft CIN:It016024c17jkcaxkv	borgodoro.bergamo@gmail.com	https://www.hotelsdrop.com/hotel/borgo-d-oro-loft-cin-it016024c17jkcaxkv-aviatico	+39 339 445 4885
CableWayRoom Experience	info@cablewayroom.it	https://www.hotelsdrop.com/hotel/cablewayroom-experience-aviatico	+39 338 797 2999
Hotel Chalet del Lago Avigliana	info@chaletdellagoavigliana.com	https://www.hotelsdrop.com/hotel/hotel-chalet-del-lago-avigliana-avigliana	+39 329 197 8807
B&B "La Dimora di Federico" di Canestrini Vitina	info@ladimoradifederico.eu	https://www.hotelsdrop.com/hotel/b-b-la-dimora-di-federico-di-canestrini-vitina-avigliano	+39 389 628 4603
B&B La Pigna	info@bblapigna.it	https://www.hotelsdrop.com/hotel/b-b-la-pigna-avigliano	+39 348 015 1158
B&B Le Gemme	info@legemmelagopesole.it	https://www.hotelsdrop.com/hotel/b-b-le-gemme-avigliano	+39 393 952 4476
Gianturco Bed & Breakfast	info@bebgianturco.it	https://www.hotelsdrop.com/hotel/gianturco-bed-breakfast-avigliano	+39 340 992 9667
L’Arco Bed&Breakfast	info@arcobb.it	https://www.hotelsdrop.com/hotel/l-arco-bed-breakfast-avigliano	+39 348 414 0965
TRE CANCELLI ROOMS	info@trecancellirooms.com	https://www.hotelsdrop.com/hotel/tre-cancelli-rooms-avigliano	+39 347 995 2976
Agriturismo Cerqueti	info@cerqueti.it	https://www.hotelsdrop.com/hotel/agriturismo-cerqueti-avigliano-umbro	+39 339 176 7922
LaZita B&B	lazita1900@gmail.com	https://www.hotelsdrop.com/hotel/lazita-b-b-avigliano-umbro	+39 338 931 5144
Villa Monica	info@villa-monica.it	https://www.hotelsdrop.com/hotel/villa-monica-avio	+39 339 384 0124
B&B Luca76	info@bebluca76.com	https://www.hotelsdrop.com/hotel/b-b-luca76-avise	+39 333 233 0899
La vieille Meison de Pappa	info@bbsarre.com	https://www.hotelsdrop.com/hotel/la-vieille-meison-de-pappa-avise	+39 328 291 3783
Maison Bovard	info@maisonbovard.com	https://www.hotelsdrop.com/hotel/maison-bovard-avise	+39 346 090 5728
B&B Ermes	info@ermesicilia.it	https://www.hotelsdrop.com/hotel/b-b-ermes-avola	+39 366 208 5950
B&B Meliora Rooms	meliorarooms.it@gmail.com	https://www.hotelsdrop.com/hotel/b-b-meliora-rooms-avola	+39 392 251 3163
B&B Nonna Nina	info@bbnonnanina.it	https://www.hotelsdrop.com/hotel/b-b-nonna-nina-avola	+39 329 892 4477
B&B Pantanello Rooms	info@pantanelloroomsavola.com	https://www.hotelsdrop.com/hotel/b-b-pantanello-rooms-avola	+39 328 311 3505
B&B Salvo e Terry	serenazagarella1988@gmail.com	https://www.hotelsdrop.com/hotel/b-b-salvo-e-terry-avola	+39 346 746 9278
Hotel Villa Ionia	info@hotelvillaionia.it	https://www.hotelsdrop.com/hotel/hotel-villa-ionia-avola	+39 344 107 0237
Hybla Major B&B	hyblamajor@gmail.com	https://www.hotelsdrop.com/hotel/hybla-major-b-b-avola	+39 345 845 5204
Il Moro Charming Rooms	touristicavaldinotorealestate@gmail.com	https://www.hotelsdrop.com/hotel/il-moro-charming-rooms-avola	+39 347 859 5800
Marricriu BeB Rooms and Pool Avola	info@marricriu.it	https://www.hotelsdrop.com/hotel/marricriu-beb-rooms-and-pool-avola-avola	+39 320 763 1528
Miramare Rooms	miramarerooms@gmail.com	https://www.hotelsdrop.com/hotel/miramare-rooms-avola	+39 348 721 2025
Shurhuq | Ospitalità Siciliana	info@shurhuq.com	https://www.hotelsdrop.com/hotel/shurhuq-ospitalita-siciliana-avola	+39 339 329 7943
Zanzi 's Charming Rooms	info@zanzibarholidayavola.it	https://www.hotelsdrop.com/hotel/zanzi-s-charming-rooms-avola	+39 347 742 1395
Locanda del Barco - Tenuta Bellingeri	locandadelbarco@santagatafossili.com	https://www.hotelsdrop.com/hotel/locanda-del-barco-tenuta-bellingeri-avolasca	+39 349 061 0063
Alpine Forest Hotel	info@alpineforest.it	https://www.hotelsdrop.com/hotel/alpine-forest-hotel-ayas	+39 380 758 0936
Hotellerie de Mascognaz	info@hotelleriedemascognaz.com	https://www.hotelsdrop.com/hotel/hotellerie-de-mascognaz-ayas	+39 338 729 5708
Le Fleur des neiges	welcome@fleurdesneiges.it	https://www.hotelsdrop.com/hotel/le-fleur-des-neiges-ayas	+39 335 776 1503
Alpine A&S CIR VDA AYMAVILLES n.0003	service@holidu.com\	https://www.hotelsdrop.com/hotel/alpine-a-s-cir-vda-aymavilles-n-0003-aymavilles	+39 340 076 9906
AdisArtur Elegant B&B	info@adisartur.it	https://www.hotelsdrop.com/hotel/adisartur-elegant-b-b-azzanello	+39 375 739 3780
Agriturismo Padernello	agriturismo@padernello.it	https://www.hotelsdrop.com/hotel/agriturismo-padernello-azzanello	+39 333 483 0612
B&B La Crota	lacrota.asti@gmail.com	https://www.hotelsdrop.com/hotel/b-b-la-crota-azzano-d-asti	+39 339 866 2872
B&B Lanterna delle Fate	lanternadellefate@gmail.com	https://www.hotelsdrop.com/hotel/b-b-lanterna-delle-fate-azzano-d-asti	+39 333 462 0240
B&B Locanda dei fiori	locandadeifiori@gmail.com	https://www.hotelsdrop.com/hotel/b-b-locanda-dei-fiori-azzano-d-asti	+39 328 245 2859
B&B Locanda della Sesta Felicità	info@locandadellasestafelicita.com	https://www.hotelsdrop.com/hotel/b-b-locanda-della-sesta-felicita-azzano-d-asti	+39 348 807 3231
B&B Ca' Jole	info.cajole@gmail.com	https://www.hotelsdrop.com/hotel/b-b-ca-jole-azzano-decimo	+39 331 299 8960
B&B Delta Majestic	veronicatacu1984@gmail.com	https://www.hotelsdrop.com/hotel/b-b-delta-majestic-azzano-decimo	+39 324 604 9422
Camere da Mirna di Claudio Piccolo	info@cameredamirna.it	https://www.hotelsdrop.com/hotel/camere-da-mirna-di-claudio-piccolo-azzano-decimo	+39 347 048 4519
Villa Yemaya	villayemaya83@gmail.com	https://www.hotelsdrop.com/hotel/villa-yemaya-azzano-decimo	+39 328 251 8566
Bar Locanda Crocevia	info@locandacrocevia.it	https://www.hotelsdrop.com/hotel/bar-locanda-crocevia-azzano-mella	+39 334 369 9120
Bed And Breakfast la Terrazza	info@bresciabedandbreakfast.it	https://www.hotelsdrop.com/hotel/bed-and-breakfast-la-terrazza-azzano-mella	+39 338 226 8132
Hotel L'Amalfitana	ristorantepizzeriaamalfitana@gmail.com	https://www.hotelsdrop.com/hotel/hotel-l-amalfitana-azzano-mella	+39 392 945 1759
Il Colle	info@ilcolleappartamenti.it	https://www.hotelsdrop.com/hotel/il-colle-azzano-mella	+39 327 483 6561
B&B Aeroporto	alda1987@hotmail.it	https://www.hotelsdrop.com/hotel/b-b-aeroporto-azzano-san-paolo	+39 342 843 1946
Casa Leonardo Airport	casaleonardobgy@gmail.com	https://www.hotelsdrop.com/hotel/casa-leonardo-airport-azzano-san-paolo	+39 339 471 1396
Elements B&B	info@elementsbeb.com	https://www.hotelsdrop.com/hotel/elements-b-b-azzano-san-paolo	+39 351 702 7241
B&B Mansarda Pascoli	info@bebmansardapascoli.it	https://www.hotelsdrop.com/hotel/b-b-mansarda-pascoli-azzate	+39 328 656 9305
Villa Campo Dei Fiori B.B	info@villacampodeifioribnbvarese.it	https://www.hotelsdrop.com/hotel/villa-campo-dei-fiori-b-b-azzate	+39 329 139 7520
agriturismo campo dei fiori	info@agriturismocampodeifiori.it	https://www.hotelsdrop.com/hotel/agriturismo-campo-dei-fiori-azzio	+39 348 769 9340
Il Cortile	info@ilcortile.biz	https://www.hotelsdrop.com/hotel/il-cortile-azzio	+39 333 889 6013
In Campagna	incampagna@outlook.com	https://www.hotelsdrop.com/hotel/in-campagna-azzio	+39 346 336 9945
La Posteria by iCasamia	booking@icasamia.it	https://www.hotelsdrop.com/hotel/la-posteria-by-icasamia-azzio	+39 379 111 1139
Locanda del Brinsc	picciocchicarla@gmail.com	https://www.hotelsdrop.com/hotel/locanda-del-brinsc-azzio	+39 338 390 3392
Ostello Gardenia	7304521ostello4matte@gmail.com	https://www.hotelsdrop.com/hotel/ostello-gardenia-azzone	+39 380 317 3882
Albergo Hotel Monte Giove	info@hotelmontegiove.com	https://www.hotelsdrop.com/hotel/albergo-hotel-monte-giove-baceno	+39 328 925 5566
Albergo Panorama	albergo.panorama2023@gmail.com	https://www.hotelsdrop.com/hotel/albergo-panorama-baceno	+39 379 275 5984
B&B Casa Tomà	info@casatoma.it	https://www.hotelsdrop.com/hotel/b-b-casa-toma-baceno	+39 333 860 9763
Bed & Breakfast Dimora d'Artista	info@dimoradartista.it	https://www.hotelsdrop.com/hotel/bed-breakfast-dimora-d-artista-baceno	+39 329 052 7648
La Casermetta - Santa Maria Maggiore	info@lacasermetta.com	https://www.hotelsdrop.com/hotel/la-casermetta-santa-maria-maggiore-baceno	+39 338 254 0983
Rifugio Monte Zeus	montezeus@viciniaziendaagricola.it	https://www.hotelsdrop.com/hotel/rifugio-monte-zeus-baceno	+39 347 222 7421
Baia Flegrea Meublè	info@baiaflegrea.it	https://www.hotelsdrop.com/hotel/baia-flegrea-meuble-bacoli	+39 335 520 8749
Domus Diana Baia	info@domusdianabaia.it	https://www.hotelsdrop.com/hotel/domus-diana-baia-bacoli	+39 348 594 4187
Hotel Villa Del Mare Ho.Gi. Srl	hotelvilladelmare@libero.it	https://www.hotelsdrop.com/hotel/hotel-villa-del-mare-ho-gi-srl-bacoli	+39 338 953 4512
Pharus Miseni suites and rooms	prenotazioni@pharusmiseni.it	https://www.hotelsdrop.com/hotel/pharus-miseni-suites-and-rooms-bacoli	+39 320 160 5635
Suite B&B Mustafà pozzuoli	villamustafa@libero.it	https://www.hotelsdrop.com/hotel/suite-b-b-mustafa-pozzuoli-bacoli	+39 333 259 8804
Affittacamere Teré Ceriana	info@tere-ceriana.it	https://www.hotelsdrop.com/hotel/affittacamere-tere-ceriana-badalucco	+39 335 530 1054
Agriturismo L'Adagio	info@agriturismoladagio.it	https://www.hotelsdrop.com/hotel/agriturismo-l-adagio-badalucco	+39 335 722 6309
Albergo Graziella Arma di Taggia	hotel_graziella@yahoo.it	https://www.hotelsdrop.com/hotel/albergo-graziella-arma-di-taggia-badalucco	+39 349 651 7822
Albergo Lucciola Riviera dei Fiori	info@albergolucciola.com	https://www.hotelsdrop.com/hotel/albergo-lucciola-riviera-dei-fiori-badalucco	+39 366 309 7140
Hotel Ideal	info@albergoideal.net	https://www.hotelsdrop.com/hotel/hotel-ideal-badalucco	+39 351 622 3215
B&B casetta al mare	bbcasettaalmare@gmail.com	https://www.hotelsdrop.com/hotel/b-b-casetta-al-mare-badesi	+39 351 718 8669
Borgo Bellavista Badesi - Affitto case vacanza	leonardo.deruda@gmail.com	https://www.hotelsdrop.com/hotel/borgo-bellavista-badesi-affitto-case-vacanza-badesi	+39 328 208 8287
Hotel Panorama	hotel.panorama@tiscali.it	https://www.hotelsdrop.com/hotel/hotel-panorama-badesi	+39 338 708 0730
Villa Agnese	grussua@alice.it	https://www.hotelsdrop.com/hotel/villa-agnese-badesi	+39 335 165 4343
Corte Bonfiglio Colombari	info@cortebonfigliocolombari.it	https://www.hotelsdrop.com/hotel/corte-bonfiglio-colombari-badia-calavena	+39 352 007 8097
Corte Marani - Country & Adventure Retreat	605a7baede844d278b89dc95ae0a9123@sentry-next.wixpress.com	https://www.hotelsdrop.com/hotel/corte-marani-country-adventure-retreat-badia-calavena	+39 346 667 1699
COUNTRY HOUSE MALGA ZEBARI	info@malgazebari.it	https://www.hotelsdrop.com/hotel/country-house-malga-zebari-badia-calavena	+39 340 645 3359
Palazzo Fritz	info@palazzofritz.it	https://www.hotelsdrop.com/hotel/palazzo-fritz-badia-calavena	+39 347 937 8973
B&B Dragonfly	605a7baede844d278b89dc95ae0a9123@sentry-next.wixpress.com	https://www.hotelsdrop.com/hotel/b-b-dragonfly-badia-pavese	+39 347 270 5973
Agriturismo La Bicocca	agriturismolabicocca@gmail.com	https://www.hotelsdrop.com/hotel/agriturismo-la-bicocca-badia-polesine	+39 331 563 1453
Agriturismo La Bisa	605a7baede844d278b89dc95ae0a9123@sentry-next.wixpress.com	https://www.hotelsdrop.com/hotel/agriturismo-la-bisa-badia-polesine	+39 331 479 1477
Amy&Julie Bed&Breakfast	support@centralstay.eu	https://www.hotelsdrop.com/hotel/amy-julie-bed-breakfast-badia-polesine	+39 348 744 0110
B&B Lilla All'Adige	info@bblillalladige.it	https://www.hotelsdrop.com/hotel/b-b-lilla-all-adige-badia-polesine	+39 347 081 2582
B&B RB	info@beb-rb.it	https://www.hotelsdrop.com/hotel/b-b-rb-badia-polesine	+39 351 980 4979
HOTEL LORY FICAROLO	%20hotellory.ficarolo@hotmail.com	https://www.hotelsdrop.com/hotel/hotel-lory-ficarolo-badia-polesine	+39 338 355 9433
La Bussola Badia Polesine - Camere & Appartamenti	labussolacamere@gmail.com	https://www.hotelsdrop.com/hotel/la-bussola-badia-polesine-camere-appartamenti-badia-polesine	+39 351 684 0085
Santa Sofia Suite Lendinara Hotel	suitesantasofia@gmail.com	https://www.hotelsdrop.com/hotel/santa-sofia-suite-lendinara-hotel-badia-polesine	+39 377 356 1309
Agriturismo Il Casalone	corrarezzo@gruppocorriere.it	https://www.hotelsdrop.com/hotel/agriturismo-il-casalone-badia-tedalda	+39 339 373 1825
Agriturismo Il Falco	info@agriturismoilfalco.it	https://www.hotelsdrop.com/hotel/agriturismo-il-falco-badia-tedalda	+39 340 695 4194
Agriturismo Pian di Botta	info@agriturismo-piandibotta.com	https://www.hotelsdrop.com/hotel/agriturismo-pian-di-botta-badia-tedalda	+39 338 491 5685
Agriturismo Villaggio Eden	ecovillaggioeden@gmail.com	https://www.hotelsdrop.com/hotel/agriturismo-villaggio-eden-badia-tedalda	+39 351 515 8674
Il Borgo Casteldelci	info@ilborgocasteldelci.com	https://www.hotelsdrop.com/hotel/il-borgo-casteldelci-badia-tedalda	+39 347 088 8263
Garnì Ciadinat	ciadinat.badia@yahoo.it	https://www.hotelsdrop.com/hotel/garni-ciadinat-badia-abtei	+39 320 624 6005
Pension Atlantic	info@pensionatlantic.it	https://www.hotelsdrop.com/hotel/pension-atlantic-badia-abtei	+39 379 339 4272
Agriturismo Villa Vittoria	info@agriturismovillavittoria.it	https://www.hotelsdrop.com/hotel/agriturismo-villa-vittoria-badolato	+39 347 301 5903
Aquamarine Residence	sertursrl@libero.it	https://www.hotelsdrop.com/hotel/aquamarine-residence-badolato	+39 350 046 4605
B & B Stillachiara	info@stillachiara.it	https://www.hotelsdrop.com/hotel/b-b-stillachiara-badolato	+39 366 453 8577
Casa Vacanza Borgo Antico	milanohotelsresort@gmail.com	https://www.hotelsdrop.com/hotel/casa-vacanza-borgo-antico-badolato	+39 328 862 7144
Il Borgo & Feudo b&b	info@ilborgobb.com	https://www.hotelsdrop.com/hotel/il-borgo-feudo-b-b-badolato	+39 388 944 2663
Affittacamere Santa Caterina	info@bb-santacaterina.it	https://www.hotelsdrop.com/hotel/affittacamere-santa-caterina-bagaladi	+39 340 713 0171
Athena Luxury Room	athenaluxuryrooms@gmail.com	https://www.hotelsdrop.com/hotel/athena-luxury-room-bagaladi	+39 352 004 9390
B&B Il Gabbiano	ilgabbianorc@gmail.com	https://www.hotelsdrop.com/hotel/b-b-il-gabbiano-bagaladi	+39 388 471 9283
Paradiso Hotel & Banqueting	info@paradisohb.it	https://www.hotelsdrop.com/hotel/paradiso-hotel-banqueting-bagaladi	+39 349 682 1196
Rhegion B&B	info@bbrhegion.it	https://www.hotelsdrop.com/hotel/rhegion-b-b-bagaladi	+39 329 282 5501
Villa sul Mare Bed & Breakfast	gruppodattola@gmail.com	https://www.hotelsdrop.com/hotel/villa-sul-mare-bed-breakfast-bagaladi	+39 346 532 7425
Antica Corte Lugo - Affitti Brevi e Appartamenti Vacanza	info@anticacortelugo.it	https://www.hotelsdrop.com/hotel/antica-corte-lugo-affitti-brevi-e-appartamenti-v-bagnacavallo	+39 351 309 0882
B&B La Palazza	info@la-palazza.com	https://www.hotelsdrop.com/hotel/b-b-la-palazza-bagnacavallo	+39 331 865 6704
B&B La Torre	info@residencelatorre.net	https://www.hotelsdrop.com/hotel/b-b-la-torre-bagnacavallo	+39 333 913 1131
B&B Villa dei Gelsi a Cotignola	info@villadeigelsi.it	https://www.hotelsdrop.com/hotel/b-b-villa-dei-gelsi-a-cotignola-bagnacavallo	+39 335 543 0155
Dimora Decò	info@dimoradeco.it	https://www.hotelsdrop.com/hotel/dimora-deco-bagnacavallo	+39 333 532 9800
La Casetta Di Cotignola di Tiziano Balzarotti	tizi.balza@gmail.com	https://www.hotelsdrop.com/hotel/la-casetta-di-cotignola-di-tiziano-balzarotti-bagnacavallo	+39 377 114 5788
Night&Day Affittacamere di Laura Patuelli	affittacamerenightday@gmail.com	https://www.hotelsdrop.com/hotel/night-day-affittacamere-di-laura-patuelli-bagnacavallo	+39 347 481 9340
B&B Bagnara Vista Mare	bagnaravistamare@gmail.com	https://www.hotelsdrop.com/hotel/b-b-bagnara-vista-mare-bagnara-calabra	+39 345 460 0119
B&B degli Artisti	emiliobagala61@gmail.com	https://www.hotelsdrop.com/hotel/b-b-degli-artisti-bagnara-calabra	+39 329 450 3248
B&B Domus Palmi CIN IT080057C1ROZIM64U	info@domuspalmi.it	https://www.hotelsdrop.com/hotel/b-b-domus-palmi-cin-it080057c1rozim64u-bagnara-calabra	+39 340 391 8090
Dimora Don Ciccillo B&B	info@dimoradonciccillo.it	https://www.hotelsdrop.com/hotel/dimora-don-ciccillo-b-b-bagnara-calabra	+39 392 464 9514
La Locandiera	info@lalocandiera.org	https://www.hotelsdrop.com/hotel/la-locandiera-bagnara-calabra	+39 338 209 6727
Maresol Residence	info@maresolresidence.it	https://www.hotelsdrop.com/hotel/maresol-residence-bagnara-calabra	+39 333 327 7719
San Rocco Rooms - Affittacamere	info@sanroccorooms.it	https://www.hotelsdrop.com/hotel/san-rocco-rooms-affittacamere-bagnara-calabra	+39 353 398 6224
Imola Residence - Self Check-in	booking@imolaresidence.it	https://www.hotelsdrop.com/hotel/imola-residence-self-check-in-bagnara-di-romagna	+39 348 648 0093
Locanda Merlaschio B&B con ristorante	info@locandamerlaschio.it	https://www.hotelsdrop.com/hotel/locanda-merlaschio-b-b-con-ristorante-bagnara-di-romagna	+39 335 562 1036
Smart Hotel Autodromo	smartautodromo@gmail.com	https://www.hotelsdrop.com/hotel/smart-hotel-autodromo-bagnara-di-romagna	+39 393 242 1175
Agriturismo Le Fragranze	info@lefragranze.it	https://www.hotelsdrop.com/hotel/agriturismo-le-fragranze-bagnaria	+39 328 367 1609
Il Fiorile	info@ilfiorile.com	https://www.hotelsdrop.com/hotel/il-fiorile-bagnaria	+39 340 404 4664
b&b alle agavi	alleagavi024@gmail.com	https://www.hotelsdrop.com/hotel/b-b-alle-agavi-bagnaria-arsa	+39 339 251 8172
La Selce Farmhouse	laselcefarmhouse@gmail.com	https://www.hotelsdrop.com/hotel/la-selce-farmhouse-bagnaria-arsa	+39 333 118 0020
Mulino delle Tolle	info@mulinodelletolle.it	https://www.hotelsdrop.com/hotel/mulino-delle-tolle-bagnaria-arsa	+39 320 966 7776
B&B L'Isola D'la Cerrea	info@lisoladlacerrea.it	https://www.hotelsdrop.com/hotel/b-b-l-isola-d-la-cerrea-bagnasco	+39 368 734 0214
B&B Locanda Montecarlo	info@locandamontecarlo.it	https://www.hotelsdrop.com/hotel/b-b-locanda-montecarlo-bagnasco	+39 339 309 3824
Camping Yoghi e Bubu	info@campingyoghiebubu.it	https://www.hotelsdrop.com/hotel/camping-yoghi-e-bubu-bagnasco	+39 347 250 4615
Fattoria Cebon	info@cebon.it	https://www.hotelsdrop.com/hotel/fattoria-cebon-bagnasco	+39 320 402 0196
Le Ghie	info@leghie.it	https://www.hotelsdrop.com/hotel/le-ghie-bagnasco	+39 350 173 1796
AgriSpace LaTordela - Agriturismo La Tordela	info@agrispacelatordela.net	https://www.hotelsdrop.com/hotel/agrispace-latordela-agriturismo-la-tordela-bagnatica	+39 334 785 6136
B&B Dimora delle Donnole	info@dimoradelledonnole.it	https://www.hotelsdrop.com/hotel/b-b-dimora-delle-donnole-bagnatica	+39 338 417 7515
Sadira Agriturismo e Az. Agricola	clienti@sadirabenessere.it	https://www.hotelsdrop.com/hotel/sadira-agriturismo-e-az-agricola-bagnatica	+39 350 024 1768
Agriturismo La Torre	info@latorreagriturismo.com	https://www.hotelsdrop.com/hotel/agriturismo-la-torre-bagni-di-lucca	+39 348 154 9005
Agriturismo Pian di Fiume	info@piandifiume.it	https://www.hotelsdrop.com/hotel/agriturismo-pian-di-fiume-bagni-di-lucca	+39 340 578 7699
Burlamacchi Villas	info@burlamacchivillas.it	https://www.hotelsdrop.com/hotel/burlamacchi-villas-bagni-di-lucca	+39 333 683 0988
Tenuta la Fratta	info@tenuta-lafratta.com	https://www.hotelsdrop.com/hotel/tenuta-la-fratta-bagni-di-lucca	+39 348 293 1199
Villa Rosalena	info@villarosalena.com	https://www.hotelsdrop.com/hotel/villa-rosalena-bagni-di-lucca	+39 346 721 1741
Agriturismo Villa Dauphiné	info@agriturismovilladauphine.com	https://www.hotelsdrop.com/hotel/agriturismo-villa-dauphine-bagno-a-ripoli	+39 333 458 6722
B&B Dolce Miele	info@bebmiele.com	https://www.hotelsdrop.com/hotel/b-b-dolce-miele-bagno-a-ripoli	360 480 509
B&B Il Tabernacolo	bebiltabernacolo@gmail.com	https://www.hotelsdrop.com/hotel/b-b-il-tabernacolo-bagno-a-ripoli	+39 393 937 4155
Florence Country Relais	reservations@florencecountryrelais.com	https://www.hotelsdrop.com/hotel/florence-country-relais-bagno-a-ripoli	+39 370 331 5039
Agriturismo al Monte	info@agriturismoalmonte.it	https://www.hotelsdrop.com/hotel/agriturismo-al-monte-bagno-di-romagna	+39 339 246 4940
Hotel Romagna	hotelromagnacesena@gmail.com	https://www.hotelsdrop.com/hotel/hotel-romagna-bagno-di-romagna	+39 340 915 0618
Il Respiro del Bosco	ilrespirodelbosco25@gmail.com	https://www.hotelsdrop.com/hotel/il-respiro-del-bosco-bagno-di-romagna	+39 328 719 0084
B&B Il Tomolo	info@iltomoloagnone.it	https://www.hotelsdrop.com/hotel/b-b-il-tomolo-bagnoli-del-trigno	+39 329 108 5057
B&B SoleLuna	gustavo.distavolo@gmail.com	https://www.hotelsdrop.com/hotel/b-b-soleluna-bagnoli-del-trigno	+39 388 114 2660
Nel verde di Carinci	info@nelverdedicarinci.it	https://www.hotelsdrop.com/hotel/nel-verde-di-carinci-bagnoli-del-trigno	+39 351 715 9756
AP APARTMENT B&B	apartmentapbeb@gmail.com	https://www.hotelsdrop.com/hotel/ap-apartment-b-b-bagnoli-irpino	+39 334 865 7925
Hotel ristorante La Lucciola	info@hotellalucciola.eu	https://www.hotelsdrop.com/hotel/hotel-ristorante-la-lucciola-bagnoli-irpino	+39 333 949 8193
I Tre Ulivi	info@agriturismoitreulivi.it	https://www.hotelsdrop.com/hotel/i-tre-ulivi-bagnoli-irpino	+39 333 283 2397
Irpinia BikeHouse	info@irpiniabikehouse.com	https://www.hotelsdrop.com/hotel/irpinia-bikehouse-bagnoli-irpino	+39 329 668 4595
Agriturismo La Boschina	info@laboschina.it	https://www.hotelsdrop.com/hotel/agriturismo-la-boschina-bagnolo-cremasco	+39 335 521 3469
Hotel Albergo Relais Vimercati - Dimora storica a Crema	relaisvimercaticr@gmail.com	https://www.hotelsdrop.com/hotel/hotel-albergo-relais-vimercati-dimora-storica-a-bagnolo-cremasco	+39 331 167 9168
I Colori della Vita - Centro Benessere & Pernottamento	info@icoloridellavitabenessere.it	https://www.hotelsdrop.com/hotel/i-colori-della-vita-centro-benessere-pernottamen-bagnolo-cremasco	+39 393 262 1975
FRUIT Village Otranto - TORCITO RESORT Sport Village	info@torcitoresort.it	https://www.hotelsdrop.com/hotel/fruit-village-otranto-torcito-resort-sport-villa-bagnolo-del-salento	+39 320 862 3143
Il Corallo del Salento	info@ilcorallo1.com	https://www.hotelsdrop.com/hotel/il-corallo-del-salento-bagnolo-del-salento	+39 347 549 2451
Le Murge Del Salento B&B	info@lemurgedelsalento.it	https://www.hotelsdrop.com/hotel/le-murge-del-salento-b-b-bagnolo-del-salento	+39 347 240 0760
Palazzo Villani Lubelli	info@palazzovillanilubelli.com	https://www.hotelsdrop.com/hotel/palazzo-villani-lubelli-bagnolo-del-salento	+39 351 808 6719
Tenuta Pigliano Hotel	info@tenutapigliano.it	https://www.hotelsdrop.com/hotel/tenuta-pigliano-hotel-bagnolo-del-salento	+39 320 619 5190
Agriturismo La Fornetta	lafornetta@gmail.com	https://www.hotelsdrop.com/hotel/agriturismo-la-fornetta-bagnolo-di-po	+39 331 790 1151
Boutique Hotel Ferrara	boutiquehotelferrara@gmail.com	https://www.hotelsdrop.com/hotel/boutique-hotel-ferrara-bagnolo-di-po	+39 392 048 8740
Il Giardino di Rebecca	info@ilgiardinodirebecca.it	https://www.hotelsdrop.com/hotel/il-giardino-di-rebecca-bagnolo-di-po	+39 338 529 6400
Le stanze di LaVi	contact@globostay.com	https://www.hotelsdrop.com/hotel/le-stanze-di-lavi-bagnolo-di-po	+39 331 698 4311
Albergo Hotel Rose e Crown	info@hotelrosecrown.it	https://www.hotelsdrop.com/hotel/albergo-hotel-rose-e-crown-bagnolo-in-piano	+39 349 553 0789
Arcobaleno Stanze - Bed & Breakfast, B&B vicino centro storico,vicino stazione Reggio Emilia	arcobalenostanze@gmail.com	https://www.hotelsdrop.com/hotel/arcobaleno-stanze-bed-breakfast-b-b-vicino-centr-bagnolo-in-piano	+39 338 825 2161
Bed&Basta City	bedebasta@bedebasta.it	https://www.hotelsdrop.com/hotel/bed-basta-city-bagnolo-in-piano	+39 328 924 1849
Le Rondini	info@lerondini.net	https://www.hotelsdrop.com/hotel/le-rondini-bagnolo-mella	+39 339 139 5640
Agriturismo A Nostro Mizoun	anostro.mizoun@gmail.com	https://www.hotelsdrop.com/hotel/agriturismo-a-nostro-mizoun-bagnolo-piemonte	+39 339 761 6431
Agriturismo Ai Prüsot	info@agriturismoaiprusot.it	https://www.hotelsdrop.com/hotel/agriturismo-ai-prusot-bagnolo-piemonte	336 233 483
Agriturismo Ca' del Clat - Azienda Agricola Dolci Bacche della me	casa@cadelclat.it	https://www.hotelsdrop.com/hotel/agriturismo-ca-del-clat-azienda-agricola-dolci-b-bagnolo-piemonte	+39 329 028 9791
B&B L'Orto di Ortensia	605a7baede844d278b89dc95ae0a9123@sentry-next.wixpress.com	https://www.hotelsdrop.com/hotel/b-b-l-orto-di-ortensia-bagnolo-piemonte	+39 349 576 7809
Bargiolina	info@bargiolina.it	https://www.hotelsdrop.com/hotel/bargiolina-bagnolo-piemonte	+39 348 092 0900
CA' NOSTRA B&B	info@canostrabeb.it	https://www.hotelsdrop.com/hotel/ca-nostra-b-b-bagnolo-piemonte	+39 338 800 3299
Castello di Bagnolo, Parco e Agriturismo	mail@castellodibagnolo.it	https://www.hotelsdrop.com/hotel/castello-di-bagnolo-parco-e-agriturismo-bagnolo-piemonte	+39 335 524 4080
Hotel Prealpina	info@prealpinahotel.it	https://www.hotelsdrop.com/hotel/hotel-prealpina-bagnolo-piemonte	+39 320 178 7613
La casa di cate & adry	support@centralstay.eu	https://www.hotelsdrop.com/hotel/la-casa-di-cate-adry-bagnolo-piemonte	+39 339 719 4824
Locanda la Via del Sale	info@rifugiovesulus.it	https://www.hotelsdrop.com/hotel/locanda-la-via-del-sale-bagnolo-piemonte	+39 349 792 2428
Al Parco b&b	info@alparcobeb.it	https://www.hotelsdrop.com/hotel/al-parco-b-b-bagnolo-san-vito	+39 328 692 0940
B&B A Casa Mia	info@acasamiabbmantova.it	https://www.hotelsdrop.com/hotel/b-b-a-casa-mia-bagnolo-san-vito	+39 348 592 8326
B&B Il Martin Pescatore	bbmartinpescatore@gmail.com	https://www.hotelsdrop.com/hotel/b-b-il-martin-pescatore-bagnolo-san-vito	+39 328 839 6887
Corte castella	bbcasamanuela@gmail.com	https://www.hotelsdrop.com/hotel/corte-castella-bagnolo-san-vito	+39 333 412 8023
Hotel Mantova Sud	info@hotelmantovasud.com	https://www.hotelsdrop.com/hotel/hotel-mantova-sud-bagnolo-san-vito	+39 339 368 7098
Residenza il Salice	bortolotti.franco@gmail.com	https://www.hotelsdrop.com/hotel/residenza-il-salice-bagnolo-san-vito	335 294 705
Residenze Mazzini	info@stayly.it	https://www.hotelsdrop.com/hotel/residenze-mazzini-bagnolo-san-vito	+39 391 721 8722
Zara Rooms & Suites	info@zarasuzzara.it	https://www.hotelsdrop.com/hotel/zara-rooms-suites-bagnolo-san-vito	+39 388 182 2771
Agriturismo Giunasco	monique@giunasco.it	https://www.hotelsdrop.com/hotel/agriturismo-giunasco-bagnone	+39 348 872 1621
Agriturismo I Giunchi	info@agriturismoigiunchi.com	https://www.hotelsdrop.com/hotel/agriturismo-i-giunchi-bagnone	+39 339 326 2349
B&B Luna & Stelle	info@lunigianagreen.it	https://www.hotelsdrop.com/hotel/b-b-luna-stelle-bagnone	+39 378 303 7530
B&B Poggio delle Rondini	you@company.com	https://www.hotelsdrop.com/hotel/b-b-poggio-delle-rondini-bagnone	+39 347 294 3811
Hotel Podere Conti	info@podereconti.com	https://www.hotelsdrop.com/hotel/hotel-podere-conti-bagnone	+39 348 268 1830
La Cascina dei Chicchi	lacascinadeichicchi@gmail.com	https://www.hotelsdrop.com/hotel/la-cascina-dei-chicchi-bagnone	+39 335 617 9019
Ristorante Locanda Fermento	ristorantelocandafermento@gmail.com	https://www.hotelsdrop.com/hotel/ristorante-locanda-fermento-bagnone	+39 389 021 1962
...."dopo il settimo cielo"	info@dopoilsettimocielo.com	https://www.hotelsdrop.com/hotel/dopo-il-settimo-cielo-bagnoregio	+39 349 359 7732
Agriturismo La Peonia	contact@globostay.com	https://www.hotelsdrop.com/hotel/agriturismo-la-peonia-bagnoregio	+39 347 998 2596
B&B Butterfly	annamariacrocoli7@gmail.com	https://www.hotelsdrop.com/hotel/b-b-butterfly-bagnoregio	+39 347 825 5550
B&B Il Cardellino	bbilcardellino@gmail.com	https://www.hotelsdrop.com/hotel/b-b-il-cardellino-bagnoregio	+39 389 347 2881
B&B Podere Ospedaletto	info@bebpodereospedaletto.it	https://www.hotelsdrop.com/hotel/b-b-podere-ospedaletto-bagnoregio	+39 349 535 0844
CORTE DELLA MAESTA' - ANTICA RESIDENZA	info@cortedellamaesta.com	https://www.hotelsdrop.com/hotel/corte-della-maesta-antica-residenza-bagnoregio	+39 335 879 3077
Palazzo Mazzini	palazzomazzini.bagnoregio@gmail.com	https://www.hotelsdrop.com/hotel/palazzo-mazzini-bagnoregio	+39 347 768 8026
B&B La Vittoria	info@bnblavittoria.com	https://www.hotelsdrop.com/hotel/b-b-la-vittoria-bagolino	335 452 039
Ostello	ostellosullago@gmail.com	https://www.hotelsdrop.com/hotel/ostello-bagolino	+39 379 109 6806
B&B Dolci Sogni - Bed & Breakfast Mugnano del Cardinale	info@bebdolcisogni.it	https://www.hotelsdrop.com/hotel/b-b-dolci-sogni-bed-breakfast-mugnano-del-cardin-baiano	+39 320 814 7627
B&B I Due Angeli	assistenza@webador.it	https://www.hotelsdrop.com/hotel/b-b-i-due-angeli-baiano	+39 334 107 1520
Agrirelais La Bolla	info@agrirelaislabolla.com	https://www.hotelsdrop.com/hotel/agrirelais-la-bolla-bairo	+39 392 943 4144
B&B La Cascina	contatti@lacascinadiaglie.com	https://www.hotelsdrop.com/hotel/b-b-la-cascina-bairo	+39 346 307 0115
B&B la libellula	info@lalibellulabb.it	https://www.hotelsdrop.com/hotel/b-b-la-libellula-bairo	+39 347 345 2225
Casa Omnia B&B	info@bbcasaomnia.it	https://www.hotelsdrop.com/hotel/casa-omnia-b-b-bairo	+39 351 787 3217
Hotel Motel & Residence "S" - Front	info@sharygroup.it	https://www.hotelsdrop.com/hotel/hotel-motel-residence-s-front-bairo	+39 333 587 8108
Il Vecchio Comune B&B	roberto.giacoletto.rg@gmail.com	https://www.hotelsdrop.com/hotel/il-vecchio-comune-b-b-bairo	+39 347 413 0377
Agriturismo Ca' del Ciuco	info@cadelciuco.it	https://www.hotelsdrop.com/hotel/agriturismo-ca-del-ciuco-baiso	+39 329 157 5914
Agriturismo di Sordiglio	info@agriturismodisordiglio.com	https://www.hotelsdrop.com/hotel/agriturismo-di-sordiglio-baiso	+39 346 235 7187
Bed and Breakfast CASTELLO SAN ROMANO	castellodisanromano@gmail.com	https://www.hotelsdrop.com/hotel/bed-and-breakfast-castello-san-romano-baiso	+39 339 132 2286
Fattoria Branciana	fattoria.branciana@gmail.com	https://www.hotelsdrop.com/hotel/fattoria-branciana-baiso	+39 335 562 6508
Hotel Matilde	info@residencehotelmatilde.it	https://www.hotelsdrop.com/hotel/hotel-matilde-baiso	+39 334 823 8432
Agriturismo Cascina Ponchietta	info@ponchietta.com	https://www.hotelsdrop.com/hotel/agriturismo-cascina-ponchietta-balangero	+39 333 127 3044
Agriturismo l'Arbo	info@agriturismolarbo.com	https://www.hotelsdrop.com/hotel/agriturismo-l-arbo-balangero	+39 347 236 4382
Agriturismo nelle Langhe - Il Gelso - appartamenti nella Valle del Barolo	agri@agriturismoilgelso.it	https://www.hotelsdrop.com/hotel/agriturismo-nelle-langhe-il-gelso-appartamenti-n-balangero	+39 333 997 1134
Azienda Agrituristica Sa Mandra	info@samandra.it	https://www.hotelsdrop.com/hotel/azienda-agrituristica-sa-mandra-balangero	+39 320 968 7641
Cascina Tre Tigli	info@tretigli.com	https://www.hotelsdrop.com/hotel/cascina-tre-tigli-balangero	+39 338 779 4287
CASCINA BAMBI	info@cascinabambi.asti.it	https://www.hotelsdrop.com/hotel/cascina-bambi-baldichieri-d-asti	+39 347 571 0566
Bed and Breakfast Castello di Strambinello	info@castellodistrabinello.com	https://www.hotelsdrop.com/hotel/bed-and-breakfast-castello-di-strambinello-baldissero-canavese	+39 347 311 6476
CasaRosada Wellness-Healing Retreat	info@casarosadawellness.com	https://www.hotelsdrop.com/hotel/casarosada-wellness-healing-retreat-baldissero-canavese	+39 346 104 6822
Cascina Montiglio	info@cascinamontiglio.it	https://www.hotelsdrop.com/hotel/cascina-montiglio-baldissero-canavese	+39 349 159 2006
Agriturismo da Mamma	info@damamma.it	https://www.hotelsdrop.com/hotel/agriturismo-da-mamma-baldissero-d-alba	+39 331 203 5943
Casa a Pollenzo	portalanghe@gmail.com	https://www.hotelsdrop.com/hotel/casa-a-pollenzo-baldissero-d-alba	+39 393 689 2262
Di Vin Roero	info@divinroero.it	https://www.hotelsdrop.com/hotel/di-vin-roero-baldissero-d-alba	+39 333 901 3173
L'Ottavo Sapore - Ospitalità Rurale	lottavosapore@gmail.com	https://www.hotelsdrop.com/hotel/l-ottavo-sapore-ospitalita-rurale-baldissero-d-alba	+39 349 548 0602
La collina dei Passeri	info@lacollinadeipasseri.it	https://www.hotelsdrop.com/hotel/la-collina-dei-passeri-baldissero-d-alba	+39 335 607 8629
La noisette B&B	lanoisettebeb@gmail.com	https://www.hotelsdrop.com/hotel/la-noisette-b-b-baldissero-d-alba	+39 331 566 4507
Parco Didattico Le Colline di Giuca C/O Agriturismo I Bageta	info@sinergiaoutdoor.com	https://www.hotelsdrop.com/hotel/parco-didattico-le-colline-di-giuca-c-o-agrituri-baldissero-d-alba	+39 335 130 1912
Pocoburro Ca' d'arte	info@pocoburro.it	https://www.hotelsdrop.com/hotel/pocoburro-ca-d-arte-baldissero-d-alba	+39 328 211 2873
Agriturismo Ai Guiet	info@aiguiet.it	https://www.hotelsdrop.com/hotel/agriturismo-ai-guiet-baldissero-torinese	+39 351 460 1124
Loft Regio Parco	contact@globostay.com	https://www.hotelsdrop.com/hotel/loft-regio-parco-baldissero-torinese	+39 338 504 5308
AmarMare Bed & Breakfast	info@amarmare.it	https://www.hotelsdrop.com/hotel/amarmare-bed-breakfast-balestrate	+39 347 580 1079
b&b Casa Ruffino	info@casaruffino.it	https://www.hotelsdrop.com/hotel/b-b-casa-ruffino-balestrate	+39 342 150 7679
Balestrate Center Rooms	info@balestratecenterrooms.it	https://www.hotelsdrop.com/hotel/balestrate-center-rooms-balestrate	+39 329 842 3137
Case Playa	info@caseplaya.it	https://www.hotelsdrop.com/hotel/case-playa-balestrate	+39 388 057 4645
Il Girasole B & B	ilgirasolebalestrate@gmail.com	https://www.hotelsdrop.com/hotel/il-girasole-b-b-balestrate	+39 338 692 9711
La Balestra B&B	info@labalestrabb.eu	https://www.hotelsdrop.com/hotel/la-balestra-b-b-balestrate	+39 388 790 3538
Sunset House	info@sunsethousebalestrate.it	https://www.hotelsdrop.com/hotel/sunset-house-balestrate	+39 327 224 6892
Antico Melo	info@anticomelo.it	https://www.hotelsdrop.com/hotel/antico-melo-balestrino	+39 329 314 3795
B&B Ghe pensu mi	info@ghepensumi.it	https://www.hotelsdrop.com/hotel/b-b-ghe-pensu-mi-balestrino	+39 340 406 9309
Come nelle Favole	info@comenellefavolebeb.com	https://www.hotelsdrop.com/hotel/come-nelle-favole-balestrino	+39 348 370 0227
Gemy	605a7baede844d278b89dc95ae0a9123@sentry-next.wixpress.com	https://www.hotelsdrop.com/hotel/gemy-balestrino	+39 345 580 4682
Il Pittore di Stelle	info@ilpittoredistelle.it	https://www.hotelsdrop.com/hotel/il-pittore-di-stelle-balestrino	+39 327 889 4303
B&B Il Castagneto	ilcastagneto@hotmail.it	https://www.hotelsdrop.com/hotel/b-b-il-castagneto-ballabio	+39 329 104 2290
B&B Il Colombé	info@ilcolombebb.it	https://www.hotelsdrop.com/hotel/b-b-il-colombe-ballabio	+39 334 882 8250
Rocca dell’Innominato	roccadellinnominato@gmail.com	https://www.hotelsdrop.com/hotel/rocca-dell-innominato-ballabio	+39 335 132 5130
Tra Monti e Lago	gamamiraglia@gmail.com	https://www.hotelsdrop.com/hotel/tra-monti-e-lago-ballabio	+39 327 946 0853
Albergo Gran Paradiso - centro benessere - ristorante - Noasca	sabrina.cucciatti@gmail.com	https://www.hotelsdrop.com/hotel/albergo-gran-paradiso-centro-benessere-ristorant-balme	+39 340 472 9334
Sunrise Inn & Spa	info@sunriseinn.it	https://www.hotelsdrop.com/hotel/sunrise-inn-spa-balme	+39 388 729 1480
B&B LA BAITA DELLE COCCINELLE	info@labaitadellecoccinelle.it	https://www.hotelsdrop.com/hotel/b-b-la-baita-delle-coccinelle-balmuccia	+39 348 353 1454
Casa Gemma	info@walserhouse.com	https://www.hotelsdrop.com/hotel/casa-gemma-balmuccia	+39 347 366 3960
Castello della Bastia	info@castellodellabastia.it	https://www.hotelsdrop.com/hotel/castello-della-bastia-balocco	+39 393 988 0469
La Carosera B&B	booking@centovigne.it	https://www.hotelsdrop.com/hotel/la-carosera-b-b-balocco	+39 335 525 2890
ANTICA TENUTA AGRITURISMO	anticatenuta@gmail.com	https://www.hotelsdrop.com/hotel/antica-tenuta-agriturismo-balsorano	+39 333 750 9142
Azienda Agrituristica "Valle del Rio" di Tuzi Fabio	info@valledelrio.it	https://www.hotelsdrop.com/hotel/azienda-agrituristica-valle-del-rio-di-tuzi-fabi-balsorano	+39 333 298 0885
B&B Charme	charmesora@gmail.com	https://www.hotelsdrop.com/hotel/b-b-charme-balsorano	+39 329 709 8010
B&B La Collina di Peppino	lacollinadipeppino@hotmail.com	https://www.hotelsdrop.com/hotel/b-b-la-collina-di-peppino-balsorano	+39 333 222 7500
Casa Radiosa	solesenzanuvole@live.it	https://www.hotelsdrop.com/hotel/casa-radiosa-balsorano	+39 349 199 0541
Gelsi Luxury Suites	info@gelsi-lux.com	https://www.hotelsdrop.com/hotel/gelsi-luxury-suites-balsorano	+39 335 665 9329
Locanda Del Ponte	locanda.delponte@gmail.com	https://www.hotelsdrop.com/hotel/locanda-del-ponte-balsorano	+39 339 784 5961
Villa Benice	info@villabenice.com	https://www.hotelsdrop.com/hotel/villa-benice-balsorano	+39 333 584 0490
BeB Villareal	assistenza@webador.it	https://www.hotelsdrop.com/hotel/beb-villareal-balvano	+39 329 971 0559
Il rifugio delle stelle	info@ilrifugiodellestelle.it	https://www.hotelsdrop.com/hotel/il-rifugio-delle-stelle-balvano	+39 333 142 2291
b&b CASCINA SORTINA - bed and breakfast in Monferrato - Treville (AL)	info@cascinasortina.it	https://www.hotelsdrop.com/hotel/b-b-cascina-sortina-bed-and-breakfast-in-monferr-balzola	+39 339 326 9452
döit - Turismo e Cultura	info@doit-piemonte.com	https://www.hotelsdrop.com/hotel/doit-turismo-e-cultura-balzola	+39 345 335 0871
Gabanon Hostel	hello@gabanon.com	https://www.hotelsdrop.com/hotel/gabanon-hostel-balzola	+39 351 410 2020
Affittacamere Chiaro di Luna	info@bbchiarodiluna.com	https://www.hotelsdrop.com/hotel/affittacamere-chiaro-di-luna-banari	+39 320 301 8097
Hotel Locanda Minerva	locanda.minerva@gmail.com	https://www.hotelsdrop.com/hotel/hotel-locanda-minerva-banari	+39 328 432 6017
Sa Mariposa	info@bebsamariposa.it	https://www.hotelsdrop.com/hotel/sa-mariposa-banari	+39 333 614 0671
Villa Silvia Olivetti Ivrea (Torino)	info@villasilviaolivetti.eu	https://www.hotelsdrop.com/hotel/villa-silvia-olivetti-ivrea-torino-banchette	+39 347 579 5193
B&B Villa Rosa	infoturismo@distrettolaghi.it	https://www.hotelsdrop.com/hotel/b-b-villa-rosa-bannio-anzino	+39 342 747 0373
Walser House Albergo Diffuso	info@walserhouse.com	https://www.hotelsdrop.com/hotel/walser-house-albergo-diffuso-bannio-anzino	+39 347 366 3960
Corso Vittorio Bed e Breakfast Venosa	corsovittorio134@gmail.com	https://www.hotelsdrop.com/hotel/corso-vittorio-bed-e-breakfast-venosa-banzi	+39 320 315 0715
Hotel Kristall	hotelkristall3@libero.it	https://www.hotelsdrop.com/hotel/hotel-kristall-banzi	+39 340 862 1627
Bed & Breakfast Al Ponticello	lorellapicelli@libero.it	https://www.hotelsdrop.com/hotel/bed-breakfast-al-ponticello-baone	+39 349 390 1812
"Il borgo dell'Arcangelo"	info@ilborgodellarcangelo.com	https://www.hotelsdrop.com/hotel/il-borgo-dell-arcangelo-baradili	+39 340 592 4236
Albergo Diffuso Il Mandorlo	info@albergodiffusoilmandorlo.com	https://www.hotelsdrop.com/hotel/albergo-diffuso-il-mandorlo-baradili	+39 351 709 1881
Dimora B&B	ladimorabedandbreakfast@gmail.com	https://www.hotelsdrop.com/hotel/dimora-b-b-baradili	+39 380 475 1522
B&B Le Stagioni	info@beblestagioni.it	https://www.hotelsdrop.com/hotel/b-b-le-stagioni-baragiano	+39 347 199 2030
B&B Rifugio della luna	info@rifugiodellaluna.it	https://www.hotelsdrop.com/hotel/b-b-rifugio-della-luna-baragiano	+39 348 864 2610
B&B ArtStudio6 Dimora Artistica Campobasso	artstudiosei@gmail.com%20	https://www.hotelsdrop.com/hotel/b-b-artstudio6-dimora-artistica-campobasso-baranello	+39 392 568 5496
B&B Novantatrè	novantatrecb@gmail.com	https://www.hotelsdrop.com/hotel/b-b-novantatre-baranello	+39 329 253 8005
Casa degli Orefici	support@centralstay.eu	https://www.hotelsdrop.com/hotel/casa-degli-orefici-baranello	+39 392 371 6129
ILBE bed & breakfast	support@centralstay.eu	https://www.hotelsdrop.com/hotel/ilbe-bed-breakfast-baranello	+39 333 224 7382
La Fonte B&B	info@lafontebnb.it	https://www.hotelsdrop.com/hotel/la-fonte-b-b-baranello	+39 392 873 3194
Residenza Sant'Andrea	webmaster@residenzasantandrea-campobasso.it	https://www.hotelsdrop.com/hotel/residenza-sant-andrea-baranello	+39 339 100 1100
Tenuta Dafne	info@tenutadafne.it	https://www.hotelsdrop.com/hotel/tenuta-dafne-baranello	+39 392 752 7797
Hotel Sunset Green Ischia	hotelsunsetgreen@gmail.com	https://www.hotelsdrop.com/hotel/hotel-sunset-green-ischia-barano-d-ischia	+39 377 321 6234
Hotel Villa al Mare	info.hotelvillaalmaresas@gmail.com	https://www.hotelsdrop.com/hotel/hotel-villa-al-mare-barano-d-ischia	+39 334 178 9378
Appartamenti Antica Corte Milanese	info@anticacortemilanese.it	https://www.hotelsdrop.com/hotel/appartamenti-antica-corte-milanese-baranzate	+39 338 706 7796
B&B Cort di Quèla	cortdiquela@gmail.com	https://www.hotelsdrop.com/hotel/b-b-cort-di-quela-baranzate	+39 339 665 0624
B&B il Sasso Bianco IT012055C16CJVBT5T	info@ilsassobianco.it	https://www.hotelsdrop.com/hotel/b-b-il-sasso-bianco-it012055c16cjvbt5t-barasso	+39 345 873 5703
"Via dei Mari" Guest House	info@viadeimari.it	https://www.hotelsdrop.com/hotel/via-dei-mari-guest-house-baratili-san-pietro	+39 334 796 0497
Affittacamere Shardana	tramontosulmare21@gmail.com	https://www.hotelsdrop.com/hotel/affittacamere-shardana-baratili-san-pietro	+39 366 866 7510
Agriturismo Sa Crannaccia	info@sacrannaccia.com	https://www.hotelsdrop.com/hotel/agriturismo-sa-crannaccia-baratili-san-pietro	+39 329 441 6774
B&B Al Rimedio	info@alrimedio.it	https://www.hotelsdrop.com/hotel/b-b-al-rimedio-baratili-san-pietro	+39 389 267 9948
B&B Rita & Renzo	lecalle1@yahoo.it	https://www.hotelsdrop.com/hotel/b-b-rita-renzo-baratili-san-pietro	+39 340 077 4053
Gioia Guest House	info@gioiaguesthouse.it	https://www.hotelsdrop.com/hotel/gioia-guest-house-baratili-san-pietro	+39 334 796 0497
Il Giglio	info@agriturismoilgiglio.com	https://www.hotelsdrop.com/hotel/il-giglio-baratili-san-pietro	+39 329 453 9688
Agriturismo la Bedina	info@agriturismocanaveselabedina.it	https://www.hotelsdrop.com/hotel/agriturismo-la-bedina-barbania	+39 327 548 6579
Bed & Breakfast da Kate	info@bbdakate.it	https://www.hotelsdrop.com/hotel/bed-breakfast-da-kate-barbania	+39 333 142 1371
Dimora A Corte	info@dimoraacorte.it	https://www.hotelsdrop.com/hotel/dimora-a-corte-barbania	+39 329 445 4863
Agriturismo il Bacucco	info@bacucco.com	https://www.hotelsdrop.com/hotel/agriturismo-il-bacucco-barbara	+39 380 775 7887
Il Pozzo di Vivalpa	vivalpabandb@gmail.com	https://www.hotelsdrop.com/hotel/il-pozzo-di-vivalpa-barbara	+39 351 675 0225
Agriturismo da Sagraro	sagraro@inwind.it	https://www.hotelsdrop.com/hotel/agriturismo-da-sagraro-barbarano-mossano	+39 347 290 7072
Bed and Breakfast In Valle Vicenza	info@bnbinvalle.com	https://www.hotelsdrop.com/hotel/bed-and-breakfast-in-valle-vicenza-barbarano-mossano	+39 391 437 7320
B&B Il Tramonto	info@bnbiltramonto.it	https://www.hotelsdrop.com/hotel/b-b-il-tramonto-barbarano-romano	+39 335 630 2897
La Ripa	info@bblaripa.com	https://www.hotelsdrop.com/hotel/la-ripa-barbarano-romano	+39 338 207 1514
Le Terrazze di Casa Bonelli	info@terrazzecasabonelli.it	https://www.hotelsdrop.com/hotel/le-terrazze-di-casa-bonelli-barbarano-romano	+39 333 490 9001
LOCANDA EPICA (Albergo Diffuso)	centroturisticoepica@epicaworld.it	https://www.hotelsdrop.com/hotel/locanda-epica-albergo-diffuso-barbarano-romano	+39 351 751 7391
Agriturismo Ercolana	agriturismoercolana@gmail.com	https://www.hotelsdrop.com/hotel/agriturismo-ercolana-barbaresco	+39 340 568 5325
Bric d'Alû	info@bricdalu.it	https://www.hotelsdrop.com/hotel/bric-d-alu-barbaresco	+39 333 390 9115
Ca dei Currà	info@cadeicurra.com	https://www.hotelsdrop.com/hotel/ca-dei-curra-barbaresco	+39 335 625 2225
Hotel le Botti	info@hotellebotti.it	https://www.hotelsdrop.com/hotel/hotel-le-botti-barbaresco	+39 331 313 4492
I Quattro Grappoli	info@iquattrograppoli.it	https://www.hotelsdrop.com/hotel/i-quattro-grappoli-barbaresco	+39 340 401 1881
Relais Pqlin	info@relaispqlin.it	https://www.hotelsdrop.com/hotel/relais-pqlin-barbaresco	+39 392 445 4416
Vin dell'Olmo	info@vindellolmo.it	https://www.hotelsdrop.com/hotel/vin-dell-olmo-barbaresco	+39 335 718 7234
B&B Desenzano Bellavista Exclusive	infobellavistadesenzano@gmail.com	https://www.hotelsdrop.com/hotel/b-b-desenzano-bellavista-exclusive-barbariga	+39 347 243 0079
B&B Dolce Risveglio	info@bebdolcerisveglio.com	https://www.hotelsdrop.com/hotel/b-b-dolce-risveglio-barbariga	+39 377 522 1588
B&B Il Glicine	info@ilglicine.it	https://www.hotelsdrop.com/hotel/b-b-il-glicine-barbariga	+39 333 465 0125
Barbarino Casa Appartamento Vacanze	barbarinocasavacanze@gmail.com	https://www.hotelsdrop.com/hotel/barbarino-casa-appartamento-vacanze-barbariga	+39 351 556 4856
Corte al Lago Bed & Breakfast	info@corteallago.com	https://www.hotelsdrop.com/hotel/corte-al-lago-bed-breakfast-barbariga	+39 352 086 0392
LA HOME	welcome@lahome.it	https://www.hotelsdrop.com/hotel/la-home-barbariga	+39 331 368 8202
Il Casale di Santamettole	info@ilcasaledisantamettole.it	https://www.hotelsdrop.com/hotel/il-casale-di-santamettole-barberino-di-mugello	+39 333 487 8839
Il Vignolino Home Restaurant - Bed & Breakfast	vignolinobedandbreakfast@gmail.com	https://www.hotelsdrop.com/hotel/il-vignolino-home-restaurant-bed-breakfast-barberino-di-mugello	335 428 455
Residence Mugello Resort	info@residencemugello.it	https://www.hotelsdrop.com/hotel/residence-mugello-resort-barberino-di-mugello	+39 351 600 0190
Agriturismo Poggio alle Lame	info@poggioallelame.it	https://www.hotelsdrop.com/hotel/agriturismo-poggio-alle-lame-barberino-tavarnelle	+39 328 001 7277
Antica Pieve B&B	info@anticapieve.net	https://www.hotelsdrop.com/hotel/antica-pieve-b-b-barberino-tavarnelle	+39 328 030 3674
Il Paretaio	info@ilparetaio.it	https://www.hotelsdrop.com/hotel/il-paretaio-barberino-tavarnelle	+39 338 737 9626
Palazzo Malaspina B&B	info@palazzomalaspina.it	https://www.hotelsdrop.com/hotel/palazzo-malaspina-b-b-barberino-tavarnelle	+39 320 325 9923
alberodikarta b&b	accoglienza@alberodikarta.com	https://www.hotelsdrop.com/hotel/alberodikarta-b-b-barbianello	+39 347 088 9418
Beb l’ulivo	assistenza@webador.it	https://www.hotelsdrop.com/hotel/beb-l-ulivo-barbianello	+39 331 766 6456
Bresbot B&B	bresbotbeb@gmail.com	https://www.hotelsdrop.com/hotel/bresbot-b-b-barbianello	+39 327 472 5399
Frühaufhof apartments	info@fruehaufhof.it	https://www.hotelsdrop.com/hotel/fruhaufhof-apartments-barbiano-barbian	+39 348 252 2876
Gasthof Messnerhof	messnerhof@rolmail.net	https://www.hotelsdrop.com/hotel/gasthof-messnerhof-barbiano-barbian	+39 347 174 0775
Gostnerhof	info@gostnerhof.com	https://www.hotelsdrop.com/hotel/gostnerhof-barbiano-barbian	+39 339 622 5166
Mair Josef	info@matronerhof.it	https://www.hotelsdrop.com/hotel/mair-josef-barbiano-barbian	+39 340 616 5011
B&B Via Nazionale	info.vianazionale@gmail.com	https://www.hotelsdrop.com/hotel/b-b-via-nazionale-barcellona-pozzo-di-gotto	+39 333 920 1524
Cinquecento B&B	info@5centobb.it	https://www.hotelsdrop.com/hotel/cinquecento-b-b-barcellona-pozzo-di-gotto	+39 338 963 7676
Hotel Ristorante all'Antico Pozzo	info@anticopozzocompany.it	https://www.hotelsdrop.com/hotel/hotel-ristorante-all-antico-pozzo-barcellona-pozzo-di-gotto	+39 345 010 8803
Idria B&B	idriabnb@gmail.com	https://www.hotelsdrop.com/hotel/idria-b-b-barcellona-pozzo-di-gotto	+39 347 109 0325
Agriturismo Ai Monti	at.aimonti@virgilio.it	https://www.hotelsdrop.com/hotel/agriturismo-ai-monti-barcis	+39 392 869 6070
Albergo Diffuso Lago di Barcis e Dolomiti Friulane	info@albergodiffusobarcis.it	https://www.hotelsdrop.com/hotel/albergo-diffuso-lago-di-barcis-e-dolomiti-friula-barcis	+39 333 163 1333
Albergo Ristorante Dolomiti Claut	info@albergodolomiticlaut.it	https://www.hotelsdrop.com/hotel/albergo-ristorante-dolomiti-claut-barcis	+39 333 425 7501
Dimora Gilles	605a7baede844d278b89dc95ae0a9123@sentry-next.wixpress.com	https://www.hotelsdrop.com/hotel/dimora-gilles-bard	+39 348 752 2279
Hôtel Cavour et des Officiers	hotelcavour@fortedibard.it	https://www.hotelsdrop.com/hotel/hotel-cavour-et-des-officiers-bard	+39 366 674 6226
La maison des vignerons b&b chambres d'hôtes	info@lamaisondesvignerons.it	https://www.hotelsdrop.com/hotel/la-maison-des-vignerons-b-b-chambres-d-hotes-bard	+39 347 433 4936
Lo Sougnet	info@lo-sougnet.com	https://www.hotelsdrop.com/hotel/lo-sougnet-bard	+39 347 435 7346
Ostello "Ou Crierel"	info@oucrierel.com	https://www.hotelsdrop.com/hotel/ostello-ou-crierel-bard	+39 347 060 7525
Villa Sardino	3hospitality.info@gmail.com	https://www.hotelsdrop.com/hotel/villa-sardino-bard	+39 339 365 4980
Agriturismo Podere Barzia	info@poderebarzia.it	https://www.hotelsdrop.com/hotel/agriturismo-podere-barzia-bardi	+39 339 816 6494
Agriturismo Poggio d'incanto	info@poggiodincanto.it	https://www.hotelsdrop.com/hotel/agriturismo-poggio-d-incanto-bardi	+39 333 575 3787
B & B Le Sei Dame	info@leseidame.it	https://www.hotelsdrop.com/hotel/b-b-le-sei-dame-bardi	+39 333 840 9000
Ca' del Grano	info@cadelgrano.it	https://www.hotelsdrop.com/hotel/ca-del-grano-bardi	+39 327 732 2836
Tolasudolsa Rooms, Breakfast & Mountain Bike	info@roomsbreakfastmtb.it	https://www.hotelsdrop.com/hotel/tolasudolsa-rooms-breakfast-mountain-bike-bardi	+39 331 294 6881
Villaggio Turistico Il Falco	info@villaggioturisticoilfalco.com	https://www.hotelsdrop.com/hotel/villaggio-turistico-il-falco-bardi	+39 349 863 3807
Ca di Voi	info@agriturismocadivoi.com	https://www.hotelsdrop.com/hotel/ca-di-voi-bardineto	+39 333 356 8200
B&B Lucy Bardolino	luciatortella@gmail.com	https://www.hotelsdrop.com/hotel/b-b-lucy-bardolino-bardolino	+39 348 592 5962
Ca' Fiore Hotel	info@cafiore.it	https://www.hotelsdrop.com/hotel/ca-fiore-hotel-bardonecchia	+39 331 364 6340
Case Verdi Bardonecchia	info@caseverdi.it	https://www.hotelsdrop.com/hotel/case-verdi-bardonecchia-bardonecchia	+39 388 343 6111
Chalet Bellevue, hotel meublé	info@bellevuechalet.it	https://www.hotelsdrop.com/hotel/chalet-bellevue-hotel-meuble-bardonecchia	+39 371 788 1107
Savoia Mountain Resort	reservation@savoiaresort.com	https://www.hotelsdrop.com/hotel/savoia-mountain-resort-bardonecchia	+39 338 251 2137
B&B Agriturismo Cascina la Palazzina	info@agriturismocascinalapalazzina.it	https://www.hotelsdrop.com/hotel/b-b-agriturismo-cascina-la-palazzina-bareggio	+39 348 414 6208
B&B dei Gemelli	locanda_dei_gemelli@tiscali.it	https://www.hotelsdrop.com/hotel/b-b-dei-gemelli-bareggio	+39 377 323 9097
soggiorni al casolare	info@mind-milano.com	https://www.hotelsdrop.com/hotel/soggiorni-al-casolare-bareggio	+39 347 665 5298
B&BMagicHouse Cin IT003106C1TA3BSIY9	magichousenovara@gmail.com	https://www.hotelsdrop.com/hotel/b-bmagichouse-cin-it003106c1ta3bsiy9-barengo	+39 393 050 1968
Il Corbezzolo	info@ilcorbezzolo.it	https://www.hotelsdrop.com/hotel/il-corbezzolo-baressa	+39 349 881 0537
B&B La Fonte	beb.lafonte@gmail.com	https://www.hotelsdrop.com/hotel/b-b-la-fonte-barete	+39 339 610 2931
Hotel Aquila noleggio e-bike	genmar49@virgilio.it	https://www.hotelsdrop.com/hotel/hotel-aquila-noleggio-e-bike-barete	+39 388 785 7337
La Dimora di Stefy - Bed & Breakfast	info@ladimoradistefy.com	https://www.hotelsdrop.com/hotel/la-dimora-di-stefy-bed-breakfast-barete	+39 377 452 6330
Le Farine Del Maestro - Mulino di Riolitto e Cavalli F.	info@lefarinedelmaestro.it	https://www.hotelsdrop.com/hotel/le-farine-del-maestro-mulino-di-riolitto-e-caval-barete	+39 345 042 6549
Agriturismo I Cedri	info@agriturismoicedri.it	https://www.hotelsdrop.com/hotel/agriturismo-i-cedri-barga	+39 348 224 9305
Agriturismo Puro	ljusenok@gmail.com	https://www.hotelsdrop.com/hotel/agriturismo-puro-barga	+39 388 573 1657
In Castello	incastellogarfagnana@gmail.com	https://www.hotelsdrop.com/hotel/in-castello-barga	+39 327 986 4538
Nel Cielo di Barga Bed & Breakfast	julie@nelcielodibarga.com	https://www.hotelsdrop.com/hotel/nel-cielo-di-barga-bed-breakfast-barga	+39 320 828 8021
B&B Cà dei Frè	cadeifre@live.it	https://www.hotelsdrop.com/hotel/b-b-ca-dei-fre-bargagli	+39 366 537 3707
B&B Casa Bea	liguriadventure@gmail.com	https://www.hotelsdrop.com/hotel/b-b-casa-bea-bargagli	+39 349 245 4794
Casa per ferie Collegio Emiliani	accoglienza@collegioemiliani.it	https://www.hotelsdrop.com/hotel/casa-per-ferie-collegio-emiliani-bargagli	+39 370 110 3606
Il Maestro di Tourlach - Luxury room in the woods with two pools	danielaolivieri0@gmail.com	https://www.hotelsdrop.com/hotel/il-maestro-di-tourlach-luxury-room-in-the-woods-bargagli	+39 347 293 8100
B&B Il Giardino Dei Semplici	info@giardinodeisemplici.eu	https://www.hotelsdrop.com/hotel/b-b-il-giardino-dei-semplici-barge	+39 347 761 7987
Barba Bertu Bed&Breakfast	info@barbabertu.com	https://www.hotelsdrop.com/hotel/barba-bertu-bed-breakfast-barge	+39 347 582 5566
B&B La Gemma	info@lagemmadelgarda.it	https://www.hotelsdrop.com/hotel/b-b-la-gemma-barghe	+39 339 145 3025
Hotel Atelier Gardone Riviera & Beach	info@hotelateliergardoneriviera.it	https://www.hotelsdrop.com/hotel/hotel-atelier-gardone-riviera-beach-barghe	+39 338 247 1602
BARI ROOMS - Imbriani 15 - Best price guarantee	info@barirooms.it	https://www.hotelsdrop.com/hotel/bari-rooms-imbriani-15-best-price-guarantee-bari	+39 347 497 6710
CasaRA	casarabari22@gmail.com	https://www.hotelsdrop.com/hotel/casara-bari	+39 371 528 2778
KiBari b&b	info@kibari.it	https://www.hotelsdrop.com/hotel/kibari-b-b-bari	+39 347 733 3308
Villa Grace Luxury Apartaments	garofalocosimo.gc@gmail.com	https://www.hotelsdrop.com/hotel/villa-grace-luxury-apartaments-bari	+39 334 134 0579
Viva' bed & breakfast	vivabaribb@gmail.com	https://www.hotelsdrop.com/hotel/viva-bed-breakfast-bari	+39 375 737 9026
Affittacamere B&B Sotto le Stelle	info@sottolestellevacanze.com	https://www.hotelsdrop.com/hotel/affittacamere-b-b-sotto-le-stelle-bari-sardo	+39 328 128 5107
Agriturismo Chiai Francesco	info@agriturismochiaifrancesco.com	https://www.hotelsdrop.com/hotel/agriturismo-chiai-francesco-bari-sardo	+39 349 571 4716
Agriturismo Su Solianu	info@susolianu.it	https://www.hotelsdrop.com/hotel/agriturismo-su-solianu-bari-sardo	+39 346 373 6093
B&B Campu Moru	info@campumoru.it	https://www.hotelsdrop.com/hotel/b-b-campu-moru-bari-sardo	+39 347 666 4835
Hotel Baja Azzurra	info@hotelbajazzurra.com	https://www.hotelsdrop.com/hotel/hotel-baja-azzurra-bari-sardo	+39 329 177 0132
Hotel Cardedu	info@hotelcardedu.com	https://www.hotelsdrop.com/hotel/hotel-cardedu-bari-sardo	+39 375 589 1509
Prima Luna	primalunarooms@gmail.com	https://www.hotelsdrop.com/hotel/prima-luna-bari-sardo	+39 379 203 0737
Residence Cort'E Accas	alessioarchettu@gmail.com	https://www.hotelsdrop.com/hotel/residence-cort-e-accas-bari-sardo	+39 328 931 6910
Resort Baia Cea	info@baiacea.com	https://www.hotelsdrop.com/hotel/resort-baia-cea-bari-sardo	+39 329 432 3689
Sosta Camping Torre di Bari Sardo	campingtorredibarisardo@gmail.com	https://www.hotelsdrop.com/hotel/sosta-camping-torre-di-bari-sardo-bari-sardo	+39 328 555 5848
Agriturismo Corte Roeli	info@corteroeli.it	https://www.hotelsdrop.com/hotel/agriturismo-corte-roeli-baricella	+39 352 097 1288
B&B Dolce Vita	dolcevita303@gmail.com	https://www.hotelsdrop.com/hotel/b-b-dolce-vita-baricella	+39 392 397 0668
B&B House Garden Loft	info@housegardenloft.com	https://www.hotelsdrop.com/hotel/b-b-house-garden-loft-baricella	+39 335 824 3717
bed and breakfast il giardino	info@bb-ilgiardino.it	https://www.hotelsdrop.com/hotel/bed-and-breakfast-il-giardino-baricella	+39 339 450 1441
Casa Morandi B&B	info@casamorandi.com	https://www.hotelsdrop.com/hotel/casa-morandi-b-b-baricella	+39 339 825 7977
Ciccilia B&B	info@ciccilia.it	https://www.hotelsdrop.com/hotel/ciccilia-b-b-baricella	+39 338 393 2580
"Zia Sisina" - Dimora Storica	brucomela@gmail.com	https://www.hotelsdrop.com/hotel/zia-sisina-dimora-storica-barile	+39 347 670 5078
ALLEGROFRANCO B&B	vino@elated-themes.com	https://www.hotelsdrop.com/hotel/allegrofranco-b-b-barile	+39 338 497 3154
Villa Ulivi - Bubble Glamping - B&B	info.villaulivi@gmail.com	https://www.hotelsdrop.com/hotel/villa-ulivi-bubble-glamping-b-b-barile	+39 331 930 5437
B&B Palazzo la Loggia	info@palazzolaloggia.it	https://www.hotelsdrop.com/hotel/b-b-palazzo-la-loggia-barisciano	+39 348 313 6682
Bed e Breakfast LA DOTE	support@centralstay.eu	https://www.hotelsdrop.com/hotel/bed-e-breakfast-la-dote-barisciano	+39 349 749 7106
Complesso Turistico Aurora - camere & appartamenti	camereaurroa@email.it	https://www.hotelsdrop.com/hotel/complesso-turistico-aurora-camere-appartamenti-barisciano	+39 328 835 2347
Gran Sasso Letizia B&B	gransassoletiziabb@gmail.com	https://www.hotelsdrop.com/hotel/gran-sasso-letizia-b-b-barisciano	+39 327 572 0600
La Bifora e Le Lune	info@labiforalelune.com	https://www.hotelsdrop.com/hotel/la-bifora-e-le-lune-barisciano	+39 347 724 2841
"IL PICCOLO GOLF" - Foresteria Lombarda	info@ilpiccologolf.it	https://www.hotelsdrop.com/hotel/il-piccolo-golf-foresteria-lombarda-barlassina	+39 335 618 5211
B&B Elisa	ettorevai@hotmail.com	https://www.hotelsdrop.com/hotel/b-b-elisa-barlassina	+39 327 431 8068
B&B De Nittis - Meridia Collection	info@bbdenittis.com	https://www.hotelsdrop.com/hotel/b-b-de-nittis-meridia-collection-barletta	+39 338 592 8577
B&B La Disfida di Barletta	info@ladisfidadibarletta.it	https://www.hotelsdrop.com/hotel/b-b-la-disfida-di-barletta-barletta	+39 388 444 0895
B&b le muse	beblemuse@libero.it	https://www.hotelsdrop.com/hotel/b-b-le-muse-barletta	+39 351 205 2537
B&B Saint Patrick	info@saint-patrick.it	https://www.hotelsdrop.com/hotel/b-b-saint-patrick-barletta	+39 345 284 2270
Binario 1 Rooms | B&B a Barletta	binario1rooms@gmail.com	https://www.hotelsdrop.com/hotel/binario-1-rooms-b-b-a-barletta-barletta	+39 338 480 9189
Domatia Bed and Breakfast	info@domatia.it	https://www.hotelsdrop.com/hotel/domatia-bed-and-breakfast-barletta	+39 388 099 1799
Guest House Al Centro Storico	alcentrostorico@libero.it	https://www.hotelsdrop.com/hotel/guest-house-al-centro-storico-barletta	+39 328 411 5076
La Luna e il Sole	lalunaeilsole@yahoo.com	https://www.hotelsdrop.com/hotel/la-luna-e-il-sole-barletta	+39 345 665 9718
Liddo Boutique Hotel Barletta	info@bbliddo.it	https://www.hotelsdrop.com/hotel/liddo-boutique-hotel-barletta-barletta	+39 347 549 8321
VinsLounge B&B Suite	info@vinslounge.it	https://www.hotelsdrop.com/hotel/vinslounge-b-b-suite-barletta	+39 347 591 6026
B&B L'Erica	paiardilaura@gmail.com	https://www.hotelsdrop.com/hotel/b-b-l-erica-barni	+39 338 666 2206
B&B SIBI	sibi71@alice.it	https://www.hotelsdrop.com/hotel/b-b-sibi-barni	+39 348 642 2947
Hotel Mirabeau Bellagio	hotel.mirabeau.bellagio@gmail.com	https://www.hotelsdrop.com/hotel/hotel-mirabeau-bellagio-barni	+39 347 051 8344
Mamma Ciccia rooms & apartments	info@mammaciccia.it	https://www.hotelsdrop.com/hotel/mamma-ciccia-rooms-apartments-barni	+39 371 338 9845
Agriturismo Il Gioco Dell'Oca	info@gioco-delloca.it	https://www.hotelsdrop.com/hotel/agriturismo-il-gioco-dell-oca-barolo	+39 338 599 9426
La Giolitta Accomodations di Daniela Vacca	//info@lagiolitta.it	https://www.hotelsdrop.com/hotel/la-giolitta-accomodations-di-daniela-vacca-barolo	+39 333 238 9220
The Green Guesthouse	info@green-guesthouse.it	https://www.hotelsdrop.com/hotel/the-green-guesthouse-barolo	+39 345 242 7676
TorreBarolo	info@torrebarolo.com	https://www.hotelsdrop.com/hotel/torrebarolo-barolo	+39 333 238 9220
Villa Carla Barolo	hospitality@villacarlabarolo.it	https://www.hotelsdrop.com/hotel/villa-carla-barolo-barolo	+39 331 905 1456
Vineho	info@vineho.it	https://www.hotelsdrop.com/hotel/vineho-barolo	+39 338 115 3103
B&B Poesie di Viaggio	info.poesiediviaggio@gmail.com	https://www.hotelsdrop.com/hotel/b-b-poesie-di-viaggio-barone-canavese	+39 370 325 2500
Le Ali del Falco	contact@alidelfalco.com	https://www.hotelsdrop.com/hotel/le-ali-del-falco-barone-canavese	+39 320 763 9244
Villa Albaluce	info@villa-albaluce.it	https://www.hotelsdrop.com/hotel/villa-albaluce-barone-canavese	+39 344 130 7055
B&B Gli Agrumi | Bed and Breakfast Salerno - Università	fasgiu@gmail.com	https://www.hotelsdrop.com/hotel/b-b-gli-agrumi-bed-and-breakfast-salerno-univers-baronissi	+39 347 238 0563
B&B IL CAVALIERE	info@salernobb.com	https://www.hotelsdrop.com/hotel/b-b-il-cavaliere-baronissi	+39 393 910 0645
B&B La Casetta Rossa	info@beblacasettarossa.it	https://www.hotelsdrop.com/hotel/b-b-la-casetta-rossa-baronissi	+39 391 755 7115
B&B La Tinta	info@latintabedandbreakfast.it	https://www.hotelsdrop.com/hotel/b-b-la-tinta-baronissi	+39 347 983 9954
B&B Michela	%20michelaforino@gmail.com	https://www.hotelsdrop.com/hotel/b-b-michela-baronissi	+39 328 115 6409
Mezzaluna Guest House	support@centralstay.eu	https://www.hotelsdrop.com/hotel/mezzaluna-guest-house-baronissi	+39 340 180 8765
Salerno B&B	info@salernobb.com	https://www.hotelsdrop.com/hotel/salerno-b-b-baronissi	+39 393 910 0645
Tree Luxury	support@centralstay.eu	https://www.hotelsdrop.com/hotel/tree-luxury-baronissi	+39 350 852 8012
Agriturismo Borgo Furma	borgofurma@gmail.com	https://www.hotelsdrop.com/hotel/agriturismo-borgo-furma-barrafranca	+39 338 138 0923
Agriturismo La Fattoria di San Francesco	info@lafattoriadisanfrancesco.it	https://www.hotelsdrop.com/hotel/agriturismo-la-fattoria-di-san-francesco-barrafranca	+39 327 978 2279
B&B Dante	info@bbdantebarrafranca.it	https://www.hotelsdrop.com/hotel/b-b-dante-barrafranca	+39 339 354 4726
Camurria Sicilian B&B	info@camurriasicilianbb.it	https://www.hotelsdrop.com/hotel/camurria-sicilian-b-b-barrafranca	+39 380 581 3336
La Quercia e l'Asino	info@bbquerciaeasino.it	https://www.hotelsdrop.com/hotel/la-quercia-e-l-asino-barrafranca	+39 328 682 0251
Affitacamere JIL	appartamentijil@gmail.com	https://www.hotelsdrop.com/hotel/affitacamere-jil-barrali	+39 327 799 5442
Donnicalia B&B - Bed & Bliss	info@donnicalia.it	https://www.hotelsdrop.com/hotel/donnicalia-b-b-bed-bliss-barrali	+39 379 298 3986
4Flats in Orto Di Venanzio	kaizenflats@gmail.com	https://www.hotelsdrop.com/hotel/4flats-in-orto-di-venanzio-barrea	+39 340 465 0850
Albergo Ostello dagli Elfi	ostelloelfi@gmail.com	https://www.hotelsdrop.com/hotel/albergo-ostello-dagli-elfi-barrea	+39 339 527 5982
B&B Il Rifugio Nel Parco	info@ilrifugionelparco.it	https://www.hotelsdrop.com/hotel/b-b-il-rifugio-nel-parco-barrea	+39 329 986 6250
Hotel Holidays	info@hotel-holidays.it	https://www.hotelsdrop.com/hotel/hotel-holidays-barrea	+39 331 302 7064
Hotel Verdeneve	info@hotelverdeneve.com	https://www.hotelsdrop.com/hotel/hotel-verdeneve-barrea	+39 353 322 6566
B&B Su Strintu	bedandbreakfastsustrintu@gmail.com	https://www.hotelsdrop.com/hotel/b-b-su-strintu-barumini	+39 347 042 9291
Diecizero Inn Guesthouse	art.hotel@diecizero.com	https://www.hotelsdrop.com/hotel/diecizero-inn-guesthouse-barumini	+39 348 798 6963
Is Perdas Agriturismo, Rural Retreat & Spa	info@isperdas.it	https://www.hotelsdrop.com/hotel/is-perdas-agriturismo-rural-retreat-spa-barumini	+39 347 061 7836
Oasi Francescana Laconi	oasi.laconi@gmail.com	https://www.hotelsdrop.com/hotel/oasi-francescana-laconi-barumini	+39 331 739 3002
Sa Mola Experience	contatto@esempio.it	https://www.hotelsdrop.com/hotel/sa-mola-experience-barumini	+39 340 799 8409
Red House	redhousegarlate@gmail.com	https://www.hotelsdrop.com/hotel/red-house-barzago	+39 388 468 8761
Casa ATENA	info@casaatena.it	https://www.hotelsdrop.com/hotel/casa-atena-barzana	+39 353 385 4168
Agriturismo La Possa	info@agriturismolapossa.it	https://www.hotelsdrop.com/hotel/agriturismo-la-possa-barzan	+39 348 490 9834
Masseria Agrituristica Lama San Giorgio	info@lamasangiorgio.it	https://www.hotelsdrop.com/hotel/masseria-agrituristica-lama-san-giorgio-barzan	+39 348 334 2889
B&B Rocca di Bajedo	roccadibajedo@gmail.com	https://www.hotelsdrop.com/hotel/b-b-rocca-di-bajedo-barzio	+39 335 827 4497
B&B Villa Cavallier	info@villacavallier.it	https://www.hotelsdrop.com/hotel/b-b-villa-cavallier-barzio	+39 335 588 9332
Como's Lake Mountains	clm@ariete87.it	https://www.hotelsdrop.com/hotel/como-s-lake-mountains-barzio	+39 379 253 5749
Foresteria Botton d'oro	info@bottondoro-valleimagna.it	https://www.hotelsdrop.com/hotel/foresteria-botton-d-oro-barzio	+39 389 103 0096
Garni Le Grigne	info@garnilegrigne.it	https://www.hotelsdrop.com/hotel/garni-le-grigne-barzio	+39 350 183 3506
Agriturismo San Matteo	info@cantinasanmatteo.it	https://www.hotelsdrop.com/hotel/agriturismo-san-matteo-basaluzzo	+39 392 485 6319
Bed&Breakfast Ferriera 8	ferriera8noviligure@gmail.com	https://www.hotelsdrop.com/hotel/bed-breakfast-ferriera-8-basaluzzo	+39 338 891 1498
B&b Rozzano affittacamere	info@rozzanoaffittacamere.it	https://www.hotelsdrop.com/hotel/b-b-rozzano-affittacamere-bascap	+39 334 786 8860
Poste Regie - Milan Guest House	info@milanguesthouse.it	https://www.hotelsdrop.com/hotel/poste-regie-milan-guest-house-bascap	+39 340 839 7412
Agriturismo Buriano by Bellaluce	buriano@buriano.it	https://www.hotelsdrop.com/hotel/agriturismo-buriano-by-bellaluce-baschi	335 224 870
Agriturismo Le Casette	lecasetteumbria@gmail.com	https://www.hotelsdrop.com/hotel/agriturismo-le-casette-baschi	336 607 708
B&B Dimora Paolina	rapol@tiscali.it	https://www.hotelsdrop.com/hotel/b-b-dimora-paolina-baschi	+39 366 705 5465
Casale al lago	info@casaleallago.com	https://www.hotelsdrop.com/hotel/casale-al-lago-baschi	+39 347 013 1807
Il Borgo Affitacamere	luigicappelloni@gmail.com	https://www.hotelsdrop.com/hotel/il-borgo-affitacamere-baschi	+39 334 710 7448
B&B letterario Palazzo Pistocchi	info@palazzopistocchi.com	https://www.hotelsdrop.com/hotel/b-b-letterario-palazzo-pistocchi-basciano	+39 392 004 3188
La Casa di Gemma B&B	lacasadigemmabnb@gmail.com	https://www.hotelsdrop.com/hotel/la-casa-di-gemma-b-b-basciano	+39 348 380 9872
La Villetta sul Mavone	contact@globostay.com	https://www.hotelsdrop.com/hotel/la-villetta-sul-mavone-basciano	+39 320 071 2033
Villa Lidia Teramo B&B	info@villalidiateramo.it	https://www.hotelsdrop.com/hotel/villa-lidia-teramo-b-b-basciano	+39 347 698 7834
Bike Bed & Breakfast Mille Pini	bike.bed.breakfast.millepini@gmail.com	https://www.hotelsdrop.com/hotel/bike-bed-breakfast-mille-pini-baselga-di-pin	+39 320 060 3386
Casa Albergo Oasi Piana Romana	info@oasipianaromana.it	https://www.hotelsdrop.com/hotel/casa-albergo-oasi-piana-romana-baselice	+39 346 241 1654
L'Affresco di Mobilia Massimo	info@laffresco.it	https://www.hotelsdrop.com/hotel/l-affresco-di-mobilia-massimo-baselice	+39 333 312 1711
Accogliente Dimora	info@accoglientedimora.it	https://www.hotelsdrop.com/hotel/accogliente-dimora-basic	+39 342 153 7324
b&b beby in viaggio	bebyinviaggio@gmail.com	https://www.hotelsdrop.com/hotel/b-b-beby-in-viaggio-basic	+39 349 617 7560
B&B Bellavista	info@bellavistamonopoli.it	https://www.hotelsdrop.com/hotel/b-b-bellavista-basic	+39 349 617 1501
Bed and Breakfast Il Civico 2	bbilcivico2@gmail.com	https://www.hotelsdrop.com/hotel/bed-and-breakfast-il-civico-2-basic	+39 340 160 7584
Agriturismo Le Risaie	info@agriturismolerisaie.it	https://www.hotelsdrop.com/hotel/agriturismo-le-risaie-basiglio	+39 333 487 0785
B&B Botton d'Oro	info@bottondorobasiglio.com	https://www.hotelsdrop.com/hotel/b-b-botton-d-oro-basiglio	+39 373 783 4142
BB I Salici	info@bbisalici.it	https://www.hotelsdrop.com/hotel/bb-i-salici-basiglio	+39 388 948 6374
B&B Villa mi Sueño	patyveronica07@gmail.com	https://www.hotelsdrop.com/hotel/b-b-villa-mi-sueno-basiliano	+39 335 721 7896
Guest House Italo & Anna	2515info@italoeanna.com	https://www.hotelsdrop.com/hotel/guest-house-italo-anna-basiliano	+39 339 178 2515
Hotel Concorde	info@hotelconcorde.ud.it	https://www.hotelsdrop.com/hotel/hotel-concorde-basiliano	+39 338 412 3069
La Blave Rooms	info@lablaverooms.it	https://www.hotelsdrop.com/hotel/la-blave-rooms-basiliano	+39 350 073 9582
Sleep In Udine	stopsleepudine@gmail.com	https://www.hotelsdrop.com/hotel/sleep-in-udine-basiliano	+39 339 592 5869
Franciacorta Executive Resort	info@nicolaruvioli.it	https://www.hotelsdrop.com/hotel/franciacorta-executive-resort-bassano-bresciano	+39 338 936 9844
La Rosa Dei Venti	larosadeiventi@blserviziedili.it	https://www.hotelsdrop.com/hotel/la-rosa-dei-venti-bassano-bresciano	335 295 650
RESIDENZA BORGO MANERBIO	residenzaborgo@gmail.com	https://www.hotelsdrop.com/hotel/residenza-borgo-manerbio-bassano-bresciano	+39 338 196 6961
Bacaria	info@bacariabedandbreakfast.it	https://www.hotelsdrop.com/hotel/bacaria-bassano-del-grappa	+39 392 547 1730
Bed & Breakfast Rezzonico	giordanamilanibnb@gmail.co	https://www.hotelsdrop.com/hotel/bed-breakfast-rezzonico-bassano-del-grappa	+39 333 454 8510
Ca' Baracca & Bellavista	info@cabaracca.it	https://www.hotelsdrop.com/hotel/ca-baracca-bellavista-bassano-del-grappa	+39 349 571 8497
CA' BASSANO Bed & Breakfast	48bassano@gmail.com	https://www.hotelsdrop.com/hotel/ca-bassano-bed-breakfast-bassano-del-grappa	+39 347 005 1805
Le Betulle B&B	luca.rebe68@gmail.com	https://www.hotelsdrop.com/hotel/le-betulle-b-b-bassano-del-grappa	+39 348 005 1682
Ostello Bassano del Grappa	prenotazioni@ostellobassanodelgrappa.it	https://www.hotelsdrop.com/hotel/ostello-bassano-del-grappa-bassano-del-grappa	+39 331 157 6723
Palazzetto Dieda	palazzettodieda@gmail.com	https://www.hotelsdrop.com/hotel/palazzetto-dieda-bassano-del-grappa	+39 324 023 4694
B&B La Quercia	info@laquercia-b-b.it	https://www.hotelsdrop.com/hotel/b-b-la-quercia-bassano-in-teverina	+39 327 334 0255
I Segreti Del Borgo	info@isegretidelborgo.it	https://www.hotelsdrop.com/hotel/i-segreti-del-borgo-bassano-in-teverina	+39 393 499 8426
L' Orto di Hans - Bio Agriturismo	info@lortodihans.com	https://www.hotelsdrop.com/hotel/l-orto-di-hans-bio-agriturismo-bassano-in-teverina	+39 346 228 5770
Agriturismo Il Fragolino	ilfragolino@gmail.com	https://www.hotelsdrop.com/hotel/agriturismo-il-fragolino-bassano-romano	+39 327 456 6725
Casale Sant'Elia	manuelaarcioni@tiscali.it	https://www.hotelsdrop.com/hotel/casale-sant-elia-bassano-romano	+39 392 354 3510
Corte Sospesa Guest House & Spa	info@cortesospesa.com	https://www.hotelsdrop.com/hotel/corte-sospesa-guest-house-spa-bassano-romano	+39 351 751 6715
B&B Piazza Roma	info@bnbpiazzaroma.it	https://www.hotelsdrop.com/hotel/b-b-piazza-roma-bassiano	+39 340 778 7062
Eco House San Michele	605a7baede844d278b89dc95ae0a9123@sentry-next.wixpress.com	https://www.hotelsdrop.com/hotel/eco-house-san-michele-bassiano	+39 328 886 0921
Hotel Excelsior	hotelexcelsior@gruppoflamini.com	https://www.hotelsdrop.com/hotel/hotel-excelsior-bassiano	+39 377 529 7158
B&B Perbacco	bbperbacco@tiscali.it	https://www.hotelsdrop.com/hotel/b-b-perbacco-bassignana	+39 335 666 8354
La Casetta	big.sara@yahoo.it	https://www.hotelsdrop.com/hotel/la-casetta-bassignana	+39 328 657 6434
B&B Bricco della Guardia	ilbriccodellaguardia@gmail.com	https://www.hotelsdrop.com/hotel/b-b-bricco-della-guardia-bastia-mondov	+39 371 371 8773
B&B Bricco Fiore	briccofiore@gmail.com	https://www.hotelsdrop.com/hotel/b-b-bricco-fiore-bastia-mondov	+39 334 128 4983
B&B Torre in Langa	info@torreinlanga.it	https://www.hotelsdrop.com/hotel/b-b-torre-in-langa-bastia-mondov	+39 338 117 8637
B&B Vista Sulle Langhe	info@vistalanghe.it	https://www.hotelsdrop.com/hotel/b-b-vista-sulle-langhe-bastia-mondov	+39 349 857 0551
ca' del magu	cadelmagu@gmail.com	https://www.hotelsdrop.com/hotel/ca-del-magu-bastia-mondov	+39 327 386 9832
Casa Calleri	info@casacalleri.it	https://www.hotelsdrop.com/hotel/casa-calleri-bastia-mondov	+39 380 265 7976
I Perticali	iperticali@gmail.com\	https://www.hotelsdrop.com/hotel/i-perticali-bastia-mondov	+39 328 741 0079
La Rocca Residence	info@laroccadicarru.com	https://www.hotelsdrop.com/hotel/la-rocca-residence-bastia-mondov	+39 331 472 9381
B&B Camere Mariella	info@cameremariella.it	https://www.hotelsdrop.com/hotel/b-b-camere-mariella-bastia-umbra	+39 338 634 6091
Camere la Basilica	info@camerelabasilica.it	https://www.hotelsdrop.com/hotel/camere-la-basilica-bastia-umbra	+39 327 935 9465
Hotel Mom - Fraz.S.M.degli Angeli	info@hotelmomassisi.it	https://www.hotelsdrop.com/hotel/hotel-mom-fraz-s-m-degli-angeli-bastia-umbra	+39 333 369 9783
Il Casale della Fornace	info@casaledellafornace.it	https://www.hotelsdrop.com/hotel/il-casale-della-fornace-bastia-umbra	+39 338 269 3638
Agriturismo Casa Pelizza	info@casapelizza.it	https://www.hotelsdrop.com/hotel/agriturismo-casa-pelizza-bastida-pancarana	+39 346 402 0620
Agriturismo Corti della Gualdana	mail@gualdana.it	https://www.hotelsdrop.com/hotel/agriturismo-corti-della-gualdana-bastida-pancarana	+39 366 731 6089
Lenti Affittacamere	prenota@lentiaffittacamere.it	https://www.hotelsdrop.com/hotel/lenti-affittacamere-bastida-pancarana	+39 335 837 0356
Agriturismo Corte Tamellini	info@cortetamellini.com	https://www.hotelsdrop.com/hotel/agriturismo-corte-tamellini-bastiglia	+39 340 988 6489
Agriturismo Il Cavicchio	info@ilcavicchio.it	https://www.hotelsdrop.com/hotel/agriturismo-il-cavicchio-bastiglia	+39 352 053 6366
Agriturismo La Bellis	agriturismolabellis@gmail.com	https://www.hotelsdrop.com/hotel/agriturismo-la-bellis-bastiglia	+39 371 319 9863
Agriturismo La Volta delle Rondini	info@lavoltadellerondini.it	https://www.hotelsdrop.com/hotel/agriturismo-la-volta-delle-rondini-bastiglia	+39 331 217 3133
Alloggio Cantalupo	info@balsamicodop.it	https://www.hotelsdrop.com/hotel/alloggio-cantalupo-bastiglia	+39 335 842 5571
B&B Quattrol	info@quattrol.eu	https://www.hotelsdrop.com/hotel/b-b-quattrol-bastiglia	+39 348 590 4535
B&B Real Pidkova	pariderebecchi@rgpsrl.it	https://www.hotelsdrop.com/hotel/b-b-real-pidkova-bastiglia	+39 333 560 4646
Il terrazzo sul tramonto - Bastiglia (MO)	info@ilterrazzosultramonto.it	https://www.hotelsdrop.com/hotel/il-terrazzo-sul-tramonto-bastiglia-mo-bastiglia	+39 345 436 1980
La Corte Gialla	info@agriturismocortegialla.it	https://www.hotelsdrop.com/hotel/la-corte-gialla-bastiglia	+39 379 139 9804
Agriturismo LA BOTALLA	direzione@labotalla.it	https://www.hotelsdrop.com/hotel/agriturismo-la-botalla-battifollo	+39 333 171 4232
CA' LUNA GUEST HOUSE	info@ca-luna.it	https://www.hotelsdrop.com/hotel/ca-luna-guest-house-battifollo	+39 348 703 7870
Villa Valentina B&B	valearena.1985@libero.it	https://www.hotelsdrop.com/hotel/villa-valentina-b-b-battifollo	+39 320 727 9029
Le comprese - B&B experience	info@lecomprese.it	https://www.hotelsdrop.com/hotel/le-comprese-b-b-experience-battipaglia	+39 324 816 4638
Shamika Luxury Rooms	info@shamika.it	https://www.hotelsdrop.com/hotel/shamika-luxury-rooms-battipaglia	+39 334 191 0222
B&B " La Casetta "	bb.lacasetta@libero.it	https://www.hotelsdrop.com/hotel/b-b-la-casetta-battuda	+39 346 689 5984
Bed and Breakfast "La casa gialla"	lacasa.gialla@libero.it	https://www.hotelsdrop.com/hotel/bed-and-breakfast-la-casa-gialla-baucina	+39 328 007 7683
B&B Sa Domu de Palla	info@sadomudesapalla.com	https://www.hotelsdrop.com/hotel/b-b-sa-domu-de-palla-bauladu	+39 349 363 3046
bedandclimbing	bedandclimbing@gmail.com	https://www.hotelsdrop.com/hotel/bedandclimbing-baunei	+39 340 837 2642
Drommire In Plassa E Clesia	support@centralstay.eu	https://www.hotelsdrop.com/hotel/drommire-in-plassa-e-clesia-baunei	+39 328 459 0832
Elune B&B	elunebb@gmail.com	https://www.hotelsdrop.com/hotel/elune-b-b-baunei	+39 328 088 0716
Goloritzè Room and Breakfast	info@coopgoloritze.com	https://www.hotelsdrop.com/hotel/goloritze-room-and-breakfast-baunei	+39 379 281 2472
Hotel Plammas	info@hotelplammas.com	https://www.hotelsdrop.com/hotel/hotel-plammas-baunei	+39 379 292 4881
Monte Forru Bedrooms	monteforru@gmail.com	https://www.hotelsdrop.com/hotel/monte-forru-bedrooms-baunei	+39 340 490 1825
Via Roma Charming Rooms	viaromabaunei@gmail.com	https://www.hotelsdrop.com/hotel/via-roma-charming-rooms-baunei	+39 329 918 4403
B&B Ori Villa Oriana	bbvillaoriana@gmail.com	https://www.hotelsdrop.com/hotel/b-b-ori-villa-oriana-baveno	+39 347 484 4122
Hotel Royal Stresa	info@hotelroyalstresa.com	https://www.hotelsdrop.com/hotel/hotel-royal-stresa-baveno	+39 327 779 7813
Locanda Nelia	info@locandanelia.com	https://www.hotelsdrop.com/hotel/locanda-nelia-baveno	+39 349 171 0464
Villa Valesca	info@villavalesca.com	https://www.hotelsdrop.com/hotel/villa-valesca-baveno	+39 340 089 2845
B&B Dolci Ricordi Cunardo	indirizzo@email.com	https://www.hotelsdrop.com/hotel/b-b-dolci-ricordi-cunardo-bedero-valcuvia	+39 331 567 3015
Stampa 1968 Hotel e Ristorante	info@stampa1968.com	https://www.hotelsdrop.com/hotel/stampa-1968-hotel-e-ristorante-bedero-valcuvia	+39 342 510 3748
B&B I Melograni	info@bb-imelograni.com	https://www.hotelsdrop.com/hotel/b-b-i-melograni-bedizzole	+39 340 520 9386
Cornelia	danielapea@virgilio.it	https://www.hotelsdrop.com/hotel/cornelia-bedizzole	+39 338 965 6966
B&B La Locanda di Geppetto	info@lalocandadigeppetto.it	https://www.hotelsdrop.com/hotel/b-b-la-locanda-di-geppetto-bedollo	+39 339 185 3261
B&B Le Molinare Home Relax	info@lemolinarehomerelax.it	https://www.hotelsdrop.com/hotel/b-b-le-molinare-home-relax-bedollo	+39 366 260 2396
Gasthof Salurn	g.salurn@gmail.com	https://www.hotelsdrop.com/hotel/gasthof-salurn-bedollo	+39 339 107 0921
Relais Dolomiti	info@relaisdolomiti.it	https://www.hotelsdrop.com/hotel/relais-dolomiti-bedollo	+39 339 126 5195
Agriturismo Agricampeggio Società Agricola Cacigolara	info@cacigolara.it	https://www.hotelsdrop.com/hotel/agriturismo-agricampeggio-societa-agricola-cacig-bedonia	+39 320 272 3447
Villa Tre Angeli	villatreangeli@gmail.com	https://www.hotelsdrop.com/hotel/villa-tre-angeli-bedonia	+39 329 722 0190
ALBERGHI PER ANZIANI ROTA D'IMAGNA HOTEL POSTA	info@hotelristoranteposta.it	https://www.hotelsdrop.com/hotel/alberghi-per-anziani-rota-d-imagna-hotel-posta-bedulita	+39 331 284 6718
Duca's Guest House	ducasguesthouse@gmail.com	https://www.hotelsdrop.com/hotel/duca-s-guest-house-beinasco	+39 366 431 1696
Turin Metro Young - Hostel	info@stayly.it	https://www.hotelsdrop.com/hotel/turin-metro-young-hostel-beinasco	+39 342 800 8390
Affittacamere Santino's house - CIN: IT004163B4IOUF7XOX	info@santinoshouse.it	https://www.hotelsdrop.com/hotel/affittacamere-santino-s-house-cin-it004163b4iouf-beinette	+39 348 414 2235
B&B Alla Borgata	allaborgata@gmail.com	https://www.hotelsdrop.com/hotel/b-b-alla-borgata-beinette	+39 328 225 8650
B&B antiche radici	info@anticheradici.com	https://www.hotelsdrop.com/hotel/b-b-antiche-radici-beinette	+39 333 299 1407
B&B La Bisimauda	labisimauda@libero.it	https://www.hotelsdrop.com/hotel/b-b-la-bisimauda-beinette	+39 347 847 2721
B&B La Casa Arancione - Camere & Charme CIN IT004028C2S6F8UZHQ	info@lacasaarancione.it	https://www.hotelsdrop.com/hotel/b-b-la-casa-arancione-camere-charme-cin-it004028-beinette	+39 351 840 5552
B&B Virgula	info@virgulabb.it	https://www.hotelsdrop.com/hotel/b-b-virgula-beinette	+39 391 148 9460
Cuneo Guest House	info@cuneoguesthouse.it	https://www.hotelsdrop.com/hotel/cuneo-guest-house-beinette	+39 380 212 7925
B&B FONTANA GIULIA	bbfontanagiulia@gmail.com	https://www.hotelsdrop.com/hotel/b-b-fontana-giulia-belcastro	+39 347 913 6503
Agriturismo Il Melograno	info@aziendailmelograno.it	https://www.hotelsdrop.com/hotel/agriturismo-il-melograno-belfiore	+39 349 295 2653
Antico Casale Bergamini	info@anticocasalebergamini.com	https://www.hotelsdrop.com/hotel/antico-casale-bergamini-belfiore	+39 392 878 7404
Agriturismo Ca'Betania	info@cabetania.nl	https://www.hotelsdrop.com/hotel/agriturismo-ca-betania-belforte-all-isauro	+39 389 214 4278
B&B "La Pace"	info@la-pace.it	https://www.hotelsdrop.com/hotel/b-b-la-pace-belforte-all-isauro	+39 338 128 0770
La Grotta dei Folletti	info@lagrottadeifolletti.it	https://www.hotelsdrop.com/hotel/la-grotta-dei-folletti-belforte-all-isauro	+39 349 759 1123
Palazzo Santinelli B&b	info@palazzosantinelli.it	https://www.hotelsdrop.com/hotel/palazzo-santinelli-b-b-belforte-all-isauro	+39 348 951 1116
Agriturismo Colle Casini Cortesi	utente@dominio.com	https://www.hotelsdrop.com/hotel/agriturismo-colle-casini-cortesi-belforte-del-chienti	+39 327 292 0947
Azzurro di Vallepietra	info@azzurrodivallepietra.it	https://www.hotelsdrop.com/hotel/azzurro-di-vallepietra-belforte-del-chienti	+39 334 956 6477
Coroncina Country Relais	info@coroncina.it	https://www.hotelsdrop.com/hotel/coroncina-country-relais-belforte-del-chienti	+39 366 923 8075
Country House L'Incanto dei Sibillini	info@lincantodeisibillini.com	https://www.hotelsdrop.com/hotel/country-house-l-incanto-dei-sibillini-belforte-del-chienti	+39 378 069 7486
Il Villino Bed & Breakfast	info@il-villino.com	https://www.hotelsdrop.com/hotel/il-villino-bed-breakfast-belforte-del-chienti	+39 333 524 0905
Agriturismo Cascina Binelli	prenotazioni@osteriadeibinelli.it	https://www.hotelsdrop.com/hotel/agriturismo-cascina-binelli-belforte-monferrato	+39 338 639 2189
Agriturismo Paitin	info@paitin.it	https://www.hotelsdrop.com/hotel/agriturismo-paitin-belforte-monferrato	+39 345 260 6812
B&B La Diligenza	info@ladiligenzabb.it	https://www.hotelsdrop.com/hotel/b-b-la-diligenza-belforte-monferrato	+39 348 750 0498
Cascina Giardini B&B	info@cascinagiardini.it	https://www.hotelsdrop.com/hotel/cascina-giardini-b-b-belforte-monferrato	+39 338 965 4528
La Dimora di B. Cairoli	ladimoradibcairoli@gmail.com	https://www.hotelsdrop.com/hotel/la-dimora-di-b-cairoli-belforte-monferrato	+39 349 265 3300
Relais Chiarene	info@relaischiarene.it	https://www.hotelsdrop.com/hotel/relais-chiarene-belforte-monferrato	+39 338 533 0959
Villa Belforte	remo.bolner@gmail.com	https://www.hotelsdrop.com/hotel/villa-belforte-belforte-monferrato	+39 335 744 4848
Vitae di Langa - Agriturismo	info@vitaedilanga.it	https://www.hotelsdrop.com/hotel/vitae-di-langa-agriturismo-belforte-monferrato	+39 368 700 0524
B&B Castellani	info@bbcastellani.it	https://www.hotelsdrop.com/hotel/b-b-castellani-belgioioso	+39 347 988 3585
B&B " Il Folletto del Lago "	ilfollettodellago@gmail.com	https://www.hotelsdrop.com/hotel/b-b-il-folletto-del-lago-belgirate	+39 392 570 0611
B&B Il Cappellaio di Erika	bebilcappellaiodierika@gmail.com	https://www.hotelsdrop.com/hotel/b-b-il-cappellaio-di-erika-belgirate	+39 334 871 7234
B&B La Ciliegia Bianca	laciliegiabiancabb@gmail.com	https://www.hotelsdrop.com/hotel/b-b-la-ciliegia-bianca-belgirate	+39 347 431 6228
Bed & Breakfast Torre Lara	b.b.torrelara@hotmail.it	https://www.hotelsdrop.com/hotel/bed-breakfast-torre-lara-belgirate	+39 329 178 9704
Heavenly Lago Maggiore – Casa Vacanze	info@heavenlylagomaggiore.com	https://www.hotelsdrop.com/hotel/heavenly-lago-maggiore-casa-vacanze-belgirate	+39 328 038 0361
Le Orchidee del Lago Maggiore - La Ghirlandina B&B	orchidslago@gmail.com	https://www.hotelsdrop.com/hotel/le-orchidee-del-lago-maggiore-la-ghirlandina-b-b-belgirate	+39 340 514 9139
Bed & Breakfast Bella Basilicata	info@bellabasilicata.it	https://www.hotelsdrop.com/hotel/bed-breakfast-bella-basilicata-bella	+39 320 021 5198
Locanda al Giglio d' Oro	giglio.doro@tiscali.it	https://www.hotelsdrop.com/hotel/locanda-al-giglio-d-oro-bella	+39 388 619 6389
Nonna Felicia B&B	nonnafelicia.pz@gmail.com	https://www.hotelsdrop.com/hotel/nonna-felicia-b-b-bella	+39 351 771 6234
Agriturismo Il Colle Bellagio	ilcolle@bellagioitaly.holiday	https://www.hotelsdrop.com/hotel/agriturismo-il-colle-bellagio-bellagio	+39 380 265 1164
Aqua&co	info@aquaecobellagio.com	https://www.hotelsdrop.com/hotel/aqua-co-bellagio	+39 335 676 9080
B&B Villa la Rosa	info@casalarosa.it	https://www.hotelsdrop.com/hotel/b-b-villa-la-rosa-bellagio	+39 348 313 5353
Bellagio Bed and Breakfast	info@bellagiobedandbreakfast.com	https://www.hotelsdrop.com/hotel/bellagio-bed-and-breakfast-bellagio	+39 335 522 7007
Casa Lumaca B&B di Charme	casalumacalagodicomo@gmail.com	https://www.hotelsdrop.com/hotel/casa-lumaca-b-b-di-charme-bellagio	+39 347 212 2197
Luxury Lodges	info@glampingbellagio.com	https://www.hotelsdrop.com/hotel/luxury-lodges-bellagio	+39 347 113 3004
The Iconic Lodge	info@theiconiclodge.com	https://www.hotelsdrop.com/hotel/the-iconic-lodge-bellagio	+39 333 294 4877
B&B Il Vicolo agli Orti	info@bebvicoloagliorti.it	https://www.hotelsdrop.com/hotel/b-b-il-vicolo-agli-orti-bellano	+39 351 350 4180
Hotel Il Portichetto	info@hotelilportichetto.com	https://www.hotelsdrop.com/hotel/hotel-il-portichetto-bellano	+39 347 905 6030
Hotel Lauro	info@hotellauro.com	https://www.hotelsdrop.com/hotel/hotel-lauro-bellano	+39 348 264 6726
Il Pontile Historic Center with AC by villavistalago Bellano	villavistalagobellano@gmail.com	https://www.hotelsdrop.com/hotel/il-pontile-historic-center-with-ac-by-villavista-bellano	+39 338 224 2548
La Casa Sul Sasso B&B and apartments	info@bbcstone.com	https://www.hotelsdrop.com/hotel/la-casa-sul-sasso-b-b-and-apartments-bellano	+39 342 141 7244
Valle dei Mulini Rent Room&Apartments	info@valledeimulinilakecomo.it	https://www.hotelsdrop.com/hotel/valle-dei-mulini-rent-room-apartments-bellano	+39 340 621 9962
Villa Marina	info@villamarinabellano.com	https://www.hotelsdrop.com/hotel/villa-marina-bellano	+39 340 744 3091
B&B Al Vicoletto	assy.81@hotmail.it	https://www.hotelsdrop.com/hotel/b-b-al-vicoletto-bellante	+39 333 767 0524
Casale dei Ciliegi	info@casaledeicilieg.it	https://www.hotelsdrop.com/hotel/casale-dei-ciliegi-bellante	+39 335 740 6495
Dimora Morello	mirko@dimoramorello.com	https://www.hotelsdrop.com/hotel/dimora-morello-bellante	+39 328 225 3829
Il Casolare	info@agriturismoilcasolare.com	https://www.hotelsdrop.com/hotel/il-casolare-bellante	+39 338 203 0908
Villa Floriana	info@villafloriana.com	https://www.hotelsdrop.com/hotel/villa-floriana-bellante	+39 328 801 5688
Villa Monaco	villamonacoinformation@gmail.com	https://www.hotelsdrop.com/hotel/villa-monaco-bellante	+39 389 826 5358
Hotel Teti | Igea Marina - Bellaria	info@hotelteti.info	https://www.hotelsdrop.com/hotel/hotel-teti-igea-marina-bellaria-bellaria-igea-marina	+39 392 190 6113
Agriturismo Lou Saret	info@freehtml5.co	https://www.hotelsdrop.com/hotel/agriturismo-lou-saret-bellino	+39 347 975 3899
B&B La Guiette	info@laguiette.it	https://www.hotelsdrop.com/hotel/b-b-la-guiette-bellino	+39 347 123 7764
La Locanda di Elva	locandadielva@gmail.com	https://www.hotelsdrop.com/hotel/la-locanda-di-elva-bellino	+39 379 237 4383
Le Colonne Resort	info@lecolonneresort.it	https://www.hotelsdrop.com/hotel/le-colonne-resort-bellino	+39 375 625 9675
Locanda Alboin La Misun de Ciafrè	lamisundeciafre@gmail.com	https://www.hotelsdrop.com/hotel/locanda-alboin-la-misun-de-ciafre-bellino	+39 338 122 7622
Locanda Del Silenzio S.a.s.	info@locandadelsilenzio.com	https://www.hotelsdrop.com/hotel/locanda-del-silenzio-s-a-s-bellino	+39 348 513 6952
Locanda La Peiro Groso	info@lapeirogroso.com	https://www.hotelsdrop.com/hotel/locanda-la-peiro-groso-bellino	+39 371 320 3301
Locanda Lou Subric Osteria e Camere	lousubric@gmail.com	https://www.hotelsdrop.com/hotel/locanda-lou-subric-osteria-e-camere-bellino	+39 320 119 6687
B&B Le camere di Aladino	lecameredialadino@gmail.com	https://www.hotelsdrop.com/hotel/b-b-le-camere-di-aladino-bellinzago-lombardo	+39 340 463 4775
CAMISI QH	agri.camisi@gmail.com	https://www.hotelsdrop.com/hotel/camisi-qh-bellinzago-lombardo	+39 334 988 5470
La locanda della Torre	lalocandadellatorre@gmail.com	https://www.hotelsdrop.com/hotel/la-locanda-della-torre-bellinzago-lombardo	+39 349 458 1612
Agriturismo "La Farazzina"	lafarazzina@gmail.com	https://www.hotelsdrop.com/hotel/agriturismo-la-farazzina-bellinzago-novarese	+39 339 478 7815
B&B La Villetta Salerno Airport	lavillettasalerno@gmail.com	https://www.hotelsdrop.com/hotel/b-b-la-villetta-salerno-airport-bellizzi	+39 351 964 0511
B&B Villa Napoli	bebvillanapolibattipaglia@gmail.com	https://www.hotelsdrop.com/hotel/b-b-villa-napoli-bellizzi	+39 333 100 9469
Toc Toc Bed & Breakfast Pontecagnano	info@bebtoctoc.it	https://www.hotelsdrop.com/hotel/toc-toc-bed-breakfast-pontecagnano-bellizzi	+39 388 309 1745
B&B White One	support@centralstay.eu	https://www.hotelsdrop.com/hotel/b-b-white-one-bellona	+39 379 249 9740
Sotto le stelle di capua B&B	info@sottolestelledicapua.it	https://www.hotelsdrop.com/hotel/sotto-le-stelle-di-capua-b-b-bellona	335 232 965
Agriturismo Li Guira	info@liguira.it	https://www.hotelsdrop.com/hotel/agriturismo-li-guira-bellosguardo	+39 320 146 4485
B&B Antonella	info@bnbantonellacilento.it	https://www.hotelsdrop.com/hotel/b-b-antonella-bellosguardo	+39 338 401 1751
Casa de Bertoldi - Agriturismo	agriturismocasadebertoldi@gmail.com	https://www.hotelsdrop.com/hotel/casa-de-bertoldi-agriturismo-belluno	+39 393 316 2399
Dolomiti Suite	daru1964@libero.it	https://www.hotelsdrop.com/hotel/dolomiti-suite-belluno	+39 335 843 3097
DolomitiNice1	dolomiti.nice1@gmail.com	https://www.hotelsdrop.com/hotel/dolomitinice1-belluno	+39 351 648 2755
DORMIRE CALDI Affittacamere	info@dormirecaldi.it	https://www.hotelsdrop.com/hotel/dormire-caldi-affittacamere-belluno	+39 389 103 7177
La Tieda - locazione turistica	info@latieda.it	https://www.hotelsdrop.com/hotel/la-tieda-locazione-turistica-belluno	+39 349 545 8827
A Taverna Intru u Vicu	fra.alba79@libero.it	https://www.hotelsdrop.com/hotel/a-taverna-intru-u-vicu-belmonte-calabro	+39 348 518 7612
Il Flauto Magico B&B	booking@flautomagicobelmonte.it	https://www.hotelsdrop.com/hotel/il-flauto-magico-b-b-belmonte-calabro	+39 335 673 7117
Villa le Palme Longobardi	info@villalepalmelongobardi.it	https://www.hotelsdrop.com/hotel/villa-le-palme-longobardi-belmonte-calabro	+39 327 622 9553
Villa Maria B&B	casavillamaria04@gmail.com	https://www.hotelsdrop.com/hotel/villa-maria-b-b-belmonte-calabro	+39 340 054 6434
Agriturismo di charme erbadoro	roberta.ricasoli@erbadoro.com	https://www.hotelsdrop.com/hotel/agriturismo-di-charme-erbadoro-belmonte-castello	+39 392 468 4271
Bed&Breakfast La Caruscia	lacaruscia@gmail.com	https://www.hotelsdrop.com/hotel/bed-breakfast-la-caruscia-belmonte-del-sannio	+39 331 216 2889
Hotel Lo Smeraldo | Sala Ricevimenti	info@stagheaddesigns.com	https://www.hotelsdrop.com/hotel/hotel-lo-smeraldo-sala-ricevimenti-belmonte-del-sannio	+39 333 618 2267
Palazzo Della Città	info@palazzodellacitta.it	https://www.hotelsdrop.com/hotel/palazzo-della-citta-belmonte-del-sannio	+39 328 083 7306
Brindavan Country House	info@casolarebrindavan.com	https://www.hotelsdrop.com/hotel/brindavan-country-house-belmonte-in-sabina	+39 339 764 1107
B&B Angolo83	info@bbangolo83.com	https://www.hotelsdrop.com/hotel/b-b-angolo83-belmonte-mezzagno	+39 327 898 9247
Casa Vacanza Monviso LeFuoriserieAppartamenti	lefuoriserieappartamenti@gmail.com	https://www.hotelsdrop.com/hotel/casa-vacanza-monviso-lefuoriserieappartamenti-belmonte-mezzagno	+39 350 510 8301
B&B - Althea Etna Garden	prenotazioni@altheaetnagarden.it	https://www.hotelsdrop.com/hotel/b-b-althea-etna-garden-belpasso	+39 328 142 5566
B&B BcenS la città delle 100 sculture	bcens100@gmail.com	https://www.hotelsdrop.com/hotel/b-b-bcens-la-citta-delle-100-sculture-belpasso	+39 348 883 1505
B&B La Porta dell'Etna	booking@laportadelletna.it	https://www.hotelsdrop.com/hotel/b-b-la-porta-dell-etna-belpasso	+39 347 559 4542
B&B La Rena Rossa	info@bblarenarossanicolosi.com	https://www.hotelsdrop.com/hotel/b-b-la-rena-rossa-belpasso	+39 347 764 0452
B&B PRIMACLASSE	info@bebprimaclasse.it	https://www.hotelsdrop.com/hotel/b-b-primaclasse-belpasso	+39 338 651 8191
Etna Petit Relais	etnapetitrelais@gmail.com	https://www.hotelsdrop.com/hotel/etna-petit-relais-belpasso	+39 338 502 1292
Kartè	bebkarte@gmail.com	https://www.hotelsdrop.com/hotel/karte-belpasso	+39 340 895 9299
Boutique Suites - Palazzo Crati 1800	info.boutiquesuites@gmail.com	https://www.hotelsdrop.com/hotel/boutique-suites-palazzo-crati-1800-belsito	+39 351 446 7971
B&B Casa di Fiore	info@casadifiore.it	https://www.hotelsdrop.com/hotel/b-b-casa-di-fiore-belvedere-di-spinello	+39 379 247 1736
L'Oasi del Poeta	oasidelpoetakr@gmail.com	https://www.hotelsdrop.com/hotel/l-oasi-del-poeta-belvedere-di-spinello	+39 350 141 9029
B&B POGGIO DELLE GINESTRE	info@poggiodelleginestre.com	https://www.hotelsdrop.com/hotel/b-b-poggio-delle-ginestre-belvedere-langhe	+39 339 231 6099
Belvedere Affittacamere	605a7baede844d278b89dc95ae0a9123@sentry-next.wixpress.com	https://www.hotelsdrop.com/hotel/belvedere-affittacamere-belvedere-langhe-2	+39 324 584 6914
Cascina Grattinera B&B	bbcascinagrattinera@gmail.com	https://www.hotelsdrop.com/hotel/cascina-grattinera-b-b-belvedere-langhe	+39 333 348 3095
La Tana dello Scoiattolo CIR 004245beb00002 CIN IT004145C1JLAW3JYF	latanamurazzano@gmail.com	https://www.hotelsdrop.com/hotel/la-tana-dello-scoiattolo-cir-004245beb00002-cin-belvedere-langhe	+39 347 141 8665
Tenuta MonteOliveto - Agriturismo nelle Langhe	info@tenutamonteoliveto.it	https://www.hotelsdrop.com/hotel/tenuta-monteoliveto-agriturismo-nelle-langhe-belvedere-langhe	+39 338 996 6821
B&B Crispino	support@centralstay.eu	https://www.hotelsdrop.com/hotel/b-b-crispino-belvedere-marittimo	+39 351 827 3097
Ely Sea B&B	support@centralstay.eu	https://www.hotelsdrop.com/hotel/ely-sea-b-b-belvedere-marittimo	+39 333 695 0333
La Risacca Relais	prenotazioni@larisaccarelais.com	https://www.hotelsdrop.com/hotel/la-risacca-relais-belvedere-marittimo	+39 338 706 7114
White Club Residence	whiteclubresidence@gmail.com	https://www.hotelsdrop.com/hotel/white-club-residence-belvedere-marittimo	+39 347 156 1885
AgriturismoTenuta Belvedere	info@tenutabelvedere.eu	https://www.hotelsdrop.com/hotel/agriturismotenuta-belvedere-belvedere-ostrense	+39 339 779 3725
Apis in tabula	apisintabula@gmail.com	https://www.hotelsdrop.com/hotel/apis-in-tabula-belvedere-ostrense	+39 339 545 4254
Casa della Musica - Casali Marchigiani	info@casalimarchigiani.com	https://www.hotelsdrop.com/hotel/casa-della-musica-casali-marchigiani-belvedere-ostrense	+39 349 617 4953
La Collina dei Cavalieri	lacollinadeicavalieri@gmail.it	https://www.hotelsdrop.com/hotel/la-collina-dei-cavalieri-belvedere-ostrense	+39 393 826 7755
Casa Del Roseto	juliagilmour22@gmail.com	https://www.hotelsdrop.com/hotel/casa-del-roseto-belveglio	+39 347 503 5633
Cascina REGGIO	info@cascinareggio.it	https://www.hotelsdrop.com/hotel/cascina-reggio-belveglio	+39 329 876 8916
Corte dell'uva holiday apartments	corteprenotazioni@gmail.com	https://www.hotelsdrop.com/hotel/corte-dell-uva-holiday-apartments-belveglio	+39 338 751 7285
OttoQuadri	info@ottoquadri.it	https://www.hotelsdrop.com/hotel/ottoquadri-belveglio	+39 347 210 7592
Agriturismo l'Eco	u00a0info@agriturismoeco.it	https://www.hotelsdrop.com/hotel/agriturismo-l-eco-bema	+39 346 004 5546
Agriturismo Volpe Golosa	info@volpegolosa.com	https://www.hotelsdrop.com/hotel/agriturismo-volpe-golosa-bema	+39 329 662 1831
B&B Portobello	605a7baede844d278b89dc95ae0a9123@sentry-next.wixpress.com	https://www.hotelsdrop.com/hotel/b-b-portobello-bema	+39 348 552 4150
B&B A Casa di Anna	anna.dellorto@hotmail.it	https://www.hotelsdrop.com/hotel/b-b-a-casa-di-anna-bene-lario	+39 328 053 4643
Foresteria BB Sul Lago	info@bbsullago.com	https://www.hotelsdrop.com/hotel/foresteria-bb-sul-lago-bene-lario	+39 366 494 3410
Hotel Loveno 2 stars	info@hotelloveno.com	https://www.hotelsdrop.com/hotel/hotel-loveno-2-stars-bene-lario	+39 331 282 7882
Antica Dimora Gallo Basteris	valterservetti@gmail.com	https://www.hotelsdrop.com/hotel/antica-dimora-gallo-basteris-bene-vagienna	+39 335 535 3126
B&B Amò le Langhe	amolelanghe@gmail.com	https://www.hotelsdrop.com/hotel/b-b-amo-le-langhe-bene-vagienna	+39 347 313 1544
B&b Bene&breakfast	bene.breakfast@gmail.com	https://www.hotelsdrop.com/hotel/b-b-bene-breakfast-bene-vagienna	+39 340 460 3139
B&B Ca' Rino	chiara.cavallero70@gmail.com	https://www.hotelsdrop.com/hotel/b-b-ca-rino-bene-vagienna	+39 338 473 6824
Ca' del Viaggiatore	cadelviaggiatore@gmail.com	https://www.hotelsdrop.com/hotel/ca-del-viaggiatore-bene-vagienna	+39 345 071 9283
Cascina Belmonte B&B	info@cascinabelmonte.com	https://www.hotelsdrop.com/hotel/cascina-belmonte-b-b-bene-vagienna	+39 334 269 7909
Cortile Gancia Sweet House	postmaster@pec.cortilegancia.it	https://www.hotelsdrop.com/hotel/cortile-gancia-sweet-house-bene-vagienna	+39 339 693 9110
La Vigna Del Maestro	info@lavignadelmaestro.com	https://www.hotelsdrop.com/hotel/la-vigna-del-maestro-bene-vagienna	+39 338 713 5668
Carrales Guest•House	info@carrales.it	https://www.hotelsdrop.com/hotel/carrales-guest-house-benetutti	+39 392 200 3210
Domo Peonia Bianca	info@peoniabianca.it	https://www.hotelsdrop.com/hotel/domo-peonia-bianca-benetutti	+39 370 131 1000
Locanda Tipica Sa Corte	bookings@sacorte.it	https://www.hotelsdrop.com/hotel/locanda-tipica-sa-corte-benetutti	+39 347 263 3784
Paghe Eco Luxury Experience	info@pagheexperience.it	https://www.hotelsdrop.com/hotel/paghe-eco-luxury-experience-benetutti	+39 340 560 8616
B&B Le Stanze della Musica	info@lestanzedellamusica.com	https://www.hotelsdrop.com/hotel/b-b-le-stanze-della-musica-benevello	+39 347 717 5496
Casa Remussi	info@casaremussi.it	https://www.hotelsdrop.com/hotel/casa-remussi-benevello	+39 339 104 3861
La Sismonda B&B	info@lasismonda.it	https://www.hotelsdrop.com/hotel/la-sismonda-b-b-benevello	+39 334 913 3098
Locanda San Lorenzo	info@locandasanlorenzo.eu	https://www.hotelsdrop.com/hotel/locanda-san-lorenzo-benevello	+39 347 848 1138
Moncrivel Rooms & Relax	info@moncrivelrooms.it	https://www.hotelsdrop.com/hotel/moncrivel-rooms-relax-benevello	+39 339 813 3280
B&B Domus Traiani	info@domustraiani.it	https://www.hotelsdrop.com/hotel/b-b-domus-traiani-benevento	+39 347 562 1812
Hotel Antiche Terme	info@hotelanticheterme.com	https://www.hotelsdrop.com/hotel/hotel-antiche-terme-benevento	+39 379 262 0423
Palazzo dei Catenielli 63 B&B	contact@globostay.com	https://www.hotelsdrop.com/hotel/palazzo-dei-catenielli-63-b-b-benevento	+39 389 502 7460
Affittacamere con Camere di Charme	info@unafranca.it	https://www.hotelsdrop.com/hotel/affittacamere-con-camere-di-charme-benna	+39 348 905 1902
B&B Alpaca Biella	alpacabiella@gmail.com	https://www.hotelsdrop.com/hotel/b-b-alpaca-biella-benna	+39 339 157 4753
b&b Cascina Belsito Guest House	cascinabelsito@gmail.com	https://www.hotelsdrop.com/hotel/b-b-cascina-belsito-guest-house-benna	+39 389 101 3269
B&B Il Glicine	info@bebilglicine.com	https://www.hotelsdrop.com/hotel/b-b-il-glicine-benna	+39 347 362 3900
B&B Villa Luisa	info@villaluisabb.it	https://www.hotelsdrop.com/hotel/b-b-villa-luisa-benna	+39 380 524 7010
Bed and Breakfast Villa Botto	bbvillabotto@gmail.com	https://www.hotelsdrop.com/hotel/bed-and-breakfast-villa-botto-benna	+39 366 807 0546
Ben Ti Voglio BeB	bentivogliobeb@gmail.com	https://www.hotelsdrop.com/hotel/ben-ti-voglio-beb-bentivoglio	+39 351 809 2470
B&B Carmen	carmengueri@gmail.com	https://www.hotelsdrop.com/hotel/b-b-carmen-berbenno	+39 339 652 4163
B&B I Baloss	i.baloss@yahoo.it	https://www.hotelsdrop.com/hotel/b-b-i-baloss-berbenno	+39 329 101 4404
Le Corti Dei Sassi	info@lecortideisassi.it	https://www.hotelsdrop.com/hotel/le-corti-dei-sassi-berbenno-di-valtellina	+39 389 282 3330
Agriturismo e Azienda Agricola IL MULINO DELLA ROCCA	info@ilmulinodellarocca.it	https://www.hotelsdrop.com/hotel/agriturismo-e-azienda-agricola-il-mulino-della-r-berceto	+39 348 736 4561
Agriturismo I Tre Colli	agriturismoitrecolli@gmail.com	https://www.hotelsdrop.com/hotel/agriturismo-i-tre-colli-berceto	+39 340 279 0821
Casa dei cuori - B&B - Azienda agricola - Natura e Relax	info@casadeicuori.it	https://www.hotelsdrop.com/hotel/casa-dei-cuori-b-b-azienda-agricola-natura-e-rel-berceto	+39 329 232 1176
La Casa dei Nonni - Room & Breakfast	info@lacasadeinonniberceto.it	https://www.hotelsdrop.com/hotel/la-casa-dei-nonni-room-breakfast-berceto	+39 333 294 2210
Notte Rosa Suites & Relax	notterosa.relax@gmail.com	https://www.hotelsdrop.com/hotel/notte-rosa-suites-relax-berceto	+39 353 424 7609
Ristorante Hotel Bersè	info@berse.it	https://www.hotelsdrop.com/hotel/ristorante-hotel-berse-berceto	+39 335 146 0484
Segarati Relax Albergo Diffuso	m.marenghi@segarati.com	https://www.hotelsdrop.com/hotel/segarati-relax-albergo-diffuso-berceto	+39 346 044 7785
Agriturismo I Graniti	igranitimonti@gmail.com	https://www.hotelsdrop.com/hotel/agriturismo-i-graniti-berchidda	+39 328 712 4469
B&B Villa Teresa	villateresa2024@gmail.com	https://www.hotelsdrop.com/hotel/b-b-villa-teresa-berchidda	+39 340 409 5167
Borgo Lu Puleu	borgolupuleu@libero.it	https://www.hotelsdrop.com/hotel/borgo-lu-puleu-berchidda	+39 331 251 5282
Kenza Rooms	kenzarooms@gmail.com	https://www.hotelsdrop.com/hotel/kenza-rooms-berchidda	+39 349 670 6153
Vallicciola - Monte Limbara Nature Hotel	info@hotelvallicciola.com	https://www.hotelsdrop.com/hotel/vallicciola-monte-limbara-nature-hotel-berchidda	+39 393 801 9224
B&B Due Fiumi 1908	booking@duefiumi1908.com	https://www.hotelsdrop.com/hotel/b-b-due-fiumi-1908-bereguardo	+39 340 884 1154
Un letto nel cortile - Casa vacanze	unlettonelcortile@gmail.com	https://www.hotelsdrop.com/hotel/un-letto-nel-cortile-casa-vacanze-bereguardo	+39 347 056 8033
CASCINA BELVEDERE	info@cascinabelvedere.eu	https://www.hotelsdrop.com/hotel/cascina-belvedere-bergamasco	+39 339 350 5937
Castello di Oviglio	info@castellodioviglio.it	https://www.hotelsdrop.com/hotel/castello-di-oviglio-bergamasco	+39 376 262 0282
Il Noccioletto	ilnoccioletto@gmail.com	https://www.hotelsdrop.com/hotel/il-noccioletto-bergamasco	+39 351 615 1180
Monferrato Guest House - Il Murôn	ilmuronguesthouse@gmail.com	https://www.hotelsdrop.com/hotel/monferrato-guest-house-il-muron-bergamasco	+39 366 458 4296
B&B Entro Le Mura	entrolemura@tiscali.it	https://www.hotelsdrop.com/hotel/b-b-entro-le-mura-bergamo	+39 338 507 1629
Bed & Breakfast Room Italy	foresteria@bebroomitaly.it	https://www.hotelsdrop.com/hotel/bed-breakfast-room-italy-bergamo	+39 338 767 8782
Dimora del Riccio	dimoradelriccio@gmail.com	https://www.hotelsdrop.com/hotel/dimora-del-riccio-bergamo	+39 347 295 1600
Agriturismo Olianina	olianina@osv.it	https://www.hotelsdrop.com/hotel/agriturismo-olianina-bergantino	+39 349 467 8345
B&B da Mary	marisamalinverno@gmail.com	https://www.hotelsdrop.com/hotel/b-b-da-mary-bergantino	+39 340 687 7827
Sold Out Locazione Turistica	camere@soldoutvr.it	https://www.hotelsdrop.com/hotel/sold-out-locazione-turistica-bergantino	+39 349 090 2188
B&B Casa dell'ancora codice CIN: IT009010B4X85AVHXI	bbcasadellancora@gmail.com	https://www.hotelsdrop.com/hotel/b-b-casa-dell-ancora-codice-cin-it009010b4x85avh-bergeggi	+39 375 622 5588
Casale Coreallo	casalecoreallospotorno@gmail.com	https://www.hotelsdrop.com/hotel/casale-coreallo-bergeggi	+39 348 135 7979
Guest house Berzefi	berzefi@solutionhotel.net	https://www.hotelsdrop.com/hotel/guest-house-berzefi-bergeggi	+39 329 476 5665
Hotel Costa Azzurra - Free Parking - Easy Stay	h.costazzurra@gmail.com	https://www.hotelsdrop.com/hotel/hotel-costa-azzurra-free-parking-easy-stay-bergeggi	+39 348 476 8588
B&B Villa Cardellini - Dimora storica , Struttura di Charme, Oasi di Relax, Vicino alle Langhe	info@villacardellini.it	https://www.hotelsdrop.com/hotel/b-b-villa-cardellini-dimora-storica-struttura-di-bergolo	+39 348 276 7321
il Glicine B&B e RISTORANTE	info@ilglicinefranciacorta.com	https://www.hotelsdrop.com/hotel/il-glicine-b-b-e-ristorante-berlingo	+39 328 424 9654
Villa Franca in Franciacorta	villafrancainfranciacorta@gmail.com	https://www.hotelsdrop.com/hotel/villa-franca-in-franciacorta-berlingo	+39 392 642 2563
Agriturismo Casa Ricotta	info@casaricotta.it	https://www.hotelsdrop.com/hotel/agriturismo-casa-ricotta-bernalda	+39 389 026 9266
Agriturismo La Volpe e la Stella	segreteria@poderecarriero.it	https://www.hotelsdrop.com/hotel/agriturismo-la-volpe-e-la-stella-bernalda	+39 339 534 0173
B&B Casa Venezia	info@bbcasavenezia.it	https://www.hotelsdrop.com/hotel/b-b-casa-venezia-bernalda	+39 335 637 5704
Foresteria dell'Abbazia	foresteriabbazia@gmail.com	https://www.hotelsdrop.com/hotel/foresteria-dell-abbazia-bernalda	+39 331 238 8929
House Pitagorici Bernalda	contatto@esempio.it	https://www.hotelsdrop.com/hotel/house-pitagorici-bernalda-bernalda	+39 388 921 5978
Masseria Scannaturco	user@domain.com	https://www.hotelsdrop.com/hotel/masseria-scannaturco-bernalda	+39 347 290 6208
Tenuta Orsanese	t.orsanese@gmail.com	https://www.hotelsdrop.com/hotel/tenuta-orsanese-bernalda	+39 393 803 0045
Agriturismo - Altana del Motto Rosso	info@altanadelmottorosso.it	https://www.hotelsdrop.com/hotel/agriturismo-altana-del-motto-rosso-bernate-ticino	+39 335 612 4797
Agriturismo Cascina Resta	prenotazioni@cascinaresta.com	https://www.hotelsdrop.com/hotel/agriturismo-cascina-resta-bernate-ticino	+39 327 526 7669
Agriturismo&Scuderia Fano's Farm	info@agriturismofanosfarm.it	https://www.hotelsdrop.com/hotel/agriturismo-scuderia-fano-s-farm-bernate-ticino	+39 334 167 3796
B&B Via Roma	bedviaroma@gmail.com	https://www.hotelsdrop.com/hotel/b-b-via-roma-bernate-ticino	+39 393 918 5856
Tenuta Bramasole	prenotazioni@tenutabramasole.com	https://www.hotelsdrop.com/hotel/tenuta-bramasole-bernate-ticino	+39 327 862 1035
Bed and breakfast Ma.Gi.A	magia2021@libero.it	https://www.hotelsdrop.com/hotel/bed-and-breakfast-ma-gi-a-bernezzo	+39 320 637 4433
Ca’ Mea room wellness food	info@camea.it	https://www.hotelsdrop.com/hotel/ca-mea-room-wellness-food-bernezzo	+39 392 630 0090
B&B del Borgo Bertinoro	info@bbdelborgobertinoro.it	https://www.hotelsdrop.com/hotel/b-b-del-borgo-bertinoro-bertinoro	+39 331 947 9152
Casa delle ginestre	agnesemigliori@libero.it	https://www.hotelsdrop.com/hotel/casa-delle-ginestre-bertinoro	+39 349 085 6560
Giardino34	info.giardino34@gmail.com	https://www.hotelsdrop.com/hotel/giardino34-bertinoro	+39 350 044 3255
la cana dolce	info@lacanadolce.com	https://www.hotelsdrop.com/hotel/la-cana-dolce-bertinoro	+39 340 480 9508
Respiro Glamping	info@respiroglamping.com	https://www.hotelsdrop.com/hotel/respiro-glamping-bertinoro	+39 339 428 1696
B&B Gildo	infobebgildo@gmail.com	https://www.hotelsdrop.com/hotel/b-b-gildo-bertiolo	+39 339 436 1865
da Gastone	agriturismogastone@gmail.com	https://www.hotelsdrop.com/hotel/da-gastone-bertiolo	+39 333 295 1774
EDERA dei Guatto	ederadeiguatto@gmail.com	https://www.hotelsdrop.com/hotel/edera-dei-guatto-bertiolo	+39 333 601 7260
Agriturismo Chioso di Sotto	info@chiosodisotto.it	https://www.hotelsdrop.com/hotel/agriturismo-chioso-di-sotto-bertonico	+39 347 407 2391
Agriturismo Bella Ciao	info@agriturismobellaciao.com	https://www.hotelsdrop.com/hotel/agriturismo-bella-ciao-berzano-di-san-pietro	+39 377 080 4411
APS Casale Tierra Madre	casaletierramadre@libero.it	https://www.hotelsdrop.com/hotel/aps-casale-tierra-madre-berzano-di-san-pietro	+39 338 659 2358
La Corte Nascosta Volpedo	info@cortenascosta.com	https://www.hotelsdrop.com/hotel/la-corte-nascosta-volpedo-berzano-di-tortona	+39 380 282 3147
B&B Borno, Borno Bed & Breakfast	info@bornobb.it	https://www.hotelsdrop.com/hotel/b-b-borno-borno-bed-breakfast-berzo-demo	+39 328 369 7242
B&B LE AQUANE	info@leaquane.it	https://www.hotelsdrop.com/hotel/b-b-le-aquane-berzo-demo	+39 333 231 2969
Bed & Breakfast "Alla Fontana"	allafontana@scalve.it	https://www.hotelsdrop.com/hotel/bed-breakfast-alla-fontana-berzo-demo	+39 333 626 1239
Camping & Chalet Pian della Regina	info@campingpiandellaregina.it	https://www.hotelsdrop.com/hotel/camping-chalet-pian-della-regina-berzo-demo	+39 349 667 8030
Corte Giorgi B&B	cortegiorgi@gmail.com	https://www.hotelsdrop.com/hotel/corte-giorgi-b-b-berzo-demo	+39 389 931 6275
B&B a la Ria	info@bbalaria.it	https://www.hotelsdrop.com/hotel/b-b-a-la-ria-berzo-inferiore	+39 347 138 4077
La Torre a Colori B&B	latorreacolori@gmail.com	https://www.hotelsdrop.com/hotel/la-torre-a-colori-b-b-berzo-inferiore	+39 339 307 4827
Quader nidi nel verde	info@quader.it	https://www.hotelsdrop.com/hotel/quader-nidi-nel-verde-berzo-inferiore	+39 335 182 5206
Agriturismo Cà del Manét	cadelmanet@yahoo.it	https://www.hotelsdrop.com/hotel/agriturismo-ca-del-manet-berzo-san-fermo	+39 335 760 5868
Agriturismo Ippolita Lucchetti	info@martinicoldipaste.com	https://www.hotelsdrop.com/hotel/agriturismo-ippolita-lucchetti-berzo-san-fermo	+39 339 112 9896
Agriturismo Terra e Lago	info@terraelago.it	https://www.hotelsdrop.com/hotel/agriturismo-terra-e-lago-berzo-san-fermo	+39 333 577 7741
B&B Circuito	info@bed-and-breakfast-circuito.it	https://www.hotelsdrop.com/hotel/b-b-circuito-besana-in-brianza	+39 334 340 9566
Birabiro b&b - CIN IT108015C13TGU7TEW	info@bbmonza.it	https://www.hotelsdrop.com/hotel/birabiro-b-b-cin-it108015c13tgu7tew-besana-in-brianza	+39 339 437 6558
Agritur Maso Nello	info@masonello.it	https://www.hotelsdrop.com/hotel/agritur-maso-nello-besenello	+39 328 662 9720
Agriturismo La Terzola 3.0	info@laterzola.it	https://www.hotelsdrop.com/hotel/agriturismo-la-terzola-3-0-besenzone	+39 393 562 5925
Locanda Da Romano	locandadaromano1936@gmail.com	https://www.hotelsdrop.com/hotel/locanda-da-romano-besenzone	+39 339 846 0297
La Corte Del Gallo	info@lacortedelgallo.it	https://www.hotelsdrop.com/hotel/la-corte-del-gallo-besnate	+39 346 187 8462
Bed and Breakfast "Il bel Giardinetto" Lago Maggiore	ilbelgiardinetto@gmail.com	https://www.hotelsdrop.com/hotel/bed-and-breakfast-il-bel-giardinetto-lago-maggio-besozzo	+39 339 732 6142
B&B La Forgia	assistenza@webador.it	https://www.hotelsdrop.com/hotel/b-b-la-forgia-bettola	+39 346 413 6724
Grazzano Antica Stazione	info@grazzanoanticastazione.it	https://www.hotelsdrop.com/hotel/grazzano-antica-stazione-bettola	+39 331 110 5981
Veleia Locanda	info@veleiaromana.it	https://www.hotelsdrop.com/hotel/veleia-locanda-bettola	+39 331 744 0201
Agriturismo L'Uliveto Magico	raffaellanassisi@ulivetomagico.it	https://www.hotelsdrop.com/hotel/agriturismo-l-uliveto-magico-bettona	+39 375 666 1144
Agriturismo Umbrian Sunrise	umbriansunrise@gmail.com	https://www.hotelsdrop.com/hotel/agriturismo-umbrian-sunrise-bettona	+39 335 634 6969
Borgo Sant'Anna	santannabettona@gmail.com	https://www.hotelsdrop.com/hotel/borgo-sant-anna-bettona	+39 333 770 5231
Country House Il Sambro	info@ilsambro.it	https://www.hotelsdrop.com/hotel/country-house-il-sambro-bettona	+39 347 354 7592
Agriturismo La Tensa	info@agriturismotensa.it	https://www.hotelsdrop.com/hotel/agriturismo-la-tensa-beura-cardezza	+39 345 956 6496
Albergo Biglia	albergobiglia@gmail.com	https://www.hotelsdrop.com/hotel/albergo-biglia-beura-cardezza	+39 348 013 8598
Bed & Breakfast Tiffany a Domodossola	info@bbtiffany.it	https://www.hotelsdrop.com/hotel/bed-breakfast-tiffany-a-domodossola-beura-cardezza	+39 347 660 9625
Dimora Domese	dimoradomese@gmail.com	https://www.hotelsdrop.com/hotel/dimora-domese-beura-cardezza	+39 339 464 0548
Agriturismo Villaggio Green	agriturismovillaggiogreen@gmail.com	https://www.hotelsdrop.com/hotel/agriturismo-villaggio-green-bevagna	+39 338 203 4015
B&B Porta Perugina	info@bbportaperugina.it	https://www.hotelsdrop.com/hotel/b-b-porta-perugina-bevagna	+39 334 973 1964
Nuovo Mondo	info@bbnuovomondo.it	https://www.hotelsdrop.com/hotel/nuovo-mondo-bevagna	+39 346 685 1304
A Casa di Gaia	info@acasadigaia.com	https://www.hotelsdrop.com/hotel/a-casa-di-gaia-beverino	+39 340 849 6510
Affittacamere Casa di Campagna La Scortica, camere di charme, ristorantino tipico	info@lascortica.com	https://www.hotelsdrop.com/hotel/affittacamere-casa-di-campagna-la-scortica-camer-beverino	+39 338 611 8031
Agriturismo Angiò nel Ceré	infoangionelcere@gmail.com	https://www.hotelsdrop.com/hotel/agriturismo-angio-nel-cere-beverino	+39 347 298 0304
B&B Oasi Verde	info@oasi5terre.it	https://www.hotelsdrop.com/hotel/b-b-oasi-verde-beverino	+39 333 457 3286
Bed & Breakfast La Fontanella	info@beblafontanella.net	https://www.hotelsdrop.com/hotel/bed-breakfast-la-fontanella-beverino	+39 328 739 9129
Bed and breakfast "La Casa del Sole"	casadelsole5terre@yahoo.com	https://www.hotelsdrop.com/hotel/bed-and-breakfast-la-casa-del-sole-beverino	+39 329 298 0695
Il Portico affittacamere	hotel.contact.us@gmail.com	https://www.hotelsdrop.com/hotel/il-portico-affittacamere-beverino	+39 393 834 3993
B&B Madonna Villa Baietta	info@villabaietta.com	https://www.hotelsdrop.com/hotel/b-b-madonna-villa-baietta-bevilacqua	+39 340 957 6056
Ca' Bevilacqua B&B	info@cabevilacqua.com	https://www.hotelsdrop.com/hotel/ca-bevilacqua-b-b-bevilacqua	+39 333 817 7783
Dimore Al Borgo	infodimorealborgo@gmail.com	https://www.hotelsdrop.com/hotel/dimore-al-borgo-bevilacqua	+39 351 774 6398
Affittacamere Palazzo Galifi	info@palazzogalifi.it	https://www.hotelsdrop.com/hotel/affittacamere-palazzo-galifi-biancavilla	+39 320 603 9641
La Ginestra dell'Etna	laginestradelletna@gmail.com	https://www.hotelsdrop.com/hotel/la-ginestra-dell-etna-biancavilla	+39 379 315 1350
Residence Serra La Nave	info@residenceserralanave.com	https://www.hotelsdrop.com/hotel/residence-serra-la-nave-biancavilla	+39 347 906 8910
B&B LA COLONNA	info@bblacolonna.com	https://www.hotelsdrop.com/hotel/b-b-la-colonna-bianchi	+39 375 126 7028
Bed and breakfast, da Peppino	prenotazioni.dapeppino@gmail.com	https://www.hotelsdrop.com/hotel/bed-and-breakfast-da-peppino-bianchi	+39 339 196 3108
Ristorante Hotel Caligiuri	info@hotelcaligiuri.com	https://www.hotelsdrop.com/hotel/ristorante-hotel-caligiuri-bianchi	+39 333 503 3720
Green Hotel	info@greenmotel.it	https://www.hotelsdrop.com/hotel/green-hotel-biandronno	+39 331 248 8566
B&B Cascina Piazzoli	p.viaggiatore@libero.it	https://www.hotelsdrop.com/hotel/b-b-cascina-piazzoli-bianzano	+39 333 354 4346
B&B Notte e Dì	daiana@bebnotteedi.it	https://www.hotelsdrop.com/hotel/b-b-notte-e-di-bianzano	+39 340 558 9791
B&B Palazzo Eleonora	info@palazzoeleonora.com	https://www.hotelsdrop.com/hotel/b-b-palazzo-eleonora-bianzano	+39 392 476 6953
Agriturismo prada	agriturismoprada.bianzone@gmail.com	https://www.hotelsdrop.com/hotel/agriturismo-prada-bianzone	+39 370 363 4014
Foresteria Stazzona	foresteriastazzona@gmail.com	https://www.hotelsdrop.com/hotel/foresteria-stazzona-bianzone	+39 346 842 3604
IL POSTO AL SOLE B&B e FORESTERIA LOMBARDA	ilpostoalsole.bb@gmail.com	https://www.hotelsdrop.com/hotel/il-posto-al-sole-b-b-e-foresteria-lombarda-bianzone	+39 333 834 7446
Agriturismo Greppi	info@agriturismogreppi.it	https://www.hotelsdrop.com/hotel/agriturismo-greppi-bianz	+39 346 187 8120
AL SUITE	info@alsuite-milano.com	https://www.hotelsdrop.com/hotel/al-suite-biassono	+39 349 318 5991
Agriturismo Il Filare	info@agriturismoilfilare.it	https://www.hotelsdrop.com/hotel/agriturismo-il-filare-bibbiano	+39 349 582 9900
B&B - Corte Bebbi	info@cortebebbi.it	https://www.hotelsdrop.com/hotel/b-b-corte-bebbi-bibbiano	+39 348 560 6321
B&B Le Tre Gemme	info@bbletregemme.it	https://www.hotelsdrop.com/hotel/b-b-le-tre-gemme-bibbiano	+39 331 482 4076
Bed and Breakfast Quattro Colli	info@quattrocolli.it	https://www.hotelsdrop.com/hotel/bed-and-breakfast-quattro-colli-bibbiano	+39 340 647 4953
BORGODIECI Camere e Colazione	info@borgodieci.it	https://www.hotelsdrop.com/hotel/borgodieci-camere-e-colazione-bibbiano	+39 353 362 6750
B&B I Due Portali	idueportalibibbiena@gmail.com	https://www.hotelsdrop.com/hotel/b-b-i-due-portali-bibbiena	+39 328 108 6271
Borgo Romena	info@borgoromena.it	https://www.hotelsdrop.com/hotel/borgo-romena-bibbiena	+39 379 101 2380
Fattoria di Marena - Agriturismo - Family Holidays	isabella@fattoriamarena.it	https://www.hotelsdrop.com/hotel/fattoria-di-marena-agriturismo-family-holidays-bibbiena	+39 340 287 0576
Agriturismo Il Palazzino B&B	ilpalazzino@tiscali.it	https://www.hotelsdrop.com/hotel/agriturismo-il-palazzino-b-b-bibbona	+39 340 900 8922
Agriturismo Nonna Stella	info@nonnastella.it	https://www.hotelsdrop.com/hotel/agriturismo-nonna-stella-bibbona	+39 328 329 6532
Hotel Paradiso verde	info@hotelparadisoverde.it	https://www.hotelsdrop.com/hotel/hotel-paradiso-verde-bibbona	+39 393 810 0964
I Gigli di Mare	igiglidimare@gmail.com	https://www.hotelsdrop.com/hotel/i-gigli-di-mare-bibbona	+39 333 283 4983
La Casa nel Borgo	info@casanelborgo.com	https://www.hotelsdrop.com/hotel/la-casa-nel-borgo-bibbona	+39 334 114 5146
La locanda di villa toscana	info@lalocandadivillatoscana.it	https://www.hotelsdrop.com/hotel/la-locanda-di-villa-toscana-bibbona	+39 379 114 3240
Locanda Etrusca	info@locandaetrusca.com	https://www.hotelsdrop.com/hotel/locanda-etrusca-bibbona	+39 348 338 3328
Poggio Picchio	info@poggiopicchio.it	https://www.hotelsdrop.com/hotel/poggio-picchio-bibbona	+39 320 349 3176
Residenza d'Epoca CAVALIERE Romantic Rooms near BOLGHERI	info@cavaliere-bibbona.com	https://www.hotelsdrop.com/hotel/residenza-d-epoca-cavaliere-romantic-rooms-near-bibbona	+39 348 826 2417
B&B Mombracco	support@centralstay.eu	https://www.hotelsdrop.com/hotel/b-b-mombracco-bibiana	+39 348 733 5624
Affittacamere Da Nonna Elisa	danonnaelisa@outlook.it	https://www.hotelsdrop.com/hotel/affittacamere-da-nonna-elisa-biccari	+39 328 327 2953
B&B Agorà	support@centralstay.eu	https://www.hotelsdrop.com/hotel/b-b-agora-biccari	+39 328 692 4010
B&B Casa Cavalli	b_bcasacavalli@live.it	https://www.hotelsdrop.com/hotel/b-b-casa-cavalli-biccari	+39 347 193 5638
Relais in Contrada	info@relaisincontrada.it	https://www.hotelsdrop.com/hotel/relais-in-contrada-biccari	+39 328 425 9075
B&B casa di Giò	info@casadigiobb.it	https://www.hotelsdrop.com/hotel/b-b-casa-di-gio-bicinicco	+39 347 466 6227
Villa di Tissano	utente@dominio.com	https://www.hotelsdrop.com/hotel/villa-di-tissano-bicinicco	+39 331 198 9453
BED & BREAKFAST SUL PONTE - GRAVINA IN PUGLIA	info@bebsulponte.it	https://www.hotelsdrop.com/hotel/bed-breakfast-sul-ponte-gravina-in-puglia-bidon	+39 328 661 6774
B&B Del Piazzo	bbdelpiazzo@gmail.com	https://www.hotelsdrop.com/hotel/b-b-del-piazzo-biella	+39 340 158 1357
B & B La Mela	lamelabeb@gmail.com	https://www.hotelsdrop.com/hotel/b-b-la-mela-bienno	+39 375 944 5510
Agriturismo Ranch dei Lupi - Osteria	info@ranchdeilupi.it	https://www.hotelsdrop.com/hotel/agriturismo-ranch-dei-lupi-osteria-bieno	+39 388 874 4454
B&B Il Piccolo Principe	bbilpiccoloprincipebieno@gmail.com	https://www.hotelsdrop.com/hotel/b-b-il-piccolo-principe-bieno	+39 340 313 4256
Locanda La Ruscoletta	info@laruscoletta.it	https://www.hotelsdrop.com/hotel/locanda-la-ruscoletta-bieno	+39 344 279 7299
Affittacamere Hotel Il Piccolo Rooms	info@ilpiccolorooms.it	https://www.hotelsdrop.com/hotel/affittacamere-hotel-il-piccolo-rooms-bientina	+39 333 250 0345
Il Chiesino camere monolocali	info@ilchiesino.it	https://www.hotelsdrop.com/hotel/il-chiesino-camere-monolocali-bientina	+39 346 245 8227
Bed & Breakfast BENVENUTO	mrk.dejonge@gmail.com	https://www.hotelsdrop.com/hotel/bed-breakfast-benvenuto-binago	+39 366 980 5662
B&b dei Nobili	hotel.deinobili@virgilio.it	https://www.hotelsdrop.com/hotel/b-b-dei-nobili-binetto	+39 334 367 3960
Comeacasa B&B	contatto@esempio.it	https://www.hotelsdrop.com/hotel/comeacasa-b-b-binetto	+39 388 301 9030
La Torre Storica	info@latorrestorica.it	https://www.hotelsdrop.com/hotel/la-torre-storica-binetto	+39 392 817 2809
Villa delle Querce Resort – Hotel - Wedding – Meeting	info@villadellequerce.it	https://www.hotelsdrop.com/hotel/villa-delle-querce-resort-hotel-wedding-meeting-binetto	+39 328 651 4105
B&B Balcone del Biellese Pettinengo	beb.balconedelbiellese@gmail.com	https://www.hotelsdrop.com/hotel/b-b-balcone-del-biellese-pettinengo-bioglio	+39 331 678 3999
Casa Borio bed and breakfast e noleggio ebike	infocasaborio@gmail.com	https://www.hotelsdrop.com/hotel/casa-borio-bed-and-breakfast-e-noleggio-ebike-bioglio	+39 371 755 8319
B&B La Maison d'Antan	info@maisondantan.it	https://www.hotelsdrop.com/hotel/b-b-la-maison-d-antan-bionaz	+39 375 782 0613
La Tour	latouroyace2025@gmail.com	https://www.hotelsdrop.com/hotel/la-tour-bionaz	+39 392 585 7337
Maison Constance B&B	info@maisonconstance.eu	https://www.hotelsdrop.com/hotel/maison-constance-b-b-bionaz	+39 338 345 5419
Restaurant e B&B Alpe Rebelle Mountain Lodge	info@alperebelle.com	https://www.hotelsdrop.com/hotel/restaurant-e-b-b-alpe-rebelle-mountain-lodge-bionaz	+39 347 033 0713
B&B Giulimà	info@giulima.it	https://www.hotelsdrop.com/hotel/b-b-giulima-bisaccia	+39 340 121 2065
Agriturismo Montalbano	info@aziendamontalbano.com	https://www.hotelsdrop.com/hotel/agriturismo-montalbano-bisacquino	+39 389 052 2894
Agriturismo Torre Tabia	info@agriturismotorretabia.it	https://www.hotelsdrop.com/hotel/agriturismo-torre-tabia-bisacquino	+39 349 842 6026
Antico Frantoio Sas / Cantina Murgia Lamanno	info@oliovivo.com	https://www.hotelsdrop.com/hotel/antico-frantoio-sas-cantina-murgia-lamanno-bisacquino	+39 334 381 9339
B&B Chiaro di Luna - Corleone	contact@globostay.com	https://www.hotelsdrop.com/hotel/b-b-chiaro-di-luna-corleone-bisacquino	+39 338 719 6811
Bed and Breakfast Sotto le Stelle	info@bbsottolestelle.it	https://www.hotelsdrop.com/hotel/bed-and-breakfast-sotto-le-stelle-bisacquino	+39 338 281 7862
Jenka	info@jenka.it	https://www.hotelsdrop.com/hotel/jenka-bisacquino	+39 320 610 3810
Rosa's House Bed & Breakfast	booking@rosas-house.it	https://www.hotelsdrop.com/hotel/rosa-s-house-bed-breakfast-bisacquino	+39 329 596 9383
APARTHOTEL LE MARINE	lemarinereception@gmail.com	https://www.hotelsdrop.com/hotel/aparthotel-le-marine-bisceglie	+39 366 300 1144
B&B Levante	otivprenotazioni@gmail.com	https://www.hotelsdrop.com/hotel/b-b-levante-bisceglie	+39 377 363 4778
Bellatmosfera	lucaturcato1969@gmail.com	https://www.hotelsdrop.com/hotel/bellatmosfera-bisceglie	+39 347 910 4819
Samarè Bisceglie	info@samarebisceglie.it	https://www.hotelsdrop.com/hotel/samare-bisceglie-bisceglie	+39 327 393 4631
TerraCielo	morgignoa@gmail.com	https://www.hotelsdrop.com/hotel/terracielo-bisceglie	+39 347 212 1226
Torre Bianca Bisceglie B&B vicino al mare	info@torrebiancabisceglie.com	https://www.hotelsdrop.com/hotel/torre-bianca-bisceglie-b-b-vicino-al-mare-bisceglie	+39 377 361 2566
Torrelama Room & Breakfast	info@torrelama.it	https://www.hotelsdrop.com/hotel/torrelama-room-breakfast-bisceglie	+39 370 324 8340
Panfilo Farmhouse	info@panfilofarmhouse.com	https://www.hotelsdrop.com/hotel/panfilo-farmhouse-bisenti	+39 333 868 9013
la giara b&b	info@lagiarabb.it	https://www.hotelsdrop.com/hotel/la-giara-b-b-bisignano	+39 347 891 2199
Agriturismo - Costa dei Platani	info@costadeiplatani.com	https://www.hotelsdrop.com/hotel/agriturismo-costa-dei-platani-bistagno	+39 351 850 6053
B&B Al Sentiero	info@alsentiero.net	https://www.hotelsdrop.com/hotel/b-b-al-sentiero-bistagno	+39 338 953 8067
B&B Cascina Malinverni	info@cascinamalinverni.com	https://www.hotelsdrop.com/hotel/b-b-cascina-malinverni-bistagno	+39 349 775 7616
B&B Agorà	agorabitetto@gmail.com	https://www.hotelsdrop.com/hotel/b-b-agora-bitetto	+39 340 240 5657
B&B La Maison da Francy	support@centralstay.eu	https://www.hotelsdrop.com/hotel/b-b-la-maison-da-francy-bitetto	+39 351 750 9838
Dimora Barone	support@centralstay.eu	https://www.hotelsdrop.com/hotel/dimora-barone-bitetto	+39 346 243 4196
Hotel Paradise Rooms	info@paradise-rooms.it	https://www.hotelsdrop.com/hotel/hotel-paradise-rooms-bitetto	+39 327 765 7953
Pugliese16	16.pugliese@gmail.com	https://www.hotelsdrop.com/hotel/pugliese16-bitetto	+39 377 579 5746
San Marco Antico Relais	info@sanmarcoanticorelais.it	https://www.hotelsdrop.com/hotel/san-marco-antico-relais-bitonto	+39 392 301 1007
Tenuta Gurgo	info@tenutagurgo.it	https://www.hotelsdrop.com/hotel/tenuta-gurgo-bitonto	+39 329 046 3592
B&B La Dimora del Re	info@dimoradelre.it	https://www.hotelsdrop.com/hotel/b-b-la-dimora-del-re-bitritto	+39 328 442 1628
B&B MIRAGE	info@bbmirage.it	https://www.hotelsdrop.com/hotel/b-b-mirage-bitritto	+39 380 215 7838
Il Bergamotto • Affittacamere • Guesthouse • B&B	prenotazioni.ilbergamotto@gmail.com	https://www.hotelsdrop.com/hotel/il-bergamotto-affittacamere-guesthouse-b-b-bitritto	+39 340 121 0585
Palazzo Mimi	info@palazzomimi.com	https://www.hotelsdrop.com/hotel/palazzo-mimi-bitritto	+39 331 468 6805
Paradise Rooms Apartments	info@paradise-rooms.it	https://www.hotelsdrop.com/hotel/paradise-rooms-apartments-bitritto	+39 327 765 7953
Agua Dorada boutique hotel	info@aguadorada.it	https://www.hotelsdrop.com/hotel/agua-dorada-boutique-hotel-bitti	+39 327 798 8903
Nughe 'e' Oro Guesthouse Homestay	annalisacui@gmail.com\	https://www.hotelsdrop.com/hotel/nughe-e-oro-guesthouse-homestay-bitti	+39 328 454 9036
AFFITTACAMERE LA MANDORLA	info@oliocaruso.it	https://www.hotelsdrop.com/hotel/affittacamere-la-mandorla-bivona	+39 328 773 1503
Agriturismo Le Zarafe	info@lezarafe.com	https://www.hotelsdrop.com/hotel/agriturismo-le-zarafe-bivona	+39 320 760 5133
Oasi del Borgo	info@oasidelborgo.com	https://www.hotelsdrop.com/hotel/oasi-del-borgo-bivona	+39 333 255 1335
Aria e Sole	bebariaesole@gmail.com\	https://www.hotelsdrop.com/hotel/aria-e-sole-bivongi	+39 328 421 7218
B&B A due Passi dal Mare	a2passidalmareinfo@gmail.com	https://www.hotelsdrop.com/hotel/b-b-a-due-passi-dal-mare-bivongi	+39 329 291 3234
B&B e Appartamenti Magna Grecia	magnagrecia.appartamenti@gmail.com\	https://www.hotelsdrop.com/hotel/b-b-e-appartamenti-magna-grecia-bivongi	+39 380 344 2595
B&B Piccola Dimora Villa Candido	piccoladimoravillacandido65@gmail.com	https://www.hotelsdrop.com/hotel/b-b-piccola-dimora-villa-candido-bivongi	+39 320 812 0638
Pasitea B&B Luxury	pasitea.serrasanbruno@yahoo.com	https://www.hotelsdrop.com/hotel/pasitea-b-b-luxury-bivongi	+39 350 099 9578
Agriturismo B&B Casariga Poia Comano Terme	casarigatrentino@gmail.com	https://www.hotelsdrop.com/hotel/agriturismo-b-b-casariga-poia-comano-terme-bleggio-superiore	+39 333 683 0517
Agriturismo Maso Alle Rose	masoallerosetrentino@gmail.com	https://www.hotelsdrop.com/hotel/agriturismo-maso-alle-rose-bleggio-superiore	+39 340 467 2868
B&B Cappeler	info@bbcappeler.it	https://www.hotelsdrop.com/hotel/b-b-cappeler-bleggio-superiore	+39 335 641 7754
B&B da Erica	605a7baede844d278b89dc95ae0a9123@sentry-next.wixpress.com	https://www.hotelsdrop.com/hotel/b-b-da-erica-bleggio-superiore	+39 338 368 9828
Sole Agriturismo	info@soleagriturismo.it	https://www.hotelsdrop.com/hotel/sole-agriturismo-blello	+39 350 146 9421
Agriturismo Il Marrugio	info@ilmarrugio.com	https://www.hotelsdrop.com/hotel/agriturismo-il-marrugio-blera	+39 373 751 0399
Agriturismo Le Quattro Stagioni	agrilequattrostagioni@gmail.com	https://www.hotelsdrop.com/hotel/agriturismo-le-quattro-stagioni-blera	+39 349 194 0466
Albatros Accommodations	info@albatrosaccommodations.com	https://www.hotelsdrop.com/hotel/albatros-accommodations-blera	+39 353 456 2063
B&B La Casetta di Ben	lacasettadiben@gmail.com	https://www.hotelsdrop.com/hotel/b-b-la-casetta-di-ben-blera	+39 388 449 6800
Il Giardino nell'Orto	ilgiardinonellorto@gmail.com	https://www.hotelsdrop.com/hotel/il-giardino-nell-orto-blera	+39 335 803 3553
Le Pozze Terme	infolepozze@lepozze.it	https://www.hotelsdrop.com/hotel/le-pozze-terme-blera	+39 339 170 7570
Agriturismo La Cascina	agriturismolacascina@hotmail.com	https://www.hotelsdrop.com/hotel/agriturismo-la-cascina-blessagno	+39 389 545 6990
Hotel La Torre - Valle d'Intelvi, vicino al LAGO DI COMO e di LUGANO Castiglione d'Intelvi	info@albergolatorre.net	https://www.hotelsdrop.com/hotel/hotel-la-torre-valle-d-intelvi-vicino-al-lago-di-blessagno	+39 339 469 1301
B&B 104	info@bb104.it	https://www.hotelsdrop.com/hotel/b-b-104-blevio	+39 333 260 4181
B&B Como A casa di Maria	info@caclerici.it	https://www.hotelsdrop.com/hotel/b-b-como-a-casa-di-maria-blevio	+39 339 806 7670
B&B La Cassinella	info@sevenbitsolutions.it	https://www.hotelsdrop.com/hotel/b-b-la-cassinella-blevio	+39 327 197 1813
Casa Giulietta Caronti with view of lake Como	info@giuliettaallago.it	https://www.hotelsdrop.com/hotel/casa-giulietta-caronti-with-view-of-lake-como-blevio	+39 340 706 0176
Casa Giulietta Junior20 with private parking	info@giuliettaallago.it	https://www.hotelsdrop.com/hotel/casa-giulietta-junior20-with-private-parking-blevio	+39 340 706 0176
Relais Villino Rubini	info@villinorubini.com	https://www.hotelsdrop.com/hotel/relais-villino-rubini-blevio	+39 331 893 5301
Villa Costanza	info@villacostanzacomo.it	https://www.hotelsdrop.com/hotel/villa-costanza-blevio	+39 335 586 3049
VILLA lake view, Jacuzzi Spa and Private Pool	info@giuliettaallago.it	https://www.hotelsdrop.com/hotel/villa-lake-view-jacuzzi-spa-and-private-pool-blevio	+39 340 706 0176
Villa Sardagna Lake Como - Luxury Rental Venue	info@villasardagnacomolake.com	https://www.hotelsdrop.com/hotel/villa-sardagna-lake-como-luxury-rental-venue-blevio	+39 333 334 8040
B&b La Terrazza sulle Madonie di Daniela Russo	beb.danielarusso@libero.it	https://www.hotelsdrop.com/hotel/b-b-la-terrazza-sulle-madonie-di-daniela-russo-blufi	+39 339 726 4622
Bed and Breakfast ”Polizzi House”	polizzihouse.beb@libero.it	https://www.hotelsdrop.com/hotel/bed-and-breakfast-polizzi-house-blufi	+39 389 494 4985
Borgo i Stritti	borgoistritti@tiscali.it	https://www.hotelsdrop.com/hotel/borgo-i-stritti-blufi	+39 335 677 2936
Agriturismo La Foscarina - Specialità Arrosticini e Carne di Pecora	info@lafoscarina.it	https://www.hotelsdrop.com/hotel/agriturismo-la-foscarina-specialita-arrosticini-boara-pisani	+39 340 955 0311
Il Giglio Veneziano	info@ilgiglioveneziano.it	https://www.hotelsdrop.com/hotel/il-giglio-veneziano-boara-pisani	+39 345 088 8804
B&B a Casa di Ele	info@acasadiele.com	https://www.hotelsdrop.com/hotel/b-b-a-casa-di-ele-bobbio	+39 328 754 8349
Suites Bobbio	info@suitesbobbio.com	https://www.hotelsdrop.com/hotel/suites-bobbio-bobbio	+39 347 961 1929
Albergo Club Alpino	info@clubalpino.it	https://www.hotelsdrop.com/hotel/albergo-club-alpino-bobbio-pellice	+39 348 715 8594
B&B “Ai Fontana”	info@aifontana.com	https://www.hotelsdrop.com/hotel/b-b-ai-fontana-bobbio-pellice	+39 339 708 2366
Hotel Salei	info@hotelsalei.it	https://www.hotelsdrop.com/hotel/hotel-salei-bobbio-pellice	+39 338 706 1137
Rifugio Pra la Peira	info@pralapeira.com	https://www.hotelsdrop.com/hotel/rifugio-pra-la-peira-bobbio-pellice	+39 338 194 1497
Le Colline di Maggiora	lecollinedimaggiora@gmail.com	https://www.hotelsdrop.com/hotel/le-colline-di-maggiora-boca	+39 320 716 4829
B&B DON EMILIO	donemiliobeb@virgilio.it	https://www.hotelsdrop.com/hotel/b-b-don-emilio-bocchigliero	+39 338 914 6449
B&B La Casa di Gioacchino	info@lacasadigioacchino.it	https://www.hotelsdrop.com/hotel/b-b-la-casa-di-gioacchino-bocchigliero	+39 328 922 5316
B&B Loricaly	info@loricaly.it	https://www.hotelsdrop.com/hotel/b-b-loricaly-bocchigliero	+39 320 842 0597
B&B Mastro Giò	prenota@bebmastrogio.it	https://www.hotelsdrop.com/hotel/b-b-mastro-gio-bocchigliero	+39 327 695 6647
B&B Rossini Luxury 2 - COSENZA	info@rossiniluxury.it	https://www.hotelsdrop.com/hotel/b-b-rossini-luxury-2-cosenza-bocchigliero	+39 327 829 3097
B&B Al Vicolo del Gallo	alvicolodelgallo@gmail.com	https://www.hotelsdrop.com/hotel/b-b-al-vicolo-del-gallo-boccioleto	+39 337 107 4525
Ospitalità rurale familiare Land Wasser	info@landwasser.it	https://www.hotelsdrop.com/hotel/ospitalita-rurale-familiare-land-wasser-boccioleto	+39 348 045 2909
Rifugio “La Baita Alpe Seccio”	info@mountbed.com	https://www.hotelsdrop.com/hotel/rifugio-la-baita-alpe-seccio-boccioleto	+39 350 089 2107
Aparthotel Strembo	info@aparthotelstrembo.it	https://www.hotelsdrop.com/hotel/aparthotel-strembo-bocenago	+39 351 709 3546
B&B Piazzi.	bebpiazzi@gmail.com	https://www.hotelsdrop.com/hotel/b-b-piazzi-bocenago	+39 348 342 2175
Garnì Costa Verde S.r.l	costaverdebb@gmail.com	https://www.hotelsdrop.com/hotel/garni-costa-verde-s-r-l-bocenago	+39 351 354 9745
La CRI Bed & Breakfast	lacribedandbreakfast@gmail.com	https://www.hotelsdrop.com/hotel/la-cri-bed-breakfast-bocenago	+39 334 888 2604
B&B Lodi Centro	user@domain.com	https://www.hotelsdrop.com/hotel/b-b-lodi-centro-boffalora-d-adda	+39 345 418 0117
La Mansarda B&B	geg_srl@ymail.com	https://www.hotelsdrop.com/hotel/la-mansarda-b-b-boffalora-d-adda	+39 348 173 5762
B&B da Mary	damarymagenta@gmail.com	https://www.hotelsdrop.com/hotel/b-b-da-mary-boffalora-sopra-ticino	+39 389 826 9051
Al Piccolo Scoglio - Room & Breakfast	info@alpiccoloscoglio.it	https://www.hotelsdrop.com/hotel/al-piccolo-scoglio-room-breakfast-bogliasco	+39 345 012 4548
Albergo Diana	locandadianage@gmail.com	https://www.hotelsdrop.com/hotel/albergo-diana-bogliasco	+39 346 963 5137
Guesthouse La Briosa Nicole	hotel.contact.us@gmail.com	https://www.hotelsdrop.com/hotel/guesthouse-la-briosa-nicole-bogliasco	+39 327 400 6201
St. Martin House	stmartingenova@gmail.com	https://www.hotelsdrop.com/hotel/st-martin-house-bogliasco	+39 346 963 5137
B&B La Cascina di Monia e Mario	cascinadimoniaemario@libero.it	https://www.hotelsdrop.com/hotel/b-b-la-cascina-di-monia-e-mario-bogogno	+39 339 279 2532
Agrodolce	agrodolce-boissano@hotmail.it\	https://www.hotelsdrop.com/hotel/agrodolce-boissano	+39 329 463 6184
B&B La Casa dei Gelsi	casadeigelsiloano@gmail.com	https://www.hotelsdrop.com/hotel/b-b-la-casa-dei-gelsi-boissano	+39 338 796 4607
Cà da Franca	cadafranca@gmail.com	https://www.hotelsdrop.com/hotel/ca-da-franca-boissano	+39 331 948 4363
B&B La Piazzetta, Bojano (CB)	dovidiogianluca@gmail.com	https://www.hotelsdrop.com/hotel/b-b-la-piazzetta-bojano-cb-bojano	+39 328 059 4681
B&B MR Living	mrliving.bojano@gmail.com	https://www.hotelsdrop.com/hotel/b-b-mr-living-bojano	+39 347 378 2034
B&B Nelle stanze del Matese	nellestanzedelmatese@gmail.com	https://www.hotelsdrop.com/hotel/b-b-nelle-stanze-del-matese-bojano	+39 329 544 0287
Bed & Breakfast L'Antica Dimora	lanticadimora2008@gmail.com	https://www.hotelsdrop.com/hotel/bed-breakfast-l-antica-dimora-bojano	+39 371 488 9934
Boutique Hotel Palazzo Corso Umberto	info@palazzocorsoumberto.it	https://www.hotelsdrop.com/hotel/boutique-hotel-palazzo-corso-umberto-bojano	+39 389 570 8265
Il campanile	support@centralstay.eu	https://www.hotelsdrop.com/hotel/il-campanile-bojano	+39 333 271 2242
B&B Amici - Bed and Breakfast La Spezia	info@bnbamici.it	https://www.hotelsdrop.com/hotel/b-b-amici-bed-and-breakfast-la-spezia-bolano	+39 393 979 9672
Elicrim	elicrim@gmail.com	https://www.hotelsdrop.com/hotel/elicrim-bolano	+39 349 351 3386
Residence Monte Bello	info@residencemontebello.it	https://www.hotelsdrop.com/hotel/residence-monte-bello-bolano	+39 348 396 6120
BED & BREAKFAST SAKURA	bnbsakurami@gmail.com	https://www.hotelsdrop.com/hotel/bed-breakfast-sakura-bollate	+39 376 005 2215
Hotel Salus Milano	hotel.contact.us@gmail.com	https://www.hotelsdrop.com/hotel/hotel-salus-milano-bollate	+39 328 891 9103
7 Lakes - Aparthotel Rta	info@7lakes.it	https://www.hotelsdrop.com/hotel/7-lakes-aparthotel-rta-bollengo	+39 351 371 1823
affittacamere Borgonuovo	ariannapaioli@gmail.com	https://www.hotelsdrop.com/hotel/affittacamere-borgonuovo-bologna	+39 347 866 1078
Affittacamere San Felice 135	info@sanfelice135.it	https://www.hotelsdrop.com/hotel/affittacamere-san-felice-135-bologna	+39 348 191 8011
Affitti Brevi Bologna	booking@bedandbreakfastbologna.net	https://www.hotelsdrop.com/hotel/affitti-brevi-bologna-bologna	+39 351 811 1218
B&B Amendola16	amendola16bologna@gmail.com	https://www.hotelsdrop.com/hotel/b-b-amendola16-bologna	+39 351 595 4393
b&b Casa Elide	bbdielide@gmail.com	https://www.hotelsdrop.com/hotel/b-b-casa-elide-bologna	+39 339 280 7326
B&B Dell'Orso	prenotazioni@bbdellorso.it	https://www.hotelsdrop.com/hotel/b-b-dell-orso-bologna	+39 392 825 2120
B&B Fuori Dai Coppi Bologna	bnbfuoridaicoppi@gmail.com	https://www.hotelsdrop.com/hotel/b-b-fuori-dai-coppi-bologna-bologna	+39 393 288 6863
B&B Galleria Cavour	cavour.galleria@gmail.com	https://www.hotelsdrop.com/hotel/b-b-galleria-cavour-bologna	+39 351 967 9393
B&B Hope Regency	mirko.salomoni@gmail.com	https://www.hotelsdrop.com/hotel/b-b-hope-regency-bologna	+39 333 374 4718
B&B Il Viaggio Bologna	info@bbilviaggio.it	https://www.hotelsdrop.com/hotel/b-b-il-viaggio-bologna-bologna	+39 333 862 4695
B&B La Magnolia	info@lamagnolia-bologna.com	https://www.hotelsdrop.com/hotel/b-b-la-magnolia-casalecchio-di-reno	+39 338 707 0719
Bed And Breakfast Arcobaleno	info@bb-arcobaleno.com	https://www.hotelsdrop.com/hotel/bed-and-breakfast-arcobaleno-bologna	+39 339 450 1441
Bed and Brekfast Bologna San Felice	info@bolognasanfelice.it	https://www.hotelsdrop.com/hotel/bed-and-brekfast-bologna-san-felice-bologna	+39 333 315 6249
Bibliò Rooms - Guesthouse Bologna	info@bibliorooms.com	https://www.hotelsdrop.com/hotel/biblio-rooms-guesthouse-bologna-bologna	+39 351 848 9280
Bohoostel	info@bohoostel.com	https://www.hotelsdrop.com/hotel/bohoostel-bologna	+39 345 720 5893
BOLOGNA BED STATION	info@bolognabedstation.it	https://www.hotelsdrop.com/hotel/bologna-bed-station-bologna	+39 349 230 9780
Bologna Centrale Stanze B&B	camerebolognacentrale@gmail.com	https://www.hotelsdrop.com/hotel/bologna-centrale-stanze-b-b-bologna	+39 388 305 4971
Bologna Homestay B&B	bolognahomestay@gmail.com	https://www.hotelsdrop.com/hotel/bologna-homestay-b-b-bologna	+39 380 632 7248
BOLOGNA SUITE	bolognasuite@libero.it	https://www.hotelsdrop.com/hotel/bologna-suite-bologna	+39 335 616 2561
Buon Hotel Bologna Centro	info@buonhotel.it	https://www.hotelsdrop.com/hotel/buon-hotel-bologna-centro-bologna	+39 380 383 8101
Ca' Fosca Due Torri	cafoscaduetorri@gmail.com	https://www.hotelsdrop.com/hotel/ca-fosca-due-torri-bologna	+39 338 133 0326
Casa Ardizzoni	info@casardizzoni.it	https://www.hotelsdrop.com/hotel/casa-ardizzoni-bologna	+39 339 879 2668
Casa Conoscenti	iconoscentibologna@gmail.com	https://www.hotelsdrop.com/hotel/casa-conoscenti-bologna	+39 351 836 3742
Central City Rooms Group	info@centralcityinn.com	https://www.hotelsdrop.com/hotel/central-city-rooms-group-bologna	+39 340 702 8925
Corte Sant'Orsola 4	info@lacortedelsantorsola.com	https://www.hotelsdrop.com/hotel/corte-sant-orsola-4-bologna	+39 375 648 3969
Cozy Suite | Unique Stay in Bologna	ciao@bolognaexperience.org	https://www.hotelsdrop.com/hotel/cozy-suite-unique-stay-in-bologna-bologna	+39 338 189 2250
Cristina Rossi Bed and Breakfast	info@cristinarossi.it	https://www.hotelsdrop.com/hotel/cristina-rossi-bed-and-breakfast-bologna	+39 342 744 0349
Falegnami Suites - BolognaRooms	checkin@bolognarooms.com	https://www.hotelsdrop.com/hotel/falegnami-suites-bolognarooms-bologna	+39 351 535 4357
Galliera Residence B&B	info@gallieraresidence.it	https://www.hotelsdrop.com/hotel/galliera-residence-b-b-bologna	+39 328 852 0155
Good Morning Bologna - Marsala R&B	info@goodmorningbologna.com	https://www.hotelsdrop.com/hotel/good-morning-bologna-marsala-r-b-bologna	+39 375 864 9936
Hotel Perla	hotelperlabologna@gmail.com	https://www.hotelsdrop.com/hotel/hotel-perla-bologna	+39 351 652 5108
I 4 gatti guesthouse	info4gatti@gmail.com	https://www.hotelsdrop.com/hotel/i-4-gatti-guesthouse-bologna	+39 348 196 4824
IlLoto	lafeniceaffittacamere@gmail.com	https://www.hotelsdrop.com/hotel/illoto-bologna	+39 351 971 4312
La Casa delle Dee - Affittacamere Bologna Centro - Self check-in	info@lacasadelledee.com	https://www.hotelsdrop.com/hotel/la-casa-delle-dee-affittacamere-bologna-centro-s-bologna	+39 379 157 0597
La Ciliegia Green Bed and Breakfast	laciliegia@hotmail.it	https://www.hotelsdrop.com/hotel/la-ciliegia-green-bed-and-breakfast-bologna	+39 345 980 2820
Luxury B&B Casa Faccioli & Wellness	info@casafaccioli.it	https://www.hotelsdrop.com/hotel/luxury-b-b-casa-faccioli-wellness-bologna	+39 351 928 5112
Madame Bologna	madamebologna@hotmail.com	https://www.hotelsdrop.com/hotel/madame-bologna-bologna	+39 350 071 9189
Maglo Centro	info.maglocentro@gmail.com	https://www.hotelsdrop.com/hotel/maglo-centro-bologna	+39 333 309 5622
Maglo Station	info.maglostation@gmail.com	https://www.hotelsdrop.com/hotel/maglo-station-bologna	+39 393 382 7368
Marconi inn	bbmarconiinn@gmail.com	https://www.hotelsdrop.com/hotel/marconi-inn-bologna	+39 353 448 4503
Muà Boutique Bologna	muabologna@gmail.com	https://www.hotelsdrop.com/hotel/mua-boutique-bologna-bologna	+39 334 816 6677
Palazzo di Alcina - Residenza D'Epoca - Luxury Rooms -	info@palazzodialcina.com	https://www.hotelsdrop.com/hotel/palazzo-di-alcina-residenza-d-epoca-luxury-rooms-bologna	+39 335 536 3308
R&B La Villa	spacealaimo@gmail.com	https://www.hotelsdrop.com/hotel/r-b-la-villa-bologna	+39 328 677 3367
Reno Suite Bologna Centro B&B	info@renosuite.it	https://www.hotelsdrop.com/hotel/reno-suite-bologna-centro-b-b-bologna	+39 333 450 6020
Santo Stefano Apartments - BolognaRooms	checkin@bolognarooms.com	https://www.hotelsdrop.com/hotel/santo-stefano-apartments-bolognarooms-bologna	+39 351 535 4357
STANZE DI FRONTE OSPEDALE MAGGIORE IN MAGGIORE ROOMS	darionobile@yahoo.it	https://www.hotelsdrop.com/hotel/stanze-di-fronte-ospedale-maggiore-in-maggiore-r-bologna	+39 348 001 1230
Steam House Room & Breakfast	booking@steamhouse.it	https://www.hotelsdrop.com/hotel/steam-house-room-breakfast-bologna	+39 370 302 3854
Zambo Residence	info@zamboresidence.it	https://www.hotelsdrop.com/hotel/zambo-residence-bologna	+39 393 273 6995
Agriturismo Il Casolare Di Nonno Mario.	info@casolarenonnomario.it	https://www.hotelsdrop.com/hotel/agriturismo-il-casolare-di-nonno-mario-bolognano	+39 347 931 8785
Villa Vista Monti	p.a.byvoet@gmail.com	https://www.hotelsdrop.com/hotel/villa-vista-monti-bolognano	+39 389 895 5026
B&B Puvogel	mymail@mailservice.com	https://www.hotelsdrop.com/hotel/b-b-puvogel-bolognetta	+39 331 527 4772
Dormo Da Lia Srl	affittacameredormodalia@gmail.com	https://www.hotelsdrop.com/hotel/dormo-da-lia-srl-bolognetta	+39 389 480 4597
B&B La Villa - Lago di Fiastra	info@bblavilla.it	https://www.hotelsdrop.com/hotel/b-b-la-villa-lago-di-fiastra-bolognola	+39 333 835 8195
Baita Solaria	info@sarnanoneve.it	https://www.hotelsdrop.com/hotel/baita-solaria-bolognola	+39 389 495 2959
Hermitage Sibillini	info@scimarche.it	https://www.hotelsdrop.com/hotel/hermitage-sibillini-bolognola	+39 348 316 5177
Palazzo Rossi | Historic Boutique Home in Marche	info@palazzo-rossi.it	https://www.hotelsdrop.com/hotel/palazzo-rossi-historic-boutique-home-in-marche-bolognola	+39 339 257 1351
Sasso Bianco	sassobianco@libero.it	https://www.hotelsdrop.com/hotel/sasso-bianco-bolognola	+39 333 717 3213
Agriturismo Sa Pigalva	sapigalva@gmail.com	https://www.hotelsdrop.com/hotel/agriturismo-sa-pigalva-bolotana	+39 380 416 2406
Agriturismo Su Francadu	info@agriturismofrancadu.it	https://www.hotelsdrop.com/hotel/agriturismo-su-francadu-bolotana	+39 333 706 9066
B&b da Zia Carmela	info@bolotanaturismo360.it	https://www.hotelsdrop.com/hotel/b-b-da-zia-carmela-bolotana	+39 347 651 2084
Agriturismo Le Vigne lago di Bolsena	info@levigne.it	https://www.hotelsdrop.com/hotel/agriturismo-le-vigne-lago-di-bolsena-bolsena	+39 347 884 0312
Il Palazzetto	contact@mysite.com	https://www.hotelsdrop.com/hotel/il-palazzetto-bolsena	+39 379 149 9881
PALAZZO BOTTINO a Bolsena	info@palazzobottinobolsena.it	https://www.hotelsdrop.com/hotel/palazzo-bottino-a-bolsena-bolsena	+39 377 573 3620
Dalmine Luxury Suite	info@dalmineluxurysuite.it	https://www.hotelsdrop.com/hotel/dalmine-luxury-suite-boltiere	+39 347 474 3692
Fattoria del Pino	info@fattoriadelpino.it	https://www.hotelsdrop.com/hotel/fattoria-del-pino-bolzano-novarese	+39 339 593 6589
B&B Relax	info@beb-relax.it	https://www.hotelsdrop.com/hotel/b-b-relax-bolzano-vicentino	+39 348 247 2073
HOTEL QUERINI. Essential Business Hotel a Sandrigo	info@hotelquerini.com	https://www.hotelsdrop.com/hotel/hotel-querini-essential-business-hotel-a-sandrig-bolzano-vicentino	+39 389 950 7374
B & B Il Moai	info@bbilmoai.it	https://www.hotelsdrop.com/hotel/b-b-il-moai-bomarzo	+39 333 273 9600
Il Buongiorno B&B	info@ilbuongiornobb.it	https://www.hotelsdrop.com/hotel/il-buongiorno-b-b-bomarzo	+39 347 192 9939
La Casa di Brancaleone Vitorchiano	mafe.viterbo@gmail.com	https://www.hotelsdrop.com/hotel/la-casa-di-brancaleone-vitorchiano-bomarzo	+39 340 123 8000
Agriturismo Olimpo	agriolimpo@gmail.com	https://www.hotelsdrop.com/hotel/agriturismo-olimpo-bomba	+39 345 313 4028
Pennadomo Climbing House	info@pennadomoclimbinghouse.com	https://www.hotelsdrop.com/hotel/pennadomo-climbing-house-bomba	+39 351 762 8533
Giallo Ficodindia Bed & Breakfast	gialloficodindia@gmail.com	https://www.hotelsdrop.com/hotel/giallo-ficodindia-bed-breakfast-bompensiere	+39 379 220 3552
Smart Hotel	smarthotelcarpi@gmail.com	https://www.hotelsdrop.com/hotel/smart-hotel-bomporto	+39 375 607 3336
b&b Sa Murighesa	info@samurighesa.it	https://www.hotelsdrop.com/hotel/b-b-sa-murighesa-bonarcado	+39 346 969 0823
Bisos ospitalità diffusa ecosostenibile	info@bisos.it	https://www.hotelsdrop.com/hotel/bisos-ospitalita-diffusa-ecosostenibile-bonarcado	+39 349 689 2197
Is Cheas Hotel & Restaurant	reservations@ischeas.com	https://www.hotelsdrop.com/hotel/is-cheas-hotel-restaurant-bonarcado	+39 329 941 7590
B&B Piè del Castello	info@piedelcastello.com	https://www.hotelsdrop.com/hotel/b-b-pie-del-castello-bonassola	+39 366 146 7886
La Madonnetta - Dimora d'epoca -	info@madonetta.it	https://www.hotelsdrop.com/hotel/la-madonnetta-dimora-d-epoca-bonassola	+39 346 259 3252
Rita B&B	rita.bb@tiscali.it	https://www.hotelsdrop.com/hotel/rita-b-b-bonassola	+39 349 375 5250
B&B Puravita	info@bedandbreakfastpuravita.it	https://www.hotelsdrop.com/hotel/b-b-puravita-bonate-sopra	+39 335 588 0843
Villa Giulia	prenotazioni@villagiuliabonate.it	https://www.hotelsdrop.com/hotel/villa-giulia-bonate-sotto	+39 338 325 7359
Agriturismo La Corte di Anna	info@lacortedianna.com	https://www.hotelsdrop.com/hotel/agriturismo-la-corte-di-anna-bonavigo	+39 333 701 5014
B&B Villa Brenzoni	info@villabrenzoni.it	https://www.hotelsdrop.com/hotel/b-b-villa-brenzoni-bonavigo	+39 348 720 6151
Residence 3 Nidi	residence3nidi@gmail.com	https://www.hotelsdrop.com/hotel/residence-3-nidi-bonavigo	+39 351 986 2322
Agriturismo La Corte dei Ciliegi	lacortedeiciliegi.tn@gmail.com	https://www.hotelsdrop.com/hotel/agriturismo-la-corte-dei-ciliegi-bondone	+39 329 725 4216
Residence e Ristobar Prada	info@pradasport.tn.it	https://www.hotelsdrop.com/hotel/residence-e-ristobar-prada-bondone	+39 328 829 4436
La Corte B&B - Montesarchio	lacortemontesarchio@gmail.com	https://www.hotelsdrop.com/hotel/la-corte-b-b-montesarchio-bonea	+39 338 529 6243
Affittacamere Venere	support@centralstay.eu	https://www.hotelsdrop.com/hotel/affittacamere-venere-bonefro	+39 350 040 0055
Agriturismo Sorgente di Luna	contatti@sorgentediluna.it	https://www.hotelsdrop.com/hotel/agriturismo-sorgente-di-luna-bonefro	+39 320 617 7697
B&B Pensieri d'autore	bbpensieridautore@gmail.com	https://www.hotelsdrop.com/hotel/b-b-pensieri-d-autore-bonefro	+39 334 310 3583
B&B Primo a destra	info@primoadestra.it	https://www.hotelsdrop.com/hotel/b-b-primo-a-destra-bonefro	+39 338 712 3589
Dimora Donna Dora	info@dimoradonnadora.it	https://www.hotelsdrop.com/hotel/dimora-donna-dora-bonefro	+39 327 187 4847
Hotel SantoIanni	info@hotelsantoianni.it	https://www.hotelsdrop.com/hotel/hotel-santoianni-bonefro	+39 329 331 3076
Pianisi Albergo	pianisialbergo@gmail.com	https://www.hotelsdrop.com/hotel/pianisi-albergo-bonefro	+39 349 592 3670
B&B Mille	info@bbmille.it	https://www.hotelsdrop.com/hotel/b-b-mille-bonemerse	+39 392 740 3597
B&B Stradivari	diletta.rapalli@live.it	https://www.hotelsdrop.com/hotel/b-b-stradivari-bonemerse	+39 320 841 9505
Cascina Farisengo: agriturismo e location matrimoni ed eventi	info@farisengo.it	https://www.hotelsdrop.com/hotel/cascina-farisengo-agriturismo-e-location-matrimo-bonemerse	+39 366 731 0161
Cremona Inn Aparthotel	info@cremonainn.it	https://www.hotelsdrop.com/hotel/cremona-inn-aparthotel-bonemerse	+39 353 473 6936
Maripetra B&B	bookings@maripetra.com	https://www.hotelsdrop.com/hotel/maripetra-b-b-bonifati	+39 345 908 3884
Balneum Rooms & Spa	info@balneumitalia.it	https://www.hotelsdrop.com/hotel/balneum-rooms-spa-bonito	+39 388 900 9749
Skyline Rooms & Suites	skylinerooms@libero.it	https://www.hotelsdrop.com/hotel/skyline-rooms-suites-bonito	+39 349 329 9100
Arcu de Chelu B&B	arcudechelubnb@gmail.com	https://www.hotelsdrop.com/hotel/arcu-de-chelu-b-b-bonorva	+39 347 967 7697
S'istella Affittacamere	sistellatinnura@gmail.com	https://www.hotelsdrop.com/hotel/s-istella-affittacamere-bonorva	+39 331 433 8092
B & B Montisclari Monchiero Langhe	info@montisclari-monchiero-langhe.com	https://www.hotelsdrop.com/hotel/b-b-montisclari-monchiero-langhe-bonvicino	+39 329 296 0335
Casa Baricalino Cantina	info@casabaricalino.com	https://www.hotelsdrop.com/hotel/casa-baricalino-cantina-bonvicino	+39 338 392 9138
La casa di Talin	chiera.ssa@gmail.com	https://www.hotelsdrop.com/hotel/la-casa-di-talin-bonvicino	+39 339 190 9339
Il Boscaiolo è un accogliente B&B vicino L'Aquila, situato a Sassa Scalo a pochi minuti dal centro.	ilboscaiolo@hotmail.it	https://www.hotelsdrop.com/hotel/il-boscaiolo-e-un-accogliente-b-b-vicino-l-aquil-borbona	+39 337 109 4452
IL QUERCETO DELLE MARINE	luca.tennina@gmail.com	https://www.hotelsdrop.com/hotel/il-querceto-delle-marine-borbona	+39 340 466 0652
Room & Breakfast Oasi del Vetoio	oasievetoio@gmail.com	https://www.hotelsdrop.com/hotel/room-breakfast-oasi-del-vetoio-borbona	+39 344 746 6701
Appartamenti Nica e Diego - Nica Sas	info@nicadiego.com	https://www.hotelsdrop.com/hotel/appartamenti-nica-e-diego-nica-sas-borca-di-cadore	336 411 576
Dolomiti Lodge ristorante Villa Gaia	info@villagaia.info	https://www.hotelsdrop.com/hotel/dolomiti-lodge-ristorante-villa-gaia-borca-di-cadore	+39 333 586 7762
HG Casa Montana - Guest House	info@italianhotelgroup.it	https://www.hotelsdrop.com/hotel/hg-casa-montana-guest-house-borca-di-cadore	+39 340 622 9410
Sleep in Venzone	sleepinfriuli@gmail.com	https://www.hotelsdrop.com/hotel/sleep-in-venzone-bordano	+39 339 756 1610
Sleep In Venzone Depandance	sleepinfriuli@gmail.com	https://www.hotelsdrop.com/hotel/sleep-in-venzone-depandance-bordano	+39 339 756 1610
Agriturismo C'Era Una Volta...	info@ceraunavoltaagriturismo.it	https://www.hotelsdrop.com/hotel/agriturismo-c-era-una-volta-bordighera	+39 348 494 9428
B&B Acqua Di Mare	info@acquadimare.com	https://www.hotelsdrop.com/hotel/b-b-acqua-di-mare-bordighera	+39 327 372 4555
Hotel Elandra	info@hotelelandra.com	https://www.hotelsdrop.com/hotel/hotel-elandra-bordighera	+39 388 425 7454
Villa Bottini - La Limonaia	info@villabottini.it	https://www.hotelsdrop.com/hotel/villa-bottini-la-limonaia-bordolano	335 292 560
Agriturismo Alleluja: Country House and Glamping Resort	posta@allelujacamp.eu	https://www.hotelsdrop.com/hotel/agriturismo-alleluja-country-house-and-glamping-bore	+39 331 601 1716
Hotel Amica	info@amicahotel.com	https://www.hotelsdrop.com/hotel/hotel-amica-bore	+39 375 861 8796
Società Agricola Visconti Massimo & C.	info@cantinaviscontivigoleno.com	https://www.hotelsdrop.com/hotel/societa-agricola-visconti-massimo-c-bore	+39 320 334 0950
Agriturismo San Giuseppe	info@agriturismosangiuseppe.com	https://www.hotelsdrop.com/hotel/agriturismo-san-giuseppe-boretto	+39 320 159 7700
B&B Il Ponticello	605a7baede844d278b89dc95ae0a9123@sentry-next.wixpress.com	https://www.hotelsdrop.com/hotel/b-b-il-ponticello-boretto	+39 349 728 6851
B&B Stazione Don Camillo	605a7baede844d278b89dc95ae0a9123@sentry-next.wixpress.com	https://www.hotelsdrop.com/hotel/b-b-stazione-don-camillo-boretto	+39 351 478 8514
La Sosta fuori stazione B&B	info@lasosta-beb.it	https://www.hotelsdrop.com/hotel/la-sosta-fuori-stazione-b-b-boretto	+39 338 227 1458
B&B Borgo Tre Case (sulla Via Francigena a 2 passi da Pavia)	info@bbborgotrecase.it	https://www.hotelsdrop.com/hotel/b-b-borgo-tre-case-sulla-via-francigena-a-2-pass-borgarello	+39 351 313 8601
Agriturismo Cascina Domina	info@cascinadomina.comm	https://www.hotelsdrop.com/hotel/agriturismo-cascina-domina-borgaro-torinese	+39 348 287 9562
B&B Alba	info@bebalba.com	https://www.hotelsdrop.com/hotel/b-b-alba-borgetto	+39 351 787 3647
Baglio Carta	bagliocartaruffino@gmail.com	https://www.hotelsdrop.com/hotel/baglio-carta-borgetto	+39 339 406 2869
New River Hotel	newriverhotel@gmail.com	https://www.hotelsdrop.com/hotel/new-river-hotel-borgetto	+39 351 545 1343
Agriturismo "Il glicine e la lucerna"	info@oliorudasso.it	https://www.hotelsdrop.com/hotel/agriturismo-il-glicine-e-la-lucerna-borghetto-d-arroscia	+39 334 311 1123
Agriturismo La Chouette	la.chouette.nirasca@proton.me	https://www.hotelsdrop.com/hotel/agriturismo-la-chouette-borghetto-d-arroscia	+39 339 174 2958
AGRITURISMO LA FATTORIA	agriturismolafattoria@gmail.com	https://www.hotelsdrop.com/hotel/agriturismo-la-fattoria-borghetto-d-arroscia	+39 338 442 6766
aMaccia	info@amaccia.it	https://www.hotelsdrop.com/hotel/amaccia-borghetto-d-arroscia	+39 366 902 2107
La Traversina Agriturismo di Charme	latraversina@latraversina.com	https://www.hotelsdrop.com/hotel/la-traversina-agriturismo-di-charme-borghetto-di-borbera	335 494 295
Il Nido nella Bionda	info@ilnidonellabionda.com	https://www.hotelsdrop.com/hotel/il-nido-nella-bionda-borghetto-di-vara	+39 338 246 2165
Locanda da Marco	locanda@locandadamarco.it	https://www.hotelsdrop.com/hotel/locanda-da-marco-borghetto-di-vara	+39 333 271 0892
Affittacamere La Meridiana di Francesco Casali	info@bb-lameridianapiacenza.it	https://www.hotelsdrop.com/hotel/affittacamere-la-meridiana-di-francesco-casali-borghetto-lodigiano	+39 331 159 8298
B&B Il Piccolo	info@bbpiacenza.it	https://www.hotelsdrop.com/hotel/b-b-il-piccolo-borghetto-lodigiano	+39 349 802 2849
Il cortiletto	info@ilcortilettopiacenza.com	https://www.hotelsdrop.com/hotel/il-cortiletto-borghetto-lodigiano	+39 335 692 8974
MILAeNAN B&B	info@milaenan.it	https://www.hotelsdrop.com/hotel/milaenan-b-b-borghetto-santo-spirito	+39 329 892 5089
Residenza degli Aranci	info@residenzadegliaranci.it	https://www.hotelsdrop.com/hotel/residenza-degli-aranci-borghetto-santo-spirito	+39 333 202 1576
B&B Concaverde	info@concaverdeclub.it	https://www.hotelsdrop.com/hotel/b-b-concaverde-borghi	+39 351 911 2291
B&B Svegliarsi nei Borghi	info@svegliarsineiborghi.it	https://www.hotelsdrop.com/hotel/b-b-svegliarsi-nei-borghi-borghi	+39 349 830 5477
Le Moie	info@lemoie.it	https://www.hotelsdrop.com/hotel/le-moie-borgiallo	+39 347 472 6613
Calcagno	albergocalcagnoborgio@yahoo.it	https://www.hotelsdrop.com/hotel/calcagno-borgio-verezzi	+39 338 608 3075
Giardinidivale	giardinidivalerooms@gmail.com	https://www.hotelsdrop.com/hotel/giardinidivale-borgio-verezzi	+39 331 477 6873
La Canonica - Svegliarsi a Verezzi	%20info@svegliarsiaverezzi.com	https://www.hotelsdrop.com/hotel/la-canonica-svegliarsi-a-verezzi-borgio-verezzi	+39 348 776 9438
Locanda del Bergallo	prenotazioni.bergallolocanda@gmail.com	https://www.hotelsdrop.com/hotel/locanda-del-bergallo-borgio-verezzi	+39 393 902 2512
Terrazza Felice Room & Breakfast	info@terrazzafelice.it	https://www.hotelsdrop.com/hotel/terrazza-felice-room-breakfast-borgio-verezzi	+39 347 153 2608
Villino Saraceno Rostain 1911	villinosaracenorostain1911@gmail.com	https://www.hotelsdrop.com/hotel/villino-saraceno-rostain-1911-borgio-verezzi	+39 333 462 3940
Agriturismo Il Pino	info@agricolailpino.it	https://www.hotelsdrop.com/hotel/agriturismo-il-pino-borgo-a-mozzano	+39 349 231 5730
Agriturismo la Casetta di Butia	info@casettadibutia.it	https://www.hotelsdrop.com/hotel/agriturismo-la-casetta-di-butia-borgo-a-mozzano	+39 347 065 4641
Albergo Diffuso -I Borghi della Maddalena	borghidellamaddalena@gmail.com	https://www.hotelsdrop.com/hotel/albergo-diffuso-i-borghi-della-maddalena-borgo-a-mozzano	+39 377 570 8522
Azienda Agricola Macea	info@macea.it	https://www.hotelsdrop.com/hotel/azienda-agricola-macea-borgo-a-mozzano	+39 392 511 3239
Morianese Residence	residenza.morianese@gmail.com	https://www.hotelsdrop.com/hotel/morianese-residence-borgo-a-mozzano	+39 328 813 8651
VILLA GUINIGI EXCLUSIVE RESIDENCE & POOL	info@villaguinigi.it	https://www.hotelsdrop.com/hotel/villa-guinigi-exclusive-residence-pool-borgo-a-mozzano	+39 333 954 3161
Agritur Al Marter	ribagabruno@live.it	https://www.hotelsdrop.com/hotel/agritur-al-marter-borgo-chiese	+39 347 813 6271
B&B LEDRO - Affittacamere	bbledro@yahoo.it	https://www.hotelsdrop.com/hotel/b-b-ledro-affittacamere-borgo-chiese	+39 338 418 7314
Garnì Dal Mozat	az.ag.lagenziana@gmail.com	https://www.hotelsdrop.com/hotel/garni-dal-mozat-borgo-chiese	+39 345 446 6674
Garnì Enjoy Ledro	info@enjoyledro.it	https://www.hotelsdrop.com/hotel/garni-enjoy-ledro-borgo-chiese	+39 351 843 5670
Tenuta Variselle Roppolo	info@tenutavariselle.it	https://www.hotelsdrop.com/hotel/tenuta-variselle-roppolo-borgo-d-ale	+39 333 431 3260
Antica Dimora	info@bbanticadimora.com	https://www.hotelsdrop.com/hotel/antica-dimora-borgo-mantovano	+39 339 120 8311
Casa Bellodi	info@casabellodi.it	https://www.hotelsdrop.com/hotel/casa-bellodi-borgo-mantovano	+39 340 613 8501
Garden Hotel & Residence	info@allinsolutions.it	https://www.hotelsdrop.com/hotel/garden-hotel-residence-borgo-mantovano	+39 347 183 1397
Agriturismo Dai Du Bourdei	info@daidubourdei.it	https://www.hotelsdrop.com/hotel/agriturismo-dai-du-bourdei-borgo-pace	+39 333 472 3212
Agriturismo Sacchiafarm	info@sacchifarm.it	https://www.hotelsdrop.com/hotel/agriturismo-sacchiafarm-borgo-pace	+39 339 632 8466
Borgo Storico Cisterna Agriturismo	info@borgocisterna.it	https://www.hotelsdrop.com/hotel/borgo-storico-cisterna-agriturismo-borgo-pace	+39 335 833 5976
Agriturismo La Roveda	laroveda@malpaga.com	https://www.hotelsdrop.com/hotel/agriturismo-la-roveda-borgo-priolo	+39 329 847 9663
Agriturismo Mondo Antico	fattoriamondoantico@libero.it	https://www.hotelsdrop.com/hotel/agriturismo-mondo-antico-borgo-priolo	+39 350 040 4412
Azienda Agricola Borgo Santuletta	info@borgosantuletta.com	https://www.hotelsdrop.com/hotel/azienda-agricola-borgo-santuletta-borgo-priolo	+39 350 013 1530
B&B Casa Percivalle	casapercivalle@gmail.com	https://www.hotelsdrop.com/hotel/b-b-casa-percivalle-borgo-priolo	+39 351 181 4192
Tenuta Il Fienile	tenutailfienile@gmail.com	https://www.hotelsdrop.com/hotel/tenuta-il-fienile-borgo-priolo	+39 333 725 3922
B&B La Piazzetta Del Borgo	info@lapiazzettadelborgo.com	https://www.hotelsdrop.com/hotel/b-b-la-piazzetta-del-borgo-borgo-san-dalmazzo	+39 320 035 2225
B&B SanRock	info@bedandbreakfastcuneosanrock.it	https://www.hotelsdrop.com/hotel/b-b-sanrock-borgo-san-dalmazzo	+39 339 378 9568
Agriturismo Rosita	info@agriturismorosita.it	https://www.hotelsdrop.com/hotel/agriturismo-rosita-borgo-san-giovanni	+39 339 726 3651
Agriturismo San Bruno	info@bedandbreakfastsanbruno.it	https://www.hotelsdrop.com/hotel/agriturismo-san-bruno-borgo-san-giovanni	+39 334 300 2402
Cattleya Rooms & Breakfast	info@cattleya-rooms.it	https://www.hotelsdrop.com/hotel/cattleya-rooms-breakfast-borgo-san-giovanni	+39 349 941 6508
Agriturismo Palazzo Vecchio	info@palazzovecchio.eu	https://www.hotelsdrop.com/hotel/agriturismo-palazzo-vecchio-borgo-san-lorenzo	+39 333 997 8977
Agriturismo Podere Badia ValDrago	poderbadia@gmail.com\	https://www.hotelsdrop.com/hotel/agriturismo-podere-badia-valdrago-borgo-san-lorenzo	+39 377 189 7834
Il Nido di Gabbiano	info@ilnidodigabbiano.it	https://www.hotelsdrop.com/hotel/il-nido-di-gabbiano-borgo-san-lorenzo	+39 340 547 3750
Locanda Di Alberi	info@locandadialberi.it	https://www.hotelsdrop.com/hotel/locanda-di-alberi-borgo-san-lorenzo	+39 366 609 0672
B&B Borgo San Martino	info@borgosanmartinomonopoli.it	https://www.hotelsdrop.com/hotel/b-b-borgo-san-martino-borgo-san-martino	+39 349 852 6465
Agriturismo Raimondi Cominesi Amilcare	info@agriturismoraimondi.it	https://www.hotelsdrop.com/hotel/agriturismo-raimondi-cominesi-amilcare-borgo-san-siro	+39 339 203 0838
B&B dalLo Zio	info@bebdallozio.it	https://www.hotelsdrop.com/hotel/b-b-dallo-zio-borgo-san-siro	+39 338 270 5484
Antica Casa Balsari	info@anticacasabalsari.it	https://www.hotelsdrop.com/hotel/antica-casa-balsari-borgo-ticino	+39 335 563 7453
Alla Corte del Picchio Room & Breakfast	info@allacortedelpicchio.it	https://www.hotelsdrop.com/hotel/alla-corte-del-picchio-room-breakfast-borgo-tossignano	+39 333 612 2198
B&B di Paola e Luca	info@bedandbreakfast.eu	https://www.hotelsdrop.com/hotel/b-b-di-paola-e-luca-borgo-tossignano	+39 335 538 2326
Casa Flosa B&B	info@casaflosa.it	https://www.hotelsdrop.com/hotel/casa-flosa-b-b-borgo-tossignano	+39 335 705 8499
La Compagnia B&B	info@lacompagniabb.it	https://www.hotelsdrop.com/hotel/la-compagnia-b-b-borgo-tossignano	+39 335 534 2008
Ostello dei Gessi	info@casaserafini.com	https://www.hotelsdrop.com/hotel/ostello-dei-gessi-borgo-tossignano	+39 333 653 5541
B&B Rose e Cioccolato	rosecioccolato@gmail.com	https://www.hotelsdrop.com/hotel/b-b-rose-e-cioccolato-borgo-val-di-taro	+39 333 385 0279
AGRITURISMO Az.Agr. SAETTA' di Marco Casagrande	agriturismosaetta@gmail.com	https://www.hotelsdrop.com/hotel/agriturismo-az-agr-saetta-di-marco-casagrande-borgo-valbelluna	+39 346 089 9293
agriturismo la casa nei boschi	lacasaneiboschi@gmail.com	https://www.hotelsdrop.com/hotel/agriturismo-la-casa-nei-boschi-borgo-valbelluna	+39 320 195 3522
Antica Villa Sophie B&B	info@anticavillasophie.it	https://www.hotelsdrop.com/hotel/antica-villa-sophie-b-b-borgo-valbelluna	+39 333 948 3275
B&B Ai Pianai	info@aipianai.it	https://www.hotelsdrop.com/hotel/b-b-ai-pianai-borgo-valbelluna	+39 340 295 0654
B&B Al Portico	loredanadacol62@gmail.com	https://www.hotelsdrop.com/hotel/b-b-al-portico-borgo-valbelluna	+39 333 722 4071
b&b alla Lanterna	b-ballalanterna@libero.it	https://www.hotelsdrop.com/hotel/b-b-alla-lanterna-borgo-valbelluna	+39 349 841 8077
B&B CasaVerde Belluno	casaverdebelluno@gmail.com	https://www.hotelsdrop.com/hotel/b-b-casaverde-belluno-borgo-valbelluna	+39 351 897 0889
Bed and Breakfast la Colombera	lacolombera.frontin@libero.it	https://www.hotelsdrop.com/hotel/bed-and-breakfast-la-colombera-borgo-valbelluna	+39 366 405 7587
Relais Poggio Pagnan Agriturismo 5 Girasoli	info@poggiopagnan.it	https://www.hotelsdrop.com/hotel/relais-poggio-pagnan-agriturismo-5-girasoli-borgo-valbelluna	+39 389 443 9585
Agritur Maso Valli	info@masovalli.it	https://www.hotelsdrop.com/hotel/agritur-maso-valli-borgo-valsugana	+39 349 089 9280
Agriturismo Fattoria Dalcastagnè	info@agriturdalcastagne.it	https://www.hotelsdrop.com/hotel/agriturismo-fattoria-dalcastagne-borgo-valsugana	+39 347 883 8070
Al Cacciatore - Albergo - Ristorante - Bar	info@alcacciatorelevico.it	https://www.hotelsdrop.com/hotel/al-cacciatore-albergo-ristorante-bar-borgo-valsugana	+39 348 443 7692
Hotel Ristorante Da Valerio	yahoo@raducretu.ro	https://www.hotelsdrop.com/hotel/hotel-ristorante-da-valerio-borgo-velino	+39 351 469 8206
Locanda Ca' Vejo srl	info@locandacavejo.it	https://www.hotelsdrop.com/hotel/locanda-ca-vejo-srl-borgo-veneto	+39 347 652 2949
B&B Parco del Mincio	cefa77@hotmail.it	https://www.hotelsdrop.com/hotel/b-b-parco-del-mincio-borgo-virgilio	+39 339 200 4308
La Locanda nel Frutteto Room & Breakfast - Eventi	info@lalocandanelfrutteto.it	https://www.hotelsdrop.com/hotel/la-locanda-nel-frutteto-room-breakfast-eventi-borgocarbonara	+39 379 235 7263
Locanda Divinis	info@locandadivinis.com	https://www.hotelsdrop.com/hotel/locanda-divinis-borgocarbonara	+39 346 671 9993
LE3STANZE di Loredana	info@le3stanze.it	https://www.hotelsdrop.com/hotel/le3stanze-di-loredana-borgomanero	+39 331 153 9427
B&B Autin	info@bbautin.com	https://www.hotelsdrop.com/hotel/b-b-autin-borgone-susa	+39 347 377 2236
Agriturismo Croara Vecchia	info@croaravecchia.it	https://www.hotelsdrop.com/hotel/agriturismo-croara-vecchia-borgonovo-val-tidone	+39 333 219 3845
Agriturismo Il Corniolo	ilcorniolo@hotmail.it	https://www.hotelsdrop.com/hotel/agriturismo-il-corniolo-borgonovo-val-tidone	+39 340 979 0458
B&B Oasi Val Luretta	info@oasivalluretta.com	https://www.hotelsdrop.com/hotel/b-b-oasi-val-luretta-borgonovo-val-tidone	+39 335 636 6798
De Chloé S.S.Agr. - Villa Chloé	info@villa-chloe.it	https://www.hotelsdrop.com/hotel/de-chloe-s-s-agr-villa-chloe-borgonovo-val-tidone	+39 353 402 1934
Locanda dei Melograni - Lungacque	info@lungacque.it	https://www.hotelsdrop.com/hotel/locanda-dei-melograni-lungacque-borgonovo-val-tidone	+39 329 571 7171
Albergo '900	info@albergo900.it	https://www.hotelsdrop.com/hotel/albergo-900-borgoratto-alessandrino	+39 347 210 7592
Cascina La Maddalena Bed & Wine	cascinalamaddalena@gmail.com	https://www.hotelsdrop.com/hotel/cascina-la-maddalena-bed-wine-borgoratto-alessandrino	+39 348 808 1075
Villa Marengo Guest House	infovillamarengo@gmail.com	https://www.hotelsdrop.com/hotel/villa-marengo-guest-house-borgoratto-alessandrino	+39 334 339 6680
Agriturismo della Costa	dellacosta@libero.it	https://www.hotelsdrop.com/hotel/agriturismo-della-costa-borgoratto-mormorolo	+39 333 252 5802
La Locanda del Molino Azienda Agricola Madreselva	lalocandadelmolino@gmail.com	https://www.hotelsdrop.com/hotel/la-locanda-del-molino-azienda-agricola-madreselv-borgoratto-mormorolo	+39 333 481 5956
Amoler Agriturismo	info@amoler.it	https://www.hotelsdrop.com/hotel/amoler-agriturismo-borgoricco	+39 351 344 7572
B&B Villa Berti	info@villabertiguesthouse.it	https://www.hotelsdrop.com/hotel/b-b-villa-berti-borgoricco	+39 346 664 3759
Hotel Tabina - Santa Maria di Sala	prenotazioni@locandatabina.it	https://www.hotelsdrop.com/hotel/hotel-tabina-santa-maria-di-sala-borgoricco	+39 370 379 4948
La Rotonda Relais	info@larotondarelais.com	https://www.hotelsdrop.com/hotel/la-rotonda-relais-borgoricco	+39 370 314 2821
Appartamenti Il Capomandro	appartamentiilcapomandro@gmail.com	https://www.hotelsdrop.com/hotel/appartamenti-il-capomandro-borgorose	+39 331 111 7111
B&B Leofreni Natura	info@leofreninatura.it	https://www.hotelsdrop.com/hotel/b-b-leofreni-natura-borgorose	+39 329 746 7054
B&B Sole e Luna	info@bandbsoleluna.it	https://www.hotelsdrop.com/hotel/b-b-sole-e-luna-borgorose	+39 351 961 7560
Hotel Ai Ronchi - Ristorante e Parcheggio	info@motorhotel.it	https://www.hotelsdrop.com/hotel/hotel-ai-ronchi-ristorante-e-parcheggio-borgosatollo	+39 339 119 3268
Albergo Ristorante Sacro Monte	info@albergosacromonte.it	https://www.hotelsdrop.com/hotel/albergo-ristorante-sacro-monte-borgosesia	+39 340 896 5327
Appartamenti del Borgo	appartamentidelborgo@libero.it	https://www.hotelsdrop.com/hotel/appartamenti-del-borgo-borgosesia	+39 347 232 6732
B&b Lo scoiattolo e la noce	info@loscoiattololanoce.it	https://www.hotelsdrop.com/hotel/b-b-lo-scoiattolo-e-la-noce-borgosesia	+39 347 433 9152
Bilocale Vecchio Borgo	bilocalevecchioborgo@hotmail.com	https://www.hotelsdrop.com/hotel/bilocale-vecchio-borgo-borgosesia	+39 333 175 2199
Villa Agnona	info@villaagnona.it	https://www.hotelsdrop.com/hotel/villa-agnona-borgosesia	+39 339 810 3661
Agriturismo - Il canto delle Rane	ilcantodellerane.finale@gmail.com	https://www.hotelsdrop.com/hotel/agriturismo-il-canto-delle-rane-bormida	+39 349 641 0543
Bed & Breakfast Lumagin	lumagin24@gmail.com	https://www.hotelsdrop.com/hotel/bed-breakfast-lumagin-bormida	+39 389 917 8526
CasaCirio agriturismo	info@casacirio.it	https://www.hotelsdrop.com/hotel/casacirio-agriturismo-bormida	+39 340 309 2760
I Lamoi	info@ilamoi.it	https://www.hotelsdrop.com/hotel/i-lamoi-bormida	+39 328 378 0206
Villaggio Turistico "Tecciu' di Cuppi"	info@tecciudicuppi.it	https://www.hotelsdrop.com/hotel/villaggio-turistico-tecciu-di-cuppi-bormida	+39 333 777 8446
Ambassador Bormio | Hotel Restaurant Wine bar on Stelvio Slope	booking@bormio-ambassador.it	https://www.hotelsdrop.com/hotel/ambassador-bormio-hotel-restaurant-wine-bar-on-s-bormio	+39 375 986 6444
B&B Baita de Eliseo	info@baitaeliseo.com	https://www.hotelsdrop.com/hotel/b-b-baita-de-eliseo-bormio	+39 338 690 0632
Residence Fior d'Alpe	info@residencefiordalpe.it	https://www.hotelsdrop.com/hotel/residence-fior-d-alpe-bormio	+39 334 660 1324
L'Invòlt Mountain Lodge	info@linvoltmountainlodge.it	https://www.hotelsdrop.com/hotel/l-involt-mountain-lodge-borno	+39 342 036 6707
B&B Il Tratturo	distanzaguido@gmail.com	https://www.hotelsdrop.com/hotel/b-b-il-tratturo-borrello	+39 366 520 9930
B&B Tre Fiori	trefiori@blu.it	https://www.hotelsdrop.com/hotel/b-b-tre-fiori-borrello	+39 328 132 7052
Palazzo del Principe	info@ilpalazzodelprincipe.com	https://www.hotelsdrop.com/hotel/palazzo-del-principe-borrello	+39 331 363 2232
Appartamenti G&G | Borso Del Grappa	gianna.selle@hotmail.com	https://www.hotelsdrop.com/hotel/appartamenti-g-g-borso-del-grappa-borso-del-grappa	+39 320 690 7675
B & B "Ai Colori"	info@aicolori.com	https://www.hotelsdrop.com/hotel/b-b-ai-colori-borso-del-grappa	+39 338 458 1093
B&B Da Matteo	info@bbdamatteo.it	https://www.hotelsdrop.com/hotel/b-b-da-matteo-borso-del-grappa	+39 339 187 4578
B&B Relief Possagno	info@bbreliefpossagno.it	https://www.hotelsdrop.com/hotel/b-b-relief-possagno-borso-del-grappa	+39 333 759 9976
BeeHouse - La Casa delle Api Agriturismo	beehouse@libero.it	https://www.hotelsdrop.com/hotel/beehouse-la-casa-delle-api-agriturismo-borso-del-grappa	330 296 988
INGRAPPA SPORT HOUSE	info@ingrappasporthouse.com	https://www.hotelsdrop.com/hotel/ingrappa-sport-house-borso-del-grappa	+39 333 768 6566
Kiki	kiki.montegrappa@gmail.com	https://www.hotelsdrop.com/hotel/kiki-borso-del-grappa	+39 370 316 9615
Le Fate Corbezzole	info@corbezzole.it	https://www.hotelsdrop.com/hotel/le-fate-corbezzole-borso-del-grappa	+39 348 694 0158
Residence Gonda&Giuliano	gondaegiuliano@gmail.com	https://www.hotelsdrop.com/hotel/residence-gonda-giuliano-borso-del-grappa	+39 331 767 7683
TommyHouse	info@tommyhouse.it	https://www.hotelsdrop.com/hotel/tommyhouse-borso-del-grappa	+39 379 294 9219
Agriturismo Casteldoria di Rosso Francesco	info@casteldoria.it	https://www.hotelsdrop.com/hotel/agriturismo-casteldoria-di-rosso-francesco-bortigiadas	+39 328 251 2449
Agriturismo La Capanna	francescoperu1958@gmail.com	https://www.hotelsdrop.com/hotel/agriturismo-la-capanna-bortigiadas	+39 348 981 9604
Agriturismo Spinalva	agriturismo.spinalva@live.it	https://www.hotelsdrop.com/hotel/agriturismo-spinalva-bortigiadas	+39 344 237 7141
La Casa di Spinosella Agriturismo	lacasadispinosella@gmail.com	https://www.hotelsdrop.com/hotel/la-casa-di-spinosella-agriturismo-bortigiadas	+39 379 217 8084
MONTE ISTULARGIU Azienda Agricola & Agriturismo	info@agriturismomonteistulargiu.com	https://www.hotelsdrop.com/hotel/monte-istulargiu-azienda-agricola-agriturismo-bortigiadas	+39 348 724 0479
Domu Montegrappa 54	support@centralstay.eu	https://www.hotelsdrop.com/hotel/domu-montegrappa-54-borutta	+39 338 909 5006
B&B Shanti House	shantihouse@libero.it	https://www.hotelsdrop.com/hotel/b-b-shanti-house-borzonasca	+39 366 408 0737
Villa Paggi country house	info@villapaggi.com	https://www.hotelsdrop.com/hotel/villa-paggi-country-house-borzonasca	+39 335 666 2295
B&B "Villa Elisa"	villaelisabosa@gmail.com	https://www.hotelsdrop.com/hotel/b-b-villa-elisa-bosa	+39 347 587 5909
B&B Bomarosa	bomarosabandb@gmail.com	https://www.hotelsdrop.com/hotel/b-b-bomarosa-bosa	+39 347 615 9482
B&B Vista Fiume	vistafiume.vacanze@gmail.com	https://www.hotelsdrop.com/hotel/b-b-vista-fiume-bosa	+39 333 365 8564
Blu B&B Bosa	info@blubosa.it	https://www.hotelsdrop.com/hotel/blu-b-b-bosa-bosa	+39 392 886 1778
Guesthouse di Giuseppe	contact@bnbbosa.com	https://www.hotelsdrop.com/hotel/guesthouse-di-giuseppe-bosa	+39 327 717 3761
Park Garden Guest House	parkgardenbosa@gmail.com	https://www.hotelsdrop.com/hotel/park-garden-guest-house-bosa	+39 338 907 0834
Regnos Altos Boutique Rooms	info@regnosaltos.it	https://www.hotelsdrop.com/hotel/regnos-altos-boutique-rooms-bosa	+39 379 127 2959
B & B Il Pettirosso	info@ilpettirossovr.it	https://www.hotelsdrop.com/hotel/b-b-il-pettirosso-bosco-chiesanuova	+39 348 915 7264
B&B dalla ELI	bedandbreakfastdallaeli@gmail.com	https://www.hotelsdrop.com/hotel/b-b-dalla-eli-bosco-chiesanuova	+39 320 138 8785
BBmolina	info@bbmolina.it	https://www.hotelsdrop.com/hotel/bbmolina-bosco-chiesanuova	+39 339 388 2314
Corte Tre Vigne	info@cortetrevigne.it	https://www.hotelsdrop.com/hotel/corte-tre-vigne-bosco-chiesanuova	+39 389 103 0218
Dormire alla Ruota	contact@globostay.com	https://www.hotelsdrop.com/hotel/dormire-alla-ruota-bosco-chiesanuova	+39 334 755 6877
Casa Lidia Gavi	info@casalidiagavi.it	https://www.hotelsdrop.com/hotel/casa-lidia-gavi-bosco-marengo	+39 333 531 3545
Cascina Folletto	info@cascinafolletto.com	https://www.hotelsdrop.com/hotel/cascina-folletto-bosco-marengo	+39 339 674 9917
Cascina Merlanetta - Agriturismo & Fattoria didattica	cascinamerlanetta@live.it	https://www.hotelsdrop.com/hotel/cascina-merlanetta-agriturismo-fattoria-didattic-bosco-marengo	+39 335 806 5449
B&B La Gerbolina	info@bblagerbolina.it	https://www.hotelsdrop.com/hotel/b-b-la-gerbolina-bosconero	+39 339 625 3863
Là Drint Bed & Breakfast	ladrintbb@gmail.com	https://www.hotelsdrop.com/hotel/la-drint-bed-breakfast-bosconero	+39 349 761 6765
Vesuvio Inn Bed & Wine Experience	info@vesuvioinn.it	https://www.hotelsdrop.com/hotel/vesuvio-inn-bed-wine-experience-boscoreale	+39 366 438 9231
Vitiello Maria's home	reservationandinfo@gmail.com	https://www.hotelsdrop.com/hotel/vitiello-maria-s-home-boscoreale	+39 333 419 9767
Tenuta Nunziata - food / relax / biofarm	info@tenutanunziata.com	https://www.hotelsdrop.com/hotel/tenuta-nunziata-food-relax-biofarm-boscotrecase	+39 388 371 1065
Yurte In Langa	info@yurteinlanga.it	https://www.hotelsdrop.com/hotel/yurte-in-langa-bosia	+39 347 235 0536
Agriturismo Il Burlino	agriturismoilburlino@gmail.com	https://www.hotelsdrop.com/hotel/agriturismo-il-burlino-bosio	+39 349 317 2943
B&B Borgo Cortese	borgocortese@gmail.com	https://www.hotelsdrop.com/hotel/b-b-borgo-cortese-bosio	+39 366 155 7647
Casale Milleseicento	info@casalemilleseicento.com	https://www.hotelsdrop.com/hotel/casale-milleseicento-bosio	+39 351 656 1612
B&B Leon d'Oro	info@leondoro-pusiano.it	https://www.hotelsdrop.com/hotel/b-b-leon-d-oro-bosisio-parini	+39 329 898 7869
Home And Breakfast - La Madonnina -	lamadonninabeb@gmail.com	https://www.hotelsdrop.com/hotel/home-and-breakfast-la-madonnina-bosisio-parini	+39 393 674 6822
Narciso B&B Valbrona	narcisobnbvalbrona@gmail.com	https://www.hotelsdrop.com/hotel/narciso-b-b-valbrona-bosisio-parini	+39 348 844 1742
Piccolo Bacco Dei Quaroni di Tommaso Cavalli	wine@piccolobaccodeiquaroni.it	https://www.hotelsdrop.com/hotel/piccolo-bacco-dei-quaroni-di-tommaso-cavalli-bosnasco	+39 347 934 9734
Agriturismo Casarai	agriturismocasarai@gmail.com	https://www.hotelsdrop.com/hotel/agriturismo-casarai-bossico	+39 377 089 4370
The Secret Suite	info@thesecretsuite.it	https://www.hotelsdrop.com/hotel/the-secret-suite-bossico	+39 366 595 7716
Maison Otto	info@maisonotto.it	https://www.hotelsdrop.com/hotel/maison-otto-bossolasco	+39 347 749 4706
Residence Radice Verde	radiceverdecissone@gmail.com	https://www.hotelsdrop.com/hotel/residence-radice-verde-bossolasco	+39 328 878 2928
Bruno Bed & Breakfast	info@bb-bruno.com	https://www.hotelsdrop.com/hotel/bruno-bed-breakfast-botricello	+39 333 125 4640
B&B Francesca	bebfrancesca@gmail.com	https://www.hotelsdrop.com/hotel/b-b-francesca-botrugno	+39 333 774 6019
Casa Cardignan	info@casacardignan.com	https://www.hotelsdrop.com/hotel/casa-cardignan-botrugno	+39 328 855 5832
Giardino Frannicola	giardino.frannicola@gmail.com	https://www.hotelsdrop.com/hotel/giardino-frannicola-botrugno	+39 376 094 1528
Tenuta Tresca Suites - Dimora Storica	tenutatrescasuites@gmail.com	https://www.hotelsdrop.com/hotel/tenuta-tresca-suites-dimora-storica-botrugno	+39 347 940 6851
Villa Sitrie	bb.villasitrie@libero.it	https://www.hotelsdrop.com/hotel/villa-sitrie-botrugno	+39 320 086 3888
B&B Villa & Garden	info@villaegarden.it	https://www.hotelsdrop.com/hotel/b-b-villa-garden-bottanuco	+39 375 633 0287
Cantina Al Silter - NatuRooms	info@naturooms.com	https://www.hotelsdrop.com/hotel/cantina-al-silter-naturooms-bottanuco	+39 334 306 0884
Le Vigne sull'Adda	levignesulladda@gmail.com	https://www.hotelsdrop.com/hotel/le-vigne-sull-adda-bottanuco	+39 392 239 6389
La Taverna Del Gufo	contact@globostay.com	https://www.hotelsdrop.com/hotel/la-taverna-del-gufo-bottidda	+39 347 369 9550
AGUNI' Agriturismo & Locanda	info@aguni.it	https://www.hotelsdrop.com/hotel/aguni-agriturismo-locanda-bova	+39 342 824 9708
B&b La Ginestra	calistoleo96@gmail.com	https://www.hotelsdrop.com/hotel/b-b-la-ginestra-bova	+39 340 516 0645
B&B Stin Platìa	info@stinplatia.com	https://www.hotelsdrop.com/hotel/b-b-stin-platia-bova	+39 338 166 6999
Hotel Tito Serranò	info@hotelserrano.it	https://www.hotelsdrop.com/hotel/hotel-tito-serrano-bova	+39 320 687 3950
Jammin Village	info@villaggiojammin.it	https://www.hotelsdrop.com/hotel/jammin-village-bova-marina	+39 335 802 2034
Bed & Breakfast "La Casa di Anna"	info@lacasadianna.net	https://www.hotelsdrop.com/hotel/bed-breakfast-la-casa-di-anna-bovalino	+39 389 169 7961
Bed and Breakfast La Pieve	support@test.com	https://www.hotelsdrop.com/hotel/bed-and-breakfast-la-pieve-bovezzo	+39 393 417 3810
Dimore Morelli Brescia	info@dimoremorelli.it	https://www.hotelsdrop.com/hotel/dimore-morelli-brescia-bovezzo	+39 379 147 5433
B&B Abatjour	info@bbabatjour.it	https://www.hotelsdrop.com/hotel/b-b-abatjour-bovino	+39 351 713 7194
B&B La Casetta di Nonna Carmela	support@centralstay.eu	https://www.hotelsdrop.com/hotel/b-b-la-casetta-di-nonna-carmela-bovino	+39 349 183 1389
B&B Residenza Ducale	info@residenzaducale.it	https://www.hotelsdrop.com/hotel/b-b-residenza-ducale-bovino	+39 328 842 7433
Bed & Breakfast La Posta	lucio.liscio@gmail.com	https://www.hotelsdrop.com/hotel/bed-breakfast-la-posta-bovino	+39 349 518 4724
Borgocinquanta	camere@borgocinquanta.it	https://www.hotelsdrop.com/hotel/borgocinquanta-bovolone	+39 371 456 6561
B&B La Corte delle Rose	lacortedellerose@gmail.com	https://www.hotelsdrop.com/hotel/b-b-la-corte-delle-rose-bozzole	+39 338 176 7481
B&B Il Glicine	ilglicinesanmartino@gmail.com	https://www.hotelsdrop.com/hotel/b-b-il-glicine-bozzolo	+39 339 293 4388
Bed and breakfast-Borgo dei Duchi	laurabottoli64@gmail.com	https://www.hotelsdrop.com/hotel/bed-and-breakfast-borgo-dei-duchi-bozzolo	+39 339 234 2100
Villa Dei Tigli	hotelvilladeitigli@allinsolutions.it	https://www.hotelsdrop.com/hotel/villa-dei-tigli-bozzolo	+39 348 889 8619
B&B Asfodelo Rooms e Camere	info@asfodelorooms.it	https://www.hotelsdrop.com/hotel/b-b-asfodelo-rooms-e-camere-bra	+39 331 457 3433
Bed&Bra	bednbra@gmail.com	https://www.hotelsdrop.com/hotel/bed-bra-bra	+39 347 597 3640
Guest house LangAmore	c.elisacravero@yahoo.it	https://www.hotelsdrop.com/hotel/guest-house-langamore-bra	+39 333 164 5850
Hotel Terre dei Salici	info@hotelterredeisalici.com	https://www.hotelsdrop.com/hotel/hotel-terre-dei-salici-bra	+39 389 291 0215
L'Ombra della Collina Bra	contacts@esbnyc.com	https://www.hotelsdrop.com/hotel/l-ombra-della-collina-bra-bra	+39 328 964 4436
La Buschera	gabry.moli@gmail.com	https://www.hotelsdrop.com/hotel/la-buschera-bra	+39 335 549 2421
agriturismo LBStud di Riccioni G.	agrilbstud@gmail.com	https://www.hotelsdrop.com/hotel/agriturismo-lbstud-di-riccioni-g-bracciano	+39 333 230 2194
DomusBiri	domusbiri@gmail.com	https://www.hotelsdrop.com/hotel/domusbiri-bracciano	+39 377 330 1331
Le camere di Vittoria	info@lecameredivittoria.it	https://www.hotelsdrop.com/hotel/le-camere-di-vittoria-bracciano	+39 333 428 5676
OAK country relax	oak@silvafeconda.it	https://www.hotelsdrop.com/hotel/oak-country-relax-bracciano	+39 375 531 1870
B&B Dea Guest House	support@centralstay.eu	https://www.hotelsdrop.com/hotel/b-b-dea-guest-house-bracigliano	+39 340 603 1470
B&B IL PICCOLO PRINCIPE	info@salernobb.com	https://www.hotelsdrop.com/hotel/b-b-il-piccolo-principe-bracigliano	+39 393 910 0645
B&B Le Rocce	contact@globostay.com	https://www.hotelsdrop.com/hotel/b-b-le-rocce-bracigliano	+39 389 046 7439
Civico 31 luxury rooms	civico31rooms@gmail.com	https://www.hotelsdrop.com/hotel/civico-31-luxury-rooms-bracigliano	+39 377 329 4679
i milord	contact@globostay.com	https://www.hotelsdrop.com/hotel/i-milord-bracigliano	+39 344 032 9722
Residence Bergheim ***	info@bergheim.bz	https://www.hotelsdrop.com/hotel/residence-bergheim-braies-prags	+39 348 372 4608
Steinwandterhof	info@steinwandterhof.it	https://www.hotelsdrop.com/hotel/steinwandterhof-braies-prags	+39 335 611 7232
Agriturismo Sulla Via Del Sale	pgerboni@sullaviadelsale.it	https://www.hotelsdrop.com/hotel/agriturismo-sulla-via-del-sale-brallo-di-pregola	+39 389 794 6726
Altarelli B&B	io_esmeralda@hotmail.com	https://www.hotelsdrop.com/hotel/altarelli-b-b-brallo-di-pregola	+39 335 676 2456
B&B Il Cappon Magro Bobbio	info@bnbilcapponmagro.it	https://www.hotelsdrop.com/hotel/b-b-il-cappon-magro-bobbio-brallo-di-pregola	+39 349 601 6976
B&B La Casa nel Bosco	casabrallo@gmail.com	https://www.hotelsdrop.com/hotel/b-b-la-casa-nel-bosco-brallo-di-pregola	+39 349 245 2243
B&B Santa Cristina	info@santacristinalozio.it	https://www.hotelsdrop.com/hotel/b-b-santa-cristina-braone	+39 334 726 4393
Casa Visnenza B&B	casavisnenza@gmail.com	https://www.hotelsdrop.com/hotel/casa-visnenza-b-b-braone	+39 320 906 4557
Ostello di Vallecamonica	ostellodivallecamonica@gmail.com	https://www.hotelsdrop.com/hotel/ostello-di-vallecamonica-braone	+39 347 672 3193
Residence Sport & Benessere	info@sport-benessere.it	https://www.hotelsdrop.com/hotel/residence-sport-benessere-brebbia	+39 346 948 3283
B&B Madam	info@babtreviso.com	https://www.hotelsdrop.com/hotel/b-b-madam-breda-di-piave	+39 393 338 8333
Big Brother B&B	contact@globostay.com	https://www.hotelsdrop.com/hotel/big-brother-b-b-breda-di-piave	+39 346 100 8155
La Casa di Campagna	lacasadicampagna0@gmail.com	https://www.hotelsdrop.com/hotel/la-casa-di-campagna-breda-di-piave	337 490 281
Agriturismo Dai Gobbi	605a7baede844d278b89dc95ae0a9123@sentry-next.wixpress.com	https://www.hotelsdrop.com/hotel/agriturismo-dai-gobbi-breganze	+39 338 849 4490
Antico Borgo Brunelli	info@anticoborgobrunelli.it	https://www.hotelsdrop.com/hotel/antico-borgo-brunelli-breganze	+39 335 566 5304
B&B Al Cantico	samueleguidolin@gmail.com	https://www.hotelsdrop.com/hotel/b-b-al-cantico-breganze	+39 335 630 5490
B&B alloggi affittacamere ISBA	info@affittacamere-isba.com	https://www.hotelsdrop.com/hotel/b-b-alloggi-affittacamere-isba-breganze	+39 348 724 7177
Casa di Campagna Castello	info@casadicampagnacastello.it	https://www.hotelsdrop.com/hotel/casa-di-campagna-castello-breganze	+39 349 217 6406
Ristorante Hotel Pedrocchi	info@hotelpedrocchi.it	https://www.hotelsdrop.com/hotel/ristorante-hotel-pedrocchi-breganze	+39 339 799 5516
B&B Les Fleurettes	lucianalomazzo@gmail.com	https://www.hotelsdrop.com/hotel/b-b-les-fleurettes-bregnano	+39 331 309 9274
La Macina Agriturismo	info@lamacinacomo.it	https://www.hotelsdrop.com/hotel/la-macina-agriturismo-bregnano	+39 340 220 9284
B&B Casa Lulù	simonavincenzi@libero.it	https://www.hotelsdrop.com/hotel/b-b-casa-lulu-brembate	+39 338 250 6951
Golden Teal & Silver Birch apartments	centerbergamo@libero.it	https://www.hotelsdrop.com/hotel/golden-teal-silver-birch-apartments-brembate	+39 375 500 7783
Hotel Tech	info@hotel-tech.it	https://www.hotelsdrop.com/hotel/hotel-tech-brembate	+39 348 921 3546
Locanda Scotti	info@locandascotti.it	https://www.hotelsdrop.com/hotel/locanda-scotti-brembate-di-sopra	+39 379 367 0114
B&B Castello Sannazzaro - Per soggiorni romantici, vicino Casale Monferrato	info@castellosannazzaro.it	https://www.hotelsdrop.com/hotel/b-b-castello-sannazzaro-per-soggiorni-romantici-breme	+39 335 103 0923
B&B “La Corte dei Gelsi”	info@lacortedeigelsi.com	https://www.hotelsdrop.com/hotel/b-b-la-corte-dei-gelsi-brendola	+39 347 226 4632
Bed and Breakfast a Vicenza El Pavejo	info@agriturismoelpavejo.it	https://www.hotelsdrop.com/hotel/bed-and-breakfast-a-vicenza-el-pavejo-brendola	+39 334 158 2895
Goldenes Kreuz Hotel	info@goldenes-kreuz.it	https://www.hotelsdrop.com/hotel/goldenes-kreuz-hotel-brennero-brenner	+39 340 241 0310
Hühnerspielhütte - Rifugio Cima Gallina	info@schaurhof.it	https://www.hotelsdrop.com/hotel/huhnerspielhutte-rifugio-cima-gallina-brennero-brenner	+39 333 306 2300
Locanda Da I Baldi	locanda@daibaldi.it	https://www.hotelsdrop.com/hotel/locanda-da-i-baldi-brenta	+39 351 416 4917
Agriturismo Tre Forti	info@agriturismotreforti.com	https://www.hotelsdrop.com/hotel/agriturismo-tre-forti-brentino-belluno	+39 349 143 1675
Bed and Breakfast Lil	info@bblil.it	https://www.hotelsdrop.com/hotel/bed-and-breakfast-lil-brenzone-sul-garda	+39 349 453 0397
Casa Bianca	info.garda.dom@gmail.com	https://www.hotelsdrop.com/hotel/casa-bianca-brenzone-sul-garda	+39 351 636 5074
Garda Doma	info.garda.dom@gmail.com	https://www.hotelsdrop.com/hotel/garda-doma-brenzone-sul-garda	+39 351 636 5074
Antico Casale Caroli	info@anticocasalecaroli.it	https://www.hotelsdrop.com/hotel/antico-casale-caroli-brescello	+39 370 341 8529
Rooms Don Alfonso	info@roomsdonalfonso.it	https://www.hotelsdrop.com/hotel/rooms-don-alfonso-brescello	+39 351 098 1340
Al Binario Brescia	info.albinariobrescia@gmail.com	https://www.hotelsdrop.com/hotel/al-binario-brescia-brescia	+39 375 722 6254
BED AND BREAKFAST CAPITOLIUMAD	capitoliumad@icloud.com	https://www.hotelsdrop.com/hotel/bed-and-breakfast-capitoliumad-brescia	+39 389 941 7077
Le Muse Bed and Breakfast	info@lemusebrescia.it	https://www.hotelsdrop.com/hotel/le-muse-bed-and-breakfast-brescia	+39 346 668 2667
Locanda Delle Mercanzie	info@locandadellemercanzie.com	https://www.hotelsdrop.com/hotel/locanda-delle-mercanzie-brescia	+39 333 482 6352
Agriroom	info@agriroom.it	https://www.hotelsdrop.com/hotel/agriroom-bresimo	+39 331 219 6284
Dimora la Meridiana	direzione@trentinomarketing.org	https://www.hotelsdrop.com/hotel/dimora-la-meridiana-bresimo	+39 335 702 4785
Atelier Guest House	support@centralstay.eu	https://www.hotelsdrop.com/hotel/atelier-guest-house-bressana-bottarone	+39 331 767 6118
Suite Vogue Sforza	info@suitevogue.com	https://www.hotelsdrop.com/hotel/suite-vogue-sforza-bressana-bottarone	+39 328 149 8108
B&B De I Bravi - Charming guest house	matteo_bandb@live.it	https://www.hotelsdrop.com/hotel/b-b-de-i-bravi-charming-guest-house-bresso	+39 340 998 7806
B&B La Casa del Nespolo di... Niguarda	bblacasadelnespoloniguarda@gmail.com	https://www.hotelsdrop.com/hotel/b-b-la-casa-del-nespolo-di-niguarda-bresso	+39 338 169 1169
CasaTitta Bed & Breakfast	info@casatitta.it	https://www.hotelsdrop.com/hotel/casatitta-bed-breakfast-bresso	+39 347 927 3384
CiaoMi Long & Short Stay - Training & Events - Niguarda Bicocca	info@ciaomilanohostel.it	https://www.hotelsdrop.com/hotel/ciaomi-long-short-stay-training-events-niguarda-bresso	+39 340 466 7528
milano affittacamere stazione centrale metropolitana	info@milanoaffittacamere.it	https://www.hotelsdrop.com/hotel/milano-affittacamere-stazione-centrale-metropoli-bresso	+39 393 893 8785
Agriturismo La Betulla	info@agriturismobetulla.com	https://www.hotelsdrop.com/hotel/agriturismo-la-betulla-brezzo-di-bedero	+39 348 756 3235
Agriturismo La Meridiana	postmaster@agriturismomeridiana.it	https://www.hotelsdrop.com/hotel/agriturismo-la-meridiana-briaglia	+39 389 962 4945
Relais Colle Messino	info@relaiscollemessino.it	https://www.hotelsdrop.com/hotel/relais-colle-messino-briaglia	+39 346 304 0974
B&B Il Giardino Sul Mare	ilgiardinosulmarebriatico@gmail.com	https://www.hotelsdrop.com/hotel/b-b-il-giardino-sul-mare-briatico	+39 366 285 8834
In centro	vvincentro1@gmail.com	https://www.hotelsdrop.com/hotel/in-centro-briatico	+39 392 157 6341
Agriturismo Bacca Blu	shop@baccablu.it	https://www.hotelsdrop.com/hotel/agriturismo-bacca-blu-bricherasio	+39 351 776 5843
B&B Agrialpi	info@agrialpi.com	https://www.hotelsdrop.com/hotel/b-b-agrialpi-bricherasio	+39 335 635 8188
B&B L'Orto del Geo	sibiglia.agri@gmail.com	https://www.hotelsdrop.com/hotel/b-b-l-orto-del-geo-bricherasio	+39 338 250 9530
Cascina Marie Location e Beb	cascinamarie@gmail.com	https://www.hotelsdrop.com/hotel/cascina-marie-location-e-beb-bricherasio	+39 349 181 5715
Il Glomere Camping – quiet campsite in the Alps	camping.ilglomere@gmail.com	https://www.hotelsdrop.com/hotel/il-glomere-camping-quiet-campsite-in-the-alps-bricherasio	+39 333 955 0296
B&B Bosco Ralle	cip43210@gmail.com	https://www.hotelsdrop.com/hotel/b-b-bosco-ralle-brienza	+39 333 767 6033
La Voce del Fiume | B&B a Brienza	info@lavocedelfiume.it	https://www.hotelsdrop.com/hotel/la-voce-del-fiume-b-b-a-brienza-brienza	+39 339 229 0630
Palazzo Brienza	info@palazzobrienza.it	https://www.hotelsdrop.com/hotel/palazzo-brienza-brienza	+39 338 982 1061
Patatouc	info@patatouc.it	https://www.hotelsdrop.com/hotel/patatouc-briga-alta	+39 348 290 2263
B&B Il Borgo Agnello	prenotazioni@ilborgoagnello.it	https://www.hotelsdrop.com/hotel/b-b-il-borgo-agnello-briga-novarese	+39 349 515 0914
B&B IL CORTILE	bebilcortilesoriso@gmail.com	https://www.hotelsdrop.com/hotel/b-b-il-cortile-briga-novarese	+39 340 929 5822
Al centro - exclusive apartment	alcentro.brindisi@gmail.com	https://www.hotelsdrop.com/hotel/al-centro-exclusive-apartment-brindisi	+39 329 643 6408
Filia Solis - Old Town SUITEs & SPA	giuseppe.coverta@gmail.com	https://www.hotelsdrop.com/hotel/filia-solis-old-town-suites-spa-brindisi	+39 340 427 9918
B&B Potenza.it	info@bbpotenza.it	https://www.hotelsdrop.com/hotel/b-b-potenza-it-brindisi-montagna	+39 344 486 4526
Masseria Straziuso La Vaccariccia	masseriastraziuso@gmail.com	https://www.hotelsdrop.com/hotel/masseria-straziuso-la-vaccariccia-brindisi-montagna	+39 393 943 1259
Agriturismo Cascina Del Castello	info@vignetivalleroncati.it	https://www.hotelsdrop.com/hotel/agriturismo-cascina-del-castello-briona	+39 335 573 2548
Le Fare - Your rooms on the hill	info@lefare.it	https://www.hotelsdrop.com/hotel/le-fare-your-rooms-on-the-hill-briona	+39 331 211 4630
Agriturismo Cascina Rossano	info@cascinarossano.it	https://www.hotelsdrop.com/hotel/agriturismo-cascina-rossano-brione	+39 338 810 6640
Corte Martinola Bed & Breakfast in Franciacorta	cortemartinola@gmail.com	https://www.hotelsdrop.com/hotel/corte-martinola-bed-breakfast-in-franciacorta-brione	+39 335 709 8228
Ome sweet Ome	omecasavacanze@gmail.com	https://www.hotelsdrop.com/hotel/ome-sweet-ome-brione	+39 392 052 7521
Bala Dream House	n.bala2476@gmail.com	https://www.hotelsdrop.com/hotel/bala-dream-house-briosco	+39 320 011 0690
Bed&Wine	info@bedwine.com	https://www.hotelsdrop.com/hotel/bed-wine-brisighella	+39 333 269 0514
Brisighella GreenWellness	info@brisighellagreenwellness.com	https://www.hotelsdrop.com/hotel/brisighella-greenwellness-brisighella	+39 333 769 2046
Contea Di Val D'Amone	info@contea-agriturismo.it	https://www.hotelsdrop.com/hotel/contea-di-val-d-amone-brisighella	+39 348 391 0339
Modus Aquae	info@trattoria-lacesetta.it	https://www.hotelsdrop.com/hotel/modus-aquae-brisighella	+39 393 880 9684
Modus Vivendi Hotel & Spa	info@trattoria-lacesetta.it	https://www.hotelsdrop.com/hotel/modus-vivendi-hotel-spa-brisighella	+39 393 880 9684
Relais Varnello	info@varnello.it	https://www.hotelsdrop.com/hotel/relais-varnello-brisighella	+39 338 549 8373
Bed & Breakfast "La Casa del Borgo"	lacasadelborgo@outlook.com	https://www.hotelsdrop.com/hotel/bed-breakfast-la-casa-del-borgo-brissago-valtravaglia	+39 333 947 0812
AgriRelais San Giovanni	agrirelaisangiovanni@gmail.com	https://www.hotelsdrop.com/hotel/agrirelais-san-giovanni-brittoli	+39 375 636 6828
I Racconti del Fiume	iraccontidelfiume@gmail.com	https://www.hotelsdrop.com/hotel/i-racconti-del-fiume-brittoli	+39 375 620 0271
1711 - Luxury Guest House	info@1711.it	https://www.hotelsdrop.com/hotel/1711-luxury-guest-house-brivio	+39 351 885 7685
Agriturismo Deviscio B&B	deviscio@pec.deviscio.it	https://www.hotelsdrop.com/hotel/agriturismo-deviscio-b-b-brivio	+39 342 881 5043
Agriturismo IL TERRAZZO	info@agriturismoilterrazzo.it	https://www.hotelsdrop.com/hotel/agriturismo-il-terrazzo-brivio	+39 338 815 0826
Bed & Breakfast Portella delle Fate	info@portelladellefate.it	https://www.hotelsdrop.com/hotel/bed-breakfast-portella-delle-fate-broccostella	+39 335 127 5667
Morry's lodge guest house	info@morryslodge.it	https://www.hotelsdrop.com/hotel/morry-s-lodge-guest-house-broccostella	+39 335 127 5667
Agriturismo Il Borgo sul Lago Pizzo	%20jane.smith@domain.com	https://www.hotelsdrop.com/hotel/agriturismo-il-borgo-sul-lago-pizzo-brognaturo	+39 388 728 8284
Five Rooms Brolo	info@fiveroomsbrolo.it	https://www.hotelsdrop.com/hotel/five-rooms-brolo-brolo	+39 335 145 2247
Lo Scoglio della Formica b&b Capo D'Orlando (Me)	loscogliodellaformica@gmail.com	https://www.hotelsdrop.com/hotel/lo-scoglio-della-formica-b-b-capo-d-orlando-me-brolo	+39 389 603 1183
Magico Appartamenti Scafa	info@magicoappartamenti.it	https://www.hotelsdrop.com/hotel/magico-appartamenti-scafa-brolo	+39 351 888 5869
Michelangelo's House	booking-michelangelohouse@hotmail.it	https://www.hotelsdrop.com/hotel/michelangelo-s-house-brolo	+39 320 186 5264
Agricamping La Meyra	remo.lemma64@gmail.com	https://www.hotelsdrop.com/hotel/agricamping-la-meyra-brondello	+39 366 112 0201
B&B Marietta	605a7baede844d278b89dc95ae0a9123@sentry-next.wixpress.com	https://www.hotelsdrop.com/hotel/b-b-marietta-brondello	+39 333 521 4991
Casa Bart, Bike & Outdoor Hospitality	info@casabart.com	https://www.hotelsdrop.com/hotel/casa-bart-bike-outdoor-hospitality-brondello	+39 334 761 3452
IO SONO FIOR DI LOTO - B&B	info@iosono-fiordiloto.it	https://www.hotelsdrop.com/hotel/io-sono-fior-di-loto-b-b-brondello	+39 351 427 7369
Locanda Dl'Angel	%20barlocandadlangel@gmail.com	https://www.hotelsdrop.com/hotel/locanda-dl-angel-brondello	+39 380 216 6071
Segnavento-rooms and suites | B&b Manta	info@segnavento-rooms.it	https://www.hotelsdrop.com/hotel/segnavento-rooms-and-suites-b-b-manta-brondello	+39 345 046 2818
Albergo Diffuso Borgo Santa Caterina "Vintage"	%20info@alcantaratravel.it	https://www.hotelsdrop.com/hotel/albergo-diffuso-borgo-santa-caterina-vintage-bronte	+39 347 441 7473
B&B Al Vulcanetto	info@alvulcanetto.com	https://www.hotelsdrop.com/hotel/b-b-al-vulcanetto-bronte	+39 333 698 7672
Il Sogno di Remì	ilsognodiremi@libero.it	https://www.hotelsdrop.com/hotel/il-sogno-di-remi-brossasco	+39 339 177 5396
Affittacamere La stella delle Alpi	info@lastelladellealpi.it	https://www.hotelsdrop.com/hotel/affittacamere-la-stella-delle-alpi-brosso	+39 347 424 0963
B&B Piccolo Relais	info@piccolorelais.com	https://www.hotelsdrop.com/hotel/b-b-piccolo-relais-brosso	+39 328 288 5108
B&B ranch Alba Montanaria, dormire beb Valchiusella, Maneggio cavalli	info@bbranchmontanaria.it	https://www.hotelsdrop.com/hotel/b-b-ranch-alba-montanaria-dormire-beb-valchiusel-brosso	+39 333 362 8376
Hotel Luina	info@hotelluinastresa.it	https://www.hotelsdrop.com/hotel/hotel-luina-brovello-carpugnino	+39 393 602 6807
Agriturismo Il Giardino Del Ciliegi	info@giardinociliegi.it	https://www.hotelsdrop.com/hotel/agriturismo-il-giardino-del-ciliegi-brozolo	+39 346 359 1114
Agriturismo & Azienda Agricola "Il Granaio"	605a7baede844d278b89dc95ae0a9123@sentry-next.wixpress.com	https://www.hotelsdrop.com/hotel/agriturismo-azienda-agricola-il-granaio-brugherio	+39 389 147 5929
Agriturismo Cascina Fogliana	605a7baede844d278b89dc95ae0a9123@sentry-next.wixpress.com	https://www.hotelsdrop.com/hotel/agriturismo-cascina-fogliana-brugherio	+39 346 709 4218
Agriturismo Cascina Nibai	agriturismo@cascinanibai.it	https://www.hotelsdrop.com/hotel/agriturismo-cascina-nibai-brugherio	+39 334 812 7154
B&B La Casa dei Sogni	info@lacasadeisogni.one	https://www.hotelsdrop.com/hotel/b-b-la-casa-dei-sogni-brugherio	+39 333 616 3106
B&B Villa Lodigiana	postmaster@villalodigiana.it	https://www.hotelsdrop.com/hotel/b-b-villa-lodigiana-brugherio	+39 388 983 1241
B&B Villa Luisa	bebvillaluisa@gmail.com	https://www.hotelsdrop.com/hotel/b-b-villa-luisa-brugherio	+39 347 694 6228
GUEST HOUSE Top Suit Uno	terrymazza@gmail.com	https://www.hotelsdrop.com/hotel/guest-house-top-suit-uno-brugherio	+39 366 713 3515
La rondine B&B	larondinebeb@gmail.com	https://www.hotelsdrop.com/hotel/la-rondine-b-b-brugherio	+39 340 541 2183
Il Vecchio Noce	ilvecchionoce1@gmail.com	https://www.hotelsdrop.com/hotel/il-vecchio-noce-brugnato	+39 392 836 6862
La Bordigona . CIN IT01101013LJW8LWR	b.b.bordigona@alice.it	https://www.hotelsdrop.com/hotel/la-bordigona-cin-it01101013ljw8lwr-brugnato	+39 334 653 5978
Ca' Premuda | Locazione Codognè	info@capremuda.it	https://www.hotelsdrop.com/hotel/ca-premuda-locazione-codogne-brugnera	+39 389 819 7556
Casa Carrer B&B	info@casacarrer.it	https://www.hotelsdrop.com/hotel/casa-carrer-b-b-brugnera	+39 348 035 1670
4 Racconti	605a7baede844d278b89dc95ae0a9123@sentry-next.wixpress.com	https://www.hotelsdrop.com/hotel/4-racconti-brumano	+39 340 935 9481
MIRAMONTINO Mountain Suite & Spa	info@miramontino.com	https://www.hotelsdrop.com/hotel/miramontino-mountain-suite-spa-brumano	+39 349 429 6184
B&B Brunate Kangucavallo	info@kangucavallo.eu	https://www.hotelsdrop.com/hotel/b-b-brunate-kangucavallo-brunate	+39 335 529 2308
Baita Sorriso	info@baitasorriso.com	https://www.hotelsdrop.com/hotel/baita-sorriso-brunate	+39 329 343 4541
Casa di Emanuele - B&B	welcome@casadiemanuele.it	https://www.hotelsdrop.com/hotel/casa-di-emanuele-b-b-brunate	+39 348 770 3264
Agriturismo Conte Brunello	info@contebrunello.it	https://www.hotelsdrop.com/hotel/agriturismo-conte-brunello-brunello	+39 342 614 2753
Baita Eleonora	baitaeleonora@gmail.com	https://www.hotelsdrop.com/hotel/baita-eleonora-brunello	+39 333 870 7141
Agalma	agalmabrunico@gmail.com	https://www.hotelsdrop.com/hotel/agalma-brunico-bruneck	+39 335 842 2811
B&B Apartment Obermair	info@obermair.biz	https://www.hotelsdrop.com/hotel/b-b-apartment-obermair-brunico-bruneck	+39 347 795 9819
B&B Niedermairhof	welcome@nmhof.it	https://www.hotelsdrop.com/hotel/b-b-niedermairhof-brunico-bruneck	+39 348 247 6761
Garni Hattlerhof B&B	info@hattlerhof.com	https://www.hotelsdrop.com/hotel/garni-hattlerhof-b-b-brunico-bruneck	+39 393 228 8306
B&B Profumi	info@bbpro.it	https://www.hotelsdrop.com/hotel/b-b-profumi-bruno	+39 338 647 6665
Monferrato Guest House - Casa Gabry	gabry.guesthouse@gmail.com	https://www.hotelsdrop.com/hotel/monferrato-guest-house-casa-gabry-bruno	+39 366 458 4296
Orio Stay&Fly	bbselfmatic@gmail.com	https://www.hotelsdrop.com/hotel/orio-stay-fly-brusaporto	+39 351 852 9018
Agriturismo Casa Matilde	agriturismo.casamatilde@gmail.com	https://www.hotelsdrop.com/hotel/agriturismo-casa-matilde-brusasco	+39 379 135 1410
B&B L’Attico e La Ballata Brusciano Centro	bnb.brusciano@gmail.com	https://www.hotelsdrop.com/hotel/b-b-l-attico-e-la-ballata-brusciano-centro-brusciano	+39 331 433 0433
Dimora delle Rose	info@dimoradellerose.it	https://www.hotelsdrop.com/hotel/dimora-delle-rose-brusciano	+39 334 721 6583
Ro agriMaison	info@roagrimaison.com	https://www.hotelsdrop.com/hotel/ro-agrimaison-brusciano	+39 375 545 2614
Agriturismo "Il Carpio"	ilcarpio@libero.it	https://www.hotelsdrop.com/hotel/agriturismo-il-carpio-brusimpiano	+39 328 223 7006
AU RASCARD - CHALET D'HOTES	info@aurascard.it	https://www.hotelsdrop.com/hotel/au-rascard-chalet-d-hotes-brusson	+39 389 787 8178
brusson alloggi vacanze	info@brussonalloggivacanze.it	https://www.hotelsdrop.com/hotel/brusson-alloggi-vacanze-brusson	+39 348 474 7208
Chambres d'hotes A Barma Drola	info@abarmadrola.it	https://www.hotelsdrop.com/hotel/chambres-d-hotes-a-barma-drola-brusson	+39 349 656 7043
Chambres d'Hòtes" Le Coin Des Mélèzes"	info@lecoindesmelezes.it	https://www.hotelsdrop.com/hotel/chambres-d-hotes-le-coin-des-melezes-brusson	+39 379 181 6036
Les Hiboux	info@leshiboux.it	https://www.hotelsdrop.com/hotel/les-hiboux-brusson	+39 348 520 4800
Residence Aquila	info@residenceaquila.it	https://www.hotelsdrop.com/hotel/residence-aquila-brusson	+39 379 276 0440
Yamabushi Bed & Breakfast	silvano.vigitello@gmail.com	https://www.hotelsdrop.com/hotel/yamabushi-bed-breakfast-bruzolo	+39 338 768 7191
Ca d' Becon di Cresta Rita	info@cadbecon.it	https://www.hotelsdrop.com/hotel/ca-d-becon-di-cresta-rita-bubbio	+39 334 323 2822
Borgo degli Ulivi	info@borgodegliulivi.com	https://www.hotelsdrop.com/hotel/borgo-degli-ulivi-buccheri	+39 366 150 5685
Dimore Hyblon	servizio.sr.svilupporurale@regione.sicilia.it	https://www.hotelsdrop.com/hotel/dimore-hyblon-buccheri	+39 338 431 3583
Domus Hyblaea Resort	info@domushyblaea.it	https://www.hotelsdrop.com/hotel/domus-hyblaea-resort-buccheri	+39 346 841 1331
La Bella Vita Agriturismo	info@labellavita.online	https://www.hotelsdrop.com/hotel/la-bella-vita-agriturismo-buccheri	+39 342 625 0747
La Mela di Venere Agriturismo	info@agriturismolameladivenere.com	https://www.hotelsdrop.com/hotel/la-mela-di-venere-agriturismo-buccheri	+39 333 639 0331
B&B Villa dei Desideri - Bed and Breakfast Chieti	info@villadesideri.it	https://www.hotelsdrop.com/hotel/b-b-villa-dei-desideri-bed-and-breakfast-chieti-bucchianico	+39 339 298 7945
il Sole di Baggio - Rooms	ilsoledibaggio@gmail.com	https://www.hotelsdrop.com/hotel/il-sole-di-baggio-rooms-buccinasco	+39 351 756 9679
Affittacamere “La Maison”	info@affittacamerelamaison.it	https://www.hotelsdrop.com/hotel/affittacamere-la-maison-buccino	+39 389 435 0153
Agriturismo La Sfruscià Resort	lasfruscia@gmail.com	https://www.hotelsdrop.com/hotel/agriturismo-la-sfruscia-resort-buccino	+39 347 902 0280
B&B - Casa Vacanze il Vicolo - Oliveto Citra	support@centralstay.eu	https://www.hotelsdrop.com/hotel/b-b-casa-vacanze-il-vicolo-oliveto-citra-buccino	+39 392 979 1801
Agriturismo Le Mura	info@agrilemura.it	https://www.hotelsdrop.com/hotel/agriturismo-le-mura-bucine	+39 339 592 1809
Agriturismo Relais Campiglioni	info@campiglioni.it	https://www.hotelsdrop.com/hotel/agriturismo-relais-campiglioni-bucine	+39 353 456 3267
Agriturismo Tontenano	tontenano@gmail.com	https://www.hotelsdrop.com/hotel/agriturismo-tontenano-bucine	+39 329 701 1470
Agriturismo Villa Le Vigne	info@villalevigne.it	https://www.hotelsdrop.com/hotel/agriturismo-villa-le-vigne-bucine	+39 335 575 7198
Hotel Delta	info@hoteldelta.it	https://www.hotelsdrop.com/hotel/hotel-delta-bucine	+39 391 324 4149
I Salici Agriturismo	info@isaliciagriturismo.com	https://www.hotelsdrop.com/hotel/i-salici-agriturismo-bucine	+39 333 772 3196
Poggio Ugo	info@poggiougo.it	https://www.hotelsdrop.com/hotel/poggio-ugo-bucine	+39 335 523 3995
Villa Petrea	info@villapetrea.com	https://www.hotelsdrop.com/hotel/villa-petrea-bucine	+39 328 943 4972
Agriturismo F.lli Muzzu	gusinug@yahoo.com	https://www.hotelsdrop.com/hotel/agriturismo-f-lli-muzzu-buddus	+39 346 094 5022
Sa Corte Nova	mariangeladui@alice.it	https://www.hotelsdrop.com/hotel/sa-corte-nova-buddus	+39 339 575 8541
Agriturismo al Ranch	info@agriturismoalranch.it	https://www.hotelsdrop.com/hotel/agriturismo-al-ranch-budoia	+39 335 601 2905
B&B La Casa di Elsa	%20lacasadielsa.polcenigo@gmail.com	https://www.hotelsdrop.com/hotel/b-b-la-casa-di-elsa-budoia	+39 380 369 0821
B&B Palazzo Scolari	palazzo.scolari@gmail.com	https://www.hotelsdrop.com/hotel/b-b-palazzo-scolari-budoia	+39 320 072 6080
Casa Vacanza Polcenigo- Bed and Breakfast - B&B Casa Titti Polcenigo	reservation@casatittipolcenigo.com	https://www.hotelsdrop.com/hotel/casa-vacanza-polcenigo-bed-and-breakfast-b-b-cas-budoia	+39 333 975 5509
Hotel Castello Budoni	info@castellobudoni.com	https://www.hotelsdrop.com/hotel/hotel-castello-budoni-budoni	+39 349 224 8015
Hotel Pedra Ruja	hotelpedraruja@gmail.com	https://www.hotelsdrop.com/hotel/hotel-pedra-ruja-budoni	+39 327 707 5651
Residence L'Uddastru	info@residenceluddastru.it	https://www.hotelsdrop.com/hotel/residence-l-uddastru-budoni	+39 347 815 1477
Tenuta Lu Baroni	tenutalubaroni@gmail.com	https://www.hotelsdrop.com/hotel/tenuta-lu-baroni-budoni	+39 329 556 3459
A casa di Lella	acasadilella4@gmail.com	https://www.hotelsdrop.com/hotel/a-casa-di-lella-budrio	+39 338 829 7172
Agriturismo Podere Amati	podereamati@gmail.com	https://www.hotelsdrop.com/hotel/agriturismo-podere-amati-budrio	+39 340 486 7010
B&B House Bellaria	housebellaria@gmail.com	https://www.hotelsdrop.com/hotel/b-b-house-bellaria-budrio	+39 347 443 0200
B&B L'Alberone	info@alberone.net	https://www.hotelsdrop.com/hotel/b-b-l-alberone-budrio	+39 349 643 3663
B&B La Terrazza	bedlaterrazza@gmail.com	https://www.hotelsdrop.com/hotel/b-b-la-terrazza-budrio	+39 328 986 7033
bblovebologna	prenotazioni@bblovebologna.com	https://www.hotelsdrop.com/hotel/bblovebologna-budrio	+39 334 207 3099
Colibrì Art b&b	support@centralstay.eu	https://www.hotelsdrop.com/hotel/colibri-art-b-b-budrio	+39 327 777 8945
Alelca Domo B&B	info@alelca.it	https://www.hotelsdrop.com/hotel/alelca-domo-b-b-buggerru	+39 392 531 7571
B&B Casa di Chia	info@casadichiabuggerru.it	https://www.hotelsdrop.com/hotel/b-b-casa-di-chia-buggerru	+39 340 949 3633
B&B Gli Ombrellini	bbgliombrellini@gmail.com	https://www.hotelsdrop.com/hotel/b-b-gli-ombrellini-buggerru	+39 348 134 2821
Buggerru a Mare Residence	buggerruamare.residence@gmail.com	https://www.hotelsdrop.com/hotel/buggerru-a-mare-residence-buggerru	+39 333 739 9591
Guest House Bellavista Nebida	valentina.loddo88@gmail.com	https://www.hotelsdrop.com/hotel/guest-house-bellavista-nebida-buggerru	+39 345 118 1339
HOTEL '904	turismobuggerru@gmail.com	https://www.hotelsdrop.com/hotel/hotel-904-buggerru	+39 340 971 7639
XiHouse Bed & Apartment - Iglesias	efisiopilloni@gmail.com	https://www.hotelsdrop.com/hotel/xihouse-bed-apartment-iglesias-buggerru	+39 340 385 0457
Affittacamere Come a casa	comeacasapizzeria@gmail.com	https://www.hotelsdrop.com/hotel/affittacamere-come-a-casa-buggiano	+39 331 569 4310
Agriturismo - Azienda Agricola Bellandi	info@aziendabellandi.it	https://www.hotelsdrop.com/hotel/agriturismo-azienda-agricola-bellandi-buggiano	+39 338 495 2717
hotel Tarabaralla	info@officinaweb.it	https://www.hotelsdrop.com/hotel/hotel-tarabaralla-buggiano	+39 320 818 7615
Hotel Villa Sermolli	reception@villa-sermolli.com	https://www.hotelsdrop.com/hotel/hotel-villa-sermolli-buggiano	+39 392 694 4777
Residenza Buggiano Antica B&B - Charme Apartment in Tuscany	francesca@lamagionedeitodaro.com	https://www.hotelsdrop.com/hotel/residenza-buggiano-antica-b-b-charme-apartment-i-buggiano	+39 338 857 0406
Agriturismo Adda Vegia	tizianaborromini@yahoo.it	https://www.hotelsdrop.com/hotel/agriturismo-adda-vegia-buglio-in-monte	+39 329 401 9065
Agriturismo Luloc	az.agricola.travaini@gmail.com	https://www.hotelsdrop.com/hotel/agriturismo-luloc-buglio-in-monte	+39 347 903 6062
Il Sottobosco - B&B	info@ilsottoboscovalmasino.it	https://www.hotelsdrop.com/hotel/il-sottobosco-b-b-buglio-in-monte	+39 339 620 8164
B&B IL GIRASOLE	info@bebilgirasole.com	https://www.hotelsdrop.com/hotel/b-b-il-girasole-bugnara	+39 347 615 0855
B&B Solimo	info@bbsolimo.it	https://www.hotelsdrop.com/hotel/b-b-solimo-bugnara	+39 331 525 5039
Hotel Sagittario	info@hotelsagittario.it	https://www.hotelsdrop.com/hotel/hotel-sagittario-bugnara	+39 346 494 8345
Agriturismo Tenuta del Fatio	info@tenutadelfatio.com	https://www.hotelsdrop.com/hotel/agriturismo-tenuta-del-fatio-bulgarograsso	+39 351 890 3312
B&B Domus De Janas	contact@bnbdomusdejanas.com	https://www.hotelsdrop.com/hotel/b-b-domus-de-janas-bulzi	+39 328 232 3555
Il Ginepro	info@valledoria-ilginepro.it	https://www.hotelsdrop.com/hotel/il-ginepro-bulzi	+39 347 367 7166
Su Arghentu Country Hotel	direzione.ristosg@gmail.com	https://www.hotelsdrop.com/hotel/su-arghentu-country-hotel-bulzi	+39 378 091 8925
Agriturismo Dipinto dal Sole	info@dipintodalsole.it	https://www.hotelsdrop.com/hotel/agriturismo-dipinto-dal-sole-buonabitacolo	+39 340 238 1129
B&B Agriturismo La Dolce Mela	agriturismoladolcemela@gmail.com	https://www.hotelsdrop.com/hotel/b-b-agriturismo-la-dolce-mela-buonabitacolo	+39 327 679 7070
Casa Vacanze Nicola e Lina	info@domain.com	https://www.hotelsdrop.com/hotel/casa-vacanze-nicola-e-lina-buonabitacolo	+39 333 926 6570
Dimora Forgione B&B	info@dimoraforgione.it	https://www.hotelsdrop.com/hotel/dimora-forgione-b-b-buonalbergo	+39 328 569 3310
La Maison Du Pont Relais | Bed and breakfast Hotel Pietrelcina	info@lamaisondupont.it	https://www.hotelsdrop.com/hotel/la-maison-du-pont-relais-bed-and-breakfast-hotel-buonalbergo	+39 333 521 4102
Affittacamere Martelli	martelli.c@outlook.com	https://www.hotelsdrop.com/hotel/affittacamere-martelli-buonconvento	+39 334 846 4235
Agriturismo La Frattina	info@lafrattina.com	https://www.hotelsdrop.com/hotel/agriturismo-la-frattina-buonconvento	+39 348 385 9296
Agriturismo La Ripolina	info@laripolina.it	https://www.hotelsdrop.com/hotel/agriturismo-la-ripolina-buonconvento	+39 335 573 9284
Agriturismo Podere Cunina	poderecunina@gmail.com	https://www.hotelsdrop.com/hotel/agriturismo-podere-cunina-buonconvento	+39 339 835 0580
Agriturismo Quarantallina	agriturismo.quarantallina@gmail.com	https://www.hotelsdrop.com/hotel/agriturismo-quarantallina-buonconvento	+39 338 226 9043
Casa Vacanze Fornace - Buonconvento	info@casavacanzefornace.it	https://www.hotelsdrop.com/hotel/casa-vacanze-fornace-buonconvento-buonconvento	+39 335 752 3838
San Lorenzo Agriturismo	sanlorenzo@sanlorenzoagriturismo.it	https://www.hotelsdrop.com/hotel/san-lorenzo-agriturismo-buonconvento	+39 340 400 3626
B&B Diamante Raro	support@localsmalltour.com	https://www.hotelsdrop.com/hotel/b-b-diamante-raro-buonvicino	+39 320 674 5296
B&B Il Viaggiatore	info@il-viaggiatore.com	https://www.hotelsdrop.com/hotel/b-b-il-viaggiatore-buonvicino	+39 328 931 6293
Hotel Diadema Diamante	info@hoteldiadema.com	https://www.hotelsdrop.com/hotel/hotel-diadema-diamante-buonvicino	+39 335 121 7522
Vista d'amare B&B	booking@vistadamare.eu	https://www.hotelsdrop.com/hotel/vista-d-amare-b-b-buonvicino	+39 340 626 5869
Rana B&B	info@ranabedandbreakfast.it	https://www.hotelsdrop.com/hotel/rana-b-b-burago-di-molgora	+39 335 523 0304
B&B La Casa sulla Spiaggia	info@lacasasullaspiaggia.com	https://www.hotelsdrop.com/hotel/b-b-la-casa-sulla-spiaggia-burcei	+39 342 382 0517
B&B Sette Fratelli IUN E4439	info@bbsettefratelli.it	https://www.hotelsdrop.com/hotel/b-b-sette-fratelli-iun-e4439-burcei	+39 348 930 5607
Free Zone Bed and Breakfast	vacanzecastiadas@libero.it	https://www.hotelsdrop.com/hotel/free-zone-bed-and-breakfast-burcei	+39 340 726 1017
Hotel Soleo	soleosardegna@gmail.com	https://www.hotelsdrop.com/hotel/hotel-soleo-burcei	+39 351 934 0395
I Ginepri Ristorante Hotel	booking@iginepri.com	https://www.hotelsdrop.com/hotel/i-ginepri-ristorante-hotel-burcei	+39 340 913 9514
La Fattoria delle Tartarughe - Tortoises Farm Eco&Veg friendly Lodge	info@lafattoriadelletartarughe.it	https://www.hotelsdrop.com/hotel/la-fattoria-delle-tartarughe-tortoises-farm-eco-burcei	+39 347 781 6586
B&B Colibrì	colibriibnb@gmail.com	https://www.hotelsdrop.com/hotel/b-b-colibri-burgio	+39 388 648 7990
B&B Il Campanile	bebilcampanile@gmail.com	https://www.hotelsdrop.com/hotel/b-b-il-campanile-burgio	+39 328 170 8000
Casa Sunrise - The Guest House	casasunrisesciacca@hotmail.com	https://www.hotelsdrop.com/hotel/casa-sunrise-the-guest-house-burgio	+39 351 754 8776
Le Casette del Porto	info@sciaccacase.it	https://www.hotelsdrop.com/hotel/le-casette-del-porto-burgio	+39 320 832 0192
Macramè Fazello	info@macramerelais.it	https://www.hotelsdrop.com/hotel/macrame-fazello-burgio	+39 351 941 5996
Cascina Donda Agriturismo	info@cascinadonda.it	https://www.hotelsdrop.com/hotel/cascina-donda-agriturismo-buronzo	+39 349 626 5517
B&B A o Soâ	claudia.crosadv@gmail.com	https://www.hotelsdrop.com/hotel/b-b-a-o-soa-busalla	+39 335 611 8766
B&B Casa Galletti	procedano@gmail.com	https://www.hotelsdrop.com/hotel/b-b-casa-galletti-busalla	+39 339 616 5366
B&B La Moggia	beblamoggia@hotmail.it	https://www.hotelsdrop.com/hotel/b-b-la-moggia-busalla	+39 392 092 8234
Palazzo Cicala	info@mysite.com	https://www.hotelsdrop.com/hotel/palazzo-cicala-busalla	+39 348 584 8481
La Bonauda Affittacamere	info@labonauda.it	https://www.hotelsdrop.com/hotel/la-bonauda-affittacamere-busano	+39 348 921 6693
Agriturismo Tetto Garrone	info@tettogarrone.it	https://www.hotelsdrop.com/hotel/agriturismo-tetto-garrone-busca	+39 331 620 8674
L Ramassin	info@ramassin.it	https://www.hotelsdrop.com/hotel/l-ramassin-busca	+39 347 109 8798
St. Gregory B&B	st.gregory@hotmail.it	https://www.hotelsdrop.com/hotel/st-gregory-b-b-buscate	+39 345 441 3796
Addimura - Sicilian Retreat Center	addimuraretreat@gmail.com	https://www.hotelsdrop.com/hotel/addimura-sicilian-retreat-center-buscemi	+39 320 629 0953
B&B Anapama	info@anapama.it	https://www.hotelsdrop.com/hotel/b-b-anapama-buscemi	+39 339 635 5313
Casa Agorà	peluso.p89@gmail.com	https://www.hotelsdrop.com/hotel/casa-agora-buscemi	+39 320 858 2370
Dimora di Catullo - Ospitalità di Charme	info@dimoradicatullo.it	https://www.hotelsdrop.com/hotel/dimora-di-catullo-ospitalita-di-charme-buscemi	+39 327 291 8860
Lues Rooms	info@luestay.com	https://www.hotelsdrop.com/hotel/lues-rooms-buscemi	+39 351 467 0232
Oasi Iblea Affittacamere Bed and Breakfast Casa Vacanze Hotel Ragusa	anto.ct78@virgilio.it	https://www.hotelsdrop.com/hotel/oasi-iblea-affittacamere-bed-and-breakfast-casa-buscemi	+39 338 377 9754
Sud Est B&B	info@sudestbb.com	https://www.hotelsdrop.com/hotel/sud-est-b-b-buscemi	+39 368 330 9000
ALBA MARINA B&B	info@albamarina.info	https://www.hotelsdrop.com/hotel/alba-marina-b-b-buseto-palizzolo	+39 347 527 4124
B&B Castiglione Custonaci	info@bbcastiglione-custonaci.it	https://www.hotelsdrop.com/hotel/b-b-castiglione-custonaci-buseto-palizzolo	+39 328 842 5369
B&B La Dimora di Pepè	info@ladimoradipepe.it	https://www.hotelsdrop.com/hotel/b-b-la-dimora-di-pepe-buseto-palizzolo	+39 366 131 0372
B&B U Puzzu Ranne	info@bedandbreakfastbuseto.com	https://www.hotelsdrop.com/hotel/b-b-u-puzzu-ranne-buseto-palizzolo	+39 339 646 5081
Baglio Minaudo	info@bagliominaudo.it	https://www.hotelsdrop.com/hotel/baglio-minaudo-buseto-palizzolo	+39 347 413 1802
Baglio Pocoroba	info@pocoroba.it	https://www.hotelsdrop.com/hotel/baglio-pocoroba-buseto-palizzolo	+39 338 113 9150
MANZIL Country House (La locanda del Viandante)	info@manzil.it	https://www.hotelsdrop.com/hotel/manzil-country-house-la-locanda-del-viandante-buseto-palizzolo	+39 388 828 8801
BaBuHaus Bed & Breakfast	info@babuhaus.eu	https://www.hotelsdrop.com/hotel/babuhaus-bed-breakfast-bussero	+39 348 304 3874
Le stanze di Mina	mina.ferrante@gmail.com	https://www.hotelsdrop.com/hotel/le-stanze-di-mina-bussero	+39 347 590 2946
Bed & Breakfast Il Trovatore Busseto	bbiltrovatore@gmail.com	https://www.hotelsdrop.com/hotel/bed-breakfast-il-trovatore-busseto-busseto	+39 333 455 6893
Hotel La Voglia	albergolavoglia@gmail.com	https://www.hotelsdrop.com/hotel/hotel-la-voglia-busseto	+39 375 725 0235
La Corte del Mulino	info@lacortedelmulino.it	https://www.hotelsdrop.com/hotel/la-corte-del-mulino-busseto	+39 346 493 3712
Locanda del Lupo	info@locandadellupo.it	https://www.hotelsdrop.com/hotel/locanda-del-lupo-busseto	+39 338 310 4428
The Green House	davidemusini@gmail.com	https://www.hotelsdrop.com/hotel/the-green-house-busseto	+39 366 459 1099
B&B Tirino	info@bebtirino.it	https://www.hotelsdrop.com/hotel/b-b-tirino-bussi-sul-tirino	+39 339 328 3643
Baron's Estate/Tenuta del Barone	user@domain.com	https://www.hotelsdrop.com/hotel/baron-s-estate-tenuta-del-barone-bussi-sul-tirino	+39 328 972 6093
B&B Milù	bbmilu@tiscali.it	https://www.hotelsdrop.com/hotel/b-b-milu-bussolengo	+39 340 098 8768
Casa Citella "Alloggio Turistico" - 37012 Bussolengo Verona	info@casacitella.it	https://www.hotelsdrop.com/hotel/casa-citella-alloggio-turistico-37012-bussolengo-bussolengo	+39 348 299 6343
Del Falco Agricamp	605a7baede844d278b89dc95ae0a9123@sentry-next.wixpress.com	https://www.hotelsdrop.com/hotel/del-falco-agricamp-bussolengo	+39 345 131 7031
Hotel Krystal	info@hotelkrystal.com	https://www.hotelsdrop.com/hotel/hotel-krystal-bussolengo	+39 392 091 6496
Alba Camere	albacamerechiomonte@gmail.com	https://www.hotelsdrop.com/hotel/alba-camere-bussoleno	+39 329 876 5889
Residence Madamin	info@valchisone.com	https://www.hotelsdrop.com/hotel/residence-madamin-bussoleno	+39 351 351 7507
B&B SouthItaly	bbsoutitaly@gmail.com	https://www.hotelsdrop.com/hotel/b-b-southitaly-busto-arsizio	+39 348 246 8847
Bed&Breakfast Milano Malpensa	605a7baede844d278b89dc95ae0a9123@sentry-next.wixpress.com	https://www.hotelsdrop.com/hotel/bed-breakfast-milano-malpensa-busto-arsizio	+39 346 216 7476
De Piante Guest House	info@depianteditore.it	https://www.hotelsdrop.com/hotel/de-piante-guest-house-busto-arsizio	+39 375 573 8494
Location Lory S.N.C Bed And Breakfast Busto Arsizio	info@locationlory.it	https://www.hotelsdrop.com/hotel/location-lory-s-n-c-bed-and-breakfast-busto-arsi-busto-arsizio	+39 333 766 7255
bed and breakfast Orchidea	info@bborchidea.com	https://www.hotelsdrop.com/hotel/bed-and-breakfast-orchidea-busto-garolfo	+39 338 502 6913
Affittacamere Il Cortile	bebilcortile@gmail.com	https://www.hotelsdrop.com/hotel/affittacamere-il-cortile-butera	+39 339 634 3004
Agriturismo ALPA Mazzarino	agriturismoalpa@gmail.com	https://www.hotelsdrop.com/hotel/agriturismo-alpa-mazzarino-butera	+39 324 056 9074
B&B La colonna Dorica	info@beblacolonnadorica.it	https://www.hotelsdrop.com/hotel/b-b-la-colonna-dorica-butera	+39 349 674 2929
B&B Villa Sara Falconara	villasarafalconarareservations@gmail.com	https://www.hotelsdrop.com/hotel/b-b-villa-sara-falconara-butera	+39 328 681 3720
R&B Il Principe	info@bb-ilprincipe.it	https://www.hotelsdrop.com/hotel/r-b-il-principe-butera	+39 338 666 1053
Affittacamere Casa Vacanze “VILLA GIOVANNA”	info@guesthouselucca.it	https://www.hotelsdrop.com/hotel/affittacamere-casa-vacanze-villa-giovanna-buti	+39 334 760 2493
Agriturismo Cima alla Serra - Agriturismo con piscina Pisa	info@agriturismocimaallaserra.com	https://www.hotelsdrop.com/hotel/agriturismo-cima-alla-serra-agriturismo-con-pisc-buti	+39 346 675 2655
Agriturismo San Bastiano	poderesanbastiano@gmail.com	https://www.hotelsdrop.com/hotel/agriturismo-san-bastiano-buti	+39 329 569 9856
L'artè	info@latorrettabeb.it	https://www.hotelsdrop.com/hotel/l-arte-buti	+39 393 108 2678
Pietra d'Acqua	pietradacqua@gmail.com	https://www.hotelsdrop.com/hotel/pietra-d-acqua-buti	+39 338 205 5308
B&B Villa Verona Bike	info@bbvillaveronabike.it	https://www.hotelsdrop.com/hotel/b-b-villa-verona-bike-buttapietra	+39 349 746 6106
Gabrielli Rooms & Apartments	gabriellirooms@gmail.com	https://www.hotelsdrop.com/hotel/gabrielli-rooms-apartments-buttapietra	+39 340 621 2214
Rosta Residence Ranverso	info@rostaresidence.it	https://www.hotelsdrop.com/hotel/rosta-residence-ranverso-buttigliera-alta	+39 347 239 0120
B&B Bricco dei Ciliegi	informazioni@briccodeiciliegi.com	https://www.hotelsdrop.com/hotel/b-b-bricco-dei-ciliegi-buttigliera-d-asti	+39 340 245 0634
Cascina Barosca	cascinabarosca@libero.it	https://www.hotelsdrop.com/hotel/cascina-barosca-buttigliera-d-asti	+39 366 465 6733
La valle incantata B&B e Home Restaurant	info@beblavalleincantata.it	https://www.hotelsdrop.com/hotel/la-valle-incantata-b-b-e-home-restaurant-buttigliera-d-asti	+39 328 423 9303
Lusi è in Collina	friends@lusincollina.com	https://www.hotelsdrop.com/hotel/lusi-e-in-collina-buttigliera-d-asti	+39 346 319 2994
Relais Conac 1888 - Luxury B&B - Adults Only	info@conac.it	https://www.hotelsdrop.com/hotel/relais-conac-1888-luxury-b-b-adults-only-buttigliera-d-asti	+39 327 824 0697
Agriturismo Meridiano	info@agriturismomeridiano.it	https://www.hotelsdrop.com/hotel/agriturismo-meridiano-buttrio	+39 346 974 3974
Al Palazzetto	info@alpalazzetto.it	https://www.hotelsdrop.com/hotel/al-palazzetto-buttrio	+39 351 587 0606
Le Camere dell'Albero Bianco | Affittacamere con uso cucina e piscina a Manzano	lecameredellalberobianco@gmail.com	https://www.hotelsdrop.com/hotel/le-camere-dell-albero-bianco-affittacamere-con-u-buttrio	+39 379 257 2789
Abbamele	abbamelecabras@gmail.com	https://www.hotelsdrop.com/hotel/abbamele-cabras	+39 352 040 0402
Agriturismo S'incant'e Sinis	sincantesinis@gmail.com	https://www.hotelsdrop.com/hotel/agriturismo-s-incant-e-sinis-abbasanta	+39 366 295 1365
Alice Bed and Breakfast	info@bb-alice.it	https://www.hotelsdrop.com/hotel/alice-bed-and-breakfast-cabras	+39 347 077 6106
Domo La Laguna	info@domolalaguna.com	https://www.hotelsdrop.com/hotel/domo-la-laguna-cabras	+39 347 702 7648
Il Tuo Relax	info@iltuorelax.it	https://www.hotelsdrop.com/hotel/il-tuo-relax-cabras	+39 347 636 3881
La Terrazza	info@bebcameraconvista.com	https://www.hotelsdrop.com/hotel/la-terrazza-cabras	+39 329 613 6190
Palazzo Ma.Ri.lu.	palazzomarilu2023@gmail.com	https://www.hotelsdrop.com/hotel/palazzo-ma-ri-lu-cabras	+39 347 340 1436
Villa Calcasacco casa vacanza	villacalcasacco@gmail.com	https://www.hotelsdrop.com/hotel/villa-calcasacco-casa-vacanza-caccamo	+39 347 600 3798
Grancia del Vurdoj	info@granciadelvurdoj.it	https://www.hotelsdrop.com/hotel/grancia-del-vurdoj-caccuri	+39 340 662 0089
Agriturismo Aquila Nera	info@agriturismoaquilanera.it	https://www.hotelsdrop.com/hotel/agriturismo-aquila-nera-cadelbosco-di-sopra	+39 329 722 4889
Agriturismo Il Salice	loredanatesta.ilsalice@gmail.com	https://www.hotelsdrop.com/hotel/agriturismo-il-salice-cadelbosco-di-sopra	+39 349 646 2169
IL CASALE Bed & Breakfast	ilcasaleinemilia@gmail.com	https://www.hotelsdrop.com/hotel/il-casale-bed-breakfast-cadelbosco-di-sopra	+39 349 669 2676
Master Hotel	utente@dominio.com	https://www.hotelsdrop.com/hotel/master-hotel-cadelbosco-di-sopra	+39 320 271 9843
Albergo Palazzo Lodron Bertelli	%20info@palazzolodronbertelli.it	https://www.hotelsdrop.com/hotel/albergo-palazzo-lodron-bertelli-caderzone-terme	+39 335 875 4925
GreenRose Guest House	info@greenroselake.com	https://www.hotelsdrop.com/hotel/greenrose-guest-house-cadrezzate-con-osmate	+39 328 602 6405
Tenuta Aquasole, Hotel e Ristorante nella natura, Sale Meeting e Centro Congressi Aziendali a Mercallo	info@aquasole.it	https://www.hotelsdrop.com/hotel/tenuta-aquasole-hotel-e-ristorante-nella-natura-cadrezzate-con-osmate	+39 348 870 0986
Floating Dream	asdfloatingdream@gmail.com	https://www.hotelsdrop.com/hotel/floating-dream-cafasse	+39 353 471 0686
Il Mondo in Valle di Simonetti Monica	info@gabrielelamberto.com	https://www.hotelsdrop.com/hotel/il-mondo-in-valle-di-simonetti-monica-cafasse	+39 347 152 6380
Locanda Severino	info@locandaseverino.com	https://www.hotelsdrop.com/hotel/locanda-severino-caggiano	+39 351 941 9247
Agriturismo Cardella	info@agriturismocardella.it	https://www.hotelsdrop.com/hotel/agriturismo-cardella-cagli	+39 338 969 6150
San Pietro Fuori le Mura B&B	sanpietrofuorilemura@gmail.com%20	https://www.hotelsdrop.com/hotel/san-pietro-fuori-le-mura-b-b-cagli	+39 331 462 2077
Serendipity, Boutique Country House	info@serendipitycantiano.it	https://www.hotelsdrop.com/hotel/serendipity-boutique-country-house-cagli	+39 353 442 6492
A View On Cagliari | Bed&Breakfast Centro Cagliari	info@aviewoncagliari.com	https://www.hotelsdrop.com/hotel/a-view-on-cagliari-bed-breakfast-centro-cagliari-cagliari	+39 348 064 0767
Almarì Bed and Breakfast	almari.domo@gmail.com	https://www.hotelsdrop.com/hotel/almari-bed-and-breakfast-cagliari	+39 340 664 6821
Bed & Breakfast Mareya	info@mareya.it	https://www.hotelsdrop.com/hotel/bed-breakfast-mareya-cagliari	+39 340 085 2615
Cagliari Old Town B&B	cagliarioldtown@gmail.com	https://www.hotelsdrop.com/hotel/cagliari-old-town-b-b-cagliari	+39 391 437 7977
Il Cagliarese B&B	info@ilcagliarese.com	https://www.hotelsdrop.com/hotel/il-cagliarese-b-b-cagliari	+39 339 654 4083
Sa mama 'e su sole - Bed and breakfast	info@samamaesusole.it	https://www.hotelsdrop.com/hotel/sa-mama-e-su-sole-bed-and-breakfast-cagliari	+39 335 839 9303
Agriturismo La Canestra - cucina tipica, fattoria didattica, camere	lacanestra@libero.it	https://www.hotelsdrop.com/hotel/agriturismo-la-canestra-cucina-tipica-fattoria-d-cagnano-amiterno	+39 340 388 9340
Camere Santa Lucia	support@centralstay.eu	https://www.hotelsdrop.com/hotel/camere-santa-lucia-cagnano-varano	+39 333 725 3795
B&b I Greci	info@igreci.it	https://www.hotelsdrop.com/hotel/b-b-i-greci-caianello	+39 389 926 8039
B&B Casa Aulivo	casaaulivo12@gmail.com	https://www.hotelsdrop.com/hotel/b-b-casa-aulivo-caiazzo	+39 335 736 4190
Hotel Caserta Antica	info@hotelcaserta-antica.it	https://www.hotelsdrop.com/hotel/hotel-caserta-antica-caiazzo	+39 393 223 5196
Mandevilla Home	info@mandevillahome.it	https://www.hotelsdrop.com/hotel/mandevilla-home-caiazzo	+39 338 795 9702
Agriturismo Tischlerhof	info@tischlerhof.it	https://www.hotelsdrop.com/hotel/agriturismo-tischlerhof-caines-kuens	+39 328 196 6788
Agriturismo B&B Caffè e Vino	info@agricaffevino.com	https://www.hotelsdrop.com/hotel/agriturismo-b-b-caffe-e-vino-caiolo	+39 371 539 2387
Balibà Ride & Relax	info@bbcastione.it	https://www.hotelsdrop.com/hotel/baliba-ride-relax-caiolo	+39 340 961 1448
Bed and Breakfast CARUNEI	silvia.faldarini@alice.it	https://www.hotelsdrop.com/hotel/bed-and-breakfast-carunei-caiolo	+39 333 793 5591
Residenza Sassella	info@residenzasassella.it	https://www.hotelsdrop.com/hotel/residenza-sassella-caiolo	+39 375 849 5643
Valtellina Mon Amour	info@valtellinamonamour.it	https://www.hotelsdrop.com/hotel/valtellina-mon-amour-caiolo	+39 346 123 2044
B&B La Canonica	beb.lacanonica@gmail.com	https://www.hotelsdrop.com/hotel/b-b-la-canonica-cairate	+39 351 823 3914
Color House Malpensa B&B	info@bbplanner.com	https://www.hotelsdrop.com/hotel/color-house-malpensa-b-b-cairate	+39 389 990 4995
La Corte B&B	info@lacorteb-b.com	https://www.hotelsdrop.com/hotel/la-corte-b-b-cairate	+39 347 503 0231
Ca'Brichella	info@cabrichella.it	https://www.hotelsdrop.com/hotel/ca-brichella-cairo-montenotte	+39 347 292 3920
Cascina del Vai	agricascinadelvai@libero.it	https://www.hotelsdrop.com/hotel/cascina-del-vai-cairo-montenotte	+39 338 139 0269
La Celestina (Nuova Gestione)	info@oconnellstreetpub.com	https://www.hotelsdrop.com/hotel/la-celestina-nuova-gestione-cairo-montenotte	+39 338 685 0913
Altamu' B&B Acerra AFFITTACAMERE	altamubeb@gmail.com	https://www.hotelsdrop.com/hotel/altamu-b-b-acerra-affittacamere-caivano	+39 350 543 8801
B&B CUBE FRATTAMAGGIORE	contatto@esempio.it	https://www.hotelsdrop.com/hotel/b-b-cube-frattamaggiore-caivano	+39 392 105 6891
Bnb Villa Lendi	ahpx1g4a_r@o069nkdzusqixpi7eql3c5etvl.ckyoby	https://www.hotelsdrop.com/hotel/bnb-villa-lendi-caivano	+39 366 979 8644
L'Aranceto B&B	laranceto@hotmail.it	https://www.hotelsdrop.com/hotel/l-aranceto-b-b-caivano	+39 340 911 1148
Bed and Breakfast "La Casa di Mimma"	info@lacasadimimma.it	https://www.hotelsdrop.com/hotel/bed-and-breakfast-la-casa-di-mimma-calabritto	+39 348 238 2633
Tartufo Hotel	info@tartufohotel.it	https://www.hotelsdrop.com/hotel/tartufo-hotel-calabritto	+39 338 968 1980
Tenuta San Felice B&B	info@tenutasanfelice.it	https://www.hotelsdrop.com/hotel/tenuta-san-felice-b-b-calabritto	+39 339 284 6352
B&B SognoInCadore	http://info@sognoincadore.it	https://www.hotelsdrop.com/hotel/b-b-sognoincadore-calalzo-di-cadore	+39 340 261 5176
C'era una volta un re	info@ceraunavoltaunre.net	https://www.hotelsdrop.com/hotel/c-era-una-volta-un-re-calalzo-di-cadore	+39 347 281 0061
Le Stue - locazione turistica	support@centralstay.eu	https://www.hotelsdrop.com/hotel/le-stue-locazione-turistica-calalzo-di-cadore	+39 333 747 6885
Rifugio Pietro Galassi al Monte Antelao - Rifugio Cai	info@rifugiogalassi.it	https://www.hotelsdrop.com/hotel/rifugio-pietro-galassi-al-monte-antelao-rifugio-calalzo-di-cadore	+39 340 121 4300
Che Piasi	denyzunino@gmail.com	https://www.hotelsdrop.com/hotel/che-piasi-calamandrana	+39 329 277 0614
La Martinella Bio	info@martinellabio.it	https://www.hotelsdrop.com/hotel/la-martinella-bio-calamandrana	+39 334 641 8098
Tenuta Miranda	605a7baede844d278b89dc95ae0a9123@sentry-next.wixpress.com	https://www.hotelsdrop.com/hotel/tenuta-miranda-calamandrana	+39 351 463 5708
Agriturismo Tenute Piazza	tenutapiazza@gmail.com	https://www.hotelsdrop.com/hotel/agriturismo-tenute-piazza-calamonaci	+39 339 440 9061
La Finestra sul Cortile CIN IT084041C1KQOWMJBT	info@lafinestrasulcortilebb.it	https://www.hotelsdrop.com/hotel/la-finestra-sul-cortile-cin-it084041c1kqowmjbt-calamonaci	+39 380 525 4236
Affittacamere Gallurà	contatto@esempio.it	https://www.hotelsdrop.com/hotel/affittacamere-gallura-calangianus	+39 328 802 8172
Agriturismo La Cerra Tempio Pausania	info@agriturismolacerra.it	https://www.hotelsdrop.com/hotel/agriturismo-la-cerra-tempio-pausania-calangianus	+39 347 560 6462
B&B Sole e Luna	info@bbsoleluna.com	https://www.hotelsdrop.com/hotel/b-b-sole-e-luna-calangianus	+39 392 298 7276
La Vecchia Posta B&b	llavecchiaposta@gmail.com	https://www.hotelsdrop.com/hotel/la-vecchia-posta-b-b-calangianus	+39 340 491 8131
Tenuta Paltusa	info@paltusa.it	https://www.hotelsdrop.com/hotel/tenuta-paltusa-calangianus	+39 388 645 0955
Around the World	aroundtheworldbb@gmail.com	https://www.hotelsdrop.com/hotel/around-the-world-calanna	+39 379 355 2567
Bed e breakfast New Zarà Villa San Giovanni	newzaravilla@hotmail.com	https://www.hotelsdrop.com/hotel/bed-e-breakfast-new-zara-villa-san-giovanni-calanna	+39 376 092 9055
Hotel Le Sirene - Scilla (RC)	info@hotellesirenescilla.com	https://www.hotelsdrop.com/hotel/hotel-le-sirene-scilla-rc-calanna	+39 348 791 6895
Agriturismo In Valle Sul Fiume	alessandro.angela@libero.it	https://www.hotelsdrop.com/hotel/agriturismo-in-valle-sul-fiume-calasca-castiglione	+39 347 873 1873
Dimora del Duomo	info@pgdesignennait.wpcomstaging.com	https://www.hotelsdrop.com/hotel/dimora-del-duomo-calascibetta	+39 335 633 9797
Dimora Storica suiteinncentro	info@aziendeitalia.com	https://www.hotelsdrop.com/hotel/dimora-storica-suiteinncentro-calascibetta	+39 331 206 0341
Una Casa al Belvedere	unacasaalbelvedere@virgilio.it	https://www.hotelsdrop.com/hotel/una-casa-al-belvedere-calascibetta	+39 320 285 9201
B&B Acca' Lascio	info@gransassoski.it	https://www.hotelsdrop.com/hotel/b-b-acca-lascio-calascio	+39 328 082 8539
Destasù Bed & Wellness	info@destasu.it	https://www.hotelsdrop.com/hotel/destasu-bed-wellness-calascio	+39 338 350 4027
Palazzo Diamante	zippirita@gmail.com	https://www.hotelsdrop.com/hotel/palazzo-diamante-calascio	+39 340 222 5652
B&B Villa Acquamarina	info.villa.acquamarina@gmail.com	https://www.hotelsdrop.com/hotel/b-b-villa-acquamarina-calasetta	+39 349 701 2383
Calasetta Residence	info@calasettaresidence.com	https://www.hotelsdrop.com/hotel/calasetta-residence-calasetta	+39 327 827 9187
I Tre Schen - Albergo Rurale	info@itreschen.com	https://www.hotelsdrop.com/hotel/i-tre-schen-albergo-rurale-calasetta	+39 350 922 9285
Oasi Blu	info@oasiblucalasetta.it	https://www.hotelsdrop.com/hotel/oasi-blu-calasetta	+39 328 485 0668
Arcobaleno dell'Etna	arcobalenodelletna@gmail.com	https://www.hotelsdrop.com/hotel/arcobaleno-dell-etna-calatabiano	+39 320 729 8047
B&B Domus Candida	info@domuscandida.com	https://www.hotelsdrop.com/hotel/b-b-domus-candida-calatabiano	+39 329 272 4753
B&B Villa Magnolia Taormina	villamagnolia@virgilio.it	https://www.hotelsdrop.com/hotel/b-b-villa-magnolia-taormina-calatabiano	+39 329 678 7758
I TRE CUORI	stracuzzisara@gmail.com	https://www.hotelsdrop.com/hotel/i-tre-cuori-calatabiano	+39 389 072 1482
Marty Luxury B&B	gdarrigo@hotmail.com	https://www.hotelsdrop.com/hotel/marty-luxury-b-b-calatabiano	+39 338 716 7979
Minissale Farmhouse	info@minissalefarmhouse.it	https://www.hotelsdrop.com/hotel/minissale-farmhouse-calatabiano	+39 328 027 3029
PARADISE SICILY ROOMS LICENZA:IT087010C25WIUB6FL	paradisesicilyrooms@hotmail.com	https://www.hotelsdrop.com/hotel/paradise-sicily-rooms-licenza-it087010c25wiub6fl-calatabiano	+39 346 943 0269
Agriturismo L' Olivo	agriturismoolivo@libero.it	https://www.hotelsdrop.com/hotel/agriturismo-l-olivo-calatafimi-segesta	+39 345 614 4393
La Suite di Segesta	info@lasuitedisegesta.com	https://www.hotelsdrop.com/hotel/la-suite-di-segesta-calatafimi-segesta	+39 333 764 3969
Tenute Margana	marganasas07@gmail.com	https://www.hotelsdrop.com/hotel/tenute-margana-calatafimi-segesta	+39 338 329 3872
Agriturismo "I Tre Tigli" - Ristorante - Pizzeria - Eventi - Camere	info@agriturismoitretigli.it	https://www.hotelsdrop.com/hotel/agriturismo-i-tre-tigli-ristorante-pizzeria-even-calcata	+39 333 703 9179
Agriturismo Cavalieri	info@agriturismocavalieri.it	https://www.hotelsdrop.com/hotel/agriturismo-cavalieri-calcata	+39 328 303 5637
Agriturismo Il cielo in terra	ilcielointerra@gmail.com	https://www.hotelsdrop.com/hotel/agriturismo-il-cielo-in-terra-calcata	+39 388 790 5337
La Casa sui Tetti	support@centralstay.eu	https://www.hotelsdrop.com/hotel/la-casa-sui-tetti-calcata	+39 339 275 0526
A un passo dal lago	info@aunpassodallago.com	https://www.hotelsdrop.com/hotel/a-un-passo-dal-lago-calceranica-al-lago	+39 351 451 4519
B&B Casa sul Lago	casasullago.trentino@gmail.com	https://www.hotelsdrop.com/hotel/b-b-casa-sul-lago-calceranica-al-lago	+39 345 344 9898
Agriturismo Al Palazzaccio	info@alpalazzaccio.com	https://www.hotelsdrop.com/hotel/agriturismo-al-palazzaccio-calci	+39 338 312 9540
Azienda Agricola Podere del Pari srl	info@poderedelpari.it	https://www.hotelsdrop.com/hotel/azienda-agricola-podere-del-pari-srl-calci	+39 338 310 0210
Hotel da Carlos	info@hoteldacarlos.it	https://www.hotelsdrop.com/hotel/hotel-da-carlos-calci	+39 351 418 5942
L' Angolo Verde - Bed & Breakfast	langoloverde.pisa@gmail.com	https://www.hotelsdrop.com/hotel/l-angolo-verde-bed-breakfast-calci	+39 348 774 9196
La Fabbrica Calci	info@lafabbricacalci.it	https://www.hotelsdrop.com/hotel/la-fabbrica-calci-calci	+39 339 311 8770
B&B Villino Francesca	605a7baede844d278b89dc95ae0a9123@sentry-next.wixpress.com	https://www.hotelsdrop.com/hotel/b-b-villino-francesca-calciano	+39 335 653 7956
B&B Arivellini	arivellinivicopisano@virgilio.it	https://www.hotelsdrop.com/hotel/b-b-arivellini-calcinaia	+39 329 084 8317
Le Carabattole Bed & Breakfast	info@lecarabattole.com	https://www.hotelsdrop.com/hotel/le-carabattole-bed-breakfast-calcinaia	+39 334 893 6933
Villa Lenzi's B&B (TrOvare TUSCANY)	info@trovaretuscany.it	https://www.hotelsdrop.com/hotel/villa-lenzi-s-b-b-trovare-tuscany-calcinaia	+39 335 685 7855
Villa Maya	info@villamaya.it	https://www.hotelsdrop.com/hotel/villa-maya-calcinaia	+39 351 995 3874
Bed and Breakfast Al Fiume	info@bbalfiume.it	https://www.hotelsdrop.com/hotel/bed-and-breakfast-al-fiume-calcinato	+39 368 326 1652
Palazzo Barbò	sibietamicissrl@gmail.com	https://www.hotelsdrop.com/hotel/palazzo-barbo-calcio	+39 335 803 3203
B&B Il Torchio	il_torchio@hotmail.com	https://www.hotelsdrop.com/hotel/b-b-il-torchio-calco	+39 348 812 4929
Residence La Terrazza	info@apartment-laterrazza.com	https://www.hotelsdrop.com/hotel/residence-la-terrazza-caldaro-sulla-strada-del-vino-ka	+39 348 873 3314
Mazzamurello B&B	info@mazzamurello.it	https://www.hotelsdrop.com/hotel/mazzamurello-b-b-caldarola	+39 389 271 7990
B&B Il Giardino	info@bbilgiardino.com	https://www.hotelsdrop.com/hotel/b-b-il-giardino-calderara-di-reno	+39 371 525 1871
Giardino di Mia	info@giardinodimia.com	https://www.hotelsdrop.com/hotel/giardino-di-mia-calderara-di-reno	+39 348 409 9304
La Torre di Longara	info@latorredilongara.it	https://www.hotelsdrop.com/hotel/la-torre-di-longara-calderara-di-reno	+39 370 320 4401
Le Case di Antonio	cesarini_a@yahoo.it	https://www.hotelsdrop.com/hotel/le-case-di-antonio-calderara-di-reno	+39 392 976 4766
MalaMù BnB Eventi	info@malamubnbeventi.com	https://www.hotelsdrop.com/hotel/malamu-bnb-eventi-calderara-di-reno	+39 334 366 0807
Triumvirato Rooms	booking@triumviratorooms.it	https://www.hotelsdrop.com/hotel/triumvirato-rooms-calderara-di-reno	+39 351 649 6680
Agriturismo Wellness IL TEMPO DELLE MELE	info@agriturdellemele.it	https://www.hotelsdrop.com/hotel/agriturismo-wellness-il-tempo-delle-mele-caldes	+39 347 955 8401
B&B Soreghina Malè	info@bebsoreghina.com	https://www.hotelsdrop.com/hotel/b-b-soreghina-male-caldes	+39 340 220 3624
Casa Fellin 1891 B&B	casafellin1891@gmail.com	https://www.hotelsdrop.com/hotel/casa-fellin-1891-b-b-caldes	+39 328 339 9004
Chalet ai mulini	fernanda.dapra@gmail.com	https://www.hotelsdrop.com/hotel/chalet-ai-mulini-caldes	336 255 061
Kaiserkrone Chalet & Spa	info@kaiserkrone.it	https://www.hotelsdrop.com/hotel/kaiserkrone-chalet-spa-caldes	+39 393 416 3442
Via Verdi B&B	info@viaverdibbverona.it	https://www.hotelsdrop.com/hotel/via-verdi-b-b-caldiero	+39 349 810 4236
Agriturismo alla Corte	agriturismoallacorte@gmail.com	https://www.hotelsdrop.com/hotel/agriturismo-alla-corte-caldogno	+39 347 967 4062
Villa Solatia	info@villasolatia.com	https://www.hotelsdrop.com/hotel/villa-solatia-caldogno	+39 389 444 1533
B&B & Appartamenti Alla Loggia Dell'imperatore	info@allaloggiadellimperatore.com	https://www.hotelsdrop.com/hotel/b-b-appartamenti-alla-loggia-dell-imperatore-caldonazzo	+39 339 447 3015
Castello Errante Bio Bed & Breakfast	info@castelloerrante.it	https://www.hotelsdrop.com/hotel/castello-errante-bio-bed-breakfast-caldonazzo	+39 392 068 8521
Ostello Bar Ristorante le Tre Corone di Marian Rose Slater	info@trecorone.it	https://www.hotelsdrop.com/hotel/ostello-bar-ristorante-le-tre-corone-di-marian-r-calendasco	+39 340 632 2837
Salotto Corso Garibaldi	info@salottocorsogaribaldi.it	https://www.hotelsdrop.com/hotel/salotto-corso-garibaldi-calendasco	+39 392 107 3214
Le Camere di Mario	info@lecameredimario.it	https://www.hotelsdrop.com/hotel/le-camere-di-mario-calenzano	+39 329 595 5190
B&B Casa di Arola	info@casadiarola.it	https://www.hotelsdrop.com/hotel/b-b-casa-di-arola-calestano	+39 351 946 8768
B&B della Canadella	bbdellacanadella@gmail.com	https://www.hotelsdrop.com/hotel/b-b-della-canadella-calestano	+39 377 128 2050
B&B La Vecchia Quercia	info@beblavecchiaquercia.it	https://www.hotelsdrop.com/hotel/b-b-la-vecchia-quercia-calestano	+39 334 354 5492
BB Cancabaia Parma	info@cancabaia.it	https://www.hotelsdrop.com/hotel/bb-cancabaia-parma-calestano	+39 338 807 2420
BB Villa al Parco	info@bb-villa-al-parco.it	https://www.hotelsdrop.com/hotel/bb-villa-al-parco-calestano	+39 348 871 6131
Il Bordone del Pellegrino - B&B	bordonedelpellegrino@gmail.com	https://www.hotelsdrop.com/hotel/il-bordone-del-pellegrino-b-b-calestano	+39 339 286 5460
La Rasora	info@larasora.com	https://www.hotelsdrop.com/hotel/la-rasora-calestano	+39 348 747 4456
Le Spine B&B	prenota@lespineberceto.it	https://www.hotelsdrop.com/hotel/le-spine-b-b-calestano	+39 351 995 6678
Agriturismo I Due Ghiri - 5 Terre - Calice al Cornoviglio	info@agriturismoidueghiri.com	https://www.hotelsdrop.com/hotel/agriturismo-i-due-ghiri-5-terre-calice-al-cornov-calice-al-cornoviglio	+39 335 806 1067
B&B Impronte nel bosco	info@improntenelbosco.it	https://www.hotelsdrop.com/hotel/b-b-impronte-nel-bosco-calice-al-cornoviglio	+39 346 479 7374
Agriturismo del Ponte	info@hometogo.it	https://www.hotelsdrop.com/hotel/agriturismo-del-ponte-calice-ligure	+39 333 691 3284
BeB Diavolo Furbetto	info@bebdiavolofurbetto.it	https://www.hotelsdrop.com/hotel/beb-diavolo-furbetto-calice-ligure	+39 379 210 3367
Casa Viola dimora di campagna	bebcasaviola@gmail.com	https://www.hotelsdrop.com/hotel/casa-viola-dimora-di-campagna-calice-ligure	+39 340 971 8138
Freeride Outdoor Village - Finale Ligure	freerideoutdoorvillage@gmail.com	https://www.hotelsdrop.com/hotel/freeride-outdoor-village-finale-ligure-calice-ligure	+39 329 468 0722
L'erica	info@lericagorra.it	https://www.hotelsdrop.com/hotel/l-erica-calice-ligure	+39 329 334 8943
La Contessa	farmhouselacontessa@gmail.com	https://www.hotelsdrop.com/hotel/la-contessa-calice-ligure	+39 340 326 9003
Agricola Chiani	info@unmetrodamare.it	https://www.hotelsdrop.com/hotel/agricola-chiani-calimera	+39 393 080 7220
Agriturismo Tenuta Don Giovanni	agriturismotenutadongiovanni@gmail.com	https://www.hotelsdrop.com/hotel/agriturismo-tenuta-don-giovanni-calimera	+39 376 159 3520
Azzurra Aparthotel	booking@azzurraaparthotel.it	https://www.hotelsdrop.com/hotel/azzurra-aparthotel-calimera	+39 350 998 1454
Dimora Assuntina Martano	info@assuntinamartano.it	https://www.hotelsdrop.com/hotel/dimora-assuntina-martano-calimera	+39 377 342 3848
Masseria Rifisa Agriresort	info@masseriarifisa.it	https://www.hotelsdrop.com/hotel/masseria-rifisa-agriresort-calimera	+39 350 121 6842
Mya - soggiorno di lusso	damiano.dima@gmail.com	https://www.hotelsdrop.com/hotel/mya-soggiorno-di-lusso-calimera	+39 339 400 0061
Salento Ada's House B&B	info@salentoadashouse.it	https://www.hotelsdrop.com/hotel/salento-ada-s-house-b-b-calimera	+39 379 337 3961
Tenuta Masseria Del Gallo	masseriadelgallo@gmail.com	https://www.hotelsdrop.com/hotel/tenuta-masseria-del-gallo-calimera	+39 329 336 6299
Agriturismo La Dimora dei Cavalieri	agriturismo@dimoracavalieri.it	https://www.hotelsdrop.com/hotel/agriturismo-la-dimora-dei-cavalieri-calitri	+39 340 374 5730
Casa Vacanze Magnolia 42 Calitri	casamagnoliacalitri@gmail.com	https://www.hotelsdrop.com/hotel/casa-vacanze-magnolia-42-calitri-calitri	+39 329 618 8965
B&B CA' DEI NONNI DI BARBERO CHIARA	info.cadeinonni@gmail.com	https://www.hotelsdrop.com/hotel/b-b-ca-dei-nonni-di-barbero-chiara-calliano	+39 376 205 9401
B&B CHIARA	bbchiara.calavino@gmail.com	https://www.hotelsdrop.com/hotel/b-b-chiara-calliano	+39 338 906 4293
B&B Diele	info@bebdiele.it	https://www.hotelsdrop.com/hotel/b-b-diele-calliano	+39 342 030 7744
Bed & Breakfast Nettuno	info@bbnettuno.it	https://www.hotelsdrop.com/hotel/bed-breakfast-nettuno-calliano	+39 345 826 7294
Bed and breakfast Nido di Rondine	nidodirondine.lundo@gmail.com	https://www.hotelsdrop.com/hotel/bed-and-breakfast-nido-di-rondine-calliano	+39 328 213 4340
Casa Vertigo	casavertigo3@gmail.com	https://www.hotelsdrop.com/hotel/casa-vertigo-calliano	+39 380 237 5975
In Collina B&B	info@incollinabb.it	https://www.hotelsdrop.com/hotel/in-collina-b-b-calliano	+39 347 030 3045
Storie di bosco B&B	manicap@tin.it	https://www.hotelsdrop.com/hotel/storie-di-bosco-b-b-calliano	+39 349 380 0763
WANDERLUST B&B	info@wanderlustfolgaria.it	https://www.hotelsdrop.com/hotel/wanderlust-b-b-calliano	+39 340 309 2902
CASA DEI CILIEGI - CIN IT005025B4M23OALTY	info@casadeiciliegi.asti.it	https://www.hotelsdrop.com/hotel/casa-dei-ciliegi-cin-it005025b4m23oalty-calliano-monferrato	+39 333 594 1374
Castello di Calliano Monferrato	castellodicalliano@gmail.com	https://www.hotelsdrop.com/hotel/castello-di-calliano-monferrato-calliano-monferrato	+39 352 057 3484
La Casa di Alice	info@lacasadialice.net	https://www.hotelsdrop.com/hotel/la-casa-di-alice-calliano-monferrato	+39 331 916 3003
Relais San Desiderio	info@relaissandesiderio.com	https://www.hotelsdrop.com/hotel/relais-san-desiderio-calliano-monferrato	+39 347 190 7353
Tenuta del Barone	booking@tenutadelbarone.it	https://www.hotelsdrop.com/hotel/tenuta-del-barone-calliano-monferrato	+39 329 637 9410
la dimora dei due laghi	assistenza@webador.it	https://www.hotelsdrop.com/hotel/la-dimora-dei-due-laghi-calolziocorte	+39 379 216 3336
Agorà Vulcano B&B	info@agoravulcanobeb.it	https://www.hotelsdrop.com/hotel/agora-vulcano-b-b-calopezzati	+39 334 371 9337
Ci Thorno Hotel	info@cithornohotel.com	https://www.hotelsdrop.com/hotel/ci-thorno-hotel-calopezzati	+39 339 209 9550
Convento dei Riformati	conventodeiriformati@gmail.com	https://www.hotelsdrop.com/hotel/convento-dei-riformati-calopezzati	+39 351 382 0780
Hotel Anthony Mirto Crosia - Ristorante i sapori del mare	info@hotel-anthony.it	https://www.hotelsdrop.com/hotel/hotel-anthony-mirto-crosia-ristorante-i-sapori-d-calopezzati	+39 320 081 0900
Agriturismo Cascina Bo	info@cascinabo.it	https://www.hotelsdrop.com/hotel/agriturismo-cascina-bo-calosso	+39 348 706 7356
B&B La casa del Prof CIN IT005015C1UUGF65TT- CIR 005015-BEB-00003	lacasadelprof@gmail.com	https://www.hotelsdrop.com/hotel/b-b-la-casa-del-prof-cin-it005015c1uugf65tt-cir-calosso	+39 339 229 2445
B&B La Creusa	barilarogiovanna@gmail.com	https://www.hotelsdrop.com/hotel/b-b-la-creusa-calosso	+39 345 848 7007
Bed and Breakfast L'Antico Fienile	anticofienile@libero.it	https://www.hotelsdrop.com/hotel/bed-and-breakfast-l-antico-fienile-calosso	+39 349 840 1139
Bed and Breakfast Villa Giara	info@villagiara.com	https://www.hotelsdrop.com/hotel/bed-and-breakfast-villa-giara-calosso	+39 338 247 3216
Ca' Boscodonne	info@caboscodonne.it	https://www.hotelsdrop.com/hotel/ca-boscodonne-calosso	+39 338 199 9082
Tenuta Le More	info@tenutalemore.com	https://www.hotelsdrop.com/hotel/tenuta-le-more-calosso	+39 349 355 2480
B&B La Piana degli Ulivi	info@lapianadegliulivi.it	https://www.hotelsdrop.com/hotel/b-b-la-piana-degli-ulivi-caloveto	+39 338 950 8840
La Sacristana BnB	reservations@lasacristanabnb.it	https://www.hotelsdrop.com/hotel/la-sacristana-bnb-caloveto	+39 320 421 6357
Agriturismo Russa Belladonna	contatti@russabelladonna.it	https://www.hotelsdrop.com/hotel/agriturismo-russa-belladonna-caltagirone	+39 334 948 8715
B&B Palazzo Taranto	info@palazzotaranto.it	https://www.hotelsdrop.com/hotel/b-b-palazzo-taranto-caltagirone	+39 327 300 3172
Il Rustico	info@ilrusticogrammichele.com	https://www.hotelsdrop.com/hotel/il-rustico-caltagirone	+39 339 376 1256
Palazzo dei Vespri	contact@globostay.com	https://www.hotelsdrop.com/hotel/palazzo-dei-vespri-caltagirone	+39 329 748 2922
Palazzo Sant'Elia	l.belm@tin.it	https://www.hotelsdrop.com/hotel/palazzo-sant-elia-caltagirone	+39 377 201 7475
Vecchia Masseria	info@vecchiamasseria.com	https://www.hotelsdrop.com/hotel/vecchia-masseria-caltagirone	+39 338 915 5001
B&B Antico Rione	info@anticorione.it	https://www.hotelsdrop.com/hotel/b-b-antico-rione-caltanissetta	+39 389 003 8818
B&B Caltanissetta Giulia	bebgiuliacaltanissetta@gmail.com	https://www.hotelsdrop.com/hotel/b-b-caltanissetta-giulia-caltanissetta	+39 388 647 0985
B&B Thule	info@bbthule.com	https://www.hotelsdrop.com/hotel/b-b-thule-caltanissetta	+39 338 525 4598
B&B Villa da Antonio	bebvillaantonio@gmail.com	https://www.hotelsdrop.com/hotel/b-b-villa-da-antonio-caltanissetta	+39 328 648 8522
Giovita Room and Suite	info@giovitahome.com	https://www.hotelsdrop.com/hotel/giovita-room-and-suite-caltanissetta	+39 388 806 6873
Palazzo Cosentino	info@palazzocosentino.it	https://www.hotelsdrop.com/hotel/palazzo-cosentino-caltanissetta	+39 338 467 3040
Qal’at Apart Hotel	qalataparthotel@gmail.com	https://www.hotelsdrop.com/hotel/qal-at-apart-hotel-caltanissetta	+39 393 684 6279
VeraLuce Affittacamere	veraluce.caltavuturo@gmail.com	https://www.hotelsdrop.com/hotel/veraluce-affittacamere-caltavuturo	+39 333 632 9727
Agriturismo Cascina Moretta	cascinamoretta@gmail.com	https://www.hotelsdrop.com/hotel/agriturismo-cascina-moretta-caltignaga	+39 339 256 6738
SMART HOTEL FERRARA	info@smarthotelferrara.com	https://www.hotelsdrop.com/hotel/smart-hotel-ferrara-calto	+39 329 253 2517
Stella De' Tolomei	info.tolomei@gmail.com	https://www.hotelsdrop.com/hotel/stella-de-tolomei-calto	+39 388 123 1173
La Casa di Alice	info@alicehouse.it	https://www.hotelsdrop.com/hotel/la-casa-di-alice-caltrano	+39 335 530 8869
Agriturismo Nonna Bettina	info@nonnabettina.com	https://www.hotelsdrop.com/hotel/agriturismo-nonna-bettina-calvagese-della-riviera	+39 347 235 8170
El Rincon del Artista	pinedagiardini@libero.it	https://www.hotelsdrop.com/hotel/el-rincon-del-artista-calvagese-della-riviera	+39 338 616 0403
Il Ghetto agriturismo holiday farm	info@agriturismoilghetto.it	https://www.hotelsdrop.com/hotel/il-ghetto-agriturismo-holiday-farm-calvagese-della-riviera	+39 335 607 2784
Maeva Guesthouse Lake Garda	info@maevagh.it	https://www.hotelsdrop.com/hotel/maeva-guesthouse-lake-garda-calvagese-della-riviera	+39 351 799 7616
Agriturismo Casale Piè D'eco	info@casalepiedeco.com	https://www.hotelsdrop.com/hotel/agriturismo-casale-pie-d-eco-calvanico	+39 320 239 1215
Casa Vacanze FioreStella	contatto@esempio.it	https://www.hotelsdrop.com/hotel/casa-vacanze-fiorestella-calvanico	+39 348 555 4635
Agriturismo Riviera Oglio	info@rivieraoglio.com	https://www.hotelsdrop.com/hotel/agriturismo-riviera-oglio-calvatone	+39 338 986 6867
CASA MIA GUESTHOUSE - AFFITTA CAMERE - FORESTERIA	contatto@esempio.it	https://www.hotelsdrop.com/hotel/casa-mia-guesthouse-affitta-camere-foresteria-calvatone	+39 379 159 1586
Lucantò Accommodations	lucanto2014@gmail.com	https://www.hotelsdrop.com/hotel/lucanto-accommodations-calvello	+39 347 969 8726
B&B Casa Pralunghi	info@casapralunghi.it	https://www.hotelsdrop.com/hotel/b-b-casa-pralunghi-calvene	+39 349 564 8150
CalVenere	info@calvenere.com	https://www.hotelsdrop.com/hotel/calvenere-calvene	+39 333 548 6448
Agriturismo Castolda	info@castolda.com	https://www.hotelsdrop.com/hotel/agriturismo-castolda-calvenzano	+39 338 485 4384
Cascina Bassanella	info@bassanella.it	https://www.hotelsdrop.com/hotel/cascina-bassanella-calvenzano	+39 333 731 2713
Azienda Agrituristica CaRa Terra Lucana	info@caraterralucana.it	https://www.hotelsdrop.com/hotel/azienda-agrituristica-cara-terra-lucana-calvera	+39 342 563 6980
B&B Il Mercantello	info@ilmercantello.it	https://www.hotelsdrop.com/hotel/b-b-il-mercantello-calvera	+39 391 147 6208
I fiori del Pollino - Guest House	ifioridelpollino@gmail.com	https://www.hotelsdrop.com/hotel/i-fiori-del-pollino-guest-house-calvera	+39 392 924 8484
Lo Scrigno B&B	info@loscrignobedandbreakfast.com	https://www.hotelsdrop.com/hotel/lo-scrigno-b-b-calvi	+39 377 403 5659
Agriturismo Il Collicello	info@ilcollicello.com	https://www.hotelsdrop.com/hotel/agriturismo-il-collicello-calvi-dell-umbria	+39 335 598 3274
Agriturismo Isola Verde	info@isolaverdenarni.com	https://www.hotelsdrop.com/hotel/agriturismo-isola-verde-calvi-dell-umbria	+39 333 281 8738
Agriturismo Tenuta San Savino delle Rocchette	info@tenutasansavinodellerocchette.it	https://www.hotelsdrop.com/hotel/agriturismo-tenuta-san-savino-delle-rocchette-calvi-dell-umbria	+39 366 187 1056
B&B delle Erbe	webmaster@bbdellerbe.it	https://www.hotelsdrop.com/hotel/b-b-delle-erbe-calvi-dell-umbria	+39 339 437 8463
B&B L'Uliveto	support@centralstay.eu	https://www.hotelsdrop.com/hotel/b-b-l-uliveto-calvi-dell-umbria	+39 339 710 8356
I Montanari Agrivillage	info@montanariagrivillage.com	https://www.hotelsdrop.com/hotel/i-montanari-agrivillage-calvi-dell-umbria	+39 335 771 4179
Il Merangolo Agriturismo	info@agriturismoilmerangolo.it	https://www.hotelsdrop.com/hotel/il-merangolo-agriturismo-calvi-dell-umbria	+39 339 409 7139
La Casa di Helena	info@mammeristorante.com	https://www.hotelsdrop.com/hotel/la-casa-di-helena-calvi-dell-umbria	+39 320 288 2303
Park Hotel Sabina	info@parkhotelsabina.com	https://www.hotelsdrop.com/hotel/park-hotel-sabina-calvi-dell-umbria	+39 379 376 6151
B&B Il Pozzo	info@ilpozzodimontalto.com	https://www.hotelsdrop.com/hotel/b-b-il-pozzo-calvignano	+39 338 195 7429
B&B Villa in Campagna	info@villaincampagna.it	https://www.hotelsdrop.com/hotel/b-b-villa-in-campagna-calvisano	+39 333 801 8212
Agriturismo Balestrieri	antoniobalestrieri11@gmail.com	https://www.hotelsdrop.com/hotel/agriturismo-balestrieri-calvizzano	+39 334 323 8993
Agriturismo Country House "Rifugio Degli Dei"	info@rifugiodeglidei.it	https://www.hotelsdrop.com/hotel/agriturismo-country-house-rifugio-degli-dei-calvizzano	+39 339 839 0809
Il Giardino dell'Orco	info@ilgiardinodellorco.it	https://www.hotelsdrop.com/hotel/il-giardino-dell-orco-calvizzano	+39 392 447 6982
Villa Rocco Country House	11villarocco@gmail.com	https://www.hotelsdrop.com/hotel/villa-rocco-country-house-camagna-monferrato	+39 345 584 9222
B&B La Casa Di Alice	casalice.bb@gmail.com	https://www.hotelsdrop.com/hotel/b-b-la-casa-di-alice-camaiore	+39 338 341 4056
Casa del Sole | Bed & Breakfast	info@casadelsolecamaiore.it	https://www.hotelsdrop.com/hotel/casa-del-sole-bed-breakfast-camaiore	+39 333 667 8389
La Stagione dell'Arte	la.stagione.arte@gmail.com	https://www.hotelsdrop.com/hotel/la-stagione-dell-arte-camaiore	+39 392 365 7338
La Stagione dell'Arte B&B LGBTQ+ Friendly	la.stagione.arte@gmail.com	https://www.hotelsdrop.com/hotel/la-stagione-dell-arte-b-b-lgbtq-friendly-camaiore	+39 392 365 7338
Villa Borgovecchio B&B	info@villaborgovecchio.it	https://www.hotelsdrop.com/hotel/villa-borgovecchio-b-b-camaiore	+39 375 503 2522
Villa Lombardi Bed & Breakfast	info@villalombardi.it	https://www.hotelsdrop.com/hotel/villa-lombardi-bed-breakfast-camaiore	+39 339 644 1842
Albergo Ristorante Bucaneve	bucaneve@oasizegna.com	https://www.hotelsdrop.com/hotel/albergo-ristorante-bucaneve-camandona	+39 393 545 3705
Agriturismo Baglio San Nicola	info@bagliosannicola.it	https://www.hotelsdrop.com/hotel/agriturismo-baglio-san-nicola-camastra	+39 339 566 7620
B&B MEDITERRANEO mare e sole	info@mediterraneobb.com	https://www.hotelsdrop.com/hotel/b-b-mediterraneo-mare-e-sole-camastra	+39 388 115 2670
B&B The Liberty Palace	info@thelibertypalacecampobello.com	https://www.hotelsdrop.com/hotel/b-b-the-liberty-palace-camastra	+39 333 869 8433
Daedalium Cultural Resort - B&B	605a7baede844d278b89dc95ae0a9123@sentry-next.wixpress.com	https://www.hotelsdrop.com/hotel/daedalium-cultural-resort-b-b-camastra	+39 392 932 4320
Il Covo degli Artisti	info@covoartistibeb.it	https://www.hotelsdrop.com/hotel/il-covo-degli-artisti-camastra	+39 334 777 6640
La Collina sul Mare	infolacollina@virgilio.it	https://www.hotelsdrop.com/hotel/la-collina-sul-mare-camastra	+39 331 730 9050
La Dimora del Duca	anapoli72@yahoo.it	https://www.hotelsdrop.com/hotel/la-dimora-del-duca-camastra	+39 328 474 8373
Relais Garden Cactus B&B	info@bebgardencactus.it	https://www.hotelsdrop.com/hotel/relais-garden-cactus-b-b-camastra	+39 327 129 2602
Stella del Rio	info@stelladelrio.it	https://www.hotelsdrop.com/hotel/stella-del-rio-camastra	+39 377 322 7686
TERRAZZE CHIARAMONTANE | B&B | HOTEL | SICILIA | VALLE DEI TEMPLI | AGRIGENTO | GATTOPARDO | VISTA MARE | VIAGGI | GATTOPARDO	info@terrazzechiaramontane.it	https://www.hotelsdrop.com/hotel/terrazze-chiaramontane-b-b-hotel-sicilia-valle-d-camastra	+39 377 354 7804
Terreforti Luxury Village	terrefortivillage@gmail.coom	https://www.hotelsdrop.com/hotel/terreforti-luxury-village-camastra	+39 366 635 7211
Garden Clorofilla Cambiago MI	clorofillagarden@gmail.com	https://www.hotelsdrop.com/hotel/garden-clorofilla-cambiago-mi-cambiago	+39 334 666 2427
Locanda Clorofilla Agriturismo Cambiago	clorofillagarden@gmail.com	https://www.hotelsdrop.com/hotel/locanda-clorofilla-agriturismo-cambiago-cambiago	+39 375 704 5468
Locanda Il Gallo	info@locandailgallo.com	https://www.hotelsdrop.com/hotel/locanda-il-gallo-cambiasca	+39 391 117 2269
IO&TE room and spa lo Spazio del Benessere	info@ioetespaziobenessere.it	https://www.hotelsdrop.com/hotel/io-te-room-and-spa-lo-spazio-del-benessere-camburzano	+39 353 438 8805
Boschetto AltaLanga	info@boschettoaltalanga.com	https://www.hotelsdrop.com/hotel/boschetto-altalanga-camerana	+39 333 991 1417
Hotel Dorico	hoteldorico@gmail.com	https://www.hotelsdrop.com/hotel/hotel-dorico-camerano	+39 329 373 7810
La Terrazza Affittacamere	houselaterrazza@gmail.com	https://www.hotelsdrop.com/hotel/la-terrazza-affittacamere-camerano-casasco	+39 351 378 0768
Albergo Diffuso Ornica	info@website.com	https://www.hotelsdrop.com/hotel/albergo-diffuso-ornica-camerata-cornello	+39 350 123 2332
B&B DA PIERI	chiara@dapieri.it	https://www.hotelsdrop.com/hotel/b-b-da-pieri-camerata-cornello	+39 320 877 6722
ParinaInn-Locanda	info@parinainn.it	https://www.hotelsdrop.com/hotel/parinainn-locanda-camerata-cornello	+39 352 020 6522
B&B La Grotta	b.b.lagrotta@tiscali.it	https://www.hotelsdrop.com/hotel/b-b-la-grotta-camerata-nuova	+39 331 960 1077
B&B La Quercia che Ride	laquerciacheride@ippoagri.it	https://www.hotelsdrop.com/hotel/b-b-la-quercia-che-ride-camerata-nuova	+39 338 465 2940
b&b Villa Arboretum	info@villaarboretum.com	https://www.hotelsdrop.com/hotel/b-b-villa-arboretum-camerata-nuova	+39 389 617 5036
I Casali	laura.paolelli@libero.it	https://www.hotelsdrop.com/hotel/i-casali-camerata-nuova	+39 347 926 9790
B&B Da Zia Ore	daziaore@gmail.com	https://www.hotelsdrop.com/hotel/b-b-da-zia-ore-camerata-picena	+39 335 102 7149
B&B Glicine	glicine.ancona@gmail.com	https://www.hotelsdrop.com/hotel/b-b-glicine-camerata-picena	+39 339 860 8445
B&B La Dimora dell'ereoporto anche a ore	em.menga@gmail.com	https://www.hotelsdrop.com/hotel/b-b-la-dimora-dell-ereoporto-anche-a-ore-camerata-picena	+39 388 444 1768
B&B La Grancia	lagranciabb@gmail.com	https://www.hotelsdrop.com/hotel/b-b-la-grancia-camerata-picena	+39 377 023 6489
B&B Lillac Cottage	natachalillac@gmail.com	https://www.hotelsdrop.com/hotel/b-b-lillac-cottage-camerata-picena	+39 351 711 0813
B&B Residenza Leonardo Falconara Marittima	baffoleodavinci@gmail.com	https://www.hotelsdrop.com/hotel/b-b-residenza-leonardo-falconara-marittima-camerata-picena	+39 340 732 0025
Affitta Camere Novara	info@affittacamerenovara.it	https://www.hotelsdrop.com/hotel/affitta-camere-novara-cameri	+39 347 732 2478
B&B Il Rosmarino	info.ilrosmarino@gmail.com	https://www.hotelsdrop.com/hotel/b-b-il-rosmarino-cameri	+39 353 498 3996
B&B Mazzini15	info@mazzini15.com	https://www.hotelsdrop.com/hotel/b-b-mazzini15-cameri	+39 339 308 8407
Alla Scoperta delle Marche	info@allascopertadellemarche.it	https://www.hotelsdrop.com/hotel/alla-scoperta-delle-marche-camerino	+39 366 229 7729
B&B Caselunghe	info@camerino-caselunghe.it	https://www.hotelsdrop.com/hotel/b-b-caselunghe-camerino	+39 347 195 7021
Country House Le Calvie	info@lecalvie.it	https://www.hotelsdrop.com/hotel/country-house-le-calvie-camerino	+39 380 105 3089
Agriturismo Capocanto	info@capocanto.com	https://www.hotelsdrop.com/hotel/agriturismo-capocanto-camerota	+39 349 605 1484
Albergo Riccio – Hotel a Marina di Camerota	info@albergoriccio.it	https://www.hotelsdrop.com/hotel/albergo-riccio-hotel-a-marina-di-camerota-camerota	+39 333 371 0902
B&b VerdeMare Camerota	info@bbverdemarecamerota.it	https://www.hotelsdrop.com/hotel/b-b-verdemare-camerota-camerota	+39 347 394 0270
Hotel Delfino – Hotel a Marina di Camerota	info@albergodelfino.it	https://www.hotelsdrop.com/hotel/hotel-delfino-hotel-a-marina-di-camerota-camerota	+39 377 091 6590
Lilelo - Little Leisure Lodge	info@lilelo.it	https://www.hotelsdrop.com/hotel/lilelo-little-leisure-lodge-camino	+39 335 533 4110
Borgo dei Conti della Torre	esempio@mail.com	https://www.hotelsdrop.com/hotel/borgo-dei-conti-della-torre-camino-al-tagliamento	+39 347 925 2553
La di Morson	reception@ladimorson.com	https://www.hotelsdrop.com/hotel/la-di-morson-camino-al-tagliamento	+39 353 405 3165
Agriturismo La Moneghina	info@lamoneghina.it	https://www.hotelsdrop.com/hotel/agriturismo-la-moneghina-camisano-vicentino	+39 328 038 3636
B&B Bagni di sole	bb.bagnidisole@gmail.com	https://www.hotelsdrop.com/hotel/b-b-bagni-di-sole-camisano-vicentino	+39 378 406 1742
Bed and Breakfast Casarosa	info@bbcasarosa.it	https://www.hotelsdrop.com/hotel/bed-and-breakfast-casarosa-camisano-vicentino	+39 340 565 3543
Fattoria Grimana	fattoriagrimana@gmail.com	https://www.hotelsdrop.com/hotel/fattoria-grimana-camisano-vicentino	+39 333 943 7813
La Casa Vecchia B&B	lacasavecchia7@gmail.com	https://www.hotelsdrop.com/hotel/la-casa-vecchia-b-b-camisano-vicentino	+39 333 239 5061
MikAle Luxury Rooms	info@mikaleluxuryrooms.it	https://www.hotelsdrop.com/hotel/mikale-luxury-rooms-cammarata	+39 351 390 2144
B&B Casa Ninni	bnbcasaninni@gmail.com	https://www.hotelsdrop.com/hotel/b-b-casa-ninni-camogli	+39 348 244 0541
La Priaguea - House Beach	info@lapriaguea.it	https://www.hotelsdrop.com/hotel/la-priaguea-house-beach-camogli	+39 335 668 2303
Agriturismo Sant'Angelo	agriturismosangelo@outlook.it	https://www.hotelsdrop.com/hotel/agriturismo-sant-angelo-campagna	+39 333 992 7169
B&B La Magnolia	info@magnolia-bb.it	https://www.hotelsdrop.com/hotel/b-b-la-magnolia-campagna	+39 329 353 5589
Ristorante Il Castagneto	info@ilcastagnetoagriturismo.it	https://www.hotelsdrop.com/hotel/ristorante-il-castagneto-campagna	+39 339 718 7795
Hotel Riesco	hotelriesco.it@gmail.com	https://www.hotelsdrop.com/hotel/hotel-riesco-campagnano-di-roma	+39 331 490 5996
Agriturismo Casa Olivo	info@casaolivo.com	https://www.hotelsdrop.com/hotel/agriturismo-casa-olivo-campagnatico	+39 349 584 9888
Agriturismo in Toscana con Piscina - Fonte Marina Alta	info@fontemarinaalta.it	https://www.hotelsdrop.com/hotel/agriturismo-in-toscana-con-piscina-fonte-marina-campagnatico	+39 328 685 6182
BioAgriturismo CORTE DEGLI ULIVI - Maremma Toscana	agriturismo@cortedegliulivi.net	https://www.hotelsdrop.com/hotel/bioagriturismo-corte-degli-ulivi-maremma-toscana-campagnatico	+39 335 651 1774
Glamping Le Dune	info@glampingledune.it	https://www.hotelsdrop.com/hotel/glamping-le-dune-campagnatico	+39 373 884 8276
Hotel Relais Santa Genoveffa	info@santagenoveffa.it	https://www.hotelsdrop.com/hotel/hotel-relais-santa-genoveffa-campagnatico	+39 366 938 1932
Locanda nel Cassero Camere	locandanelcassero98@gmail.com	https://www.hotelsdrop.com/hotel/locanda-nel-cassero-camere-campagnatico	+39 338 303 0033
Monte di Bù affittacamere	antonietta.picciocchi@gmail.com	https://www.hotelsdrop.com/hotel/monte-di-bu-affittacamere-campagnatico	+39 349 183 5250
Paradise Agricamp	info@paradiseagricamp.com	https://www.hotelsdrop.com/hotel/paradise-agricamp-campagnatico	+39 333 848 4361
B&B San Clemente - Crema	info@sanclementecrema.com	https://www.hotelsdrop.com/hotel/b-b-san-clemente-crema-campagnola-cremasca	+39 345 224 0390
La Perla del Mercante B&B	laperladelmercante@gmail.com	https://www.hotelsdrop.com/hotel/la-perla-del-mercante-b-b-campagnola-emilia	+39 340 706 6076
B&B Birillo Cariati	bandbbirillo@gmail.com	https://www.hotelsdrop.com/hotel/b-b-birillo-cariati-campana	+39 329 913 5115
San Pio Bed & Breakfast B&B	bebsanpio@gmail.com	https://www.hotelsdrop.com/hotel/san-pio-bed-breakfast-b-b-campana	+39 335 663 0915
CASCINA ANTICHE TERRE	support@centralstay.eu	https://www.hotelsdrop.com/hotel/cascina-antiche-terre-campegine	+39 350 177 5370
B&B Palazzo Fontana	info@palazzofontanatrevi.it	https://www.hotelsdrop.com/hotel/b-b-palazzo-fontana-campello-sul-clitunno	+39 324 698 0147
Bed and Breakfast Le Torrette	info@bed-and-breakfast-le-torrette.com	https://www.hotelsdrop.com/hotel/bed-and-breakfast-le-torrette-campello-sul-clitunno	+39 339 376 6035
Guest Art House Aurora GAHA	info@guestarthouseaurora.eu	https://www.hotelsdrop.com/hotel/guest-art-house-aurora-gaha-campello-sul-clitunno	+39 392 647 4322
l'Ulivo in Fiore	ulivoinfiore@virgilio.it	https://www.hotelsdrop.com/hotel/l-ulivo-in-fiore-campello-sul-clitunno	+39 339 887 2693
La Tana Del Riccio	tanadelriccio1@gmail.com	https://www.hotelsdrop.com/hotel/la-tana-del-riccio-campello-sul-clitunno	+39 328 197 3251
Residenza Sant'Emiliano	residences.emiliano@libero.it	https://www.hotelsdrop.com/hotel/residenza-sant-emiliano-campello-sul-clitunno	+39 348 228 5443
Il Gatto e la Volpe Campeggio	campeggioilgattoelavolpe@gmail.com	https://www.hotelsdrop.com/hotel/il-gatto-e-la-volpe-campeggio-campertogno	+39 352 082 9541
Le Relais du Boucher	welcome@lerelais.it	https://www.hotelsdrop.com/hotel/le-relais-du-boucher-campertogno	+39 327 888 9768
Locanda Margherita B&B	info@locandamargherita.com	https://www.hotelsdrop.com/hotel/locanda-margherita-b-b-campertogno	+39 338 817 8917
ManuEbbasta	manuscopello@gmail.com	https://www.hotelsdrop.com/hotel/manuebbasta-campertogno	+39 349 492 6161
Villa Ottocento	info@villaottocento.it	https://www.hotelsdrop.com/hotel/villa-ottocento-campertogno	+39 393 801 2290
Bed and Breakfast Le Makè	info@lemake.it	https://www.hotelsdrop.com/hotel/bed-and-breakfast-le-make-campi-bisenzio	+39 393 553 4752
Agave Bed&Breakfast	info@agavebb.it	https://www.hotelsdrop.com/hotel/agave-bed-breakfast-campi-salentina	+39 339 567 6473
Agriturismo Li Calizzi Arte & Natura	info@agriturismolicalizzi.it	https://www.hotelsdrop.com/hotel/agriturismo-li-calizzi-arte-natura-campi-salentina	+39 327 316 9721
Bed and Breakfast Villa Rita	marcolino.gabriele@gmail.com	https://www.hotelsdrop.com/hotel/bed-and-breakfast-villa-rita-campi-salentina	+39 393 972 4305
Casino Vigneri B&B	masseriavigneri@gmail.com	https://www.hotelsdrop.com/hotel/casino-vigneri-b-b-campi-salentina	+39 320 455 5532
Guerrieri Suites & Spa	book@guerrierisuites.com	https://www.hotelsdrop.com/hotel/guerrieri-suites-spa-campi-salentina	+39 327 142 2185
La Focara B&B	info@bblafocara.it	https://www.hotelsdrop.com/hotel/la-focara-b-b-campi-salentina	+39 340 312 4277
Villa delle Palme B&B	villadellepalmebb@gmail.com	https://www.hotelsdrop.com/hotel/villa-delle-palme-b-b-campi-salentina	+39 339 451 7253
B&B MONT MARS	info@bb-montmars.com	https://www.hotelsdrop.com/hotel/b-b-mont-mars-campiglia-cervo	+39 334 887 0555
Hotel Ristorante Villa Lussana	info@villalussana.com	https://www.hotelsdrop.com/hotel/hotel-ristorante-villa-lussana-campiglia-dei-berici	+39 338 308 9650
Agriturismo La Fontanella & Glamping	info@fontanellaonline.it	https://www.hotelsdrop.com/hotel/agriturismo-la-fontanella-glamping-campiglia-marittima	+39 348 342 2418
Bed & Breakfast SUVERETO	booking@bbsuvereto.it	https://www.hotelsdrop.com/hotel/bed-breakfast-suvereto-campiglia-marittima	+39 334 612 7583
Amaranto B&B	info@amarantobeb.it	https://www.hotelsdrop.com/hotel/amaranto-b-b-campiglione-fenile	+39 346 693 1449
Azienda Agrituristica Cascina Nuova	info@agriturismocascinanuova.com	https://www.hotelsdrop.com/hotel/azienda-agrituristica-cascina-nuova-campiglione-fenile	+39 340 402 1696
Le 5 Frecce	info@5frecce.com	https://www.hotelsdrop.com/hotel/le-5-frecce-campiglione-fenile	+39 379 124 2706
B&B Garnì Villa Campitello	villacampitello@gmail.com	https://www.hotelsdrop.com/hotel/b-b-garni-villa-campitello-campitello-di-fassa	+39 327 057 6976
B&B Margarita D'Austria	info@margaritadaustria.it	https://www.hotelsdrop.com/hotel/b-b-margarita-d-austria-campli	+39 340 582 2967
Europa Hotel	info@hotel-europa.eu	https://www.hotelsdrop.com/hotel/europa-hotel-campli	+39 348 185 0021
B&B A due passi dal mare	aduepassidalmare.rc@gmail.com	https://www.hotelsdrop.com/hotel/b-b-a-due-passi-dal-mare-campo-calabro	+39 340 348 7959
Blu Infinito Bed & Breakfast	andrea.cannizzo52@gmail.com	https://www.hotelsdrop.com/hotel/blu-infinito-bed-breakfast-campo-calabro	+39 349 089 8917
Agriturismo Capriccio di Giove	info@capricciodigiove.com	https://www.hotelsdrop.com/hotel/agriturismo-capriccio-di-giove-campo-di-giove	+39 393 096 3120
B&B Casa Antonetti	casantonetti@gmail.com	https://www.hotelsdrop.com/hotel/b-b-casa-antonetti-campo-di-giove	+39 377 121 5600
B&B Il Vecchio Lupo Campo di Giove	ilvecchiolupocdg@libero.it	https://www.hotelsdrop.com/hotel/b-b-il-vecchio-lupo-campo-di-giove-campo-di-giove	+39 345 390 1915
B&B La Pretèra	lapretera@gmail.com	https://www.hotelsdrop.com/hotel/b-b-la-pretera-campo-di-giove	+39 338 662 5253
Bed and Breakfast “Pastore Abruzzese”	info@bbpastoreabruzzese.it	https://www.hotelsdrop.com/hotel/bed-and-breakfast-pastore-abruzzese-campo-di-giove	+39 349 181 1721
Camping Orsa Minore	booking@campingorsaminore.it	https://www.hotelsdrop.com/hotel/camping-orsa-minore-campo-di-giove	+39 338 720 6205
Fattoria Tana della Volpe	info@fattoriatanadellavolpe.com	https://www.hotelsdrop.com/hotel/fattoria-tana-della-volpe-campo-di-giove	+39 340 814 0996
Hotel Sachsenklemme	info@sachsenklemme.it	https://www.hotelsdrop.com/hotel/hotel-sachsenklemme-campo-di-trens-freienfeld	+39 329 159 1570
La Buscarella	labuscarellasas@gmail.com	https://www.hotelsdrop.com/hotel/la-buscarella-campo-ligure	+39 389 912 3636
Nonno Toni	info@nonnotoni.it	https://www.hotelsdrop.com/hotel/nonno-toni-campo-ligure	+39 334 782 0086
Hotel la Stella	info@hotellastella.it	https://www.hotelsdrop.com/hotel/hotel-la-stella-campo-nell-elba	+39 328 398 5521
Locanda Dell'Amicizia Di Pierulivo Enrica & C. S.A.S.	info@locandadellamicizia.it	https://www.hotelsdrop.com/hotel/locanda-dell-amicizia-di-pierulivo-enrica-c-s-a-campo-nell-elba	+39 331 208 2169
B&B Maison Parco del Brenta Curtarolo	%20info@maisonparcodelbrenta.it	https://www.hotelsdrop.com/hotel/b-b-maison-parco-del-brenta-curtarolo-campo-san-martino	+39 335 679 0092
Camerini Guest House	info@cameriniguesthouse.it	https://www.hotelsdrop.com/hotel/camerini-guest-house-campo-san-martino	+39 327 489 4862
Hotel Bracco	info@hotelbracco.it	https://www.hotelsdrop.com/hotel/hotel-bracco-campo-san-martino	+39 338 850 3635
AhriaPura Apartments	info@ahria-apartments.it	https://www.hotelsdrop.com/hotel/ahriapura-apartments-campo-tures-sand-in-taufers	+39 389 859 2383
B&B Al Civico 49	support@centralstay.eu	https://www.hotelsdrop.com/hotel/b-b-al-civico-49-campobasso	+39 334 166 6094
Central Campobasso	centralcampobasso@gmail.com	https://www.hotelsdrop.com/hotel/central-campobasso-campobasso	+39 371 488 9934
Residence Vazzieri	info@residencevazzieri.com	https://www.hotelsdrop.com/hotel/residence-vazzieri-campobasso	+39 328 473 7384
Villa Del Sole Inn B&B Residence	villadelsolein@gmail.com	https://www.hotelsdrop.com/hotel/villa-del-sole-inn-b-b-residence-campobasso	+39 339 436 6926
Agriturismo Baglio Làuria	info@bagliolauria.com	https://www.hotelsdrop.com/hotel/agriturismo-baglio-lauria-campobello-di-licata	330 362 766
Azienda Agricola Mandranova	reservation@mandranova.com	https://www.hotelsdrop.com/hotel/azienda-agricola-mandranova-campobello-di-licata	+39 393 986 2169
Baglio Eldama	info@allogio.com	https://www.hotelsdrop.com/hotel/baglio-eldama-campobello-di-mazara	+39 327 282 8007
Wind Resort	info@windresort.it	https://www.hotelsdrop.com/hotel/wind-resort-campobello-di-mazara	+39 331 811 7302
Il Palazzetto dei Briganti	support@centralstay.eu	https://www.hotelsdrop.com/hotel/il-palazzetto-dei-briganti-campochiaro	+39 347 520 1520
VittoNico	info@your-site.com	https://www.hotelsdrop.com/hotel/vittonico-campochiaro	+39 388 115 4351
Il Viaggiatore B&B	info@ilviaggiatore.cloud	https://www.hotelsdrop.com/hotel/il-viaggiatore-b-b-campodarsego	+39 338 231 0738
Villa Da Ponte	info@villadaponte.it	https://www.hotelsdrop.com/hotel/villa-da-ponte-campodarsego	+39 349 426 0853
Agritur Agrihouse - Val di Non, Trentino	stefaniapezzi6@gmail.com	https://www.hotelsdrop.com/hotel/agritur-agrihouse-val-di-non-trentino-campodenno	+39 347 465 1558
Agritur Casamela	info@agriturcasamela.it	https://www.hotelsdrop.com/hotel/agritur-casamela-campodenno	+39 348 374 6934
Agritur La Pieve	info@agriturlapieve.it	https://www.hotelsdrop.com/hotel/agritur-la-pieve-campodenno	+39 331 907 6027
Agritur Piccolo Fiore	info@agriturpiccolofiore.it	https://www.hotelsdrop.com/hotel/agritur-piccolo-fiore-campodenno	+39 348 035 5400
B&B Fai le Coccole	info@failecoccole.it	https://www.hotelsdrop.com/hotel/b-b-fai-le-coccole-campodenno	+39 351 307 4539
B&B Pra da Lares	info@pradalares.com	https://www.hotelsdrop.com/hotel/b-b-pra-da-lares-campodenno	+39 335 173 2948
B&B Vivi l'Attimo	bebvivilattimo@gmail.com	https://www.hotelsdrop.com/hotel/b-b-vivi-l-attimo-campodenno	+39 320 722 1392
Chalet Tovel - Mountain Lake	info@chaletovel.it	https://www.hotelsdrop.com/hotel/chalet-tovel-mountain-lake-campodenno	+39 348 062 7003
Hotel Rifugio Sores	posta@hotelrifugiosores.it	https://www.hotelsdrop.com/hotel/hotel-rifugio-sores-campodenno	+39 329 692 7869
B&B CITY	yourclaudio@tiscali.it	https://www.hotelsdrop.com/hotel/b-b-city-campodimele	+39 393 174 1074
BedAndBreakfast Camere Primavera	info@camereprimavera.it	https://www.hotelsdrop.com/hotel/bedandbreakfast-camere-primavera-campodimele	+39 377 957 3667
Ostello Ossigeno	info@ostellossigeno.it	https://www.hotelsdrop.com/hotel/ostello-ossigeno-campodimele	+39 320 450 8786
Agriturismo Terra e Sapori	info@agriterraesapori.it	https://www.hotelsdrop.com/hotel/agriturismo-terra-e-sapori-campodipietra	+39 339 413 7197
Hostel San Mercurio	hostelsanmercurio@gmail.com	https://www.hotelsdrop.com/hotel/hostel-san-mercurio-campodipietra	+39 320 303 6492
AFFITTACAMERE VALCHIAVENNA	info@bbvalchiavenna.it	https://www.hotelsdrop.com/hotel/affittacamere-valchiavenna-campodolcino	+39 349 878 9625
Casa Alpina San Luigi	casaalpinasanluigi@gmail.com	https://www.hotelsdrop.com/hotel/casa-alpina-san-luigi-campodolcino	+39 340 982 9148
San Luigi Rooms & Apartments	prenotazioni@madeturismo.it	https://www.hotelsdrop.com/hotel/san-luigi-rooms-apartments-campodolcino	+39 329 708 6485
B&B El Criveo	info@elcriveo.it	https://www.hotelsdrop.com/hotel/b-b-el-criveo-campodoro	+39 328 575 1014
Laghetto Ca' Brusà	irene.forestan80@gmail.com	https://www.hotelsdrop.com/hotel/laghetto-ca-brusa-campodoro	+39 380 121 4422
MareLuna Village	marelunavillageofficial@gmail.com	https://www.hotelsdrop.com/hotel/mareluna-village-campofelice-di-roccella	+39 379 167 8166
B&B Villa Eugenia	agriturismo@mareincampagna.it	https://www.hotelsdrop.com/hotel/b-b-villa-eugenia-campofilone	+39 347 534 9855
GaeLeon B&B Campofilone	info@gaeleoncampofilone.it	https://www.hotelsdrop.com/hotel/gaeleon-b-b-campofilone-campofilone	+39 338 359 3111
Hotel Cormorano	hotelcormorano@gmail.com	https://www.hotelsdrop.com/hotel/hotel-cormorano-campofilone	+39 380 180 4767
Le Residenze degli Ulivi	info@leresidenzedegliulivi.com	https://www.hotelsdrop.com/hotel/le-residenze-degli-ulivi-campofilone	+39 375 913 7913
Chiosi Country Club (Turismo rurale)	chiosicountryclub@gmail.com	https://www.hotelsdrop.com/hotel/chiosi-country-club-turismo-rurale-campofiorito	+39 327 582 4026
Don Giovanni Hotel	%20info@dongiovannihotel.it	https://www.hotelsdrop.com/hotel/don-giovanni-hotel-campofiorito	+39 333 125 2608
Il Bevaio di Corleone	info@ilbevaiodicorleone.it	https://www.hotelsdrop.com/hotel/il-bevaio-di-corleone-campofiorito	+39 333 427 8623
Bed & Breakfast "Al Teatro"	linozp@gmail.com	https://www.hotelsdrop.com/hotel/bed-breakfast-al-teatro-campoformido	+39 353 482 5012
Villa Rahal	booking@villarahal.com	https://www.hotelsdrop.com/hotel/villa-rahal-campofranco	+39 320 486 5868
B&B Dei Paduli	info@bebreggioemilia.com	https://www.hotelsdrop.com/hotel/b-b-dei-paduli-campogalliano	+39 347 387 8035
IL Borgo CAMERE	info@bnbdelborgo.it	https://www.hotelsdrop.com/hotel/il-borgo-camere-campogalliano	+39 377 089 6344
Il Grottino (Fragneto Monforte) - Ristorante, Pizzeria, Hotel	grottinogc@libero.it	https://www.hotelsdrop.com/hotel/il-grottino-fragneto-monforte-ristorante-pizzeri-campolattaro	+39 340 458 1241
La Cartolina del Sannio	lacartolinadelsannio@gmail.com	https://www.hotelsdrop.com/hotel/la-cartolina-del-sannio-campolattaro	+39 339 651 4582
La Magnolia sul Lago	contact@globostay.com	https://www.hotelsdrop.com/hotel/la-magnolia-sul-lago-campolattaro	+39 329 148 9230
Bed and Breakfast Casa Taty CIN: IT027012B4E3USENQO	info@casataty.it	https://www.hotelsdrop.com/hotel/bed-and-breakfast-casa-taty-cin-it027012b4e3usen-campolongo-maggiore	+39 349 257 5464
Albadido B&B	info@albadido.it	https://www.hotelsdrop.com/hotel/albadido-b-b-campomarino	+39 348 331 1904
B&B Oceano Rooms	info@oceanorooms.it	https://www.hotelsdrop.com/hotel/b-b-oceano-rooms-campomarino	+39 346 182 4818
Gallo's City Rooms	gallos.city.rooms@gmail.com	https://www.hotelsdrop.com/hotel/gallo-s-city-rooms-campomarino	+39 347 428 1025
La Casa del Nonno	info@la-casa-del-nonno.com	https://www.hotelsdrop.com/hotel/la-casa-del-nonno-campomarino	+39 347 715 4717
Residence Nettuno	info@residence-nettuno.com	https://www.hotelsdrop.com/hotel/residence-nettuno-campomarino	+39 320 067 0245
Viola di Mare rooms e parking affittacamere	teodoradi@tiscali.it	https://www.hotelsdrop.com/hotel/viola-di-mare-rooms-e-parking-affittacamere-campomarino	+39 347 584 1228
B&B La Casa di Ada	info@lacasadiada.com	https://www.hotelsdrop.com/hotel/b-b-la-casa-di-ada-campomorone	+39 333 645 1555
Agriturismo San Basilio	info@agriturismosanbasilio.it	https://www.hotelsdrop.com/hotel/agriturismo-san-basilio-campora	+39 329 914 4701
Agriturismo San Giorgio	info@sangiorgioagriturismo.it	https://www.hotelsdrop.com/hotel/agriturismo-san-giorgio-campora	+39 339 743 0136
APRILE Bed and Breakfast	support@centralstay.eu	https://www.hotelsdrop.com/hotel/aprile-bed-and-breakfast-campora	+39 328 404 0362
Domus Letizia	605a7baede844d278b89dc95ae0a9123@sentry-next.wixpress.com	https://www.hotelsdrop.com/hotel/domus-letizia-campora	+39 334 781 0255
Le Querce Farmhouse	info@lequercefarmhouse.it	https://www.hotelsdrop.com/hotel/le-querce-farmhouse-campora	+39 344 465 5433
Agriturismo Sirignano Wine Resort	info@sirignanowineresort.it	https://www.hotelsdrop.com/hotel/agriturismo-sirignano-wine-resort-camporeale	+39 347 978 2640
B&B Casa Azul	bebcasaazul@gmail.com	https://www.hotelsdrop.com/hotel/b-b-casa-azul-camporeale	+39 327 131 2954
AGRITURISMO BORGO BIAIA	info@borgobiaia.it	https://www.hotelsdrop.com/hotel/agriturismo-borgo-biaia-camporgiano	+39 334 678 8207
Agriturismo Calabricchia	info@calabricchia.it	https://www.hotelsdrop.com/hotel/agriturismo-calabricchia-camporgiano	+39 328 004 9459
Agriturismo Il Corniolo	%20jane.smith@domain.com	https://www.hotelsdrop.com/hotel/agriturismo-il-corniolo-camporgiano	+39 335 721 4428
Agriturismo La Grotta Della Faina	info@lagrottadellafaina.it	https://www.hotelsdrop.com/hotel/agriturismo-la-grotta-della-faina-camporgiano	+39 345 235 1154
Agriturismo Polla Piscina Ristorante Azienda Vinicola	agriturismopolla@gmail.com	https://www.hotelsdrop.com/hotel/agriturismo-polla-piscina-ristorante-azienda-vin-camporgiano	+39 338 759 4043
B&B IL Vecchio Convento	support@centralstay.eu	https://www.hotelsdrop.com/hotel/b-b-il-vecchio-convento-camporgiano	+39 327 024 5891
Hotel Ristorante Panoramico	info@albergopanoramico.it	https://www.hotelsdrop.com/hotel/hotel-ristorante-panoramico-camporgiano	+39 320 311 8664
La Luna Sul Bosco Bubble Rooms	info@lalunasulbosco.it	https://www.hotelsdrop.com/hotel/la-luna-sul-bosco-bubble-rooms-camporgiano	+39 334 678 8207
La Rocca di Camporgiano - Maison Du Charme	info@laroccadicamporgiano.it	https://www.hotelsdrop.com/hotel/la-rocca-di-camporgiano-maison-du-charme-camporgiano	+39 347 227 0512
Rancone Lodges	info@ranconelodges.com	https://www.hotelsdrop.com/hotel/rancone-lodges-camporgiano	+39 333 337 6377
Casa Marisa	marisacamporosso@gmail.com	https://www.hotelsdrop.com/hotel/casa-marisa-camporosso	+39 333 464 8730
Agriturismo L'Olmo di Casigliano	info@olmodicasigliano.it	https://www.hotelsdrop.com/hotel/agriturismo-l-olmo-di-casigliano-camporotondo-di-fiastrone	+39 335 130 7246
Al Respiro nel Bosco, Agriturismo e Azienda Agricola biologica	lucaematilde@alrespironelbosco.it	https://www.hotelsdrop.com/hotel/al-respiro-nel-bosco-agriturismo-e-azienda-agric-camporotondo-di-fiastrone	+39 339 635 6896
Villa Sabrina Country House	info@bbvillasabrina.com	https://www.hotelsdrop.com/hotel/villa-sabrina-country-house-camporotondo-di-fiastrone	+39 339 582 4448
B&B SAN MARTINO	info@bbsanmartino.it	https://www.hotelsdrop.com/hotel/b-b-san-martino-camporotondo-etneo	+39 393 992 2891
B&B Terrazza dell'Etna	terrazzadelletna@gmail.com	https://www.hotelsdrop.com/hotel/b-b-terrazza-dell-etna-camporotondo-etneo	+39 388 846 1903
B&B Valle Allegra	masagado@gmail.com	https://www.hotelsdrop.com/hotel/b-b-valle-allegra-camporotondo-etneo	+39 349 392 4322
Debora Holiday House	mariadebora@hotmail.it	https://www.hotelsdrop.com/hotel/debora-holiday-house-camporotondo-etneo	+39 392 905 1583
Etna Botanic Garden	etnabotanicgarden@gmail.com	https://www.hotelsdrop.com/hotel/etna-botanic-garden-camporotondo-etneo	337 955 493
Giargeri Home	ericagiargeri@gmail.com	https://www.hotelsdrop.com/hotel/giargeri-home-camporotondo-etneo	+39 347 359 7649
La terrazza sull'Etna Affitto breve	kalinkasicilia@gmail.com	https://www.hotelsdrop.com/hotel/la-terrazza-sull-etna-affitto-breve-camporotondo-etneo	+39 338 221 5050
Motta Palace Apartments & Rooms	info@mottapalace.com	https://www.hotelsdrop.com/hotel/motta-palace-apartments-rooms-camporotondo-etneo	+39 340 645 8874
Motta Residence Hotel	mottaresidence@yahoo.it	https://www.hotelsdrop.com/hotel/motta-residence-hotel-camporotondo-etneo	+39 375 528 1770
Agriturismo I 9 Filari	i9filari@gmail.com	https://www.hotelsdrop.com/hotel/agriturismo-i-9-filari-camposampiero	+39 379 280 1504
B&B Sotto le Mura	sottolemuracittadella@gmail.com	https://www.hotelsdrop.com/hotel/b-b-sotto-le-mura-camposampiero	+39 379 214 1115
Ca' Boin Bed & Breakfast	caboin@libero.it	https://www.hotelsdrop.com/hotel/ca-boin-bed-breakfast-camposampiero	+39 338 230 1653
B&B Mon Rêve - Camposano (Na)	monreve.mm@gmail.com	https://www.hotelsdrop.com/hotel/b-b-mon-reve-camposano-na-camposano	+39 392 002 3641
B&B I Pioppi Cipressini	trizzinop@gmail.com	https://www.hotelsdrop.com/hotel/b-b-i-pioppi-cipressini-camposanto	+39 339 803 4936
Fanesia Coliving	info@fanesia.it	https://www.hotelsdrop.com/hotel/fanesia-coliving-campotosto	+39 351 326 4612
La Fontana	info@lafontana-bb.it	https://www.hotelsdrop.com/hotel/la-fontana-campotosto	+39 340 588 9358
B&B Antico Mulino	info@anticomulino-bnb.it	https://www.hotelsdrop.com/hotel/b-b-antico-mulino-camugnano	+39 338 540 5716
B&B Picchio	picchiobb@gmail.com	https://www.hotelsdrop.com/hotel/b-b-picchio-camugnano	+39 349 316 0932
BorgoGuerzano77	borgoguerzano77@gmail.com	https://www.hotelsdrop.com/hotel/borgoguerzano77-camugnano	+39 346 894 0621
Hotel Due Laghi	info@duelaghihotel.it	https://www.hotelsdrop.com/hotel/hotel-due-laghi-camugnano	+39 351 489 0768
Nomad Stay	nomad.stay20@gmail.com	https://www.hotelsdrop.com/hotel/nomad-stay-camugnano	+39 389 135 6182
Transilvania Rockstar Hotel	info@transilvaniahotel.it	https://www.hotelsdrop.com/hotel/transilvania-rockstar-hotel-camugnano	+39 351 469 3668
Albergo Serenella	info@albergoserenella.net	https://www.hotelsdrop.com/hotel/albergo-serenella-canal-san-bovo	+39 320 414 7863
B&B Val Maschi	info@valmaschi.it	https://www.hotelsdrop.com/hotel/b-b-val-maschi-canal-san-bovo	+39 348 279 5621
CASA MARIA Bed & Breakfast	casamaria.mo@gmail.com	https://www.hotelsdrop.com/hotel/casa-maria-bed-breakfast-canal-san-bovo	+39 348 302 1341
Edelweiss Alp Rooms	info@edelweissalp.it	https://www.hotelsdrop.com/hotel/edelweiss-alp-rooms-canal-san-bovo	+39 347 221 4736
Agriturismo dei Magi	info@agrimagi.it	https://www.hotelsdrop.com/hotel/agriturismo-dei-magi-canale	+39 339 841 6028
Cantina Franco Giacinto e Agriturismo Cà Colomba	info@cantinafrancogiacinto.it	https://www.hotelsdrop.com/hotel/cantina-franco-giacinto-e-agriturismo-ca-colomba-canale	+39 349 128 1880
Hotel Marianna	info@hotelmarianna.com	https://www.hotelsdrop.com/hotel/hotel-marianna-canale-d-agordo	+39 329 616 0744
Agriturismo Casale Sasso	info@casalesasso.com	https://www.hotelsdrop.com/hotel/agriturismo-casale-sasso-canale-monterano	+39 348 284 9809
Agriturismo Voltarina	info@voltarina.com	https://www.hotelsdrop.com/hotel/agriturismo-voltarina-canale-monterano	+39 349 307 0603
Casacocò	info@casacoco.it	https://www.hotelsdrop.com/hotel/casacoco-canale-monterano	+39 338 775 9197
La Corte dei Signoretti	alamanna@hotmail.com	https://www.hotelsdrop.com/hotel/la-corte-dei-signoretti-canale-monterano	+39 331 235 5556
La Torretta	infolatorretta@gmail.com	https://www.hotelsdrop.com/hotel/la-torretta-canale-monterano	+39 320 499 1517
Al Saraceno - Antica Dimora	info@alsaracenoferrara.com	https://www.hotelsdrop.com/hotel/al-saraceno-antica-dimora-canaro	+39 353 432 8973
Dimora della Ghiara	info.dimora800@gmail.com	https://www.hotelsdrop.com/hotel/dimora-della-ghiara-canaro	+39 351 343 2758
Arizona Motel	arizona.motel63@gmail.com	https://www.hotelsdrop.com/hotel/arizona-motel-cancello-ed-arnone	+39 331 400 7319
Albergo Palladio	info@albergoristorantepalladio.it	https://www.hotelsdrop.com/hotel/albergo-palladio-canda	+39 347 388 4002
Antica masseria “Il Casone” - Candela	info@anticamasseriailcasone.it	https://www.hotelsdrop.com/hotel/antica-masseria-il-casone-candela-candela	+39 393 421 9616
La Casina Residenza rurale 1865	lacasinadeliceto@libero.it	https://www.hotelsdrop.com/hotel/la-casina-residenza-rurale-1865-candela	+39 349 564 6694
RistoMuseo l'Orecchietta B&b da Ercole all'Orecchietta	info@orecchietta.it	https://www.hotelsdrop.com/hotel/ristomuseo-l-orecchietta-b-b-da-ercole-all-orecc-candela	+39 327 012 0546
BB • Borgo Biella - Candelo	bb.borgobiella@gmail.com	https://www.hotelsdrop.com/hotel/bb-borgo-biella-candelo-candelo	+39 328 588 6239
BB • Borgo Biella Bis - Soggiorni turistici	bb.borgobiella@gmail.com	https://www.hotelsdrop.com/hotel/bb-borgo-biella-bis-soggiorni-turistici-candelo	+39 328 588 6239
BB • Borgo Biella Tree	bb.borgobiella@gmail.com	https://www.hotelsdrop.com/hotel/bb-borgo-biella-tree-candelo	+39 328 588 6239
La terrazza sul Ricetto GuestHouse	corrado_bocca@hotmail.com	https://www.hotelsdrop.com/hotel/la-terrazza-sul-ricetto-guesthouse-candelo	+39 393 936 6216
Atene del Canavese	info@atenedelcanavese.it	https://www.hotelsdrop.com/hotel/atene-del-canavese-candia-canavese	+39 349 550 7561
B&B Lacasagialladiluca di Fabio Comazzi	info@lacasagialladiluca.it	https://www.hotelsdrop.com/hotel/b-b-lacasagialladiluca-di-fabio-comazzi-candia-canavese	+39 339 646 9878
Stanze Don Gesualdo Alloggio Turistico	support@centralstay.eu	https://www.hotelsdrop.com/hotel/stanze-don-gesualdo-alloggio-turistico-candida	+39 340 152 7737
Agriturismo Cascina Gai	cascinagai@libero.it	https://www.hotelsdrop.com/hotel/agriturismo-cascina-gai-candiolo	+39 347 550 7175
Agriturismo Cascina Gorgia	agriturismo@cascinagorgia.it	https://www.hotelsdrop.com/hotel/agriturismo-cascina-gorgia-candiolo	+39 339 590 9665
B&B La Corte	info@lacortecandiolo.com	https://www.hotelsdrop.com/hotel/b-b-la-corte-candiolo	+39 351 101 7993
B&B Ca 'nsel Bric	support@centralstay.eu	https://www.hotelsdrop.com/hotel/b-b-ca-nsel-bric-canelli	+39 392 910 9675
Camere Centro Storico	info@camerecentrostorico.it	https://www.hotelsdrop.com/hotel/camere-centro-storico-canelli	+39 331 967 4991
B&B All’Ombra della Torre	mail@allombradellatorre.info	https://www.hotelsdrop.com/hotel/b-b-all-ombra-della-torre-canepina	+39 339 304 6566
B&B DolcePosada -Vittorio Veneto - Via Sant'Andrea 25	dolceposada@gmail.com	https://www.hotelsdrop.com/hotel/b-b-dolceposada-vittorio-veneto-via-sant-andrea-caneva	+39 348 935 4533
Tenuta Malvolti - Al Vecchio Convento	info@tenutamalvolti.it	https://www.hotelsdrop.com/hotel/tenuta-malvolti-al-vecchio-convento-caneva	+39 328 219 6406
Agrimilo	info@agrimilo.it	https://www.hotelsdrop.com/hotel/agrimilo-canicattini-bagni	+39 320 098 0424
Agriturismo Stallaini	agriturismostallaini@hotmail.it	https://www.hotelsdrop.com/hotel/agriturismo-stallaini-canicattini-bagni	+39 334 989 8688
Mundus Terrae Country House	mundusterrae@gmail.com	https://www.hotelsdrop.com/hotel/mundus-terrae-country-house-canicattini-bagni	+39 342 801 6110
Tramonto Ibleo Resort	info@tramontoibleoresort.com	https://www.hotelsdrop.com/hotel/tramonto-ibleo-resort-canicattini-bagni	+39 388 624 0627
Al Qatta B&B	info@alqattabb.it	https://www.hotelsdrop.com/hotel/al-qatta-b-b-canicatt	+39 320 444 8848
Area Sud Affittacamere	info@areasudcanicatti.com	https://www.hotelsdrop.com/hotel/area-sud-affittacamere-canicatt	+39 392 786 0106
B&B Le Tre Perle	info@letreperle.it	https://www.hotelsdrop.com/hotel/b-b-le-tre-perle-canicatt	+39 389 059 5786
B&B QUATTRO TESORI	support@centralstay.eu	https://www.hotelsdrop.com/hotel/b-b-quattro-tesori-canicatt	+39 334 191 8999
B&B Vittorio Emanuele	bebvittorioemanuele155c@gmail.com	https://www.hotelsdrop.com/hotel/b-b-vittorio-emanuele-canicatt	+39 331 461 9455
Agriturismo Terre di Musignano	info@terredimusignano.com	https://www.hotelsdrop.com/hotel/agriturismo-terre-di-musignano-canino	+39 347 371 6243
Resort Fonte Vulci / Agriturismo	info@fontevulci.it	https://www.hotelsdrop.com/hotel/resort-fonte-vulci-agriturismo-canino	+39 338 154 7636
B&B Nova Siri	info@bbnovasiri.it	https://www.hotelsdrop.com/hotel/b-b-nova-siri-canna	+39 339 523 6243
Hotel Villa Cirigliano	info@hotelvillacirigliano.it	https://www.hotelsdrop.com/hotel/hotel-villa-cirigliano-canna	+39 377 370 8921
Il Giglio Casa Albergo	info@ilgigliorotondella.com	https://www.hotelsdrop.com/hotel/il-giglio-casa-albergo-canna	+39 347 422 7690
Askia Rooms & Breakfast	askiaroom2019@gmail.com	https://www.hotelsdrop.com/hotel/askia-rooms-breakfast-cannalonga	+39 333 660 6117
Palazzo Resilente	info@palazzoresilente.com	https://www.hotelsdrop.com/hotel/palazzo-resilente-cannalonga	+39 329 288 1337
AGRITURISMO INCANTO DELLA NATURA	info@incantodellanatura.com	https://www.hotelsdrop.com/hotel/agriturismo-incanto-della-natura-cannara	+39 333 690 9354
b & b antica dimora delle acque	info@bedandbreakfastassisi.it	https://www.hotelsdrop.com/hotel/b-b-antica-dimora-delle-acque-cannara	+39 338 633 2663
B&B La Casa dei Tigli Cannara	lacasadeitiglibb@gmail.com	https://www.hotelsdrop.com/hotel/b-b-la-casa-dei-tigli-cannara-cannara	+39 334 781 8395
Bed and Breakfast Ciancaleoni	ciancaleonivacanze@libero.it	https://www.hotelsdrop.com/hotel/bed-and-breakfast-ciancaleoni-cannara	+39 339 679 9334
Palazzo delle Signorine	info@palazzodellesignorine.it	https://www.hotelsdrop.com/hotel/palazzo-delle-signorine-cannara	+39 338 775 3959
Franziska's Place	info@rf-lakevibes.com	https://www.hotelsdrop.com/hotel/franziska-s-place-cannero-riviera	+39 345 151 7413
Villa Angelina - Lake View Dreams	info@rf-lakevibes.com	https://www.hotelsdrop.com/hotel/villa-angelina-lake-view-dreams-cannero-riviera	+39 345 151 7413
Villa Morissolina Bed & Breakfast Ristorante	info@villa-morissolina.it	https://www.hotelsdrop.com/hotel/villa-morissolina-bed-breakfast-ristorante-cannero-riviera	+39 334 798 5200
Dimora e Arte - Bed and Breakfast	dimoraearte@hotmail.it	https://www.hotelsdrop.com/hotel/dimora-e-arte-bed-and-breakfast-canneto-sull-oglio	+39 333 421 8896
Antico Borgo B&B Cannobio	info@anticoborgocannobio.it	https://www.hotelsdrop.com/hotel/antico-borgo-b-b-cannobio-cannobio	+39 333 139 2751
B&B a Cannobio: Azalea	info@azaleacannobio.it	https://www.hotelsdrop.com/hotel/b-b-a-cannobio-azalea-cannobio	+39 329 965 0400
B&B Casa Edenrock	baerbel1@libero.it	https://www.hotelsdrop.com/hotel/b-b-casa-edenrock-cannobio	+39 338 683 7178
B&B Lagomaggiore	info@bnblagomaggiore.com	https://www.hotelsdrop.com/hotel/b-b-lagomaggiore-cannobio	+39 347 949 3871
Bed & Breakfast Villa dei Pini	info@locandadeipini.eu	https://www.hotelsdrop.com/hotel/bed-breakfast-villa-dei-pini-cannobio	+39 347 359 2049
Ca Meison B&B Cannobio	info@cameison.it	https://www.hotelsdrop.com/hotel/ca-meison-b-b-cannobio-cannobio	+39 331 887 4346
eden	lucazaccagni@libero.it	https://www.hotelsdrop.com/hotel/eden-cannobio	+39 333 685 7878
Hotel Casa Arizzoli	info@hotelcasaarizzoli.com	https://www.hotelsdrop.com/hotel/hotel-casa-arizzoli-cannobio	+39 339 658 4594
Residenza Cascina nel Bosco	info@cuserina.it	https://www.hotelsdrop.com/hotel/residenza-cascina-nel-bosco-cannobio	+39 334 284 8655
Rivalago Lounge Bar and B&B	info@rivalago.eu	https://www.hotelsdrop.com/hotel/rivalago-lounge-bar-and-b-b-cannobio	+39 353 456 9269
Villa Cuserina	info@villacuserina.it	https://www.hotelsdrop.com/hotel/villa-cuserina-cannobio	+39 371 617 6395
Belami - Hotel Ristorante Cantina	info@bel-ami.it	https://www.hotelsdrop.com/hotel/belami-hotel-ristorante-cantina-cannole	+39 327 146 1522
Hotel Corte dei Francesi	info@cortedeifrancesi.it	https://www.hotelsdrop.com/hotel/hotel-corte-dei-francesi-cannole	+39 328 734 7465
La Stella Di Keplero	contact@globostay.com	https://www.hotelsdrop.com/hotel/la-stella-di-keplero-cannole	+39 328 747 0474
B&B Mirna	bedandbreakfastmirna@gmail.com	https://www.hotelsdrop.com/hotel/b-b-mirna-canonica-d-adda	+39 347 771 0711
Affittacamere La Perla del Mare	roomslaperladelmare@gmail.com	https://www.hotelsdrop.com/hotel/affittacamere-la-perla-del-mare-canosa-di-puglia	+39 350 063 3805
La Dea Busa	ladeabusa@gmail.com	https://www.hotelsdrop.com/hotel/la-dea-busa-canosa-di-puglia	+39 392 686 1984
Lunà - Le Dimore -	info@lunaledimore.com	https://www.hotelsdrop.com/hotel/luna-le-dimore-canosa-di-puglia	+39 366 821 9691
Palazzo Rossi suite	contact@globostay.com	https://www.hotelsdrop.com/hotel/palazzo-rossi-suite-canosa-di-puglia	+39 392 747 2574
SOTTOSOPRA	%20bbsottosopra@gmail.com	https://www.hotelsdrop.com/hotel/sottosopra-canosa-di-puglia	+39 329 326 1681
Tenuta San Francesco	info@tenutasanfrancesco.it	https://www.hotelsdrop.com/hotel/tenuta-san-francesco-canosa-di-puglia	+39 347 873 7107
B&B La Casa Del Palombaro	prenota@lacasadelpalombaro.it	https://www.hotelsdrop.com/hotel/b-b-la-casa-del-palombaro-canosa-sannita	+39 339 189 0881
B&B La Finestra Sui Tetti	info@lafinestrasuitetti.it	https://www.hotelsdrop.com/hotel/b-b-la-finestra-sui-tetti-canosa-sannita	+39 329 869 3440
Campeggio Torre Mucchia	info@campingtorremucchia.it	https://www.hotelsdrop.com/hotel/campeggio-torre-mucchia-canosa-sannita	+39 391 398 5800
Casale905	casale905@gmail.com	https://www.hotelsdrop.com/hotel/casale905-canosa-sannita	+39 331 282 9610
Albergo diffuso Ceaglio	info@ceaglio-vallemaira.it	https://www.hotelsdrop.com/hotel/albergo-diffuso-ceaglio-canosio	+39 347 783 9466
Dimidium B&B in Emilia	info@dimidiumbnb.it	https://www.hotelsdrop.com/hotel/dimidium-b-b-in-emilia-canossa	+39 333 818 9961
Hotel Natros	contatto@esempio.it	https://www.hotelsdrop.com/hotel/hotel-natros-cansano	+39 328 850 8286
Agriturismo Ca' De' Magnani	cademagnani@libero.it	https://www.hotelsdrop.com/hotel/agriturismo-ca-de-magnani-cantagallo	+39 331 754 4203
Agriturismo il Ponticello	info@agrifabio.com	https://www.hotelsdrop.com/hotel/agriturismo-il-ponticello-cantagallo	+39 333 464 2997
Rifugio le Cave	info@rifugiolecave.it	https://www.hotelsdrop.com/hotel/rifugio-le-cave-cantagallo	+39 338 617 2364
Rifugio Pacini - Pian della Rasa	info@rifugioluigipacini.it	https://www.hotelsdrop.com/hotel/rifugio-pacini-pian-della-rasa-cantagallo	+39 339 819 6922
B&B Il Casale dei Nonni	605a7baede844d278b89dc95ae0a9123@sentry-next.wixpress.com	https://www.hotelsdrop.com/hotel/b-b-il-casale-dei-nonni-cantalice	+39 340 520 4142
B&B Stella Polare	info@stellapolarerieti.it	https://www.hotelsdrop.com/hotel/b-b-stella-polare-cantalice	+39 338 662 1120
Casa Vacanze San Giacomo	casavacanzesangiacomo@gmail.com	https://www.hotelsdrop.com/hotel/casa-vacanze-san-giacomo-cantalice	+39 339 564 5493
B&b La Ciuenda	bblaciuenda@gmail.com	https://www.hotelsdrop.com/hotel/b-b-la-ciuenda-cantalupa	+39 338 297 1763
La Casa del Viandante | Guest House in Sabina	ilviandanteinsabina@gmail.com	https://www.hotelsdrop.com/hotel/la-casa-del-viandante-guest-house-in-sabina-cantalupo-in-sabina	+39 327 902 7107
La Valle del Tevere	lavalledeltevere.bb@gmail.com	https://www.hotelsdrop.com/hotel/la-valle-del-tevere-cantalupo-in-sabina	+39 328 878 4302
Resort Sabino	resort.sabino@gmail.com	https://www.hotelsdrop.com/hotel/resort-sabino-cantalupo-in-sabina	+39 388 387 0802
Azienda Agricola Saint Hubert	info@saint-hubert.it	https://www.hotelsdrop.com/hotel/azienda-agricola-saint-hubert-cantalupo-ligure	+39 351 657 2730
B&B I Mulini	605a7baede844d278b89dc95ae0a9123@sentry-next.wixpress.com	https://www.hotelsdrop.com/hotel/b-b-i-mulini-cantalupo-nel-sannio	+39 335 706 9171
Le Canoniche nel Matese	lecanonichenelmatese@virgilio.it	https://www.hotelsdrop.com/hotel/le-canoniche-nel-matese-cantalupo-nel-sannio	+39 328 756 0444
Agriturismo Villa Bordone	info@villabordone.it	https://www.hotelsdrop.com/hotel/agriturismo-villa-bordone-cantarana	+39 391 101 8269
B&B Locanda dei Tigli	info@bblocandadeitigli.com	https://www.hotelsdrop.com/hotel/b-b-locanda-dei-tigli-cantarana	+39 328 973 6992
Cà 'd Carlot	info@cadcarlot.it	https://www.hotelsdrop.com/hotel/ca-d-carlot-cantarana	+39 348 898 7990
Il Martinetto	info@ilmartinetto.it	https://www.hotelsdrop.com/hotel/il-martinetto-cantarana	+39 351 561 6532
Villa San Giovanni	maisoncavanna@gmail.com	https://www.hotelsdrop.com/hotel/villa-san-giovanni-cantarana	+39 351 712 8107
Agriturismo Il Borgo nel Bosco	infoborgonelbosco@gmail.com	https://www.hotelsdrop.com/hotel/agriturismo-il-borgo-nel-bosco-canterano	+39 375 887 7633
Agriturismo Aurora Gubbio Umbria	auroraagriturismo@gmail.com	https://www.hotelsdrop.com/hotel/agriturismo-aurora-gubbio-umbria-cantiano	+39 348 708 2945
B&B Dimora Morelli	info@dimoramorelli.it	https://www.hotelsdrop.com/hotel/b-b-dimora-morelli-cantiano	+39 347 419 5150
Castello Cortevecchio Gubbio Umbria	castellocortevecchio@gmail.com	https://www.hotelsdrop.com/hotel/castello-cortevecchio-gubbio-umbria-cantiano	+39 379 119 3444
Civico 10	info@civico10.it	https://www.hotelsdrop.com/hotel/civico-10-cantiano	+39 333 122 9144
L'Inferno di Dante Gubbio B&B	support@centralstay.eu	https://www.hotelsdrop.com/hotel/l-inferno-di-dante-gubbio-b-b-cantiano	+39 346 102 2944
La Stazione Di Posta	lastazionedipostacantiano@gmail.com	https://www.hotelsdrop.com/hotel/la-stazione-di-posta-cantiano	+39 339 153 9787
OSTELLO DEL VOLO	info@ostellodelvolo.com	https://www.hotelsdrop.com/hotel/ostello-del-volo-cantiano	+39 340 474 9624
B&B Villino Oberto	605a7baede844d278b89dc95ae0a9123@sentry-next.wixpress.com	https://www.hotelsdrop.com/hotel/b-b-villino-oberto-cantoira	+39 347 684 0188
Aria di Casa Country Resort	info@ariadicasabb.it	https://www.hotelsdrop.com/hotel/aria-di-casa-country-resort-cant	+39 339 668 9961
B&B Antico Ulivo	info@anticoulivo.it	https://www.hotelsdrop.com/hotel/b-b-antico-ulivo-cant	+39 327 883 8762
b&b in masseria Agli antichi trulli	agliantichitrulli@libero.it	https://www.hotelsdrop.com/hotel/b-b-in-masseria-agli-antichi-trulli-cant	+39 345 390 1488
B&B LA CASCATA	lacascata@hotmail.it	https://www.hotelsdrop.com/hotel/b-b-la-cascata-cant	+39 320 488 7511
B&B Salita Delle Pere	bbsalitadellepere@gmail.com	https://www.hotelsdrop.com/hotel/b-b-salita-delle-pere-cant	+39 338 644 7198
B&B Una Perla Nel Verde	info@unaperlanelverde.it	https://www.hotelsdrop.com/hotel/b-b-una-perla-nel-verde-cant	+39 345 704 4212
Dimora Carucci	support@centralstay.eu	https://www.hotelsdrop.com/hotel/dimora-carucci-cant	+39 377 378 0387
San Lorenzo Suites	info@sanlorenzosuites.it	https://www.hotelsdrop.com/hotel/san-lorenzo-suites-cant	+39 345 307 3425
Agriturismo Le Macine- Poggio Cono,TE	info@agrilemacine.it	https://www.hotelsdrop.com/hotel/agriturismo-le-macine-poggio-cono-te-canzano	+39 339 617 9311
B&B I Tre Ulivi	annunziatalattanzi99@gmail.com	https://www.hotelsdrop.com/hotel/b-b-i-tre-ulivi-canzano	+39 388 451 7127
Bed & Breakfast Villa Flora	info@bb-villaflora.it	https://www.hotelsdrop.com/hotel/bed-breakfast-villa-flora-capaccio-paestum	+39 328 702 6938
Domus Hera	contact@globostay.com	https://www.hotelsdrop.com/hotel/domus-hera-capaccio-paestum	+39 320 183 7001
Agrialbergo Capalbio La Sugherella	agrialbergo@gmail.com	https://www.hotelsdrop.com/hotel/agrialbergo-capalbio-la-sugherella-capalbio	+39 388 055 9811
Agriturismo Il Quarto	cantimelissa@yahoo.it	https://www.hotelsdrop.com/hotel/agriturismo-il-quarto-capalbio	+39 339 503 9629
Agriturismo La Siesta	agriturismo.lasiesta2025@gmail.com	https://www.hotelsdrop.com/hotel/agriturismo-la-siesta-capalbio	+39 346 708 0734
Agriturismo La Verde Rosa	walter.rinelli@gmail.com	https://www.hotelsdrop.com/hotel/agriturismo-la-verde-rosa-capalbio	+39 389 052 1294
Agriturismo Podere del Sole	agriturismo.podere.del.sole@gmail.com	https://www.hotelsdrop.com/hotel/agriturismo-podere-del-sole-capalbio	+39 329 038 3741
Agriturismo podere l'Olmaia	info@poderelolmaia.it	https://www.hotelsdrop.com/hotel/agriturismo-podere-l-olmaia-capalbio	+39 347 546 1499
Casale Artemisia Capalbio	erico@casaleartemisia.it	https://www.hotelsdrop.com/hotel/casale-artemisia-capalbio-capalbio	+39 320 477 1800
Hotel Il Cipresso Capalbio	agrialbergo@gmail.com	https://www.hotelsdrop.com/hotel/hotel-il-cipresso-capalbio-capalbio	+39 388 055 9811
Orti di Capalbio	info@ortidicapalbio.it	https://www.hotelsdrop.com/hotel/orti-di-capalbio-capalbio	+39 347 159 3790
Agriturismo Biologico I Girasoli di Lari	info@igirasolidilari.it	https://www.hotelsdrop.com/hotel/agriturismo-biologico-i-girasoli-di-lari-capannoli	+39 375 963 0700
Agriturismo Terra Di Dio Toscanizzazione	magdalena@toscanizzazione.com	https://www.hotelsdrop.com/hotel/agriturismo-terra-di-dio-toscanizzazione-capannoli	+39 333 806 4735
Farm Resort Tuscany Time	welcome@tuscanytime.it	https://www.hotelsdrop.com/hotel/farm-resort-tuscany-time-capannoli	+39 328 103 6314
Il Castello di San Ruffino	info@ilcastellodisanruffino.com	https://www.hotelsdrop.com/hotel/il-castello-di-san-ruffino-capannoli	+39 392 540 0740
Room Rent Morrona	info@room-rent.it	https://www.hotelsdrop.com/hotel/room-rent-morrona-capannoli	+39 334 857 3795
San Ruffino Apartments	apartments@poggiosanruffino.com	https://www.hotelsdrop.com/hotel/san-ruffino-apartments-capannoli	+39 378 305 0596
Villa Casanova	info@camugliano.com	https://www.hotelsdrop.com/hotel/villa-casanova-capannoli	+39 339 871 5803
B&B Giardino delle Camelie	giardinocameliebnb@gmail.com	https://www.hotelsdrop.com/hotel/b-b-giardino-delle-camelie-capannori	+39 338 190 4509
B&B Toringo Country Home	ruzina7676@gmail.com	https://www.hotelsdrop.com/hotel/b-b-toringo-country-home-capannori	+39 347 052 0425
San Gennaro Castello	sangennarocastellolucca@gmail.com	https://www.hotelsdrop.com/hotel/san-gennaro-castello-capannori	+39 342 159 6714
Agriturismo Il Solengo	ilsolengo.agriturismo@gmail.com	https://www.hotelsdrop.com/hotel/agriturismo-il-solengo-capena	+39 328 038 6932
Agriturismo Valle Siriaca	info@vallesiriaca.it	https://www.hotelsdrop.com/hotel/agriturismo-valle-siriaca-capena	+39 393 307 9524
ALLA QUERCIA - CENTRO STORICO	allaquerciabedbreakfast@gmail.com	https://www.hotelsdrop.com/hotel/alla-quercia-centro-storico-capena	+39 331 362 6570
B&B L'Albero del Pepe	info@alberodelpepe.it	https://www.hotelsdrop.com/hotel/b-b-l-albero-del-pepe-capena	+39 342 838 4202
Hotel Star	commerciale@hotelstarroma.it	https://www.hotelsdrop.com/hotel/hotel-star-capena	+39 329 628 5140
L'Alighieri B&B	hello@lalighieri.it	https://www.hotelsdrop.com/hotel/l-alighieri-b-b-capena	+39 333 414 6459
Agriturismo La Costa	info@lacostapernottamenti.it	https://www.hotelsdrop.com/hotel/agriturismo-la-costa-capergnanica	+39 335 830 1544
Casa Senatore	info.casasenatore@gmail.com	https://www.hotelsdrop.com/hotel/casa-senatore-capestrano	+39 349 071 6143
Agriturismo Bardari	info@agriturismobardari.it	https://www.hotelsdrop.com/hotel/agriturismo-bardari-capistrano	+39 338 428 8954
B&B stella d'oro	info@stelladoropizzo.it	https://www.hotelsdrop.com/hotel/b-b-stella-d-oro-capistrano	+39 338 119 3872
Domus Piedigrotta	info@domuspiedigrotta.it	https://www.hotelsdrop.com/hotel/domus-piedigrotta-capistrano	+39 329 986 5636
Hotel della Piazza	hoteldellapiazza@gmail.com%20	https://www.hotelsdrop.com/hotel/hotel-della-piazza-capistrano	+39 375 661 2885
Il Casalino	ilcasalinoapts@gmail.com	https://www.hotelsdrop.com/hotel/il-casalino-capistrano	+39 389 556 4257
Puerto Seguro B&B a Pizzo	info@puertoseguro.it	https://www.hotelsdrop.com/hotel/puerto-seguro-b-b-a-pizzo-capistrano	+39 347 685 0318
Residenza Vinci	support@centralstay.eu	https://www.hotelsdrop.com/hotel/residenza-vinci-capistrano	+39 349 805 8600
Casale Virginia	casalevirginiasrl@gmail.com	https://www.hotelsdrop.com/hotel/casale-virginia-capitignano	+39 392 839 4020
Agriturismo Leanza "La Baita"	leanzaturismorurale@gmail.com	https://www.hotelsdrop.com/hotel/agriturismo-leanza-la-baita-capizzi	+39 320 868 7666
B&b San Procopio	wordpress@sanprocopioholiday.it	https://www.hotelsdrop.com/hotel/b-b-san-procopio-capizzi	+39 338 626 0444
Heart of Sicily	info@heartofsicily.it	https://www.hotelsdrop.com/hotel/heart-of-sicily-capizzi	+39 339 210 6375
LA CASA DEL TEMPO	lacasadeltempocerami@gmail.com	https://www.hotelsdrop.com/hotel/la-casa-del-tempo-capizzi	+39 347 185 8109
la struttura è immersa nel cuore del centro storico, tra le tante coloratissime botteghe di ceramiche artigianali	bebthepalace@gmail.com	https://www.hotelsdrop.com/hotel/la-struttura-e-immersa-nel-cuore-del-centro-stor-capizzi	+39 338 631 6006
B&B Stella Marina	info@bbstellamarina.it	https://www.hotelsdrop.com/hotel/b-b-stella-marina-capo-d-orlando	+39 339 695 3565
My Dream - Bed And Breakfast e Affitta Camere - Capo d'Orlando	info@mydreamcapodorlando.it	https://www.hotelsdrop.com/hotel/my-dream-bed-and-breakfast-e-affitta-camere-capo-capo-d-orlando	+39 347 964 8317
Qurchiti - Boutique Rooms	info@qurchiti.com	https://www.hotelsdrop.com/hotel/qurchiti-boutique-rooms-capo-d-orlando	+39 327 688 3748
Vuelle Residence	info@vuelleresidence.com	https://www.hotelsdrop.com/hotel/vuelle-residence-capo-d-orlando	+39 334 958 3419
Affittacamere Mary	info.affittacameremary@gmail.com	https://www.hotelsdrop.com/hotel/affittacamere-mary-capo-di-ponte	+39 348 761 8949
LAKO Hostel	info@lakohostel.com	https://www.hotelsdrop.com/hotel/lako-hostel-capodimonte	+39 378 301 9312
Poggiolindo B&B	info@poggiolindo.it	https://www.hotelsdrop.com/hotel/poggiolindo-b-b-capodimonte	+39 351 987 0999
B&B Benny	danna.benedetto@gmail.com	https://www.hotelsdrop.com/hotel/b-b-benny-capodrise	+39 340 582 9708
B&B Le Corti	beblecorti@libero.it	https://www.hotelsdrop.com/hotel/b-b-le-corti-capodrise	+39 329 804 3544
B&B Tartaglione	contact@globostay.com	https://www.hotelsdrop.com/hotel/b-b-tartaglione-capodrise	+39 335 719 8494
I Fiori di Salici	info@ifioridisalici.it	https://www.hotelsdrop.com/hotel/i-fiori-di-salici-capoliveri	+39 380 288 1453
AGRITURISMO Azienda Agricola Il Pozzo	info@agripozzo.it	https://www.hotelsdrop.com/hotel/agriturismo-azienda-agricola-il-pozzo-capolona	+39 338 740 1265
Agriturismo Borgo Ornina	orninawine@gmail.com	https://www.hotelsdrop.com/hotel/agriturismo-borgo-ornina-capolona	+39 338 238 1000
Agriturismo Molinvecchio sul Capraia	info@yourdomain.com	https://www.hotelsdrop.com/hotel/agriturismo-molinvecchio-sul-capraia-capolona	+39 347 868 0008
B&B Lavanda e Rosmarino	bblavandaerosmarino@gmail.com	https://www.hotelsdrop.com/hotel/b-b-lavanda-e-rosmarino-capolona	+39 333 238 2335
Bio Agriturismo Il Vigno	team@ilvigno.com	https://www.hotelsdrop.com/hotel/bio-agriturismo-il-vigno-capolona	+39 333 439 1216
Il Casotto	info@agriturismoilcasotto.com	https://www.hotelsdrop.com/hotel/il-casotto-capolona	+39 340 173 2874
Villa La Ginestra - Casa vacanze / Bed & breakfast	federico.hadziefendic@gmail.com	https://www.hotelsdrop.com/hotel/villa-la-ginestra-casa-vacanze-bed-breakfast-capolona	+39 338 355 2000
Bigatt B&B	info@bigatt.com	https://www.hotelsdrop.com/hotel/bigatt-b-b-caponago	+39 333 460 8692
Camera 40	info@camera40.it	https://www.hotelsdrop.com/hotel/camera-40-caponago	+39 333 856 5587
Grow Green	info@grow.green	https://www.hotelsdrop.com/hotel/grow-green-caponago	+39 338 612 4953
Il Topazio B&B	iltopaziomelzo@libero.it	https://www.hotelsdrop.com/hotel/il-topazio-b-b-caponago	+39 393 954 7988
Antica Dimora del Tratturo Magno	info@anticadimoradeltratturomagno.it	https://www.hotelsdrop.com/hotel/antica-dimora-del-tratturo-magno-caporciano	+39 347 484 2453
Palazzo D'Alessandro Wunderkammer & Suites	info@palazzodalessandro.it	https://www.hotelsdrop.com/hotel/palazzo-d-alessandro-wunderkammer-suites-caporciano	+39 335 599 4204
Al Chiaro di Luna B&B	support@centralstay.eu	https://www.hotelsdrop.com/hotel/al-chiaro-di-luna-b-b-caposele	+39 377 699 1846
Sa Sindria - Cagliari	bbsasindria@gmail.com	https://www.hotelsdrop.com/hotel/sa-sindria-cagliari-capoterra	+39 347 274 3738
Azienda Agrituristica La Giarda	giorgiasalamon6@gmail.com	https://www.hotelsdrop.com/hotel/azienda-agrituristica-la-giarda-cappadocia	+39 347 559 8536
Palazzo Guazzoni Zaccaria	guazzonizaccaria@gmail.com	https://www.hotelsdrop.com/hotel/palazzo-guazzoni-zaccaria-cappella-cantone	+39 391 736 5412
Agriturismo Il Bosco	605a7baede844d278b89dc95ae0a9123@sentry-next.wixpress.com	https://www.hotelsdrop.com/hotel/agriturismo-il-bosco-cappella-maggiore	+39 347 311 6774
Agriturismo ValBarè	info@valbare.it	https://www.hotelsdrop.com/hotel/agriturismo-valbare-cappella-maggiore	+39 324 661 3260
B&B Al Giardino dei Laghi	info@algiardinodeilaghi.com	https://www.hotelsdrop.com/hotel/b-b-al-giardino-dei-laghi-cappella-maggiore	+39 339 361 6949
B&B San Martino Colle Umberto	info@sanmartinocolleumberto.it	https://www.hotelsdrop.com/hotel/b-b-san-martino-colle-umberto-cappella-maggiore	+39 351 309 0395
Cà Dea Gondola	info@cadeagondola.it	https://www.hotelsdrop.com/hotel/ca-dea-gondola-cappella-maggiore	+39 347 840 2981
Alexander’s Home | B&B	info@alexandershome.it	https://www.hotelsdrop.com/hotel/alexander-s-home-b-b-cappelle-sul-tavo	+39 351 494 8953
B&B Raffaello a Mare	info@bebraffaelloamare.it	https://www.hotelsdrop.com/hotel/b-b-raffaello-a-mare-cappelle-sul-tavo	+39 392 583 9730
B&B VILLA MARIA	villamariamontesilvano@gmail.com	https://www.hotelsdrop.com/hotel/b-b-villa-maria-cappelle-sul-tavo	335 236 125
Hotel Excelsior	info@hotelexcelsiorabruzzo.com	https://www.hotelsdrop.com/hotel/hotel-excelsior-cappelle-sul-tavo	+39 392 338 5059
Le margherite	sofia.fernandez.dibattista@gmail.com	https://www.hotelsdrop.com/hotel/le-margherite-cappelle-sul-tavo	+39 335 611 7196
Residence Marco Polo	%20info@residencemarcopolo.it	https://www.hotelsdrop.com/hotel/residence-marco-polo-cappelle-sul-tavo	+39 338 265 3519
B&B La Camia	info@lacamia.com	https://www.hotelsdrop.com/hotel/b-b-la-camia-capracotta	+39 320 097 0263
B&b Masseria Cerasella	elenaboccalone@gmail.com	https://www.hotelsdrop.com/hotel/b-b-masseria-cerasella-capracotta	+39 347 628 7760
Agriturismo Podere Dell'Anselmo	forconifabrizio@gmail.com	https://www.hotelsdrop.com/hotel/agriturismo-podere-dell-anselmo-capraia-e-limite	+39 348 339 2575
Agriturismo Tenuta Cantagallo	ecommerce@tenutacantagallo.it	https://www.hotelsdrop.com/hotel/agriturismo-tenuta-cantagallo-capraia-e-limite	+39 327 015 2798
B&B La Casa di Zefiro	info@lacasadizefiro.it	https://www.hotelsdrop.com/hotel/b-b-la-casa-di-zefiro-capraia-e-limite	+39 339 202 0413
Casa Ercoli - B&B VINCI	info@casaercoli.it	https://www.hotelsdrop.com/hotel/casa-ercoli-b-b-vinci-capraia-e-limite	+39 331 955 0775
Empoli Rooms	empolirooms@gmail.com	https://www.hotelsdrop.com/hotel/empoli-rooms-capraia-e-limite	+39 331 168 2664
Villa la Malva	info@villalamalva.it	https://www.hotelsdrop.com/hotel/villa-la-malva-capraia-e-limite	+39 335 832 2984
Al Casale Giallo B&B	info@alcasalegiallo.it	https://www.hotelsdrop.com/hotel/al-casale-giallo-b-b-capranica	+39 335 876 5277
B&B dei Papi Boutique Hotel	info@bbdeipapi.it	https://www.hotelsdrop.com/hotel/b-b-dei-papi-boutique-hotel-capranica	+39 347 868 5489
Bed & Breakfast Le Bacette	johndoe@domain.com	https://www.hotelsdrop.com/hotel/bed-breakfast-le-bacette-capranica	+39 328 873 4379
Relais Villa La Trinità	info@villalatrinita.com	https://www.hotelsdrop.com/hotel/relais-villa-la-trinita-capranica	+39 328 054 6664
La Suite Negli Orti	info@lasuitenegliorti.it	https://www.hotelsdrop.com/hotel/la-suite-negli-orti-caprarica-di-lecce	+39 391 372 7688
Masseria Stali, The Originals Relais	info@masseriastali.it	https://www.hotelsdrop.com/hotel/masseria-stali-the-originals-relais-caprarica-di-lecce	+39 327 206 7806
Rescio's Rooms B&B	resciosrooms@gmail.com	https://www.hotelsdrop.com/hotel/rescio-s-rooms-b-b-caprarica-di-lecce	+39 347 772 0443
Il Vicolo bed and breakfast	ilvicolo.caprarola@gmail.com	https://www.hotelsdrop.com/hotel/il-vicolo-bed-and-breakfast-caprarola	+39 340 752 0075
La Valle di Vico | Agriturismo - Bed and Breakfast	info@lavalledivico.it	https://www.hotelsdrop.com/hotel/la-valle-di-vico-agriturismo-bed-and-breakfast-caprarola	+39 334 540 2178
Agriturismo Le Ceregne Bio	prenotazioni@leceregne.it	https://www.hotelsdrop.com/hotel/agriturismo-le-ceregne-bio-caprese-michelangelo	+39 370 378 1481
AGRITURISMO PODERE TOVARI	info@poderetovari.com	https://www.hotelsdrop.com/hotel/agriturismo-podere-tovari-caprese-michelangelo	+39 353 412 8041
Borgo Faeta Country Relais	info@borgofaeta.com	https://www.hotelsdrop.com/hotel/borgo-faeta-country-relais-caprese-michelangelo	+39 338 167 3113
Locanda del Viandante Apartments&Pool - Valle di Mezzo	info@locandadelviandante.com	https://www.hotelsdrop.com/hotel/locanda-del-viandante-apartments-pool-valle-di-m-caprese-michelangelo	+39 334 795 6056
Tuscany Villa Resort	tuscanyvillaresort@outlook.com	https://www.hotelsdrop.com/hotel/tuscany-villa-resort-caprese-michelangelo	+39 348 649 1134
B&B Antica Capri	itapad2013@gmail.com	https://www.hotelsdrop.com/hotel/b-b-antica-capri-capri	+39 391 160 6464
Bed & Breakfast Monte Solaro	bookings@montesolarocapri.com	https://www.hotelsdrop.com/hotel/bed-breakfast-monte-solaro-capri	+39 339 776 5704
Capri Inn	info@capriinn.it	https://www.hotelsdrop.com/hotel/capri-inn-capri	+39 335 598 4857
Villa Pollio Guest House	info@villapolliocapri.com	https://www.hotelsdrop.com/hotel/villa-pollio-guest-house-capri	+39 338 742 9891
B&B Gàttina	casagattina@yahoo.it	https://www.hotelsdrop.com/hotel/b-b-gattina-capri-leone	+39 320 853 0721
La Via del Carretto - B&B	viadelcarretto@gmail.com	https://www.hotelsdrop.com/hotel/la-via-del-carretto-b-b-capri-leone	+39 338 291 6773
Fichtenhof	info@fichtenhof.it	https://www.hotelsdrop.com/hotel/fichtenhof-capriana	+39 342 071 5788
Hotel Garni Edy Daiano Cavalese	booking@garniedy.it	https://www.hotelsdrop.com/hotel/hotel-garni-edy-daiano-cavalese-capriana	+39 333 273 8190
Maso Valfloriana	info@masovalfloriana.com	https://www.hotelsdrop.com/hotel/maso-valfloriana-capriana	+39 345 959 0494
B&B La Casa del Mugnaio	lacasadelmugnaio@gmail.com	https://www.hotelsdrop.com/hotel/b-b-la-casa-del-mugnaio-capriata-d-orba	+39 349 610 6589
Residenza Novi	residenzanovi@gmail.com	https://www.hotelsdrop.com/hotel/residenza-novi-capriata-d-orba	+39 391 147 5870
B&B - B2in Suite and Office	nome@email.it	https://www.hotelsdrop.com/hotel/b-b-b2in-suite-and-office-capriate-san-gervasio	+39 375 633 0287
B&B FAMILY FIRST, Piscina e Parco Giochi [Bed & Breakfast a Leolandia]	info@bebfamilyfirst.it	https://www.hotelsdrop.com/hotel/b-b-family-first-piscina-e-parco-giochi-bed-brea-capriate-san-gervasio	+39 329 690 6419
B&B Cascina Dei Levrieri	support@imcreator.com	https://www.hotelsdrop.com/hotel/b-b-cascina-dei-levrieri-capriglio	+39 392 258 3105
La Paladina Foresteria Lombarda	info@foresterialapaladina.it	https://www.hotelsdrop.com/hotel/la-paladina-foresteria-lombarda-caprino-bergamasco	+39 338 477 9239
CORTE CAIAR Bed&Breakfast	elena.cortecaiar@gmail.com	https://www.hotelsdrop.com/hotel/corte-caiar-bed-breakfast-caprino-veronese	+39 340 790 9054
POGGIO CAIAR Bed & Breakfast	info@poggiocaiar.it	https://www.hotelsdrop.com/hotel/poggio-caiar-bed-breakfast-caprino-veronese	+39 349 942 8828
Relais Fontana Rosa	relaisfontanarosa@gmail.com	https://www.hotelsdrop.com/hotel/relais-fontana-rosa-caprino-veronese	+39 333 852 8982
B&B Civico 69 Franciacorta	%20info@civico69franciacorta.com	https://www.hotelsdrop.com/hotel/b-b-civico-69-franciacorta-capriolo	+39 338 871 6751
Casitamia	casitamia19@gmail.com	https://www.hotelsdrop.com/hotel/casitamia-capriolo	+39 338 522 7408
B&B Luna sul Collio	info@lunasulcollio.it	https://www.hotelsdrop.com/hotel/b-b-luna-sul-collio-capriva-del-friuli	+39 393 784 2433
Giardini di Eva B&B	giardinidieva@yahoo.com	https://www.hotelsdrop.com/hotel/giardini-di-eva-b-b-capriva-del-friuli	+39 375 810 5610
Relais Russiz Superiore	info@marcofelluga.it	https://www.hotelsdrop.com/hotel/relais-russiz-superiore-capriva-del-friuli	+39 331 663 6919
B&B Grazia Bed and Breakfast a Capua	info@bbcasadigraziaacapua.com	https://www.hotelsdrop.com/hotel/b-b-grazia-bed-and-breakfast-a-capua-capua	+39 320 914 8228
beb porta roma	info@bebportaroma.it	https://www.hotelsdrop.com/hotel/beb-porta-roma-capua	+39 347 835 5967
Carioca Aparthotel	sambasstays@gmail.com	https://www.hotelsdrop.com/hotel/carioca-aparthotel-capua	+39 338 175 7339
Casa aragona b&b	info@casaaragona.it	https://www.hotelsdrop.com/hotel/casa-aragona-b-b-capua	+39 338 872 3231
Royal Residence	info@royalresidence.it	https://www.hotelsdrop.com/hotel/royal-residence-capua	+39 376 262 1390
casa dei nonni	taninobattista@gmail.com	https://www.hotelsdrop.com/hotel/casa-dei-nonni-capurso	+39 347 905 7297
Dimora del Balì	dimoradelbali@gmail.com	https://www.hotelsdrop.com/hotel/dimora-del-bali-capurso	+39 345 623 7062
Il Cantico B&B	info@ilcanticobeb.it	https://www.hotelsdrop.com/hotel/il-cantico-b-b-capurso	+39 353 404 2656
Roses Suite & Apartments	info@rosessuite.it	https://www.hotelsdrop.com/hotel/roses-suite-apartments-capurso	+39 339 792 7508
Tenuta Barone	info@tenutabaroneresort.it	https://www.hotelsdrop.com/hotel/tenuta-barone-capurso	+39 375 963 9818
Agriturismo Ceratti	info@ceratti.it	https://www.hotelsdrop.com/hotel/agriturismo-ceratti-caraffa-del-bianco	+39 320 117 3275
Bed and Breakfast Terre del Sud	info@bebterredelsud.it	https://www.hotelsdrop.com/hotel/bed-and-breakfast-terre-del-sud-caraffa-del-bianco	+39 340 779 6477
B&B Catanzaro Russo Rooms	assistenza@webador.it	https://www.hotelsdrop.com/hotel/b-b-catanzaro-russo-rooms-caraffa-di-catanzaro	+39 320 559 2944
B&B La Collina Dei Poeti	info@googaia.it	https://www.hotelsdrop.com/hotel/b-b-la-collina-dei-poeti-caraffa-di-catanzaro	+39 328 564 0521
B&B Melina Catanzaro Settingiano	info@bbmelina.it	https://www.hotelsdrop.com/hotel/b-b-melina-catanzaro-settingiano-caraffa-di-catanzaro	+39 349 454 9307
Blu Marine	info@blu-marine.it	https://www.hotelsdrop.com/hotel/blu-marine-caraffa-di-catanzaro	+39 351 390 9082
Villa Maria Bed & Breakfast	info@villamariabb.com	https://www.hotelsdrop.com/hotel/villa-maria-bed-breakfast-caraffa-di-catanzaro	+39 320 211 4897
Cascina Rosa	infocascinarosa@gmail.com	https://www.hotelsdrop.com/hotel/cascina-rosa-caraglio	+39 347 353 1044
Virasol B&B	info@virasol.it	https://www.hotelsdrop.com/hotel/virasol-b-b-caraglio	+39 338 190 0121
Affittacamere Famiglia Do	affittacamerefamigliado@gmail.com	https://www.hotelsdrop.com/hotel/affittacamere-famiglia-do-caramagna-piemonte	+39 348 004 5887
Fattoria Sociale Paideia - Caramagna Piemonte	info@fattoriasocialepaideia.it	https://www.hotelsdrop.com/hotel/fattoria-sociale-paideia-caramagna-piemonte-caramagna-piemonte	+39 342 922 9423
Hotel Cercone	prenotazioni@hotelcercone.it	https://www.hotelsdrop.com/hotel/hotel-cercone-caramanico-terme	+39 327 686 6150
Hotel La Maielletta	info@lamaielletta.it	https://www.hotelsdrop.com/hotel/hotel-la-maielletta-caramanico-terme	+39 392 809 1743
HOTEL VIOLA & PIZZERIA "DAI VIOLA"	info@violahotel.it	https://www.hotelsdrop.com/hotel/hotel-viola-pizzeria-dai-viola-caramanico-terme	+39 388 477 0310
B&B '900	contact@globostay.com	https://www.hotelsdrop.com/hotel/b-b-900-carapelle	+39 347 968 8132
B&B MariLù	bebmarilu.fg@gmail.com	https://www.hotelsdrop.com/hotel/b-b-marilu-carapelle	+39 351 325 2441
Bunker degli inventori	paolabuccinotti@gmail.com	https://www.hotelsdrop.com/hotel/bunker-degli-inventori-carapelle	+39 327 944 0639
Dimora in Fiore	info@dimorainfiore.it	https://www.hotelsdrop.com/hotel/dimora-in-fiore-carapelle	+39 351 314 8493
Residenza del Sele B&B Luxury	residenzadelsele@gmail.com	https://www.hotelsdrop.com/hotel/residenza-del-sele-b-b-luxury-carapelle	+39 331 437 3464
B&B La Terrazza	info@bb-laterrazza.it	https://www.hotelsdrop.com/hotel/b-b-la-terrazza-carasco	+39 328 472 1124
B&B Rivarola al Tempo dei Castelli	info@bbrivarola.it	https://www.hotelsdrop.com/hotel/b-b-rivarola-al-tempo-dei-castelli-carasco	+39 347 234 7157
Ca' da Tollo B&B	info@dakota-ent.it	https://www.hotelsdrop.com/hotel/ca-da-tollo-b-b-carasco	+39 335 586 0555
Agriturismo Annarella	info@agriturismoannarella.it	https://www.hotelsdrop.com/hotel/agriturismo-annarella-carassai	+39 333 353 8208
Agriturismo C'era una volta	fattoriaceraunavolta@gmail.com	https://www.hotelsdrop.com/hotel/agriturismo-c-era-una-volta-carassai	+39 333 504 8441
Agriturismo La casa del vecchio mulino	contatti@casavecchiomulino.it	https://www.hotelsdrop.com/hotel/agriturismo-la-casa-del-vecchio-mulino-carassai	+39 331 428 0492
Agriturismo La Favella	agrit.lafavella@gmail.com	https://www.hotelsdrop.com/hotel/agriturismo-la-favella-carassai	+39 370 365 8577
Agriturismo Nonno Pio	info@nonnopio.it	https://www.hotelsdrop.com/hotel/agriturismo-nonno-pio-carassai	+39 339 750 1218
Camping San Procolo	info@sanprocolo.com	https://www.hotelsdrop.com/hotel/camping-san-procolo-carassai	+39 338 172 5422
La Cicala Agriturismo	info@lacicalagriturismo.it	https://www.hotelsdrop.com/hotel/la-cicala-agriturismo-carassai	+39 333 283 3905
La Rosa e La Viola	info@larosaelaviola.it	https://www.hotelsdrop.com/hotel/la-rosa-e-la-viola-carassai	+39 347 992 7204
Locanda del Sole Agriturismo Ristorante Osteria Cucina Tradizionale Carne Marchigiana Alloggi Piscina Eventi	contatto@esempio.it	https://www.hotelsdrop.com/hotel/locanda-del-sole-agriturismo-ristorante-osteria-carassai	+39 347 723 9767
Agriturismo San Genesio	info@agriturismosangenesio.it	https://www.hotelsdrop.com/hotel/agriturismo-san-genesio-carate-brianza	+39 324 445 2123
CASA MORELLI | Boutique Hotel in Brianza	info@casa-morelli.com	https://www.hotelsdrop.com/hotel/casa-morelli-boutique-hotel-in-brianza-carate-brianza	+39 393 815 4079
Locanda La Piana	info@locandalapiana.it	https://www.hotelsdrop.com/hotel/locanda-la-piana-carate-brianza	+39 338 761 8063
B&B A Casa di Camilla	info@acasadicamilla.it	https://www.hotelsdrop.com/hotel/b-b-a-casa-di-camilla-carate-urio	+39 339 717 6468
Darsena di Riva Grande	info@ladarsenadirivagrande.com	https://www.hotelsdrop.com/hotel/darsena-di-riva-grande-carate-urio	+39 329 054 3623
Una Terrazza da Sogno	info@rentallcomo.com	https://www.hotelsdrop.com/hotel/una-terrazza-da-sogno-carate-urio	+39 392 030 4003
La Rosa Del Lago	larosadellago@gmail.com	https://www.hotelsdrop.com/hotel/la-rosa-del-lago-caravate	+39 391 131 5411
Agriturismo Primo Bacio - IT008019B56FLUOB9S	agriprimobacio@gmail.com	https://www.hotelsdrop.com/hotel/agriturismo-primo-bacio-it008019b56fluob9s-caravonica	+39 338 825 5609
B&B L'Infinito	bbinfinito@hotmail.it	https://www.hotelsdrop.com/hotel/b-b-l-infinito-carbognano	+39 349 493 2459
Dimore Santa Maria	info@dimoresantamaria.it	https://www.hotelsdrop.com/hotel/dimore-santa-maria-carbognano	+39 320 531 9458
Ros's house	contact@globostay.com	https://www.hotelsdrop.com/hotel/ros-s-house-carbognano	+39 328 917 4255
Agriturismo Cascina San Carlo	info@agriturismocascinasancarlo.com	https://www.hotelsdrop.com/hotel/agriturismo-cascina-san-carlo-carbonara-al-ticino	+39 333 796 3917
Raphaëlle Relais	info@hotel.com	https://www.hotelsdrop.com/hotel/raphaelle-relais-carbonara-di-nola	+39 351 046 7669
Hotel Sette e Mezzo	sette.mezzo@tiscali.it	https://www.hotelsdrop.com/hotel/hotel-sette-e-mezzo-carbone	+39 347 350 6583
Leukòs Bed and Breakfast	leukosprenotazioni@gmail.com	https://www.hotelsdrop.com/hotel/leukos-bed-and-breakfast-carbone	+39 347 835 9461
A casa di Ita	booking@acasadiita.it	https://www.hotelsdrop.com/hotel/a-casa-di-ita-carbonera	+39 349 801 1273
Bed and breakfast Canziane - Treviso	info@canziane.it	https://www.hotelsdrop.com/hotel/bed-and-breakfast-canziane-treviso-carbonera	+39 349 249 4389
Hotel Roy Treviso	%20info@royhotel.it	https://www.hotelsdrop.com/hotel/hotel-roy-treviso-carbonera	+39 338 600 9560
Palazzina 300	info@palazzina300.com	https://www.hotelsdrop.com/hotel/palazzina-300-carbonera	+39 389 781 4467
Trevisi27	bebtrevisi27@gmail.com	https://www.hotelsdrop.com/hotel/trevisi27-carbonera	+39 393 338 8333
B&B Del Viale	delvialebnb@gmail.com	https://www.hotelsdrop.com/hotel/b-b-del-viale-carbonia	+39 328 724 2187
B&B Le Dune	ledunebedandbreakfast@gmail.com	https://www.hotelsdrop.com/hotel/b-b-le-dune-carbonia	+39 328 411 8619
B&B Luna Blu	info@bblunablu.it	https://www.hotelsdrop.com/hotel/b-b-luna-blu-carbonia	+39 346 831 2867
B&B Oasi	bnboasi1@gmail.com	https://www.hotelsdrop.com/hotel/b-b-oasi-carbonia	+39 348 378 4624
BED and BREAKFAST Domus de Janas	bbdomusdejanas@gmail.com	https://www.hotelsdrop.com/hotel/bed-and-breakfast-domus-de-janas-carbonia	+39 392 384 9012
BED AND BREAKFAST IL Nido SANT'ANTIOCO	info@ilnidobeb.com	https://www.hotelsdrop.com/hotel/bed-and-breakfast-il-nido-sant-antioco-carbonia	+39 349 730 1923
Tzia Lillina B&B	prenotazioni@tzialillina.it	https://www.hotelsdrop.com/hotel/tzia-lillina-b-b-carbonia	+39 348 384 9749
A casa di Alfonso Malpensa Airport	info@acasadialfonso.com	https://www.hotelsdrop.com/hotel/a-casa-di-alfonso-malpensa-airport-cardano-al-campo	+39 371 511 3398
B&B Le Betulle	francesca.lebetulle@outlook.com	https://www.hotelsdrop.com/hotel/b-b-le-betulle-cardano-al-campo	+39 345 350 6104
Cristel Malpensa Bed & Breakfast	angelabonomo1962@gmail.com	https://www.hotelsdrop.com/hotel/cristel-malpensa-bed-breakfast-cardano-al-campo	+39 339 261 0154
Fly Bed - For	bedfiera@gmail.com	https://www.hotelsdrop.com/hotel/fly-bed-for-cardano-al-campo	+39 348 043 3806
La casa delle Betulle	francesca.lebetulle@outlook.com	https://www.hotelsdrop.com/hotel/la-casa-delle-betulle-cardano-al-campo	+39 345 350 6104
Le Quattro Stelle Villa CIN: IT012032B4U8Y7CGSB	info@rada.homes	https://www.hotelsdrop.com/hotel/le-quattro-stelle-villa-cin-it012032b4u8y7cgsb-cardano-al-campo	+39 348 400 9416
Agriturismo Nuraghe Murtarba	nuraghemurtarba@tiscali.it	https://www.hotelsdrop.com/hotel/agriturismo-nuraghe-murtarba-cardedu	+39 328 698 3126
Agriturismo Sa Perda Arrubia(Solo pernottamento e uso cucina in comune)	info@perdaarrubia.it	https://www.hotelsdrop.com/hotel/agriturismo-sa-perda-arrubia-solo-pernottamento-cardedu	+39 328 333 2274
Agriturismo Su Barraccu	info@subarraccu.it	https://www.hotelsdrop.com/hotel/agriturismo-su-barraccu-cardedu	+39 334 949 4062
Agriturismo Turudhis	agriturudhis@gmail.com	https://www.hotelsdrop.com/hotel/agriturismo-turudhis-cardedu	+39 340 333 8733
B&B Cardedu	bbcardedu.casamuseddu@gmail.com	https://www.hotelsdrop.com/hotel/b-b-cardedu-cardedu	+39 350 092 3284
@MYHOME	info@atmyhomebeb.com	https://www.hotelsdrop.com/hotel/myhome-cardeto	+39 327 020 8562
Alfa & Phi (prezzo ridotto per prenotazioni dirette)	alfaefi2@gmail.com	https://www.hotelsdrop.com/hotel/alfa-phi-prezzo-ridotto-per-prenotazioni-dirette-cardeto	+39 349 458 6158
Pavean Suites Frattaminore	info@paveansuites.com	https://www.hotelsdrop.com/hotel/pavean-suites-frattaminore-cardito	+39 334 704 7940
B&B A Pochi Passi	info@bbapochipassi.it	https://www.hotelsdrop.com/hotel/b-b-a-pochi-passi-card	+39 346 028 3204
B&B Guest House Ai Cappuccini, Noicattaro Ba	info@aicappuccini.it	https://www.hotelsdrop.com/hotel/b-b-guest-house-ai-cappuccini-noicattaro-ba-card	+39 348 381 6598
B&B Relais Del Senatore	info@apuliaaccommodation.it	https://www.hotelsdrop.com/hotel/b-b-relais-del-senatore-card	+39 320 532 7250
Bed & Breakfast di Nonna Pina	a.galati2004@libero.it	https://www.hotelsdrop.com/hotel/bed-breakfast-di-nonna-pina-card	+39 389 683 6416
Bed and Breakfast Soffio di Vento	info@soffiodivento.it	https://www.hotelsdrop.com/hotel/bed-and-breakfast-soffio-di-vento-carema	+39 328 222 7781
d'ARTEmisia Chambre d'hôtes	info@dartemisia.it	https://www.hotelsdrop.com/hotel/d-artemisia-chambre-d-hotes-carema	+39 348 323 9355
San Martin Holidays Home	info@sanmartinvda.it	https://www.hotelsdrop.com/hotel/san-martin-holidays-home-carema	+39 380 478 9203
B&B L’Altro Tempo	casamanaralatte@gmail.com	https://www.hotelsdrop.com/hotel/b-b-l-altro-tempo-caresanablot	+39 335 695 1633
la Campeggia	lacampeggia@unatresca.it	https://www.hotelsdrop.com/hotel/la-campeggia-carezzano	+39 379 297 8231
Almarea case vacanza	info@almareacalabria.it	https://www.hotelsdrop.com/hotel/almarea-case-vacanza-carfizzi	+39 350 012 6789
B&B "Nonna Pina"	info@bebnonnapina.it	https://www.hotelsdrop.com/hotel/b-b-nonna-pina-carfizzi	+39 351 910 6760
Mediterraneo bed and breakfast ed appartamenti	info@bebmediterraneo.it	https://www.hotelsdrop.com/hotel/mediterraneo-bed-and-breakfast-ed-appartamenti-carfizzi	+39 338 419 9770
Antiche Conce rooms	leanticheconce@gmail.com	https://www.hotelsdrop.com/hotel/antiche-conce-rooms-cargeghe	+39 393 021 4791
B&B SAN LORENZO CARIATI	sanlorenzocariati@gmail.com	https://www.hotelsdrop.com/hotel/b-b-san-lorenzo-cariati-cariati	+39 338 680 5065
Affittacamere Carignano: Tra Menta e Meliga	info@tramentaemeliga.it	https://www.hotelsdrop.com/hotel/affittacamere-carignano-tra-menta-e-meliga-carignano	+39 347 378 7920
Cappuccini Green Relax	cappuccinigreenrelax@gmail.com	https://www.hotelsdrop.com/hotel/cappuccini-green-relax-carini	+39 338 213 0913
Dojo Idro rooms	contatto@esempio.it	https://www.hotelsdrop.com/hotel/dojo-idro-rooms-carini	+39 348 386 7904
HUB Rooms	hubcoworking24@gmail.com	https://www.hotelsdrop.com/hotel/hub-rooms-carini	+39 329 311 2971
Agriturismo Masseria Campierti	info@masseriacampierti.it	https://www.hotelsdrop.com/hotel/agriturismo-masseria-campierti-carinola	+39 333 974 6654
Hotel Sinuessa Terme	info@sinuessahotel.it	https://www.hotelsdrop.com/hotel/hotel-sinuessa-terme-carinola	+39 366 755 7883
VILLA CECILIA BED AND BREAKFAST	info@villaceciliabeb.it	https://www.hotelsdrop.com/hotel/villa-cecilia-bed-and-breakfast-carinola	+39 320 367 2364
B&B Casa di Lia	bebcasadilia@gmail.com	https://www.hotelsdrop.com/hotel/b-b-casa-di-lia-carisio	+39 331 837 6875
B&B Casa il Sasso Pinzolo	info@casailsasso.it	https://www.hotelsdrop.com/hotel/b-b-casa-il-sasso-pinzolo-carisolo	+39 331 280 4276
Agriturismo De Girolamo (Equiturismo)	ciao@agriturismodegirolamo.it	https://www.hotelsdrop.com/hotel/agriturismo-de-girolamo-equiturismo-carlantino	+39 347 164 8120
l'Oasi di Rosi - Affittacamere	oasidirosi@gmail.com%20	https://www.hotelsdrop.com/hotel/l-oasi-di-rosi-affittacamere-carlantino	+39 339 112 1726
Villaggio turistico lago dorato	reservation@villaggiolagodorato.com	https://www.hotelsdrop.com/hotel/villaggio-turistico-lago-dorato-carlazzo	+39 348 198 3061
Agriturismo Le Chiuse	agriturismo@lechiuse.net	https://www.hotelsdrop.com/hotel/agriturismo-le-chiuse-carlentini	+39 347 092 6328
i Santuzzi BeB	info@isantuzzi.com	https://www.hotelsdrop.com/hotel/i-santuzzi-beb-carlentini	+39 334 366 9164
Il Giardino del Sole	info@ilgiardinodelsole.it	https://www.hotelsdrop.com/hotel/il-giardino-del-sole-carlentini	+39 333 329 1842
La Terrazza di Cirico'	beblaterrazzadicirico@gmail.com	https://www.hotelsdrop.com/hotel/la-terrazza-di-cirico-carlentini	+39 339 684 1807
Residenza Cuntin Carloforte	forestisrl@arubapec.it	https://www.hotelsdrop.com/hotel/residenza-cuntin-carloforte-carloforte	+39 334 360 7166
Trilli EcoBnb	info@trilliecobnb.com	https://www.hotelsdrop.com/hotel/trilli-ecobnb-carloforte	+39 379 296 0887
Affittacamere Sogni d'Oro	info@ilsognidoro.it	https://www.hotelsdrop.com/hotel/affittacamere-sogni-d-oro-carlopoli	+39 342 829 8665
B&B I Portici	gaglianeseylenia@libero.it	https://www.hotelsdrop.com/hotel/b-b-i-portici-carlopoli	+39 388 178 7722
B&B La Casa Dama Guest-House	assistenza@webador.it	https://www.hotelsdrop.com/hotel/b-b-la-casa-dama-guest-house-carlopoli	+39 377 301 1838
Trattoria Dei Due Citroni	giovannichiavazza@gmail.com	https://www.hotelsdrop.com/hotel/trattoria-dei-due-citroni-carmagnola	+39 328 730 9660
Terra di Negroamaro Agriturismo	info@terradinegroamaro.it	https://www.hotelsdrop.com/hotel/terra-di-negroamaro-agriturismo-carmiano	+39 338 218 7000
Agriturismo Frigionaia	%20info@frigionaia.it	https://www.hotelsdrop.com/hotel/agriturismo-frigionaia-carmignano	+39 347 228 2947
Agriturismo La Fattoria di Capezzana	capezzana@capezzana.it	https://www.hotelsdrop.com/hotel/agriturismo-la-fattoria-di-capezzana-carmignano	+39 331 175 7918
Agriturismo Sotto la Rocca	info@damerini.it	https://www.hotelsdrop.com/hotel/agriturismo-sotto-la-rocca-carmignano	+39 333 944 4326
B&B La Rocca	info@bnb-larocca.com	https://www.hotelsdrop.com/hotel/b-b-la-rocca-carmignano	+39 338 975 1608
BB "Al 21"	info@hotelvillasanmichele.com	https://www.hotelsdrop.com/hotel/bb-al-21-carmignano	+39 338 640 8750
Hotel Villa S. Michele	info@hotelvillasanmichele.com	https://www.hotelsdrop.com/hotel/hotel-villa-s-michele-carmignano	+39 338 640 8750
Matana B&B	cinzia@matana-bb.it	https://www.hotelsdrop.com/hotel/matana-b-b-carmignano	+39 349 754 3410
Ristorante Tradate con Alloggio	ristorantetradate@gmail.com	https://www.hotelsdrop.com/hotel/ristorante-tradate-con-alloggio-carnago	+39 333 934 9957
B&B Rossini luxury 3	info@rossiniluxury.it	https://www.hotelsdrop.com/hotel/b-b-rossini-luxury-3-carolei	+39 327 829 3097
La Casetta nel Borgo	lacasettanelborgo7@gmail.com	https://www.hotelsdrop.com/hotel/la-casetta-nel-borgo-carolei	+39 328 031 3741
B&B Campo Base	bbcampobase@gmail.com	https://www.hotelsdrop.com/hotel/b-b-campo-base-carona	+39 328 827 1803
Rifugio Terrerosse Nuova Gestione 2023	info@rifugioterrerosse.com	https://www.hotelsdrop.com/hotel/rifugio-terrerosse-nuova-gestione-2023-carona	+39 348 179 5021
Casa Vacanze Camastra	casavancanzecamastra@gmail.com	https://www.hotelsdrop.com/hotel/casa-vacanze-camastra-caronia	337 661 272
Casa Vacanze Le Casette	lecasette91@libero.it	https://www.hotelsdrop.com/hotel/casa-vacanze-le-casette-caronia	+39 339 420 1499
B&B Ghe Sem Morazzone Storia e Tradizione	ghe.sem.morazzone@gmail.com	https://www.hotelsdrop.com/hotel/b-b-ghe-sem-morazzone-storia-e-tradizione-caronno-varesino	+39 339 401 6839
B&B VillaMonterosa	villamonterosa@gmail.com	https://www.hotelsdrop.com/hotel/b-b-villamonterosa-caronno-varesino	+39 335 608 8957
B&B Nanze' e Rete' - Esperienze Pugliesi	bbneresperienzepugliesi@gmail.com	https://www.hotelsdrop.com/hotel/b-b-nanze-e-rete-esperienze-pugliesi-carosino	+39 377 326 9101
San Cataldo Hotel	info@sancataldohotel.it	https://www.hotelsdrop.com/hotel/san-cataldo-hotel-carosino	+39 380 284 1075
Arya Nobile Dimora	info@resortarya.com	https://www.hotelsdrop.com/hotel/arya-nobile-dimora-carovigno	+39 388 691 5531
Bed and Breakfast Demetra	bebdemetracarovigno@gmail.com	https://www.hotelsdrop.com/hotel/bed-and-breakfast-demetra-carovigno	+39 380 755 7467
BED&BREAD Piazza 'Nzegna	bbreadpiazza@gmail.com	https://www.hotelsdrop.com/hotel/bed-bread-piazza-nzegna-carovigno	+39 327 402 3097
Casa Angela Rosa	info@angelarosa.it	https://www.hotelsdrop.com/hotel/casa-angela-rosa-carovigno	+39 349 879 8647
Isola Verde Agriturismo	info@isolaverdeagriturismo.it	https://www.hotelsdrop.com/hotel/isola-verde-agriturismo-carovigno	+39 338 336 0295
La Caletta B&B	lacalettabb@gmail.com	https://www.hotelsdrop.com/hotel/la-caletta-b-b-carovigno	+39 338 816 7318
Snowake House	snowakehouse@gmail.com	https://www.hotelsdrop.com/hotel/snowake-house-carovilli	+39 334 822 6594
Agriturismo Campogrande	info@campo-grande.com	https://www.hotelsdrop.com/hotel/agriturismo-campogrande-carpaneto-piacentino	+39 338 205 2142
B&B Il Bughetto	info@ilbughetto.it	https://www.hotelsdrop.com/hotel/b-b-il-bughetto-carpegna	+39 347 140 6480
B&B IL POGGIO	bbpoggio@gmail.com	https://www.hotelsdrop.com/hotel/b-b-il-poggio-carpegna	+39 346 608 0511
B&B Molino Del Gobbo	info@molinodelgobbo.com	https://www.hotelsdrop.com/hotel/b-b-molino-del-gobbo-carpegna	+39 339 142 1460
Bed and Breakfast Dal Tenente - Caffè del Corso	info.daltenente@gmail.com	https://www.hotelsdrop.com/hotel/bed-and-breakfast-dal-tenente-caffe-del-corso-carpegna	+39 347 068 4368
Locanda al Coppo	eben@eyebytes.com	https://www.hotelsdrop.com/hotel/locanda-al-coppo-carpegna	+39 351 891 9774
Podere Fabbrani	prenotazioni@poderefabbrani.it	https://www.hotelsdrop.com/hotel/podere-fabbrani-carpegna	+39 351 764 7893
Casa nel Vicolo	info@casanelvicolo.it	https://www.hotelsdrop.com/hotel/casa-nel-vicolo-carpenedolo	+39 349 612 4421
Agriturismo Montebi	info@montebi.it	https://www.hotelsdrop.com/hotel/agriturismo-montebi-carpeneto	+39 344 162 8072
B&B Casa Dormiveglia	info@casadormiveglia.com	https://www.hotelsdrop.com/hotel/b-b-casa-dormiveglia-carpeneto	+39 348 767 2113
B&B Cascina Rosa Camilla	info@cascinarosacamilla.it	https://www.hotelsdrop.com/hotel/b-b-cascina-rosa-camilla-carpeneto	+39 375 770 6358
Hotel Ristorante La Bruceta	juririsso37@gmail.com	https://www.hotelsdrop.com/hotel/hotel-ristorante-la-bruceta-carpeneto	+39 345 604 4090
WineBikeHostel	605a7baede844d278b89dc95ae0a9123@sentry-next.wixpress.com	https://www.hotelsdrop.com/hotel/winebikehostel-carpeneto	+39 347 493 0192
Agriturismo La Stumina	agrilastumina@gmail.com	https://www.hotelsdrop.com/hotel/agriturismo-la-stumina-carpi	+39 347 253 5672
B&B La Francesa	beblafrancesa@gmail.com	https://www.hotelsdrop.com/hotel/b-b-la-francesa-carpi	+39 329 746 8357
B&B Villa dei Cigni Reali	villadeicignireali@virgilio.it	https://www.hotelsdrop.com/hotel/b-b-villa-dei-cigni-reali-carpi	+39 333 140 8840
Carpi Suite – Appartamento B&B a Carpi	info@carpisuite.it	https://www.hotelsdrop.com/hotel/carpi-suite-appartamento-b-b-a-carpi-carpi	+39 350 131 2954
Da Maxim affittacamere	support@centralstay.eu	https://www.hotelsdrop.com/hotel/da-maxim-affittacamere-carpi	+39 351 593 2373
L'Andito	info@landito.it	https://www.hotelsdrop.com/hotel/l-andito-carpi	+39 338 494 7395
AGRITURISMO TENUTA KYRIOS	info@tenutakyrios.it	https://www.hotelsdrop.com/hotel/agriturismo-tenuta-kyrios-carpignano-salentino	+39 334 171 7972
Calura Residence	info@caluraresidence.com	https://www.hotelsdrop.com/hotel/calura-residence-carpignano-salentino	+39 347 618 6999
Corte dei Salentini B&B	cortedeisalentini@gmail.com	https://www.hotelsdrop.com/hotel/corte-dei-salentini-b-b-carpignano-salentino	+39 333 328 3336
Masseria Giamarra	info@masseriagiamarra.it	https://www.hotelsdrop.com/hotel/masseria-giamarra-carpignano-salentino	+39 329 577 0996
Masseria San Cosimo Agriresort	info@masseriasancosimo.it	https://www.hotelsdrop.com/hotel/masseria-san-cosimo-agriresort-carpignano-salentino	+39 392 133 3085
SALENTO GUESTHOUSE	info2@salentoguesthouse.com	https://www.hotelsdrop.com/hotel/salento-guesthouse-carpignano-salentino	+39 333 820 4566
Hotel Ristorante Pizzeria Parco	info@hotelristoranteparco.it	https://www.hotelsdrop.com/hotel/hotel-ristorante-pizzeria-parco-carpineti	+39 333 594 8124
Residence Albergo Tre Re	apr.snc@gmail.com	https://www.hotelsdrop.com/hotel/residence-albergo-tre-re-carpineti	+39 388 449 2354
Villa Clorè Hotel & Spa	info@villaclore.it	https://www.hotelsdrop.com/hotel/villa-clore-hotel-spa-carpineti	+39 328 666 3970
ALMOND B&B	prenotazioni@almondbb.it	https://www.hotelsdrop.com/hotel/almond-b-b-carpineto-della-nora	+39 328 579 0436
B&B L'albero di Antonia	info@lalberodiantonia.it	https://www.hotelsdrop.com/hotel/b-b-l-albero-di-antonia-carpineto-della-nora	+39 340 928 7626
Bed and Breakfast La Casa del Casale	info@lacasadelcasale.com	https://www.hotelsdrop.com/hotel/bed-and-breakfast-la-casa-del-casale-carpineto-della-nora	+39 333 546 6416
Bed and Breakfast La Casa di Rinaldo	info@lacasadirinaldo.it	https://www.hotelsdrop.com/hotel/bed-and-breakfast-la-casa-di-rinaldo-carpineto-della-nora	+39 339 267 8034
Bed and Breakfast Le Valli del Cerrano	info@levallidelcerrano.com	https://www.hotelsdrop.com/hotel/bed-and-breakfast-le-valli-del-cerrano-carpineto-della-nora	+39 340 744 0842
Casale Adriatico B&B	info@casaleadriatico.it	https://www.hotelsdrop.com/hotel/casale-adriatico-b-b-carpineto-della-nora	+39 351 358 8239
B&B Villa Olimpia	info@villaolimpia.com	https://www.hotelsdrop.com/hotel/b-b-villa-olimpia-carpineto-romano	+39 335 598 6863
Agriturismo Il Tratturo	assistenza@webador.it	https://www.hotelsdrop.com/hotel/agriturismo-il-tratturo-carpineto-sinello	+39 335 584 6780
B&B BellaVista	info@bellavistavasto.it	https://www.hotelsdrop.com/hotel/b-b-bellavista-carpineto-sinello	+39 351 732 9983
B&B La Dimora	bebladimoragissi@gmail.com	https://www.hotelsdrop.com/hotel/b-b-la-dimora-carpineto-sinello	+39 340 401 0074
Bella Vista B&B Gissi | Camere - Appartamenti Vacanze	bellavistagissi@gmail.com	https://www.hotelsdrop.com/hotel/bella-vista-b-b-gissi-camere-appartamenti-vacanz-carpineto-sinello	+39 368 755 9580
Agriturismo Torre Bruno	info@torrebruno.it	https://www.hotelsdrop.com/hotel/agriturismo-torre-bruno-carpino	+39 329 146 5694
B&B Donna Elena Vico del Gargano	info@donnaelena.it	https://www.hotelsdrop.com/hotel/b-b-donna-elena-vico-del-gargano-carpino	+39 377 349 2700
Bed&Breakfast "Belvedere"	info@ctbelvedere.it	https://www.hotelsdrop.com/hotel/bed-breakfast-belvedere-carpino	+39 345 842 8735
Garganomareborghi Vacanze	garganomareborghi@gmail.com	https://www.hotelsdrop.com/hotel/garganomareborghi-vacanze-carpino	+39 349 679 3371
Holiday B&B Vico Del Gargano	info@holidaybb.net	https://www.hotelsdrop.com/hotel/holiday-b-b-vico-del-gargano-carpino	+39 380 327 6692
Casa vacanze Quarto di Sopra	carpinone.monte@gmail.com	https://www.hotelsdrop.com/hotel/casa-vacanze-quarto-di-sopra-carpinone	+39 339 641 6531
B&B Alberica10	info@alberica10.com	https://www.hotelsdrop.com/hotel/b-b-alberica10-carrara	+39 339 840 7055
B&B Nannalia	info@nannalia.it	https://www.hotelsdrop.com/hotel/b-b-nannalia-carrara	+39 392 170 2935
B&B Residenza Marina	info@residenzamarina.it	https://www.hotelsdrop.com/hotel/b-b-residenza-marina-carrara	+39 370 102 4358
B&B Rossana	bbrossana1@gmail.com	https://www.hotelsdrop.com/hotel/b-b-rossana-carrara	+39 351 608 7223
Sally's B&B	sallysbnbit@gmail.com	https://www.hotelsdrop.com/hotel/sally-s-b-b-carrara	+39 342 303 7862
Agriturismo Il Filo di Paglia	info@agriturismoilfilodipaglia.it	https://www.hotelsdrop.com/hotel/agriturismo-il-filo-di-paglia-carro	+39 346 184 9220
Agriturismo Torsivì	info@torsivi.it	https://www.hotelsdrop.com/hotel/agriturismo-torsivi-carro	+39 340 293 7716
Hotel Bar Corallo Moneglia	info@corallomoneglia.it	https://www.hotelsdrop.com/hotel/hotel-bar-corallo-moneglia-carro	+39 340 816 4401
Maison44 Guesthouse Bar Bistrot	info@maison44.it	https://www.hotelsdrop.com/hotel/maison44-guesthouse-bar-bistrot-carro	+39 347 807 6773
Agriturismo Ghirlanda Norma Rita	contatto@esempio.it	https://www.hotelsdrop.com/hotel/agriturismo-ghirlanda-norma-rita-carrodano	+39 328 656 2613
B&B Il Ghiro	info@ilghirodilevanto.it	https://www.hotelsdrop.com/hotel/b-b-il-ghiro-carrodano	+39 347 914 0366
Vista sul forte	vistasulforte@gmail.com	https://www.hotelsdrop.com/hotel/vista-sul-forte-carrosio	+39 348 975 3419
Duo Rooms	info@mondoviridente.it	https://www.hotelsdrop.com/hotel/duo-rooms-carr	+39 340 073 4033
Palazzo Fauzone	info@palazzofauzone.com	https://www.hotelsdrop.com/hotel/palazzo-fauzone-carr	+39 378 303 5504
Beb brekfast sinfonia	bassanosinfonia@gmail.com	https://www.hotelsdrop.com/hotel/beb-brekfast-sinfonia-cartigliano	+39 340 222 7452
Bed And Breakfast Cornio delle Fronde	corniodellefronde@gmail.com	https://www.hotelsdrop.com/hotel/bed-and-breakfast-cornio-delle-fronde-cartoceto	+39 347 900 5329
Casa Vacanze "Il Monte" CIN IT041010C2T5GVND3M	casapartemio@gmail.com	https://www.hotelsdrop.com/hotel/casa-vacanze-il-monte-cin-it041010c2t5gvnd3m-cartoceto	+39 340 154 9357
Agriturismo Luna di Miele	paolaceretti15@gmail.com	https://www.hotelsdrop.com/hotel/agriturismo-luna-di-miele-cartosio	+39 368 300 0253
B&B Santa Libera	bbsantalibera@gmail.com	https://www.hotelsdrop.com/hotel/b-b-santa-libera-cartosio	+39 347 268 1955
Cascina Ciosse	info@cascinaciosse.it	https://www.hotelsdrop.com/hotel/cascina-ciosse-cartosio	+39 334 351 4435
Ristorante Cacciatori di Milano Massimo	info@cacciatoricartosio.com	https://www.hotelsdrop.com/hotel/ristorante-cacciatori-di-milano-massimo-cartosio	+39 379 353 5274
Welcome Milano Guest House	welcomemilano.guesthouse@gmail.com	https://www.hotelsdrop.com/hotel/welcome-milano-guest-house-carugate	+39 388 116 7447
B&B Paradiso	info@bebparadiso.it	https://www.hotelsdrop.com/hotel/b-b-paradiso-carunchio	+39 327 093 5063
Colline del Sole	collinedelsole28@gmail.com	https://www.hotelsdrop.com/hotel/colline-del-sole-carunchio	+39 329 407 5585
Palazzo Tour D'Eau - Abruzzo Cibus	info@abruzzocibus.com	https://www.hotelsdrop.com/hotel/palazzo-tour-d-eau-abruzzo-cibus-carunchio	+39 329 985 4121
B&b e Ristorante Le Rose	enteryour@addresshere.com	https://www.hotelsdrop.com/hotel/b-b-e-ristorante-le-rose-carzano	+39 347 829 4212
B&B Elisè	lorenza.lg.lc@gmail.com	https://www.hotelsdrop.com/hotel/b-b-elise-carzano	+39 339 843 3716
Masetto Egidio Eco-Agritur	info@masettoegidio.it	https://www.hotelsdrop.com/hotel/masetto-egidio-eco-agritur-carzano	+39 333 632 3930
Almaré B&B	avvgiovanniiaconis_crotone@yahoo.itt\	https://www.hotelsdrop.com/hotel/almare-b-b-casabona	+39 377 358 7245
Bed & Breakfast Pitagora	pitagoracrotone@libero.it	https://www.hotelsdrop.com/hotel/bed-breakfast-pitagora-casabona	+39 351 426 7710
Bed and Breakfast "Castello"	%20bbcastellokr@gmail.com	https://www.hotelsdrop.com/hotel/bed-and-breakfast-castello-casabona	+39 329 985 5082
Bed and Breakfast "Magna Grecia" - Crotone	bbmagnagrecia@libero.it	https://www.hotelsdrop.com/hotel/bed-and-breakfast-magna-grecia-crotone-casabona	+39 329 419 7530
B&B Lo Gnomo	beblognomo@libero.it	https://www.hotelsdrop.com/hotel/b-b-lo-gnomo-casacanditella	+39 349 195 1131
Ranieri Events and B&B	info@ranieribb.it	https://www.hotelsdrop.com/hotel/ranieri-events-and-b-b-casacanditella	+39 347 817 3266
Afrodite Guest House	afroditeguesthouse@gmail.com	https://www.hotelsdrop.com/hotel/afrodite-guest-house-casagiove	+39 379 221 1880
Bed & Breakfast Le Fontane del Re	lefontanedelre@tim.it	https://www.hotelsdrop.com/hotel/bed-breakfast-le-fontane-del-re-casagiove	+39 340 607 1979
La sosta in suite	info@lasostainsuite.it	https://www.hotelsdrop.com/hotel/la-sosta-in-suite-casal-di-principe	+39 328 787 2150
Il Profumo dei Sensi	info@ilprofumodeisensi.it	https://www.hotelsdrop.com/hotel/il-profumo-dei-sensi-casal-velino	+39 339 537 9454
Pensione Zio Attilio	info@pensionezioattilio.com	https://www.hotelsdrop.com/hotel/pensione-zio-attilio-casal-velino	+39 333 409 1899
Agriturismo Arkadia	support@webador.com	https://www.hotelsdrop.com/hotel/agriturismo-arkadia-casalanguida	+39 351 672 0306
Agriturismo La Costa dei Trabocchi	info@lacostadeitrabocchi.it	https://www.hotelsdrop.com/hotel/agriturismo-la-costa-dei-trabocchi-casalbordino	+39 328 712 5128
Agriturismo Santo Stefano in Rivo Maris Casalbordino lido	info@agririvomaris.it	https://www.hotelsdrop.com/hotel/agriturismo-santo-stefano-in-rivo-maris-casalbor-casalbordino	+39 349 220 5192
B&B Dimora Portanuova	info@dimoraportanuova.it	https://www.hotelsdrop.com/hotel/b-b-dimora-portanuova-casalbordino	+39 338 431 9039
Borgo Sabelli	borgosabelli@gmail.com	https://www.hotelsdrop.com/hotel/borgo-sabelli-casalbordino	+39 339 236 7025
Il Tremolar della Marina	info@iltremolardellamarina.it	https://www.hotelsdrop.com/hotel/il-tremolar-della-marina-casalbordino	+39 389 438 8215
Selene B&B	info@selenebeb.it	https://www.hotelsdrop.com/hotel/selene-b-b-casalbordino	+39 339 433 2794
Bed and breakfast - b&b Viavai	info@viavai.to.it	https://www.hotelsdrop.com/hotel/bed-and-breakfast-b-b-viavai-casalborgone	+39 393 067 8511
Ca'diFra b&b	contatto@esempio.it	https://www.hotelsdrop.com/hotel/ca-difra-b-b-casalborgone	+39 349 722 3181
Castello di Casalborgone	info@casalborgone.com	https://www.hotelsdrop.com/hotel/castello-di-casalborgone-casalborgone	+39 345 628 9769
Emeroteca del 900	info@emerotecadelnovecento.com	https://www.hotelsdrop.com/hotel/emeroteca-del-900-casalborgone	+39 348 826 0809
Agriturismo Murikè	info@murike.it	https://www.hotelsdrop.com/hotel/agriturismo-murike-casalbuono	+39 347 176 7700
B&B Tra i Laghi	nives.brizzi@gmail.com	https://www.hotelsdrop.com/hotel/b-b-tra-i-laghi-casale-corte-cerro	+39 349 527 3788
Il riccio di Ricciano	ilricciodiricciano@virgilio.it	https://www.hotelsdrop.com/hotel/il-riccio-di-ricciano-casale-corte-cerro	+39 347 433 5718
La Colombara Camp&Lodge	info@lacolombaracampandlodge.it	https://www.hotelsdrop.com/hotel/la-colombara-camp-lodge-casale-di-scodosia	+39 345 050 5622
B&B Casa Cerboneschi	casacerboneschi@gmail.com	https://www.hotelsdrop.com/hotel/b-b-casa-cerboneschi-casale-marittimo	+39 347 829 8649
Fattoria Podere i Luoghi	info@fattoriadellagioiosa.it	https://www.hotelsdrop.com/hotel/fattoria-podere-i-luoghi-casale-marittimo	+39 334 384 0188
Il Poggio	info@ilpoggioagriturismo.it	https://www.hotelsdrop.com/hotel/il-poggio-casale-marittimo	+39 348 766 8785
Le Camere del Borgo	info@lecameredelborgo.it	https://www.hotelsdrop.com/hotel/le-camere-del-borgo-casale-marittimo	+39 389 838 8106
Relais San Baio - No Kids	info@sanbaiorelais.it	https://www.hotelsdrop.com/hotel/relais-san-baio-no-kids-casale-marittimo	+39 320 114 0262
Residence Le Fontanelle	info@tuscanyresidence.it	https://www.hotelsdrop.com/hotel/residence-le-fontanelle-casale-marittimo	+39 347 627 6226
Ristorante & Agriturismo Podere Santa Rita	info@agriturismopoderesantarita.it	https://www.hotelsdrop.com/hotel/ristorante-agriturismo-podere-santa-rita-casale-marittimo	335 321 979
THE LΛB™	info@thelabs.it	https://www.hotelsdrop.com/hotel/the-l-b-casale-marittimo	+39 320 380 9677
B&B Villa Mery guest house	villameryguesthouse@gmail.com	https://www.hotelsdrop.com/hotel/b-b-villa-mery-guest-house-casale-monferrato	+39 320 487 7845
Civico4	civico4.tv@gmail.com	https://www.hotelsdrop.com/hotel/civico4-casale-sul-sile	+39 324 926 6495
Hotel Duca D'Aosta	info@dahotel.it	https://www.hotelsdrop.com/hotel/hotel-duca-d-aosta-casale-sul-sile	+39 320 604 8076
Villa Irene - luxury B&B	info@villairene.veneto.it	https://www.hotelsdrop.com/hotel/villa-irene-luxury-b-b-casale-sul-sile	+39 335 590 8000
B&B Ca' di Trittoni	caditrittoni@gmail.com	https://www.hotelsdrop.com/hotel/b-b-ca-di-trittoni-casalecchio-di-reno	+39 327 882 5722
B&B Le Stanze di Erika	info@lestanzedierika.it	https://www.hotelsdrop.com/hotel/b-b-le-stanze-di-erika-casalecchio-di-reno	+39 345 510 8376
Bed & Breakfast Chiusa di Casalecchio	chiusa.casalecchio.bb@gmail.com	https://www.hotelsdrop.com/hotel/bed-breakfast-chiusa-di-casalecchio-casalecchio-di-reno	+39 353 479 7814
Casa Gardel Appartamento per brevi periodi Bed and breakfast	contatto@esempio.it	https://www.hotelsdrop.com/hotel/casa-gardel-appartamento-per-brevi-periodi-bed-a-casalecchio-di-reno	+39 347 526 8888
Cascina Burroni Azienda agricola di Alessia Parodi	cascinaburroni@gmail.com	https://www.hotelsdrop.com/hotel/cascina-burroni-azienda-agricola-di-alessia-paro-casaleggio-boiro	+39 348 076 5985
Villa Cometa	support@villacometa.com	https://www.hotelsdrop.com/hotel/villa-cometa-casaleggio-novara	+39 335 846 0451
Ai Tigli e La Casa Grande di Corte Italia	nome@email.com	https://www.hotelsdrop.com/hotel/ai-tigli-e-la-casa-grande-di-corte-italia-casaleone	+39 347 666 2653
Residenza Stazione	residenzastazione@gmail.com	https://www.hotelsdrop.com/hotel/residenza-stazione-casaleone	+39 345 859 0399
Il Cortile guesthouse Affitti brevi	info@ilcortileguesthouse.it	https://www.hotelsdrop.com/hotel/il-cortile-guesthouse-affitti-brevi-casaletto-lodigiano	+39 375 789 5187
Incanto di Luna	info@incantodiluna.it	https://www.hotelsdrop.com/hotel/incanto-di-luna-casaletto-spartano	+39 392 002 8899
Masseria Agromusicale Cata Catascia	info@masseriacatacatascia.it	https://www.hotelsdrop.com/hotel/masseria-agromusicale-cata-catascia-casaletto-spartano	+39 338 344 3936
Palazzo Menghina	palazzomenghina@gmail.com	https://www.hotelsdrop.com/hotel/palazzo-menghina-casaletto-spartano	+39 393 033 2260
Hotel Dozza	http://info@dozzahotel.it	https://www.hotelsdrop.com/hotel/hotel-dozza-casalfiumanese	+39 392 184 6268
Zappi Cycling Hotel	reservation@zappicyclinghotel.com	https://www.hotelsdrop.com/hotel/zappi-cycling-hotel-casalfiumanese	+39 377 579 3606
Agriturismo Il Casale Grande	agriturismoilcasalegrande@gmail.com	https://www.hotelsdrop.com/hotel/agriturismo-il-casale-grande-casalgrande	+39 337 120 1084
La Riserva	locandariserva@gmail.com	https://www.hotelsdrop.com/hotel/la-riserva-casalgrande	+39 329 116 7353
La Ruota Rooms	info@laruotarooms.it	https://www.hotelsdrop.com/hotel/la-ruota-rooms-casalgrande	+39 393 323 2203
Boulevard 900	mailto.booking@boulevard900.it	https://www.hotelsdrop.com/hotel/boulevard-900-casalgrasso	+39 370 100 0333
B&B Morelli Home	info@morellihome.it	https://www.hotelsdrop.com/hotel/b-b-morelli-home-casali-del-manco	+39 327 189 8530
B&B Svevo	info@svevocosenza.it	https://www.hotelsdrop.com/hotel/b-b-svevo-casali-del-manco	+39 340 853 2090
Centro Sportivo lorica, B&BForesteria, Canoe, Pedalò, Bar Ristorante, Sala eventi, Terrazza panoramica.	info@centrosportivolorica.it	https://www.hotelsdrop.com/hotel/centro-sportivo-lorica-b-bforesteria-canoe-pedal-casali-del-manco	+39 366 296 7309
Dimora "De Matera"	info@dimoradematera.com	https://www.hotelsdrop.com/hotel/dimora-de-matera-casali-del-manco	+39 392 118 2401
Lorica Suite Lago	info@loricasuitelago.it	https://www.hotelsdrop.com/hotel/lorica-suite-lago-casali-del-manco	+39 338 621 3337
LorichiAmo B&b	giuseppe@lorichiamo.com	https://www.hotelsdrop.com/hotel/lorichiamo-b-b-casali-del-manco	+39 320 795 0145
Agriturismo Cascina Graziosa AGMA	camere.agriturismograziosa@gmail.com	https://www.hotelsdrop.com/hotel/agriturismo-cascina-graziosa-agma-casalino	+39 331 213 0542
Castramajora Alloggi	info@dachiappartamenti.com	https://www.hotelsdrop.com/hotel/castramajora-alloggi-casalmaggiore	+39 388 306 6578
TLcafè Hospitality B&B formula	info@torrefazioneladycafe.com	https://www.hotelsdrop.com/hotel/tlcafe-hospitality-b-b-formula-casalmaggiore	+39 338 358 3125
Residence Borromeo Service	info@residenceborromeo.com	https://www.hotelsdrop.com/hotel/residence-borromeo-service-casalmaiocco	+39 333 162 5416
Agriturismo Antica Fornace	anticafornacesoresina@gmail.com	https://www.hotelsdrop.com/hotel/agriturismo-antica-fornace-casalmorano	+39 338 723 9539
Affittacamere Ca’ Biscòtt	cabiscott.mantova@gmail.com	https://www.hotelsdrop.com/hotel/affittacamere-ca-biscott-casalmoro	+39 375 983 7659
B&B Casazze Dream	info@bbcasazzedream.it	https://www.hotelsdrop.com/hotel/b-b-casazze-dream-casalmoro	+39 366 654 9680
B&B La Casa delle Rondini	lacasadellerondini302@gmail.com	https://www.hotelsdrop.com/hotel/b-b-la-casa-delle-rondini-casalmoro	+39 338 225 3100
Bed and Breakfast Casa Pascolone	pascolone@casapascolone.it	https://www.hotelsdrop.com/hotel/bed-and-breakfast-casa-pascolone-casalmoro	+39 335 686 8467
Foresteria Casa del Teatro	info@bebcasadelteatromantova.it	https://www.hotelsdrop.com/hotel/foresteria-casa-del-teatro-casalmoro	+39 345 710 4528
Flore B&B	info@florebnb.com	https://www.hotelsdrop.com/hotel/flore-b-b-casalnuovo-monterotaro	+39 338 375 6973
Agriturismo Nuvolino - Monzambano	agriturismonuvolino@gmail.com	https://www.hotelsdrop.com/hotel/agriturismo-nuvolino-monzambano-casaloldo	+39 339 616 5182
Corte Pomgrana' Bed and Breakfast	info@cortepomgrana.it	https://www.hotelsdrop.com/hotel/corte-pomgrana-bed-and-breakfast-casaloldo	+39 335 613 8617
B&B Antica Piacenza	info@bbpiacenza.com	https://www.hotelsdrop.com/hotel/b-b-antica-piacenza-casalpusterlengo	+39 349 802 2849
Guest House Località Sorbara	ing.francescoperi@gmail.com	https://www.hotelsdrop.com/hotel/guest-house-localita-sorbara-casalromano	+39 335 684 2484
Al Casale B&B	gabriellaboggian@gmail.com	https://www.hotelsdrop.com/hotel/al-casale-b-b-casalserugo	+39 347 706 5853
Room Garden	info@padovabnb.it	https://www.hotelsdrop.com/hotel/room-garden-casalserugo	+39 348 708 8360
Domus Antica Guest House	domusantica@gmail.com	https://www.hotelsdrop.com/hotel/domus-antica-guest-house-casaluce	+39 393 435 7403
il Cortiletto del Borgo	info@ilcortilettodelborgo.it	https://www.hotelsdrop.com/hotel/il-cortiletto-del-borgo-casalvecchio-di-puglia	+39 328 864 8470
Vista Normanna	info@bebpietramontecorvino.it	https://www.hotelsdrop.com/hotel/vista-normanna-casalvecchio-di-puglia	+39 328 355 8080
La Locanda degli amici	info@lalocandadegliamici.it	https://www.hotelsdrop.com/hotel/la-locanda-degli-amici-casalvecchio-siculo	+39 334 190 4529
NUOVA AURORA Rent Rooms	mauparisi@hotmail.com	https://www.hotelsdrop.com/hotel/nuova-aurora-rent-rooms-casalvecchio-siculo	+39 347 038 0652
B&B Castelcicala	info@castelcicala.com	https://www.hotelsdrop.com/hotel/b-b-castelcicala-casamarciano	+39 335 614 2873
B&B Guarini	info@bnbguarini.it	https://www.hotelsdrop.com/hotel/b-b-guarini-casamassima	+39 351 519 0615
B&B Relais del Marchese	prenotazioni@relaisdelmarchese.it	https://www.hotelsdrop.com/hotel/b-b-relais-del-marchese-casamassima	+39 328 032 5052
Bed & Breakfast Via Roma 15	info@bb-viaroma.it	https://www.hotelsdrop.com/hotel/bed-breakfast-via-roma-15-casamassima	+39 327 106 6120
Dimora Rossi	prenotazioni@dimorarossi.it	https://www.hotelsdrop.com/hotel/dimora-rossi-casamassima	+39 339 619 4857
Dimora Storica Palazzo Didonna	palazzodidonna@gmail.com	https://www.hotelsdrop.com/hotel/dimora-storica-palazzo-didonna-casamassima	+39 348 334 2889
Holiday Residence di Michele Lucente	info@holidayresidence.it	https://www.hotelsdrop.com/hotel/holiday-residence-di-michele-lucente-casamassima	+39 348 373 7715
La Maison	beblamaison.acquaviva@gmail.com	https://www.hotelsdrop.com/hotel/la-maison-casamassima	+39 347 299 2220
La Torre del Tempo	info@latorredeltempo.it	https://www.hotelsdrop.com/hotel/la-torre-del-tempo-casamassima	+39 351 192 4840
Hotel El Pamas	info@elpamas.com	https://www.hotelsdrop.com/hotel/hotel-el-pamas-casandrino	+39 345 369 0377
Agriturismo A Canonica	agriturismo.acanonica@gmail.com	https://www.hotelsdrop.com/hotel/agriturismo-a-canonica-casanova-lerrone	+39 339 633 3692
Agriturismo U' Spigu Paravenna - Garlenda	info@agriturismouspigu.it	https://www.hotelsdrop.com/hotel/agriturismo-u-spigu-paravenna-garlenda-casanova-lerrone	+39 339 373 6543
Borgoameno	borgoameno@libero.it	https://www.hotelsdrop.com/hotel/borgoameno-casanova-lerrone	+39 333 252 3231
VILLA BARCA (Casa Carpe Diem)	info@villabarca.com	https://www.hotelsdrop.com/hotel/villa-barca-casa-carpe-diem-casanova-lerrone	+39 353 405 4476
Residence Mirage	contact@mysite.com	https://www.hotelsdrop.com/hotel/residence-mirage-caselle-torinese	+39 331 993 0391
B&B Vanvitelli	bebvanvitelli@gmail.com	https://www.hotelsdrop.com/hotel/b-b-vanvitelli-caserta	+39 392 999 0105
Bed And Breakfast - Conte Spencer	info@contespencer.it	https://www.hotelsdrop.com/hotel/bed-and-breakfast-conte-spencer-caserta	+39 328 322 9332
Real Borbone	info@realborbone.it	https://www.hotelsdrop.com/hotel/real-borbone-caserta	+39 349 824 2067
B&B Ca' Rina	beb.carina@gmail.com	https://www.hotelsdrop.com/hotel/b-b-ca-rina-casier	+39 389 427 6241
Infinity House	ranieri.g@live.it	https://www.hotelsdrop.com/hotel/infinity-house-casier	+39 393 036 2700
Agriturismo Terre di Casalia	info@terredicasalia.it	https://www.hotelsdrop.com/hotel/agriturismo-terre-di-casalia-casina	+39 349 838 2733
Bed & Breakfast L'Uva Fragolina	bebluvafragolina@gmail.com	https://www.hotelsdrop.com/hotel/bed-breakfast-l-uva-fragolina-casina	+39 347 305 3898
Madonna della Corte	info@madonnadellacorte.com	https://www.hotelsdrop.com/hotel/madonna-della-corte-casina	+39 334 294 7423
Home4you Treviglio	info@home4you.it	https://www.hotelsdrop.com/hotel/home4you-treviglio-casirate-d-adda	+39 379 133 0200
B&B ARCOBALENO	contatto@esempio.it	https://www.hotelsdrop.com/hotel/b-b-arcobaleno-caslino-d-erba	+39 339 218 4408
Agriturismo Ca del Lago	info@agriturismocadellago.com	https://www.hotelsdrop.com/hotel/agriturismo-ca-del-lago-casnate-con-bernate	+39 338 638 4217
AGRITURISMO ZERTIN	info@agriturismozertin.com	https://www.hotelsdrop.com/hotel/agriturismo-zertin-casnate-con-bernate	+39 331 650 5822
B&B Alciliegio	info@alciliegio.com	https://www.hotelsdrop.com/hotel/b-b-alciliegio-casnate-con-bernate	+39 347 259 1350
Tenuta Ronco Regio	info@tenutaroncoregio.it	https://www.hotelsdrop.com/hotel/tenuta-ronco-regio-casnate-con-bernate	+39 331 817 8636
La Vigna del Vento	k4b-am@kayak.com	https://www.hotelsdrop.com/hotel/la-vigna-del-vento-casola-di-napoli	+39 339 357 4735
Villa Casola B&B	info@villacasola.it	https://www.hotelsdrop.com/hotel/villa-casola-b-b-casola-di-napoli	+39 389 879 3518
B&b La Risorgiva	larisorgiva.fivizzano@gmail.com	https://www.hotelsdrop.com/hotel/b-b-la-risorgiva-casola-in-lunigiana	+39 340 993 4953
Casa Vinicia	info@casavinicia.it	https://www.hotelsdrop.com/hotel/casa-vinicia-casola-in-lunigiana	+39 371 350 2306
Castello Malaspina di Fosdinovo	info@castellodifosdinovo.it	https://www.hotelsdrop.com/hotel/castello-malaspina-di-fosdinovo-casola-in-lunigiana	+39 349 816 3641
podere groppini	info@agriturismodiladallacqua.it	https://www.hotelsdrop.com/hotel/podere-groppini-casola-in-lunigiana	+39 348 772 2748
Agriturismo Caminata	info@agriturismocaminata.com	https://www.hotelsdrop.com/hotel/agriturismo-caminata-casola-valsenio	+39 349 748 4294
Agriturismo Mariano	info@agriturismomariano.it	https://www.hotelsdrop.com/hotel/agriturismo-mariano-casola-valsenio	+39 339 799 0462
Agriturismo I Casali	info@agriturismoicasali.com	https://www.hotelsdrop.com/hotel/agriturismo-i-casali-casole-d-elsa	+39 340 081 9478
Agriturismo Podere Tremulini	info@poderetremulini.it	https://www.hotelsdrop.com/hotel/agriturismo-podere-tremulini-casole-d-elsa	+39 339 540 5065
Borgo al Cerro	info@borgoalcerro.com	https://www.hotelsdrop.com/hotel/borgo-al-cerro-casole-d-elsa	+39 348 777 6401
Grecinella	info@grecinella.com	https://www.hotelsdrop.com/hotel/grecinella-casole-d-elsa	+39 393 051 2301
HOTEL LA SELVA - HOLISTIC HOTEL	info@madreselva.it	https://www.hotelsdrop.com/hotel/hotel-la-selva-holistic-hotel-casole-d-elsa	+39 393 061 4682
Monti 1824 - Cottages & Apartments	info@poderemonti.net	https://www.hotelsdrop.com/hotel/monti-1824-cottages-apartments-casole-d-elsa	+39 344 509 9185
B&B La Casa di Giò	giovannarapino@gmail.com	https://www.hotelsdrop.com/hotel/b-b-la-casa-di-gio-casoli	360 304 752
Lotus House Boutique B&b	lotushouselanciano@gmail.com	https://www.hotelsdrop.com/hotel/lotus-house-boutique-b-b-casoli	+39 378 084 4678
Agriturismo Sant'Anna	margaret.bottini@gmail.com	https://www.hotelsdrop.com/hotel/agriturismo-sant-anna-casorate-sempione	+39 348 263 8984
B&B La Filanda di Francesca Meneghin	info@beblafilanda.it	https://www.hotelsdrop.com/hotel/b-b-la-filanda-di-francesca-meneghin-casorezzo	+39 347 339 6015
San Giacomo Horses & Agriturismo	posta@sangiacomohorses.it	https://www.hotelsdrop.com/hotel/san-giacomo-horses-agriturismo-casorezzo	+39 339 738 1988
Country House Montessino	stay@countryhousemontessino.com	https://www.hotelsdrop.com/hotel/country-house-montessino-casorzo-monferrato	+39 340 741 1729
Corte Buenavista Guest House	cortebuenavista@gmail.com	https://www.hotelsdrop.com/hotel/corte-buenavista-guest-house-casperia	+39 335 690 2075
Relais Borgo Gentile	info@relaisborgogentile.it	https://www.hotelsdrop.com/hotel/relais-borgo-gentile-casperia	+39 346 353 3937
Agarthi Suites	webmaster@agarthisuites.com	https://www.hotelsdrop.com/hotel/agarthi-suites-caspoggio	+39 320 302 2857
B&B A due passi dal mondo	info@aduepassidalmondo.it	https://www.hotelsdrop.com/hotel/b-b-a-due-passi-dal-mondo-cassago-brianza	+39 347 513 4651
B&B La Casata del Prof	prenotazioni@bblacasatadelprof.it	https://www.hotelsdrop.com/hotel/b-b-la-casata-del-prof-cassano-all-ionio	+39 379 299 0789
B&B La Castellana	info@lacastellanacivita.it	https://www.hotelsdrop.com/hotel/b-b-la-castellana-cassano-all-ionio	+39 340 479 4467
Laghi Room Only	laghiroom@gmail.com	https://www.hotelsdrop.com/hotel/laghi-room-only-cassano-all-ionio	+39 351 546 4358
Agriturismo Tre Pini Cassano delle murge di Plantamura Felicia Antonia	agriturismotrepini@gmail.com	https://www.hotelsdrop.com/hotel/agriturismo-tre-pini-cassano-delle-murge-di-plan-cassano-delle-murge	+39 392 425 5554
ARACOELI 20	aracoeli20contatti@gmail.com	https://www.hotelsdrop.com/hotel/aracoeli-20-cassano-delle-murge	+39 380 341 5437
Finestre sul Borgo	info@finestresulborgo.it	https://www.hotelsdrop.com/hotel/finestre-sul-borgo-cassano-delle-murge	+39 347 178 9799
Il Cantuccio	ilcantuccio@gmail.com	https://www.hotelsdrop.com/hotel/il-cantuccio-cassano-delle-murge	+39 328 967 8858
Le Dimore del Garibaldi	info@dimoredelgaribaldi.it	https://www.hotelsdrop.com/hotel/le-dimore-del-garibaldi-cassano-delle-murge	+39 347 641 5278
Palazzo Novecento B&B	info@palazzo-novecento.com	https://www.hotelsdrop.com/hotel/palazzo-novecento-b-b-cassano-delle-murge	+39 346 790 5926
Run House 07 Rooms & Apartments	info@runhouse07.it	https://www.hotelsdrop.com/hotel/run-house-07-rooms-apartments-cassano-delle-murge	+39 324 619 1371
Agriturismo Agrihouse Da Marisa	info@agrihousedamarisa.it	https://www.hotelsdrop.com/hotel/agriturismo-agrihouse-da-marisa-cassano-irpino	+39 324 786 3336
Agriturismo La Follonella	info@lafollonella.it	https://www.hotelsdrop.com/hotel/agriturismo-la-follonella-cassano-irpino	+39 320 682 0400
Vinea del Selvatico Cascina Agricola	support@centralstay.eu	https://www.hotelsdrop.com/hotel/vinea-del-selvatico-cascina-agricola-cassano-irpino	+39 379 231 3444
Tenuta San Giorgio	typesetit@att.net	https://www.hotelsdrop.com/hotel/tenuta-san-giorgio-cassano-spinola	+39 339 591 2565
Villa Girardengo	broglia.azienda@broglia.it	https://www.hotelsdrop.com/hotel/villa-girardengo-cassano-spinola	+39 331 384 7521
Agriturismo Porta Pantalica	info@agriturismoportapantalica.eu	https://www.hotelsdrop.com/hotel/agriturismo-porta-pantalica-cassaro	+39 338 372 6613
Casa Vendicari Boutique Hotel	info@casavendicari.it	https://www.hotelsdrop.com/hotel/casa-vendicari-boutique-hotel-cassaro	+39 344 534 1535
Ciclamino Siracusa（仙客来华夏旅馆）	ciclaminosr@gmail.com	https://www.hotelsdrop.com/hotel/ciclamino-siracusa-cassaro	+39 389 556 6886
FICOPALA SUITES	ficopalasuites@gmail.com	https://www.hotelsdrop.com/hotel/ficopala-suites-cassaro	+39 320 758 0721
AGRITURISMO CA' DI FRANCHI'	basilicofood123@gmail.com	https://www.hotelsdrop.com/hotel/agriturismo-ca-di-franchi-cassiglio	+39 338 967 6659
Agriturismo Ca' di Racc	agriturismocadiracc@hotmail.it	https://www.hotelsdrop.com/hotel/agriturismo-ca-di-racc-cassiglio	+39 380 799 5369
Agriturismo I Pascoli -Azienda Agricola Al Casot- cucina casalinga	alcasot@gmail.com	https://www.hotelsdrop.com/hotel/agriturismo-i-pascoli-azienda-agricola-al-casot-cassiglio	+39 347 052 5026
B&B Adelché	info@adelche.it	https://www.hotelsdrop.com/hotel/b-b-adelche-cassiglio	+39 339 247 9553
Appartamenti LECCO per brevi periodi	sviluppoimmobiliaretim@gmail.com	https://www.hotelsdrop.com/hotel/appartamenti-lecco-per-brevi-periodi-cassina-valsassina	+39 393 747 4270
B&B CASCINA CORNELLA CIN: IT097029C1OAXEL54H	cascinacornella2014@gmail.com	https://www.hotelsdrop.com/hotel/b-b-cascina-cornella-cin-it097029c1oaxel54h-cassina-valsassina	+39 335 731 1041
Borgo Dei Pescatori	borgodeipescatori.info@gmail.com	https://www.hotelsdrop.com/hotel/borgo-dei-pescatori-cassina-valsassina	+39 338 448 1935
Maso Zambo - Mountain Lodge and Restaurant	info@masozambo.com	https://www.hotelsdrop.com/hotel/maso-zambo-mountain-lodge-and-restaurant-cassina-valsassina	+39 348 441 4370
Rifugio Escursionistico ex-scuola Grassi, Bubbio	rifugiobubbio@gmail.com	https://www.hotelsdrop.com/hotel/rifugio-escursionistico-ex-scuola-grassi-bubbio-cassinasco	+39 348 770 8519
Agriturismo il Buonvicino	achillecava@gmail.com	https://www.hotelsdrop.com/hotel/agriturismo-il-buonvicino-cassine	+39 348 353 1976
A Modo Mio	webmaster@agriturismoamodomio.com	https://www.hotelsdrop.com/hotel/a-modo-mio-cassinelle	+39 340 052 5249
Domus Cassino Centro	info@promoweb.me	https://www.hotelsdrop.com/hotel/domus-cassino-centro-cassino	+39 379 209 7130
Agriturismo Il Magicorto	ilmagicorto@gmail.com	https://www.hotelsdrop.com/hotel/agriturismo-il-magicorto-cassola	+39 351 854 6485
Tenuta la Pila - Agriturismo Verona	info@tenutalapila.it	https://www.hotelsdrop.com/hotel/tenuta-la-pila-agriturismo-verona-castagnaro	+39 389 346 4611
Agricamping La Gallinella	info@gallinellaglamping.it	https://www.hotelsdrop.com/hotel/agricamping-la-gallinella-castagneto-carducci	+39 375 818 3432
Relais Le Fornacelle	info@relaislefornacelle.com	https://www.hotelsdrop.com/hotel/relais-le-fornacelle-castagneto-carducci	+39 339 238 1564
Villa Curiel	info@villacuriel.it	https://www.hotelsdrop.com/hotel/villa-curiel-castagneto-carducci	335 361 720
Hotel La Meridiana	info@hotel-lameridiana.it	https://www.hotelsdrop.com/hotel/hotel-la-meridiana-castagneto-po	+39 366 997 3778
B&B CASA MARGOT	bbcasamargot@gmail.com	https://www.hotelsdrop.com/hotel/b-b-casa-margot-castagnito	+39 393 945 4837
B&B Marzia	info@bbmarzia.it	https://www.hotelsdrop.com/hotel/b-b-marzia-castagnito	+39 339 327 4797
Cascina Baresane Da Amabile	amabile@cascinabaresane.it	https://www.hotelsdrop.com/hotel/cascina-baresane-da-amabile-castagnito	+39 335 724 8764
Cascina Cortine	info@cascinacortine.com	https://www.hotelsdrop.com/hotel/cascina-cortine-castagnito	+39 335 741 3479
Dimora Cortese	info@dimoracortese.it	https://www.hotelsdrop.com/hotel/dimora-cortese-castagnole-delle-lanze	+39 347 671 3615
Monvì Wine Relais	discover@monvirelais.com	https://www.hotelsdrop.com/hotel/monvi-wine-relais-castagnole-delle-lanze	+39 380 771 7653
Vicolo Al Castello - Langhe e Monferrato Suites	vicoloalcastello.langhesuites@gmail.com	https://www.hotelsdrop.com/hotel/vicolo-al-castello-langhe-e-monferrato-suites-castagnole-delle-lanze	+39 346 370 3478
Villa Cristina Suite	info@villacristinasuite.it	https://www.hotelsdrop.com/hotel/villa-cristina-suite-castagnole-delle-lanze	+39 351 694 1355
Villa Perla	info@villa-perla.it	https://www.hotelsdrop.com/hotel/villa-perla-castagnole-delle-lanze	+39 331 730 9038
La Mondianese D&Vine	office@lamondianese.com	https://www.hotelsdrop.com/hotel/la-mondianese-d-vine-castagnole-monferrato	+39 320 893 8182
B&B Edera	bb.edera27@gmail.com	https://www.hotelsdrop.com/hotel/b-b-edera-castagnole-piemonte	+39 333 676 6526
B&B DEL CORSO	bbdelcorsocastano@gmail.com	https://www.hotelsdrop.com/hotel/b-b-del-corso-castano-primo	+39 327 853 2549
I’M B&B	info@imbeb.it	https://www.hotelsdrop.com/hotel/i-m-b-b-castano-primo	+39 349 521 5725
VILLORESI ROOMS	info@villoresirooms.com	https://www.hotelsdrop.com/hotel/villoresi-rooms-castano-primo	+39 339 333 3919
B&B Oltrepo di Albertini Gloria	beboltrepogloria@outlook.it	https://www.hotelsdrop.com/hotel/b-b-oltrepo-di-albertini-gloria-casteggio	+39 333 410 9048
Agriturismo Masseria Portiere Stella	portierestella@hotmail.it	https://www.hotelsdrop.com/hotel/agriturismo-masseria-portiere-stella-castel-di-iudica	+39 339 337 8809
B&B Il Miglio In Più	ilmiglioinpiu@yahoo.it	https://www.hotelsdrop.com/hotel/b-b-il-miglio-in-piu-castel-di-lucio	+39 348 779 6288
Exclusive Apartments in center	info@heartofsicily.it	https://www.hotelsdrop.com/hotel/exclusive-apartments-in-center-castel-di-lucio	+39 339 210 6375
La Rocca	info@grandipgroup.com	https://www.hotelsdrop.com/hotel/la-rocca-castel-di-lucio	+39 333 967 7440
a Badia	info@abadiahouse.it	https://www.hotelsdrop.com/hotel/a-badia-castelbuono	+39 329 778 4051
B&B Porta Delle Madonie	info@bbportadellemadonie.it	https://www.hotelsdrop.com/hotel/b-b-porta-delle-madonie-castelbuono	+39 348 792 1370
B&B TULIP LOTUS CASTELBUONO	info@bbtuliplotus.it	https://www.hotelsdrop.com/hotel/b-b-tulip-lotus-castelbuono-castelbuono	+39 348 814 1349
B&B Villa Letizia Inn	villamletizia@alice.it	https://www.hotelsdrop.com/hotel/b-b-villa-letizia-inn-castelbuono	+39 328 429 3876
Bed and Breakfast Case Giannone	casegiannone@gmail.com	https://www.hotelsdrop.com/hotel/bed-and-breakfast-case-giannone-casteldaccia	+39 328 542 9097
Room Galletti-Inguaggiato	roomgallettiinguaggiato@gmail.com	https://www.hotelsdrop.com/hotel/room-galletti-inguaggiato-casteldaccia	+39 338 856 1713
Solus B&B	solusbnb@gmail.com	https://www.hotelsdrop.com/hotel/solus-b-b-casteldaccia	+39 334 818 5959
Vile in Palermo	villainpalermo@gmail.com	https://www.hotelsdrop.com/hotel/vile-in-palermo-casteldaccia	+39 339 443 3333
Agriturismo "Don Cesarino" - Az. Agr. Ing. Dario Di Vincenzo	info@doncesarino.com	https://www.hotelsdrop.com/hotel/agriturismo-don-cesarino-az-agr-ing-dario-di-vin-castell-umberto	+39 333 794 9602
Agriturismo Fattoria San Pio	info@fattoriasanpio.it	https://www.hotelsdrop.com/hotel/agriturismo-fattoria-san-pio-castell-umberto	+39 327 008 4879
Agriturismo Fontanapietra	fontanapietra@gmail.com	https://www.hotelsdrop.com/hotel/agriturismo-fontanapietra-castell-umberto	+39 339 767 8428
AGRITURISMO LA SORGENTE	info@agriturismolasorgentesinagra.it	https://www.hotelsdrop.com/hotel/agriturismo-la-sorgente-castell-umberto	+39 329 596 9102
B&B Il Capitano	dcastano@fipporte.com	https://www.hotelsdrop.com/hotel/b-b-il-capitano-castell-umberto	+39 327 837 5765
Tenuta Albachiara	me.gi.srls23@gmail.com	https://www.hotelsdrop.com/hotel/tenuta-albachiara-castell-umberto	+39 379 170 1234
Affittacamere Case D'Anna - Castellammare del Golfo	info@casedanna.it	https://www.hotelsdrop.com/hotel/affittacamere-case-d-anna-castellammare-del-golf-castellammare-del-golfo	+39 320 060 6126
B&B A Mare	info@vacanzedelgolfo.it	https://www.hotelsdrop.com/hotel/b-b-a-mare-castellammare-del-golfo	+39 335 875 6243
La Casa del Pittore di Petralia	info@lacasadelpittorepetralia.it	https://www.hotelsdrop.com/hotel/la-casa-del-pittore-di-petralia-castellana-sicula	+39 335 137 0296
Residenza i Portici	residenzaiportici@gmail.com	https://www.hotelsdrop.com/hotel/residenza-i-portici-abbadia-cerreto	+39 340 081 0069
The View Luxury Apartments Taormina	info@theviewtaormina.com	https://www.hotelsdrop.com/hotel/the-view-luxury-apartments-taormina-castelmola	+39 342 187 6384
U Palmentu	info@bbpalmentu.com	https://www.hotelsdrop.com/hotel/u-palmentu-castelmola	+39 346 728 2831
Villa Mabel Boutique Hotel	info@villamabel.com	https://www.hotelsdrop.com/hotel/villa-mabel-boutique-hotel-castelmola	+39 377 367 9470
Agrisicilia	info@agrisicilia.it	https://www.hotelsdrop.com/hotel/agrisicilia-castelvetrano	+39 380 517 9233
B&B Camagna Country House	pltmanagement@libero.it	https://www.hotelsdrop.com/hotel/b-b-camagna-country-house-castelvetrano	+39 347 802 1347
B&B Il Tempio di Hera	info@iltempiodihera.com	https://www.hotelsdrop.com/hotel/b-b-il-tempio-di-hera-castelvetrano	+39 328 194 9796
Baitan - Custom Experience Hotel	info@baitanhotel.com	https://www.hotelsdrop.com/hotel/baitan-custom-experience-hotel-castelvetrano	+39 351 425 0080
Bed and Breakfast San Giovanni	salluzzo@gmail.com	https://www.hotelsdrop.com/hotel/bed-and-breakfast-san-giovanni-castelvetrano	+39 338 144 0789
Palazzo al Carmine Dimora Storica	info@palazzoalcarmine.it	https://www.hotelsdrop.com/hotel/palazzo-al-carmine-dimora-storica-castelvetrano	+39 392 042 5019
Animosa Suites	contatto@esempio.it	https://www.hotelsdrop.com/hotel/animosa-suites-castiglione-di-sicilia	+39 392 480 8402
B&B - Country house- Il Tanaceto	info.iltanaceto@gmail.com	https://www.hotelsdrop.com/hotel/b-b-country-house-il-tanaceto-castiglione-di-sicilia	+39 328 932 2693
CarMa Luxury Rooms	carma.rooms@gmail.com	https://www.hotelsdrop.com/hotel/carma-luxury-rooms-castiglione-di-sicilia	+39 334 347 7048
Il Glicine	mariagiovanna.veroux@hotmail.it	https://www.hotelsdrop.com/hotel/il-glicine-castiglione-di-sicilia	+39 347 447 6014
L’ Arco dei Sogni	affittacamerearcodeisogni@gmail.com	https://www.hotelsdrop.com/hotel/l-arco-dei-sogni-castiglione-di-sicilia	+39 331 367 0080
B&B Babilonia	babilonia.ag.it@gmail.com%20	https://www.hotelsdrop.com/hotel/b-b-babilonia-castrofilippo	+39 379 235 5581
B&b Nuovo Borgo	info@nuovoborgotripi.it	https://www.hotelsdrop.com/hotel/b-b-nuovo-borgo-castroreale	+39 340 343 0446
La Casetta B&B	lacasettamilazzo@gmail.com	https://www.hotelsdrop.com/hotel/la-casetta-b-b-castroreale	+39 348 699 5311
B&B l'Elefante	info@bblelefante.com	https://www.hotelsdrop.com/hotel/b-b-l-elefante-catania	+39 340 107 6699
BAD - Bed & Breakfast and Design	info@badcatania.com	https://www.hotelsdrop.com/hotel/bad-bed-breakfast-and-design-catania	+39 340 960 1012
Bed & Breakfast Palazzo Cerami Catania	info@palazzocerami.it	https://www.hotelsdrop.com/hotel/bed-breakfast-palazzo-cerami-catania-catania	+39 334 225 8249
Charme Catania Central Suites	info@charmesuites.it	https://www.hotelsdrop.com/hotel/charme-catania-central-suites-catania	+39 327 711 2795
Etna Suite	info@etnasuiterooms.com	https://www.hotelsdrop.com/hotel/etna-suite-catania	+39 391 394 6022
Palazzo Sant'Alfano - B&B Catania centro storico	infopalazzosantalfano@gmail.com	https://www.hotelsdrop.com/hotel/palazzo-sant-alfano-b-b-catania-centro-storico-catania	+39 348 269 6187
San Giovanni Apartment - Guest House	contact@globostay.com	https://www.hotelsdrop.com/hotel/san-giovanni-apartment-guest-house-catanzaro	+39 334 957 8273
B&B del Casale Valenti	valenti@bbdelcasale.com	https://www.hotelsdrop.com/hotel/b-b-del-casale-valenti-catenanuova	+39 347 778 5211
Beb Il Viandante di Edoardo Daidone	daidone_edoardo@hotmail.it	https://www.hotelsdrop.com/hotel/beb-il-viandante-di-edoardo-daidone-catenanuova	+39 340 526 0309
B&b A due Passi dal sole	aduepassidal@gmail.com	https://www.hotelsdrop.com/hotel/b-b-a-due-passi-dal-sole-cattolica-eraclea	+39 329 663 2079
Bed & Breakfast Eraclea Minoa Mare	bberacleaminoamare@gmail.com	https://www.hotelsdrop.com/hotel/bed-breakfast-eraclea-minoa-mare-cattolica-eraclea	+39 338 413 0246
Torre Letus	torreletus@gmail.com	https://www.hotelsdrop.com/hotel/torre-letus-cattolica-eraclea	+39 329 773 0754
Emerald Hotel Residence Cefalu	info@emeraldcefalu.com	https://www.hotelsdrop.com/hotel/emerald-hotel-residence-cefalu-cefal	+39 329 257 4574
Le Due Sicilie B&B - CIN IT082044C1HCL3FJEB	bbleduesicilie@gmail.com	https://www.hotelsdrop.com/hotel/le-due-sicilie-b-b-cin-it082044c1hcl3fjeb-cerda	+39 371 314 0108
Terre di Himera Sicily charming agriturismo near Cefalù with private jacuzzi	leterredihimera@libero.it	https://www.hotelsdrop.com/hotel/terre-di-himera-sicily-charming-agriturismo-near-cerda	+39 338 790 8230
Villa d'Este	info@villadeste.com	https://www.hotelsdrop.com/hotel/villa-d-este-cernobbio-lake-como	+39 031 3481
Agriturismo Borgagne "Le Scerze"	info@lescerze.it	https://www.hotelsdrop.com/hotel/agriturismo-borgagne-le-scerze-cesar	+39 388 119 5933
Casa di Ca Rooms	info@casadica.it	https://www.hotelsdrop.com/hotel/casa-di-ca-rooms-cesar	+39 392 706 5307
Cesaranum B&B	info@cesaranum.it	https://www.hotelsdrop.com/hotel/cesaranum-b-b-cesar	+39 349 272 2377
Dear Mary B&B	dearmarybeb@gmail.com	https://www.hotelsdrop.com/hotel/dear-mary-b-b-cesar	+39 375 602 3289
Là di Cesar - affittacamere	ladicesareventi@gmail.com	https://www.hotelsdrop.com/hotel/la-di-cesar-affittacamere-cesar	+39 348 767 6580
only for two giumbabulla home and spa	onlyfortwo@onlyfortwogiumbabulla.it	https://www.hotelsdrop.com/hotel/only-for-two-giumbabulla-home-and-spa-chiaramonte-gulfi	+39 345 024 0184
Agriturismo Masseria Rossella	info@masseria-rossella.com	https://www.hotelsdrop.com/hotel/agriturismo-masseria-rossella-chiusa-sclafani	+39 366 469 3129
Il Ciliegio Locazione Turistica	info@ilciliegio-bandb.it	https://www.hotelsdrop.com/hotel/il-ciliegio-locazione-turistica-chiusa-sclafani	+39 338 734 7550
Le Case di Cardellino - AgriSpa	prenotazioni@lecasedicardellino.it	https://www.hotelsdrop.com/hotel/le-case-di-cardellino-agrispa-chiusa-sclafani	+39 334 311 3834
B&B D'ALTRITEMPI - elegance in Cianciana	info@daltritempi.it	https://www.hotelsdrop.com/hotel/b-b-d-altritempi-elegance-in-cianciana-cianciana	+39 349 810 5724
B&B Il Mare di Terrasini	giada@bnbilmarediterrasini.com	https://www.hotelsdrop.com/hotel/b-b-il-mare-di-terrasini-cinisi	+39 388 440 8580
Capo Rama Suites & Rooms	italyrental@outlook.com	https://www.hotelsdrop.com/hotel/capo-rama-suites-rooms-cinisi	+39 388 253 2977
Kunesias B&B Cinisi	kunesias@live.it\	https://www.hotelsdrop.com/hotel/kunesias-b-b-cinisi-cinisi	+39 380 771 6432
TerraSole Bakery B&B	info@terrasolebb.it	https://www.hotelsdrop.com/hotel/terrasole-bakery-b-b-cinisi	360 866 775
Albergo Al Carugio (CIN:IT011019A1F9RJLJHZ)	info@alcarugio.it	https://www.hotelsdrop.com/hotel/albergo-al-carugio-cin-it011019a1f9rjljhz-cinque-terre	+39 328 847 6276
Hotel Margherita	margherita@hotelmonterosso.it	https://www.hotelsdrop.com/hotel/hotel-margherita-cinque-terre	+39 340 194 2364
Villino Wanda	utente@dominio.com	https://www.hotelsdrop.com/hotel/villino-wanda-cinque-terre	+39 335 144 7012
Agriturismo Case Tabarani	info@tabarani.it	https://www.hotelsdrop.com/hotel/agriturismo-case-tabarani-collesano	+39 328 818 8742
Agriturismo Dispenza	agriturismodispenza@gmail.com	https://www.hotelsdrop.com/hotel/agriturismo-dispenza-collesano	+39 320 152 8051
AZIENDA AGRICOLA ROCCA DI MEZZOGIORNO	605a7baede844d278b89dc95ae0a9123@sentry-next.wixpress.com	https://www.hotelsdrop.com/hotel/azienda-agricola-rocca-di-mezzogiorno-collesano	+39 328 829 8419
Relais Parco Cavalonga Hotel	info@parcocavalonga.it	https://www.hotelsdrop.com/hotel/relais-parco-cavalonga-hotel-comiso	+39 366 672 1987
B&B Confine	info@bebconfine.com	https://www.hotelsdrop.com/hotel/b-b-confine-como	+39 338 119 8780
B&B Residenza Cavour	info@residenzacavour.it	https://www.hotelsdrop.com/hotel/b-b-residenza-cavour-como	+39 388 430 9018
B&B Villa Olmo	info@bbvillaolmo.com	https://www.hotelsdrop.com/hotel/b-b-villa-olmo-como	+39 339 578 0669
Civico29 rooms&breakfast	civico29como@gmail.com	https://www.hotelsdrop.com/hotel/civico29-rooms-breakfast-como	+39 366 971 0715
Como Luxury Rooms	info@comoluxuryrooms.com	https://www.hotelsdrop.com/hotel/como-luxury-rooms-como	+39 338 561 3996
Downtown Rooms	info@comolakeholidayhome.com	https://www.hotelsdrop.com/hotel/downtown-rooms-como	+39 335 825 4525
Le Stanze del Lago Suites&Pool	info@lestanzedellago.com	https://www.hotelsdrop.com/hotel/le-stanze-del-lago-suites-pool-como	+39 344 022 8895
SantAgata Bed & Breakfast - Como	info@santagatacomo.com	https://www.hotelsdrop.com/hotel/santagata-bed-breakfast-como-como	+39 339 528 5589
Suites & Atelier Lake Como	info@suiteslakecomo.com	https://www.hotelsdrop.com/hotel/suites-atelier-lake-como-como	+39 349 794 0744
Aléa Rooms	info@alearooms.it	https://www.hotelsdrop.com/hotel/alea-rooms-condr	+39 334 352 2019
Antiche Volte B&B	booking@antichevoltelecce.com	https://www.hotelsdrop.com/hotel/antiche-volte-b-b-condr	+39 333 382 5226
B&B Dimi House	info@dimihouse.com	https://www.hotelsdrop.com/hotel/b-b-dimi-house-condr	+39 393 900 0274
B&B Il Giardino della Scuncerta	info@ilgiardinodellascuncerta.it	https://www.hotelsdrop.com/hotel/b-b-il-giardino-della-scuncerta-condr	+39 376 179 9920
B&B Nidi di Feo	info@nididifeo.it	https://www.hotelsdrop.com/hotel/b-b-nidi-di-feo-condr	+39 328 474 5421
BnB FICO - B&B - Bed&Breakfast	bnbfico@gmail.com	https://www.hotelsdrop.com/hotel/bnb-fico-b-b-bed-breakfast-condr	+39 320 955 8155
Dimora dei Salentini B&B	dimoradeisalentini@gmail.com	https://www.hotelsdrop.com/hotel/dimora-dei-salentini-b-b-condr	+39 392 661 2616
Distinto Suite & Rooms B&B	info@distintolecce.it	https://www.hotelsdrop.com/hotel/distinto-suite-rooms-b-b-condr	+39 348 565 7673
Five Rooms - Dimore Centro Lecce	riccardodedonno@libero.com	https://www.hotelsdrop.com/hotel/five-rooms-dimore-centro-lecce-condr	+39 339 809 8421
Il Cortile Delle Esperidi B&B	cortile.lecce@gmail.com	https://www.hotelsdrop.com/hotel/il-cortile-delle-esperidi-b-b-condr	+39 338 569 2440
Lecce House B&B	info@leccehouse.it	https://www.hotelsdrop.com/hotel/lecce-house-b-b-condr	+39 347 816 5627
Dimora SIQU	info@dimorasiqu.com	https://www.hotelsdrop.com/hotel/dimora-siqu-contessa-entellina	+39 333 182 7107
Villa Salisà - Hotel Lido Fiori - Menfi	info@villasalisa.com	https://www.hotelsdrop.com/hotel/villa-salisa-hotel-lido-fiori-menfi-contessa-entellina	+39 388 771 1358
Agrirelais Principe SPA	info@agrirelaisprincipespa.it	https://www.hotelsdrop.com/hotel/agrirelais-principe-spa-corleone	+39 377 393 4876
B&B Mulino di Prada	mulinodiprada@gmail.com	https://www.hotelsdrop.com/hotel/b-b-mulino-di-prada-abbadia-cerreto	+39 335 126 6045
Ancora Cortina	info@ancoracortina.com	https://www.hotelsdrop.com/hotel/ancora-cortina-cortina-d-ampezzo	+39 390 436 3261
B&B Casa Dorotei	info@bbcasadorotei.com	https://www.hotelsdrop.com/hotel/b-b-casa-dorotei-cortina-d-ampezzo	+39 348 103 0648
Hotel Cortina	booking@hotelcortina.com	https://www.hotelsdrop.com/hotel/hotel-cortina-cortina-d-ampezzo	+39 390 436 4221
Hotel Cristallino d’Ampezzo	info@hotelcristallino.com	https://www.hotelsdrop.com/hotel/hotel-cristallino-d-ampezzo-cortina-d-ampezzo	+39 390 436 4690
Hotel Meublè Villa Neve	info@hotelvillaneve.it	https://www.hotelsdrop.com/hotel/hotel-meuble-villa-neve-cortina-d-ampezzo	+39 333 235 8482
Hotel Montana	hotel@montanacortina.it	https://www.hotelsdrop.com/hotel/hotel-montana-cortina-d-ampezzo	+39 390 436 4286
Hotel Pontechiesa	info@hotelpontechiesa.it	https://www.hotelsdrop.com/hotel/hotel-pontechiesa-cortina-d-ampezzo	+39 390 436 2523
Hotel Serena	info@hotelserenacortina.it	https://www.hotelsdrop.com/hotel/hotel-serena-cortina-d-ampezzo	+39 390 436 2604
Hotel Villa Alpina	info@villaalpina.it	https://www.hotelsdrop.com/hotel/hotel-villa-alpina-cortina-d-ampezzo	+39 390 436 2418
B&B Coppola - San Vito Lo Capo	info@bbcoppola.com	https://www.hotelsdrop.com/hotel/b-b-coppola-san-vito-lo-capo-custonaci	+39 328 417 0630
B&B Olea	oleacastelluzzo@gmail.com	https://www.hotelsdrop.com/hotel/b-b-olea-custonaci	+39 328 642 5791
Cala Buguto Hotel Ristorante	info@tdsrent.it	https://www.hotelsdrop.com/hotel/cala-buguto-hotel-ristorante-custonaci	+39 351 626 7536
Catarin	info@catarin.it	https://www.hotelsdrop.com/hotel/catarin-custonaci	+39 329 333 2697
Hotel Achibea	hotelachibea@gmail.com	https://www.hotelsdrop.com/hotel/hotel-achibea-custonaci	+39 339 119 1398
Il Giardino della Nonna	info@ilgiardinodellanonna.com	https://www.hotelsdrop.com/hotel/il-giardino-della-nonna-custonaci	+39 335 167 4271
Il Tramonto B&B	iltramontobeb@gmail.com	https://www.hotelsdrop.com/hotel/il-tramonto-b-b-custonaci	+39 347 495 2870
Rotte e Sentieri B&B	info@rotteesentieri.com	https://www.hotelsdrop.com/hotel/rotte-e-sentieri-b-b-custonaci	+39 329 490 5622
B&B ANGELO	info@bebangelo.it	https://www.hotelsdrop.com/hotel/b-b-angelo-delia	+39 389 175 6772
B&B Centro Sicilia Enna Centro	info@aziendeitalia.com	https://www.hotelsdrop.com/hotel/b-b-centro-sicilia-enna-centro-enna	+39 393 543 8428
Doctor House	doctorhousenna@tiscali.it	https://www.hotelsdrop.com/hotel/doctor-house-enna	+39 351 471 2011
Affittacamere Antico Borgo Erice	ericeanticoborgo@gmail.com	https://www.hotelsdrop.com/hotel/affittacamere-antico-borgo-erice-erice	+39 349 838 0344
B&B Bella vista	info@bellavistaerice.it	https://www.hotelsdrop.com/hotel/b-b-bella-vista-erice	+39 339 852 2110
B&B Erice Mare	ericemare@libero.it	https://www.hotelsdrop.com/hotel/b-b-erice-mare-erice	+39 328 277 2037
Residenza San Martino	sanmartinoresidenceerice@gmail.com	https://www.hotelsdrop.com/hotel/residenza-san-martino-erice	+39 389 637 9206
La Brezza B & B	info@labrezzabeb.it	https://www.hotelsdrop.com/hotel/la-brezza-b-b-falcone	+39 340 287 4692
Le Suite Di Via Veneto	info@lesuitediviaveneto.it	https://www.hotelsdrop.com/hotel/le-suite-di-via-veneto-favara	+39 320 833 6854
Ajamola '800	info@ajamola.it	https://www.hotelsdrop.com/hotel/ajamola-800-favignana	+39 320 149 1150
B&B Scalo Vecchio	bebscalovecchio@tiscali.it	https://www.hotelsdrop.com/hotel/b-b-scalo-vecchio-favignana	+39 329 785 7713
Bed & Breakfast Sulmare Marettimo	info@bebsulmare.com	https://www.hotelsdrop.com/hotel/bed-breakfast-sulmare-marettimo-favignana	+39 333 723 3478
Dimora La Torre Room	info@dimoralatorre.it	https://www.hotelsdrop.com/hotel/dimora-la-torre-room-favignana	+39 344 248 2832
Il Corallo Rosso	casevacanzeilcorallorosso@gmail.com	https://www.hotelsdrop.com/hotel/il-corallo-rosso-favignana	+39 393 694 3505
Il Mulino	info@ilmulinofavignana.it	https://www.hotelsdrop.com/hotel/il-mulino-favignana	+39 320 952 3649
Borgo del Carato Case Sollima	booking@borgodelcarato.com	https://www.hotelsdrop.com/hotel/borgo-del-carato-case-sollima-ferla	+39 348 172 6340
Ficodindia rooms Sortino Pantalica	ficodindiarooms@gmail.com	https://www.hotelsdrop.com/hotel/ficodindia-rooms-sortino-pantalica-ferla	+39 366 168 2031
B&B Oasis - Acitrezza	info@oasis-acitrezza.com	https://www.hotelsdrop.com/hotel/b-b-oasis-acitrezza-ficarazzi	+39 346 515 5880
B&B Palazzo Corselli	palazzocorselli@gmail.com	https://www.hotelsdrop.com/hotel/b-b-palazzo-corselli-ficarazzi	+39 333 614 5598
3B Bed and Breakfast Firenze Centro	info@bebfirenzecentro.it	https://www.hotelsdrop.com/hotel/3b-bed-and-breakfast-firenze-centro-firenze	+39 340 658 1695
Four Seasons Hotel Firenze	florence@fourseasons.com	https://www.hotelsdrop.com/hotel/four-seasons-hotel-firenze	+39 390 552 6261
Hotel Brunelleschi	info@hotelbrunelleschi.it	https://www.hotelsdrop.com/hotel/hotel-brunelleschi-firenze	+39 390 552 7370
Hotel Dali	hoteldaliflorence@gmail.com	https://www.hotelsdrop.com/hotel/hotel-dali-firenze	+39 339 576 9086
Il Mercato Centrale B and B	info@ilmercatocentrale.it	https://www.hotelsdrop.com/hotel/il-mercato-centrale-b-and-b-firenze	+39 331 393 4588
La Fonderia Firenze Bed and Breakfast in Florence	lafonderiafirenzebb@gmail.com	https://www.hotelsdrop.com/hotel/la-fonderia-firenze-bed-and-breakfast-in-florenc-firenze	+39 388 381 2571
Oltrarno VM48 by Florence Luxury Home	info@florenceluxuryhome.com	https://www.hotelsdrop.com/hotel/oltrarno-vm48-by-florence-luxury-home-firenze	+39 338 382 1830
Palazzo Bianca Cappello - Residenza d'Epoca	info@palazzobiancacappello.com	https://www.hotelsdrop.com/hotel/palazzo-bianca-cappello-residenza-d-epoca-firenze	+39 349 385 8520
Palazzo Ridolfi - Residenza d'Epoca	info@palazzoridolfi.com	https://www.hotelsdrop.com/hotel/palazzo-ridolfi-residenza-d-epoca-firenze	+39 392 715 4809
Residenza Marchesi Pontenani	info@pontenani.com	https://www.hotelsdrop.com/hotel/residenza-marchesi-pontenani-firenze	+39 380 124 1597
Sognando Firenze Bed & Breakfast	info@sognandofirenze.it	https://www.hotelsdrop.com/hotel/sognando-firenze-bed-breakfast-firenze	+39 329 884 5359
Spirit of Florence Boutique Rooms	infoabsoluteflorence@gmail.com	https://www.hotelsdrop.com/hotel/spirit-of-florence-boutique-rooms-firenze	+39 347 673 1941
Toscanelli Residenza d'Epoca	info@residenzatoscanelli.com	https://www.hotelsdrop.com/hotel/toscanelli-residenza-d-epoca-firenze	+39 375 556 9215
Castello D'Alcontres B&B	castellodalcontres@gmail.com	https://www.hotelsdrop.com/hotel/castello-d-alcontres-b-b-fiumedinisi	+39 393 988 9750
Il Covo dei Re	info@ilcovodeire.it	https://www.hotelsdrop.com/hotel/il-covo-dei-re-fiumedinisi	+39 339 226 9011
Agriturismo Oasi del Fiumefreddo	info@oasidelfiumefreddo.it	https://www.hotelsdrop.com/hotel/agriturismo-oasi-del-fiumefreddo-fiumefreddo-di-sicilia	+39 391 497 6759
B&B Casa Paolo	info@casapaolo.it	https://www.hotelsdrop.com/hotel/b-b-casa-paolo-fiumefreddo-di-sicilia	+39 340 764 5451
Feudogrande Bio Relais Hotel	info@feudogrande.it	https://www.hotelsdrop.com/hotel/feudogrande-bio-relais-hotel-fiumefreddo-di-sicilia	+39 392 918 5238
Veda Elegant Rooms b&b casa vacanze hotel con piscina zona taormina	vedaelegantrooms@gmail.com	https://www.hotelsdrop.com/hotel/veda-elegant-rooms-b-b-casa-vacanze-hotel-con-pi-fiumefreddo-di-sicilia	+39 344 130 8830
Agriturismo Ponte Due Archi	info@ponteduearchi.it	https://www.hotelsdrop.com/hotel/agriturismo-ponte-due-archi-floresta	+39 328 718 2465
ALBERGO DIFFUSO MONTALBANO BORGO ANTICO	borgoanticomontalbano@gmail.com	https://www.hotelsdrop.com/hotel/albergo-diffuso-montalbano-borgo-antico-floresta	+39 346 765 4897
B&B Le Poiane	lepoiane@live.it	https://www.hotelsdrop.com/hotel/b-b-le-poiane-floresta	+39 320 035 6297
Camping Agatos	dottoreaugusto@yahoo.it	https://www.hotelsdrop.com/hotel/camping-agatos-floresta	+39 338 947 8074
Addauro Resort	info@addauro.com	https://www.hotelsdrop.com/hotel/addauro-resort-floridia	+39 366 380 2155
Agriturismo Sant'Elia	info@agriturismosantelia.it	https://www.hotelsdrop.com/hotel/agriturismo-sant-elia-floridia	+39 340 349 3671
B&B Mediterraneo	info@bbmediterraneo.com	https://www.hotelsdrop.com/hotel/b-b-mediterraneo-floridia	+39 329 349 8115
Bed & Breakfast Kosmos	info@bbkosmos.it	https://www.hotelsdrop.com/hotel/bed-breakfast-kosmos-floridia	+39 392 789 5704
Italiana Resort Maniace	info@italianaresort.it	https://www.hotelsdrop.com/hotel/italiana-resort-maniace-floridia	+39 351 959 6788
Al Vicoletto House	alvicolettohouse@gmail.com	https://www.hotelsdrop.com/hotel/al-vicoletto-house-forza-d-agr	+39 389 565 2172
B&B MareAgró	info@bbmareagro.com	https://www.hotelsdrop.com/hotel/b-b-mareagro-forza-d-agr	+39 340 309 6605
Domus Mea	domusmeasicily@gmail.com	https://www.hotelsdrop.com/hotel/domus-mea-forza-d-agr	+39 377 599 7364
Le Oreadi	info@oreadi.it	https://www.hotelsdrop.com/hotel/le-oreadi-francavilla-di-sicilia	+39 329 693 7427
Castello Camemi	//info@castellocamemi.com	https://www.hotelsdrop.com/hotel/castello-camemi-francofonte	+39 328 431 5109
Ferula loft Sortino Pantalica	ferulaloftsortino@gmail.comseguici	https://www.hotelsdrop.com/hotel/ferula-loft-sortino-pantalica-francofonte	+39 366 168 2031
Furrìa - bed & breakfast	info@furriabeb.com	https://www.hotelsdrop.com/hotel/furria-bed-breakfast-francofonte	+39 333 490 5739
B&B La Dimora delle Grazie	infoladimoradellegrazie@gmail.com	https://www.hotelsdrop.com/hotel/b-b-la-dimora-delle-grazie-frazzan	+39 327 234 8379
Luxury B&B	info@bebluxurylecce.it	https://www.hotelsdrop.com/hotel/luxury-b-b-frazzan	+39 388 406 0218
White Suite B&B Lecce	whitesuitebed@gmail.com	https://www.hotelsdrop.com/hotel/white-suite-b-b-lecce-frazzan	+39 338 131 9969
AGRITURISMO AGRI	info@agri.me.it	https://www.hotelsdrop.com/hotel/agriturismo-agri-furnari	+39 346 633 1798
Corallo Residence Portorosa	prenotazioni@portorosaresidence.com	https://www.hotelsdrop.com/hotel/corallo-residence-portorosa-furnari	+39 329 888 8604
Portorosa Village	info@portorosavillage.com	https://www.hotelsdrop.com/hotel/portorosa-village-furnari	+39 339 862 8384
Bed and Breakfast Alcantara Natura	info@alcantaranaturaresort.it	https://www.hotelsdrop.com/hotel/bed-and-breakfast-alcantara-natura-gaggi	+39 334 907 9120
Hotel Villa Nefele	info@hotelvillanefele.com	https://www.hotelsdrop.com/hotel/hotel-villa-nefele-gaggi	+39 339 463 4474
New Naxos Village	newnaxosvillage@gmail.com	https://www.hotelsdrop.com/hotel/new-naxos-village-gaggi	+39 340 069 5115
Sicily in Love	user@company.com	https://www.hotelsdrop.com/hotel/sicily-in-love-gaggi	+39 366 818 2134
Villa Seta Bed & Breakfast	info@villaseta.com	https://www.hotelsdrop.com/hotel/villa-seta-bed-breakfast-gaggi	+39 371 687 5320
A-MURI b&b	annasod7@gmail.com	https://www.hotelsdrop.com/hotel/a-muri-b-b-gangi	+39 347 901 4349
Antico Borgo Buonanotte	borgobuonanotte@libero.it	https://www.hotelsdrop.com/hotel/antico-borgo-buonanotte-gangi	+39 335 134 2247
Santa Lucia B&B	info@bebsantaluciagangi.it	https://www.hotelsdrop.com/hotel/santa-lucia-b-b-gangi	+39 393 777 7825
B&B La Piazzetta Rooms	info@lapiazzettarooms.com	https://www.hotelsdrop.com/hotel/b-b-la-piazzetta-rooms-genova	+39 388 257 7066
Guest house Roma, Genova	info@guesthouseroma.net	https://www.hotelsdrop.com/hotel/guest-house-roma-genova-genova	+39 329 476 5665
Home Grifondoro	homegrifondoro@hotmail.com	https://www.hotelsdrop.com/hotel/home-grifondoro-genova	+39 347 232 8674
Hotel Genova Liberty	info@hotelgenovaliberty.it	https://www.hotelsdrop.com/hotel/hotel-genova-liberty-genova	+39 348 190 2406
B&B La Piazzetta	info@bblapiazzettaischia.it	https://www.hotelsdrop.com/hotel/b-b-la-piazzetta-ischia	+39 335 579 9442
Blu D’Alia Exclusive Rooms	info@bludalia.it	https://www.hotelsdrop.com/hotel/blu-d-alia-exclusive-rooms-ischia	+39 338 525 8747
Liferooms	liferooms212@gmail.com	https://www.hotelsdrop.com/hotel/liferooms-ischia	+39 333 611 0916
Relais Bijoux Bed and Breakfast - Isola d'Ischia	info@relaisbijouxischia.it	https://www.hotelsdrop.com/hotel/relais-bijoux-bed-and-breakfast-isola-d-ischia-ischia	+39 337 844 018
Villa Bina Sea Hotel	info@villabinaischia.com	https://www.hotelsdrop.com/hotel/villa-bina-sea-hotel-ischia	+39 351 192 8500
Villa Lieta	villalietaischia@gmail.com	https://www.hotelsdrop.com/hotel/villa-lieta-ischia	+39 392 923 5924
Arco Vecchio Urban Suite - Epoca Collection	info@arcovecchio.it	https://www.hotelsdrop.com/hotel/arco-vecchio-urban-suite-epoca-collection-lecce	+39 351 418 8533
B&B Aedes - Il Giardino dei Sogni	aedesresort@gmail.com	https://www.hotelsdrop.com/hotel/b-b-aedes-il-giardino-dei-sogni-lecce	+39 328 767 2644
B&B Prezioso Suites & Rooms Lecce	info@preziosolecce.it	https://www.hotelsdrop.com/hotel/b-b-prezioso-suites-rooms-lecce-lecce	+39 329 464 3011
Bed & Breakfast DONNA TERESA Guest House Lecce	donnateresabedandbreakfast@gmail.com	https://www.hotelsdrop.com/hotel/bed-breakfast-donna-teresa-guest-house-lecce-lecce	+39 348 153 0091
La Bella Lecce B&B	info@labellalecce.it	https://www.hotelsdrop.com/hotel/la-bella-lecce-b-b-lecce	+39 333 422 2610
LecceSalento B&B	accoglienza@beb-leccesalento.com	https://www.hotelsdrop.com/hotel/leccesalento-b-b-lecce	+39 328 387 5928
Nonna Jole B&B	info@nonnaiole.it	https://www.hotelsdrop.com/hotel/nonna-jole-b-b-lecce	+39 347 638 0695
Palazzo Bignami B&B	info@palazzobignami.com	https://www.hotelsdrop.com/hotel/palazzo-bignami-b-b-lecce	+39 348 361 6186
Palazzo Maresgallo Suites & Spa	info@palazzomaresgallo.com	https://www.hotelsdrop.com/hotel/palazzo-maresgallo-suites-spa-lecce	+39 371 424 5399
B&B Acqua Dolce. CIN IT097042C1FHQLWUK	gabriellabonaiti78@gmail.com	https://www.hotelsdrop.com/hotel/b-b-acqua-dolce-cin-it097042c1fhqlwuk-abbadia-lariana	+39 328 693 0133
B&B Il Lago Dipinto - Lecco	info@illagodipinto.it	https://www.hotelsdrop.com/hotel/b-b-il-lago-dipinto-lecco-abbadia-lariana	+39 347 610 3280
Foresteria - Casa di Lucio	info@casadilucio.it	https://www.hotelsdrop.com/hotel/foresteria-casa-di-lucio-abbadia-cerreto	+39 351 911 0305
Guest house Nonna Adriana	info@nonna-adriana.com	https://www.hotelsdrop.com/hotel/guest-house-nonna-adriana-lucca	+39 329 742 4185
Il Ponte Affittacamere	receptionilpontelucca@gmail.com	https://www.hotelsdrop.com/hotel/il-ponte-affittacamere-lucca	+39 349 612 8128
Le Camere di Caterina	lecameredicaterina@gmail.com	https://www.hotelsdrop.com/hotel/le-camere-di-caterina-lucca	+39 334 141 5915
Alla Torre del Barbarossa B&B	info@allatorredelbarbarossa.it	https://www.hotelsdrop.com/hotel/alla-torre-del-barbarossa-b-b-abbadia-lariana	+39 340 089 0651
B&B/FORESTERIA "CASA DELLA MUSICA LAKE VIEW" (codice CIN IT097046B4DSJ6PQGQ)	info@bbcasadellamusica.com	https://www.hotelsdrop.com/hotel/b-b-foresteria-casa-della-musica-lake-view-codic-abbadia-lariana	+39 347 856 2080
Agli Archi Dimore Storiche	agliarchidimorestoriche@gmail.com	https://www.hotelsdrop.com/hotel/agli-archi-dimore-storiche-matera	+39 320 859 2975
Antica Mateola Rooms & Suites	info@anticamateola.it	https://www.hotelsdrop.com/hotel/antica-mateola-rooms-suites-matera	+39 320 322 8284
Il Re degli Scalzi - Rooms in Matera	ilredegliscalzi@gmail.com	https://www.hotelsdrop.com/hotel/il-re-degli-scalzi-rooms-in-matera-matera	+39 392 006 9371
IN & OUT Matera b&b Affittacamere Residence	ineoutmatera@gmail.com	https://www.hotelsdrop.com/hotel/in-out-matera-b-b-affittacamere-residence-matera	+39 328 143 0215
La Casa di Ele	info@lacasadiele.it	https://www.hotelsdrop.com/hotel/la-casa-di-ele-matera	+39 389 011 7392
Livingstone b&b	info@livingstonematera.it	https://www.hotelsdrop.com/hotel/livingstone-b-b-matera	+39 351 265 6359
Myricae Affittacamere-Bed and breakfast Matera	myricaematera@gmail.com	https://www.hotelsdrop.com/hotel/myricae-affittacamere-bed-and-breakfast-matera-matera	+39 342 721 9918
stone rooms	info@stonerooms.it	https://www.hotelsdrop.com/hotel/stone-rooms-matera	+39 366 723 9351
Agriturismo Tenuta Margitello	info@tenutamargitello.com	https://www.hotelsdrop.com/hotel/agriturismo-tenuta-margitello-mazzarrone	+39 348 822 0784
G&G Hotel	info@gghotel.it	https://www.hotelsdrop.com/hotel/g-g-hotel-mazzarrone	+39 350 538 8249
Ronnavona Casa Vacanze B&B	ronnavona@gmail.com	https://www.hotelsdrop.com/hotel/ronnavona-casa-vacanze-b-b-mazzarrone	+39 338 941 5331
Manzoni Rooms	info@rosengartenbz.com	https://www.hotelsdrop.com/hotel/manzoni-rooms-merano	+39 340 003 4065
Garibaldi R&B Messina	info@garibaldimessina.it	https://www.hotelsdrop.com/hotel/garibaldi-r-b-messina-messina	+39 339 332 7612
ISOLA - Smart Accomodation	info@isolamessina.com	https://www.hotelsdrop.com/hotel/isola-smart-accomodation-messina	+39 392 050 9000
Messina 41 CondHotel	info@messina41.it	https://www.hotelsdrop.com/hotel/messina-41-condhotel-messina	+39 351 154 6983
Aparthotel Casamia	aparthotelcasamia@gmail.com	https://www.hotelsdrop.com/hotel/aparthotel-casamia-milano	+39 380 146 1999
Bed & Breakfast da Mara	info@bedinmilanodamara.it	https://www.hotelsdrop.com/hotel/bed-breakfast-da-mara-milano	+39 346 025 5753
Ca' Monteggia Guest House	info@camonteggia.it	https://www.hotelsdrop.com/hotel/ca-monteggia-guest-house-milano	+39 327 292 8781
CVM 19 - Boutique Rooms Milan	info@cvm19milan.com	https://www.hotelsdrop.com/hotel/cvm-19-boutique-rooms-milan-milano	+39 375 597 1199
DOMYA - Manzoni 25	reservations@staydomya.com	https://www.hotelsdrop.com/hotel/domya-manzoni-25-milano	+39 335 663 5157
Duomo Collection Milano	duomocollection30@gmail.com	https://www.hotelsdrop.com/hotel/duomo-collection-milano-milano	+39 351 518 1662
Experience Design Bed & Show	info@experiencedesignmilano.com	https://www.hotelsdrop.com/hotel/experience-design-bed-show-milano	+39 328 657 6845
HÕMA Spiga	spiga@homacollection.it	https://www.hotelsdrop.com/hotel/homa-spiga-milano	+39 351 606 8394
HOME BB MILANO	info@homebbmilano.com	https://www.hotelsdrop.com/hotel/home-bb-milano-milano	+39 338 939 0193
Hotel Principe di Savoia	reservations.hps@dorchestercollection.com	https://www.hotelsdrop.com/hotel/hotel-principe-di-savoia-milan	+39 02 62301
Loft G Hospitality	info@loftghospitality.com	https://www.hotelsdrop.com/hotel/loft-g-hospitality-milano	+39 331 636 8596
M20 Boutique Hotel	info@m20milano.com	https://www.hotelsdrop.com/hotel/m20-boutique-hotel-milano	+39 379 177 0742
Sheva Boutique Hotel	shevaboutiquemilano@gmail.com	https://www.hotelsdrop.com/hotel/sheva-boutique-hotel-milano	+39 379 177 0742
Sospeso Boutique Hotel	info@hotelsospeso.com	https://www.hotelsdrop.com/hotel/sospeso-boutique-hotel-milano	+39 379 265 9093
The Dream Suites Milano Centro	info@thedreamsuites.it	https://www.hotelsdrop.com/hotel/the-dream-suites-milano-centro-milano	+39 334 213 0031
Velvet Grey Boutique Hotel	info@velvetgreymilano.com	https://www.hotelsdrop.com/hotel/velvet-grey-boutique-hotel-milano	+39 380 157 4090
Victor Boutique Hotel	victorboutiquehotel@gmail.com	https://www.hotelsdrop.com/hotel/victor-boutique-hotel-milano	+39 380 157 4090
B&B Igea.50	info@bbigeamodena.it	https://www.hotelsdrop.com/hotel/b-b-igea-50-modena	+39 335 305 341
B&B Le Noci di Feo	info@lenocidifeo.com	https://www.hotelsdrop.com/hotel/b-b-le-noci-di-feo-modena	+39 349 210 0540
Country Resort Modena	info@countryroomsmodena.com	https://www.hotelsdrop.com/hotel/country-resort-modena-modena	+39 334 318 9130
EMILIA SUITE PALACE	info@emiliasuite.it	https://www.hotelsdrop.com/hotel/emilia-suite-palace-modena	+39 327 497 1651
La Casa del Viandante	lacasadelviandante@gmail.com	https://www.hotelsdrop.com/hotel/la-casa-del-viandante-modena	+39 347 924 8554
Loft Albinelli	contact@globostay.com	https://www.hotelsdrop.com/hotel/loft-albinelli-modena	+39 393 265 6618
Salotto delle Arti	info@salottodellearti.it	https://www.hotelsdrop.com/hotel/salotto-delle-arti-modena	+39 389 955 9087
Villa Argiolas Bed & Breakfast	support@readymag.com	https://www.hotelsdrop.com/hotel/villa-argiolas-bed-breakfast-modena	+39 328 482 5103
B&B Vico Grande	info@vicogrande.it	https://www.hotelsdrop.com/hotel/b-b-vico-grande-napoli	+39 380 420 5292
Direlo Guest House B&B	info@direloguesthouse.it	https://www.hotelsdrop.com/hotel/direlo-guest-house-b-b-napoli	+39 347 922 3867
Downtown Napoli b&b “E si nun canto Moro..”	info@downtownnapoli.com	https://www.hotelsdrop.com/hotel/downtown-napoli-b-b-e-si-nun-canto-moro-napoli	+39 347 063 1078
Garibaldi 136	info@garibaldi136.it	https://www.hotelsdrop.com/hotel/garibaldi-136-napoli	+39 338 378 9699
Affittacamere Olbia | Bed and Breakfast Olbia | City Garden Guest House |	info@citygardenolbia.it	https://www.hotelsdrop.com/hotel/affittacamere-olbia-bed-and-breakfast-olbia-city-olbia	+39 371 392 0924
B&B Bibiebò	simonettapadre@hotmail.com	https://www.hotelsdrop.com/hotel/b-b-bibiebo-olbia	+39 339 264 4312
B&B La Casa di Pier	piermarioserra@gmail.com	https://www.hotelsdrop.com/hotel/b-b-la-casa-di-pier-olbia	+39 347 791 5334
BARRILE'S - guest rooms - affittacamere	info@ispileroomsolbia.com	https://www.hotelsdrop.com/hotel/barrile-s-guest-rooms-affittacamere-olbia	+39 346 573 4716
bbolbia	gio.santoro@gmail.com	https://www.hotelsdrop.com/hotel/bbolbia-olbia	+39 340 605 8746
Bullerjanos _ Rooms in Olbia	info@ispileroomsolbia.com	https://www.hotelsdrop.com/hotel/bullerjanos-rooms-in-olbia-olbia	+39 340 480 8971
Porto Romano Guest House	contatti@bedandbreakfastportoromano.it	https://www.hotelsdrop.com/hotel/porto-romano-guest-house-olbia	+39 349 192 7996
Affittacamere La Piazzetta	lapiazzettaorvieto@gmail.com	https://www.hotelsdrop.com/hotel/affittacamere-la-piazzetta-orvieto	+39 333 757 9042
Affittacamere La Rosa di Orvieto	rosadiorvieto@gmail.com	https://www.hotelsdrop.com/hotel/affittacamere-la-rosa-di-orvieto-orvieto	+39 320 407 2718
B&B CasaSelita	info@casaselita.com	https://www.hotelsdrop.com/hotel/b-b-casaselita-orvieto	+39 339 225 4000
B&B Il Terrazzo	danilof.df@gmail.com	https://www.hotelsdrop.com/hotel/b-b-il-terrazzo-orvieto	+39 347 038 5659
B&B TORRE POLIDORI	catia@torrepolidoriorvieto.it	https://www.hotelsdrop.com/hotel/b-b-torre-polidori-orvieto	+39 349 426 2518
Casa Vèra Orvieto Affittacamere Appartamenti Centro Storico	info@casaveraorvieto.it	https://www.hotelsdrop.com/hotel/casa-vera-orvieto-affittacamere-appartamenti-cen-orvieto	+39 349 430 0167
Sant'Angelo 42	info@bborvieto.com	https://www.hotelsdrop.com/hotel/sant-angelo-42-orvieto	+39 348 775 7136
Agriturismo "Le Mandolare"	info@lemandolare.it	https://www.hotelsdrop.com/hotel/agriturismo-le-mandolare-albettone	+39 348 366 9215
Agriturismo ai Giardini	agriaigiardini@gmail.com	https://www.hotelsdrop.com/hotel/agriturismo-ai-giardini-padova	+39 347 884 4686
Agriturismo Alba	info@agriturismoalba.it	https://www.hotelsdrop.com/hotel/agriturismo-alba-baone	+39 393 385 0500
Agriturismo Biologico La Buona Terra	info@buonaterrabio.it	https://www.hotelsdrop.com/hotel/agriturismo-biologico-la-buona-terra-padova	+39 328 077 0977
Agriturismo Corte d'acqua	info@cortedacqua.it	https://www.hotelsdrop.com/hotel/agriturismo-corte-d-acqua-padova	+39 331 530 6030
Agriturismo I Marzemini	alloggi@imarzemini.it	https://www.hotelsdrop.com/hotel/agriturismo-i-marzemini-bagnoli-di-sopra	+39 393 936 2584
Agriturismo Il Castagneto - Appartamenti	zattalino@libero.it	https://www.hotelsdrop.com/hotel/agriturismo-il-castagneto-appartamenti-agugliaro	+39 328 828 4795
Agriturismo Il Passo	rino.romagnolo@libero.it	https://www.hotelsdrop.com/hotel/agriturismo-il-passo-padova	+39 339 635 2750
Agriturismo Millefiori la Corte delle Rose	info@agriturmillefiori.it	https://www.hotelsdrop.com/hotel/agriturismo-millefiori-la-corte-delle-rose-belfiore	+39 333 722 6602
Agriturismo Papaveri e Papere di azienda agricola Bottazzin Raffaela e figli -Caltana Ve	agriturismopapaveriepapere@gmail.com	https://www.hotelsdrop.com/hotel/agriturismo-papaveri-e-papere-di-azienda-agricol-arcade	+39 331 667 4231
Agriturismo Terre Bianche	info@terrebianche.it	https://www.hotelsdrop.com/hotel/agriturismo-terre-bianche-padova	+39 320 890 4988
Agriturismo Verdecielo	info@verdecielo.it	https://www.hotelsdrop.com/hotel/agriturismo-verdecielo-albignasego	+39 379 233 7109
Al Fiume Piovego	info@alfiumepiovego.it	https://www.hotelsdrop.com/hotel/al-fiume-piovego-padova	+39 335 586 7904
ApartmentsPadova	info@apartmentspadova.it	https://www.hotelsdrop.com/hotel/apartmentspadova-padova	+39 342 373 5756
Azienda agricola "La Roccia" di Martini Massimiliano	info@laroccia.info	https://www.hotelsdrop.com/hotel/azienda-agricola-la-roccia-di-martini-massimilia-padova	+39 371 433 1059
Azienda Agrituristica Monte Boscalbò	info@montemoscalbo.it	https://www.hotelsdrop.com/hotel/azienda-agrituristica-monte-boscalbo-padova	+39 338 601 8891
B&B al Santo	info@bebalsantopadova.it	https://www.hotelsdrop.com/hotel/b-b-al-santo-padova	+39 328 957 2533
B&B Chezelisabeth - Bed and Breakfast Padova Centro	chezelisabeth1952@libero.it	https://www.hotelsdrop.com/hotel/b-b-chezelisabeth-bed-and-breakfast-padova-centr-padova	+39 340 697 8604
B&B La stanza di Max Padova, via Sorio, Piazzale san giovanni	maxchiria@gmail.com	https://www.hotelsdrop.com/hotel/b-b-la-stanza-di-max-padova-via-sorio-piazzale-s-padova	+39 349 292 7366
B&B Villa Margherita | Luxury Rooms in Padua	hello@villamargherita.padova.it	https://www.hotelsdrop.com/hotel/b-b-villa-margherita-luxury-rooms-in-padua-padova	+39 388 579 1311
B&B Villa Rosa	info@bbvillarosapadova.it	https://www.hotelsdrop.com/hotel/b-b-villa-rosa-padova	+39 347 735 4780
Bed and Breakfast Bio Salix	beb.biosalix@gmail.com	https://www.hotelsdrop.com/hotel/bed-and-breakfast-bio-salix-padova	+39 347 449 6744
BedStudent - PadPad - The Best Rooms and Studios in Padova!	info@bedstudent.it	https://www.hotelsdrop.com/hotel/bedstudent-padpad-the-best-rooms-and-studios-in-padova	+39 391 754 4291
Bread and Butter rooms	info@breadandbutter-rooms.com	https://www.hotelsdrop.com/hotel/bread-and-butter-rooms-albignasego	+39 351 662 2816
Bsuites Scrovegni	bsuitesb@gmail.com	https://www.hotelsdrop.com/hotel/bsuites-scrovegni-padova	+39 366 250 0992
Ca' de Memi	info@cadememi.it	https://www.hotelsdrop.com/hotel/ca-de-memi-padova	+39 349 698 7953
Camera Tua ®	info@cameratua.com	https://www.hotelsdrop.com/hotel/camera-tua-padova	+39 349 476 8846
Camera Tua ® | Affittacamere Paccagnella	info@cameratua.com	https://www.hotelsdrop.com/hotel/camera-tua-affittacamere-paccagnella-padova	+39 349 476 8846
Camera Tua ® | Jappelli Rooms	info@cameratua.com	https://www.hotelsdrop.com/hotel/camera-tua-jappelli-rooms-padova	+39 349 476 8846
Canton del Gallo	cantondelgallopadova@gmail.com	https://www.hotelsdrop.com/hotel/canton-del-gallo-padova	+39 375 517 7627
Casa al Carmine	info@casaalcarmine.it	https://www.hotelsdrop.com/hotel/casa-al-carmine-padova	+39 328 961 3480
Casa Battisti	info@casabattisti.it	https://www.hotelsdrop.com/hotel/casa-battisti-padova	+39 331 127 1675
Casa Genny	casagennyhouse@gmail.com	https://www.hotelsdrop.com/hotel/casa-genny-padova	+39 351 474 1173
Casa Giotto | Urban Luxury	booking@casagiotto.it	https://www.hotelsdrop.com/hotel/casa-giotto-urban-luxury-padova	+39 345 974 8043
Casa Locatelli	info@casalocatelli.it	https://www.hotelsdrop.com/hotel/casa-locatelli-padova	+39 328 123 8481
Casa Patavina	casapatavina@gmail.com	https://www.hotelsdrop.com/hotel/casa-patavina-padova	+39 348 569 0115
Casa Santa Caterina	santacaterinaesantantonio@gmail.com	https://www.hotelsdrop.com/hotel/casa-santa-caterina-padova	+39 335 679 5000
CIVICO 57 Al Santo - PADOVA	civico57.info@gmail.com	https://www.hotelsdrop.com/hotel/civico-57-al-santo-padova-padova	+39 346 560 3950
Colle del Barbarossa	info@colledelbarbarossa.com	https://www.hotelsdrop.com/hotel/colle-del-barbarossa-padova	+39 335 684 9751
Colombara Farmhouse	info@colombarafarmhouse.it	https://www.hotelsdrop.com/hotel/colombara-farmhouse-campodoro	+39 348 315 6844
Dadi Home	info@dadihome.it	https://www.hotelsdrop.com/hotel/dadi-home-padova	+39 389 471 2661
Dimora di Bosco room & breakfast	info@dimoradibosco.it	https://www.hotelsdrop.com/hotel/dimora-di-bosco-room-breakfast-cin-it028072b4gum-campodoro	+39 348 264 7039
DIMORA IN PRATO | Affittacamere in Prato della Valle	dimorainprato@bandj.it	https://www.hotelsdrop.com/hotel/dimora-in-prato-affittacamere-in-prato-della-val-padova	+39 376 295 0585
Erik Langer Pedrocchi Suites	info@eriklanger.it	https://www.hotelsdrop.com/hotel/erik-langer-pedrocchi-suites-padova	+39 331 808 3555
Grace House Padova	info@gracehousepadova.it	https://www.hotelsdrop.com/hotel/grace-house-padova-padova	+39 350 575 0276
Il Casale al Colle	info@ilcasalealcolle.it	https://www.hotelsdrop.com/hotel/il-casale-al-colle-padova	+39 388 948 5163
Il Filo Rosso B&B	info@filorossobeb.it	https://www.hotelsdrop.com/hotel/il-filo-rosso-b-b-padova	+39 351 878 0733
La Lanterna Guest House	giammy@lalanternabb.it	https://www.hotelsdrop.com/hotel/la-lanterna-guest-house-padova	+39 328 010 5878
Luxury Rooms Padova Station	lrps@luxuryroomspd.com	https://www.hotelsdrop.com/hotel/luxury-rooms-padova-station-padova	+39 328 243 0495
Monte degli Aromi	montedegliaromi@gmail.com	https://www.hotelsdrop.com/hotel/monte-degli-aromi-padova	+39 329 906 1778
Palazzo Gilberto	palazzogilberto@gmail.com	https://www.hotelsdrop.com/hotel/palazzo-gilberto-albignasego	+39 377 338 5020
Palazzo Mantua Benavides	suite@palazzomantuabenavides.com	https://www.hotelsdrop.com/hotel/palazzo-mantua-benavides-padova	+39 380 893 2289
Palazzo Vittoria Locazione Turistica	mail.ilmaestrale@gmail.com	https://www.hotelsdrop.com/hotel/palazzo-vittoria-locazione-turistica-padova	+39 349 338 0068
Prato della Valle 34 Apartments	pratodellavalle34@gmail.com	https://www.hotelsdrop.com/hotel/prato-della-valle-34-apartments-padova	+39 347 735 4780
Residence Eremitani	info@eremitaniresidence.it	https://www.hotelsdrop.com/hotel/residence-eremitani-padova	+39 366 144 9474
Santa Lucia Suites	info@santaluciasuites.it	https://www.hotelsdrop.com/hotel/santa-lucia-suites-padova	+39 345 450 5487
Suites Isola Memmia	bbisolamemmia@gmail.com	https://www.hotelsdrop.com/hotel/suites-isola-memmia-padova	+39 328 973 0580
Va Oltre - La Tenuta	605a7baede844d278b89dc95ae0a9123@sentry-next.wixpress.com	https://www.hotelsdrop.com/hotel/va-oltre-la-tenuta-bovolenta	+39 329 225 3700
Welc-ōM Royal Garden Luxury Rooms	booking@welc-om.it	https://www.hotelsdrop.com/hotel/welc-om-royal-garden-luxury-rooms-padova	+39 327 959 0846
Bed and Breakfast Vivaldi	info@bbvivaldi.it	https://www.hotelsdrop.com/hotel/bed-and-breakfast-vivaldi-palermo	+39 331 447 3732
Palazzo Benso Bed and Breakfast	%20germanopucci@gmail.com	https://www.hotelsdrop.com/hotel/palazzo-benso-bed-and-breakfast-palermo	+39 339 730 5731
Palazzo Sant'Agostino	info@palazzosantagostino.eu	https://www.hotelsdrop.com/hotel/palazzo-sant-agostino-palermo	+39 334 998 8358
Palermo Inn Bed and Breakfast	info@palermoinn.com	https://www.hotelsdrop.com/hotel/palermo-inn-bed-and-breakfast-palermo	+39 392 025 0583
B&B A Parma Duomo	bbaparmaduomo@gmail.com	https://www.hotelsdrop.com/hotel/b-b-a-parma-duomo-parma	+39 349 479 5701
B&B Al Battistero d'Oro	contatti@albattisterodoro.it	https://www.hotelsdrop.com/hotel/b-b-al-battistero-d-oro-parma	+39 338 490 4697
B&B Le Grazie	legrazieparma@gmail.com	https://www.hotelsdrop.com/hotel/b-b-le-grazie-parma	+39 328 492 2453
B&B Opera 1	info@operaparma.it	https://www.hotelsdrop.com/hotel/b-b-opera-1-parma	+39 338 786 8043
B&B Podere Merlo	info@poderemerlo.it	https://www.hotelsdrop.com/hotel/b-b-podere-merlo-parma	+39 335 772 0191
B&B San Francesco	bbsanfrancescoparma@gmail.com	https://www.hotelsdrop.com/hotel/b-b-san-francesco-parma	+39 335 728 2638
Pio Rooms	info@piorooms.it	https://www.hotelsdrop.com/hotel/pio-rooms-parma	+39 347 776 9065
Al giardino di Alice B&B	info@algiardinodialice.com	https://www.hotelsdrop.com/hotel/al-giardino-di-alice-b-b-perugia	+39 393 152 1638
B&B Alle Naiadi	paola@beblenaiadi.com	https://www.hotelsdrop.com/hotel/b-b-alle-naiadi-perugia	+39 349 291 3914
b&b housestellina	info@housestellina.com	https://www.hotelsdrop.com/hotel/b-b-housestellina-perugia	+39 348 715 5727
B&B La Locanda delle Idee Perugia	lalocandadelleideepg@gmail.com	https://www.hotelsdrop.com/hotel/b-b-la-locanda-delle-idee-perugia-perugia	+39 350 574 8082
I Fiori di Margherita Luxury B&B	info@bbifioridimargherita.it	https://www.hotelsdrop.com/hotel/i-fiori-di-margherita-luxury-b-b-perugia	+39 333 229 2281
B&B da Debora	bebdadebora@libero.it	https://www.hotelsdrop.com/hotel/b-b-da-debora-pisa	+39 347 173 4575
B&B Guerrazzi	bbguerrazzipisa@gmail.com	https://www.hotelsdrop.com/hotel/b-b-guerrazzi-pisa	+39 338 932 8169
Bed & Breakfast Dei Cavalieri / CIN IT050026B4PFBNPP82	info@deicavalieri.pisa.it	https://www.hotelsdrop.com/hotel/bed-breakfast-dei-cavalieri-cin-it050026b4pfbnpp-pisa	+39 348 721 2254
Bed and Breakfast "Sognando verso la Torre" Pisa	bbsognando@gmail.com	https://www.hotelsdrop.com/hotel/bed-and-breakfast-sognando-verso-la-torre-pisa-pisa	+39 392 466 6364
Colorado Home Bed and Breakfast	info@coloradohome.it	https://www.hotelsdrop.com/hotel/colorado-home-bed-and-breakfast-pisa	+39 340 718 1784
Harmony House Prestige	harmonyhouseprestige@gmail.com	https://www.hotelsdrop.com/hotel/harmony-house-prestige-pisa	+39 392 745 4909
Hotel Maria Pisa Albergo 3 Stelle	info@hotelmariapisa.it	https://www.hotelsdrop.com/hotel/hotel-maria-pisa-albergo-3-stelle-pisa	+39 390 504 2596
Michele Guest House Bed and Breakfast	info@guest-house.it	https://www.hotelsdrop.com/hotel/michele-guest-house-bed-and-breakfast-pisa	+39 333 601 1287
B&B Mamma Rosa	info@mammarosapositano.com	https://www.hotelsdrop.com/hotel/b-b-mamma-rosa-positano	+39 338 316 4868
Bacio del Sole B&B	info@baciodelsole.com	https://www.hotelsdrop.com/hotel/bacio-del-sole-b-b-positano	+39 333 275 6810
Bed and Breakfast Salerno	vegascermino@gmail.com	https://www.hotelsdrop.com/hotel/bed-and-breakfast-salerno-positano	+39 333 743 3995
Casa Mariagrazia b&b Positano	info@colledellara.it	https://www.hotelsdrop.com/hotel/casa-mariagrazia-b-b-positano-positano	+39 331 149 9264
Colle dell'ara B&B	info@colledellara.it	https://www.hotelsdrop.com/hotel/colle-dell-ara-b-b-positano	+39 331 149 9264
Hotel Casa Teresa	info@casateresapositano.com	https://www.hotelsdrop.com/hotel/hotel-casa-teresa-positano	+39 338 409 1520
Santi e Saraceni	info@santiesaraceni.it	https://www.hotelsdrop.com/hotel/santi-e-saraceni-positano	+39 349 462 2996
VENUS Inn, B&B Positano	sleepingpositano@yahoo.it	https://www.hotelsdrop.com/hotel/venus-inn-b-b-positano-positano	+39 338 542 8531
Hotel Centrale Byron	info@hotelbyron.com	https://www.hotelsdrop.com/hotel/hotel-centrale-byron-ravenna	+39 337 103 1234
Maison degli Artisti	info@maisondegliartisti.it	https://www.hotelsdrop.com/hotel/maison-degli-artisti-ravenna	+39 340 950 9873
Valentino Luxury Rooms | B&B Ravenna	info@valentinorooms.it	https://www.hotelsdrop.com/hotel/valentino-luxury-rooms-b-b-ravenna-ravenna	+39 340 950 9873
Torrione Hotel	info@torrionehotel.it	https://www.hotelsdrop.com/hotel/torrione-hotel-reggio-di-calabria	+39 327 933 8921
Town House Morgana	info@townhousecavour.it	https://www.hotelsdrop.com/hotel/town-house-morgana-reggio-di-calabria	+39 338 358 0591
Trip Room & Breakfast	info@triproomrc.com	https://www.hotelsdrop.com/hotel/trip-room-breakfast-reggio-di-calabria	+39 371 351 9086
A casa da noi	info@acasadanoi.it	https://www.hotelsdrop.com/hotel/a-casa-da-noi-rimini	+39 348 760 2556
Hotel Ausonia B&B RiMiNi - Sito Ufficiale	ausonia@hotelinrimini.it	https://www.hotelsdrop.com/hotel/hotel-ausonia-b-b-rimini-sito-ufficiale-rimini	+39 327 612 5038
Hotel B&B Ardea Rimini	info@hotelardearimini.it	https://www.hotelsdrop.com/hotel/hotel-b-b-ardea-rimini-rimini	+39 327 153 9658
Agriturismo Bellu	%20agriturismobellu@tiscali.it	https://www.hotelsdrop.com/hotel/agriturismo-bellu-abbasanta	+39 389 104 1821
Agriturismo S'Anea	info@sanea.it	https://www.hotelsdrop.com/hotel/agriturismo-s-anea-abbasanta	+39 338 775 8212
Bed & Breakfast Il Covo Roma	info@bbilcovo.com	https://www.hotelsdrop.com/hotel/bed-breakfast-il-covo-roma-roma	+39 393 931 1013
Bed And Best	info@bedandbest.it	https://www.hotelsdrop.com/hotel/bed-and-best-roma	+39 338 409 1103
Gioia Bed and Breakfast	info@gioiabedandbreakfast.com	https://www.hotelsdrop.com/hotel/gioia-bed-and-breakfast-roma	+39 339 501 4088
Hotel de Russie	reservations.derussie@roccofortehotels.com	https://www.hotelsdrop.com/hotel/hotel-de-russie-rome	+39 390 632 8881
Hotel Eden	reservations.her@dorchestercollection.com	https://www.hotelsdrop.com/hotel/hotel-eden-rome	+39 390 647 8121
Hotel Hassler Roma	info@hotelhassler.it	https://www.hotelsdrop.com/hotel/hotel-hassler-roma	+39 390 669 9341
Residenza Pantaleo Bed & Breakfast Roma	pantaleorooms@gmail.com	https://www.hotelsdrop.com/hotel/residenza-pantaleo-bed-breakfast-roma-roma	+39 348 868 0654
Rome Cavalieri, A Waldorf Astoria Hotel	romhiwa.reservations@hilton.com	https://www.hotelsdrop.com/hotel/rome-cavalieri-a-waldorf-astoria-hotel-roma	+39 06 35091
The Center of Rome Bed and Breakfast	glamourcenterofrome@gmail.com	https://www.hotelsdrop.com/hotel/the-center-of-rome-bed-and-breakfast-roma	+39 333 953 4752
Vinto House Downtown	info@vintohouse.com	https://www.hotelsdrop.com/hotel/vinto-house-downtown-salerno	+39 392 696 7811
Bed and Breakfast Il Fienile	info@bebilfienile.it	https://www.hotelsdrop.com/hotel/bed-and-breakfast-il-fienile-san-gimignano	+39 347 314 5048
Duccio Nacci Rooms-guest house	info@duccionaccirooms.it	https://www.hotelsdrop.com/hotel/duccio-nacci-rooms-guest-house-san-gimignano	+39 347 977 9390
Le Undici Lune	info.undicilune@gmail.com	https://www.hotelsdrop.com/hotel/le-undici-lune-san-gimignano	+39 379 352 1913
Palazzo Buonaccorsi Residenza d'Epoca	info@palazzobuonaccorsi.it	https://www.hotelsdrop.com/hotel/palazzo-buonaccorsi-residenza-d-epoca-san-gimignano	+39 349 807 9349
Podere Sant'Elena Bed Breakfast San Gimignano	info@poderesantelena.com	https://www.hotelsdrop.com/hotel/podere-sant-elena-bed-breakfast-san-gimignano-san-gimignano	+39 347 074 8188
Villa Alba Bed & Breakfast	info@villaalbasangimignano.it	https://www.hotelsdrop.com/hotel/villa-alba-bed-breakfast-san-gimignano	+39 377 097 0376
14bnb	raimondo.rizzu@14bnb.it	https://www.hotelsdrop.com/hotel/14bnb-sassari	+39 370 112 8617
B.I.C. (bnb in centro)	support@centralstay.eu	https://www.hotelsdrop.com/hotel/b-i-c-bnb-in-centro-sassari	+39 393 285 1538
B&B 2000 - Bed and Breakfast	caffe2000@virgilio.it	https://www.hotelsdrop.com/hotel/b-b-2000-bed-and-breakfast-sassari	+39 389 456 9375
B&B La Terrazza di Anna	support@localsmalltour.com	https://www.hotelsdrop.com/hotel/b-b-la-terrazza-di-anna-sassari	+39 391 166 4359
Bed and Breakfast Sogno Allegro a Sassari	infosognoallegro@gmail.com	https://www.hotelsdrop.com/hotel/bed-and-breakfast-sogno-allegro-a-sassari-sassari	+39 388 370 7430
Casa Ariston	casariston@gmail.comtelefono	https://www.hotelsdrop.com/hotel/casa-ariston-sassari	+39 349 308 0641
Morfeo Bed and Breakfast	morfeo.bnb@gmail.com	https://www.hotelsdrop.com/hotel/morfeo-bed-and-breakfast-sassari	+39 333 211 1542
Albergo Bernini	info@albergobernini.com	https://www.hotelsdrop.com/hotel/albergo-bernini-siena	+39 339 112 4113
B&B Il Senesino	info@senesino.it	https://www.hotelsdrop.com/hotel/b-b-il-senesino-siena	+39 342 927 1151
Bed & Breakfast Villa Fiorita Siena	bebvillafiorita@gmail.com	https://www.hotelsdrop.com/hotel/bed-breakfast-villa-fiorita-siena-siena	+39 393 918 9000
Ca' Bianca Tuscany Relais	info@cabiancasiena.com	https://www.hotelsdrop.com/hotel/ca-bianca-tuscany-relais-siena	+39 351 889 8986
Casale Virgili	info@casalevirgili.it	https://www.hotelsdrop.com/hotel/casale-virgili-siena	+39 334 739 3124
Il Battistero Siena - Residenza d'epoca	hospitality@battisterosiena.com	https://www.hotelsdrop.com/hotel/il-battistero-siena-residenza-d-epoca-siena	+39 331 957 0519
Palazzo Bulgarini	info@bbpalazzobulgarini.com	https://www.hotelsdrop.com/hotel/palazzo-bulgarini-siena	+39 333 311 5284
Palazzo del Magnifico	info@palazzodelmagnifico.it	https://www.hotelsdrop.com/hotel/palazzo-del-magnifico-siena	+39 389 785 3750
BeB La Terra di Archimede Siracusa	laterradiarchimede@gmail.com	https://www.hotelsdrop.com/hotel/beb-la-terra-di-archimede-siracusa-siracusa	+39 320 789 0561
Bed & Breakfast Dolce Sorriso	dolcesorrisobb39@gmail.com	https://www.hotelsdrop.com/hotel/bed-breakfast-dolce-sorriso-siracusa	+39 351 535 6026
Guest House Elettra "service B&B"	info@guesthouse-elettra.com	https://www.hotelsdrop.com/hotel/guest-house-elettra-service-b-b-siracusa	+39 392 267 2351
San Nicola Rooms Siracusa	info@sannicolasiracusa.com	https://www.hotelsdrop.com/hotel/san-nicola-rooms-siracusa-siracusa	+39 335 727 7965
Siracusa Ortigia by Duomo	siracusa.ortigia.by.duomo@gmail.com	https://www.hotelsdrop.com/hotel/siracusa-ortigia-by-duomo-siracusa	+39 351 332 1698
Bed and Breakfast Palazzo Saltovar	info@palazzosaltovar.it	https://www.hotelsdrop.com/hotel/bed-and-breakfast-palazzo-saltovar-sorrento	+39 339 528 4725
Boutique Hotel Sorrento Flats	info@sorrentoflats.com	https://www.hotelsdrop.com/hotel/boutique-hotel-sorrento-flats-sorrento	+39 392 661 1150
La Strada Parlata	lastradaparlata@gmail.com	https://www.hotelsdrop.com/hotel/la-strada-parlata-sorrento	+39 349 324 4022
Palazzo Spasiano	info@palazzospasiano.com	https://www.hotelsdrop.com/hotel/palazzo-spasiano-sorrento	+39 339 841 1424
Sorrento Belvedere B&B	info@belvederesorrento.com	https://www.hotelsdrop.com/hotel/sorrento-belvedere-b-b-sorrento	+39 339 412 2024
Surriento Suites B&B	info@surrientosuites.com	https://www.hotelsdrop.com/hotel/surriento-suites-b-b-sorrento	+39 338 762 3486
Vhome B&B	info@vhome.it	https://www.hotelsdrop.com/hotel/vhome-b-b-sorrento	+39 333 653 3589
B&B Dionisio a Taormina	info@bedandbreakfastdionisio.com	https://www.hotelsdrop.com/hotel/b-b-dionisio-a-taormina-taormina	+39 339 585 6969
B&B Evelyne	info@bbevelyne.com	https://www.hotelsdrop.com/hotel/b-b-evelyne-taormina	+39 389 159 8366
B&B Giulia	info@bedandbreakfastgiulia.it	https://www.hotelsdrop.com/hotel/b-b-giulia-taormina	+39 340 189 3024
Lady Hill B&B - Taormina	ladyhill.tao@gmail.com	https://www.hotelsdrop.com/hotel/lady-hill-b-b-taormina-taormina	+39 351 953 4244
ART'To	info@art-to.it	https://www.hotelsdrop.com/hotel/art-to-torino	+39 393 915 0111
B&B La casa di Flora	info@lacasadiflora.it	https://www.hotelsdrop.com/hotel/b-b-la-casa-di-flora-torino	+39 349 270 3029
B&B La Savoiarda	lasavoiarda@gmail.com	https://www.hotelsdrop.com/hotel/b-b-la-savoiarda-torino	+39 347 520 3040
Be Mate Torino Centro	info@bemate.com	https://www.hotelsdrop.com/hotel/be-mate-torino-centro-torino	+39 345 794 9763
Casa Ganci	casaganci@gmail.com	https://www.hotelsdrop.com/hotel/casa-ganci-torino	+39 349 891 8279
Golden Palace Hotel	info@goldenpalaceweb.com	https://www.hotelsdrop.com/hotel/golden-palace-hotel-torino	+39 390 115 5121
Principi di Piemonte	info@principidipiemonte.com	https://www.hotelsdrop.com/hotel/principi-di-piemonte-torino	+39 390 115 5151
Turin Art Experience Bed & Breakfast	info@turinartexperience.com	https://www.hotelsdrop.com/hotel/turin-art-experience-bed-breakfast-torino	+39 333 392 1106
B&B Il profumo del porto	info@ilprofumodelporto.it	https://www.hotelsdrop.com/hotel/b-b-il-profumo-del-porto-trapani	+39 328 549 7965
Bed & Breakfast Terrazze Villanova	info@terrazzevillanova.it	https://www.hotelsdrop.com/hotel/bed-breakfast-terrazze-villanova-trapani	+39 347 320 4730
Bed And Breakfast Il Cavaliere	info@bebilcavaliere.com	https://www.hotelsdrop.com/hotel/bed-and-breakfast-il-cavaliere-trapani	+39 349 637 8715
Bed and Breakfast Il Quadrifoglio a Trapani - Casa Vacanze Trapani	info@ilquadrifogliobb.it	https://www.hotelsdrop.com/hotel/bed-and-breakfast-il-quadrifoglio-a-trapani-casa-trapani	+39 392 951 4411
Bed and Breakfast Via Spalti 52	bebspalti52@gmail.com	https://www.hotelsdrop.com/hotel/bed-and-breakfast-via-spalti-52-trapani	+39 329 643 2225
La Trinacria Rooms	latrinacriarooms@gmail.com	https://www.hotelsdrop.com/hotel/la-trinacria-rooms-trapani	+39 345 595 2455
Teti Sea View Rooms & Apts. Trapani City Center	tetivacanze@gmail.com	https://www.hotelsdrop.com/hotel/teti-sea-view-rooms-apts-trapani-city-center-trapani	+39 380 355 3435
Vida Rooms	vidaroomstrapani@gmail.com	https://www.hotelsdrop.com/hotel/vida-rooms-trapani	+39 345 595 2455
B&B Eden	info@bbeden.it	https://www.hotelsdrop.com/hotel/b-b-eden-trento	+39 334 715 5386
B&B Margot Trento	info@bbmargot.com	https://www.hotelsdrop.com/hotel/b-b-margot-trento-trento	+39 373 773 8322
B&B Palazzo Malfatti	bbelisatrento@gmail.com	https://www.hotelsdrop.com/hotel/b-b-palazzo-malfatti-trento	+39 335 784 9683
B&B PIEDICASTELLO	info@piedicastellobeb.it	https://www.hotelsdrop.com/hotel/b-b-piedicastello-trento	+39 334 342 9883
B&B Trento nel Verde	trentonelverde@gmail.com	https://www.hotelsdrop.com/hotel/b-b-trento-nel-verde-trento	+39 349 857 4780
Bed E Breakfast Ai Tre Portoni	ristopat@tiscali.it	https://www.hotelsdrop.com/hotel/bed-e-breakfast-ai-tre-portoni-trento	+39 347 647 5297
Hotel al Dos Trento - Breakfast & private SPA	info@hotelaldostrento.it	https://www.hotelsdrop.com/hotel/hotel-al-dos-trento-breakfast-private-spa-trento	+39 352 068 7927
House of Bruno Rooms & Apartments	info@houseofbruno.com	https://www.hotelsdrop.com/hotel/house-of-bruno-rooms-apartments-trento	+39 380 374 2955
Soul of Trento - Vicolo del Vo, 27	info@souloftrento.it	https://www.hotelsdrop.com/hotel/soul-of-trento-vicolo-del-vo-27-trento	+39 327 725 9937
Ponterosso Suite	info@ponterossosuite.com	https://www.hotelsdrop.com/hotel/ponterosso-suite-trieste	+39 347 766 2689
B&B Al Vecchio Castello	info@vecchiocastellotropea.it	https://www.hotelsdrop.com/hotel/b-b-al-vecchio-castello-tropea	+39 339 364 4446
B&B Casale Pietrantica Tropea	casalepietrantica@libero.it	https://www.hotelsdrop.com/hotel/b-b-casale-pietrantica-tropea-tropea	+39 340 552 0587
B&B ILary Tropea	bbilarytropea@gmail.com	https://www.hotelsdrop.com/hotel/b-b-ilary-tropea-tropea	+39 388 118 3254
B&B Sunset Tropea	info@sunset-tropea.com	https://www.hotelsdrop.com/hotel/b-b-sunset-tropea-tropea	+39 328 240 4541
Bella Tropea Accommodation	bellatropeaaccommodation@gmail.com	https://www.hotelsdrop.com/hotel/bella-tropea-accommodation-tropea	+39 346 237 7428
Pepè Accommodation Bed and breakfast	pepeaccomodation@libero.it	https://www.hotelsdrop.com/hotel/pepe-accommodation-bed-and-breakfast-tropea	+39 347 253 7997
Tropea Casa Scirocco CIN IT102044B4EECW6KF8	tropeacasascirocco@gmail.com	https://www.hotelsdrop.com/hotel/tropea-casa-scirocco-cin-it102044b4eecw6kf8-tropea	+39 345 772 0359
Villa Garden Tropea	info@villagarden.eu	https://www.hotelsdrop.com/hotel/villa-garden-tropea-tropea	+39 377 237 3905
Villa Liberty Urbino	605a7baede844d278b89dc95ae0a9123@sentry-next.wixpress.com	https://www.hotelsdrop.com/hotel/villa-liberty-urbino-urbino	+39 349 752 7773
Alloggi Vacation Venice	book@hotelvacationvenice.com	https://www.hotelsdrop.com/hotel/alloggi-vacation-venice-venezia	+39 350 926 6480
Angeles Inn Venice	info@angelesinnvenice.com	https://www.hotelsdrop.com/hotel/angeles-inn-venice-venezia	+39 339 521 1292
B&B Al Teatro	info@bedandbreakfastalteatro.com	https://www.hotelsdrop.com/hotel/b-b-al-teatro-venezia	+39 333 918 2494
B&B Vista sul Canal Grande	info@vistasulcanalgrande.it	https://www.hotelsdrop.com/hotel/b-b-vista-sul-canal-grande-venezia	+39 353 444 5934
Bed and Breakfast you and me	info@bbyouandme.com	https://www.hotelsdrop.com/hotel/bed-and-breakfast-you-and-me-venezia	+39 346 576 8385
Ca Dalisera B&B Venezia	cadalisera1386@gmail.com	https://www.hotelsdrop.com/hotel/ca-dalisera-b-b-venezia-venezia	+39 334 124 1602
Ca' Rielo	info@venicerent.it	https://www.hotelsdrop.com/hotel/ca-rielo-venezia	+39 328 313 3682
Charming Palace Santa Fosca	charmingsantafosca@gmail.com	https://www.hotelsdrop.com/hotel/charming-palace-santa-fosca-venezia	+39 391 326 2735
Dream Hub Hotel	venicehub2022@gmail.com	https://www.hotelsdrop.com/hotel/dream-hub-hotel-venezia	+39 350 926 6480
Guest House Train Station	info@guesthousetrainstation.com	https://www.hotelsdrop.com/hotel/guest-house-train-station-venezia	+39 329 472 4966
Hotel Orion	info@hotelorion.it	https://www.hotelsdrop.com/hotel/hotel-orion-venezia	+39 328 623 5773
Hotel Rossi	sammer@hostelsclub.com	https://www.hotelsdrop.com/hotel/hotel-rossi-venezia	+39 349 316 6832
Marconi House & Lodge	info@marconihouse.it	https://www.hotelsdrop.com/hotel/marconi-house-lodge-venezia	+39 346 860 7345
Oceano Mare B&B Venezia	info@oceanomarebb.com	https://www.hotelsdrop.com/hotel/oceano-mare-b-b-venezia-venezia	+39 347 539 1782
Palazzo Bembo - Exclusive Accommodation	info@palazzobembo.com	https://www.hotelsdrop.com/hotel/palazzo-bembo-exclusive-accommodation-venezia	+39 328 559 2429
Palazzo Ti-tti Rialto Suites	palazzotittivenice@gmail.com	https://www.hotelsdrop.com/hotel/palazzo-ti-tti-rialto-suites-venezia	+39 376 248 2654
Rimon Place	info@rimonplace.com	https://www.hotelsdrop.com/hotel/rimon-place-venezia	+39 388 469 8228
Rooms LagunaBlu Mestre	info@lagunablumestre.com	https://www.hotelsdrop.com/hotel/rooms-lagunablu-mestre-venezia	+39 375 734 5509
Royal Suites Venice	royalsuitesvenice@gmail.com	https://www.hotelsdrop.com/hotel/royal-suites-venice-venezia	+39 380 752 3219
10 Minutes B&B Bed & Breakfast	10minbb@gmail.com	https://www.hotelsdrop.com/hotel/10-minutes-b-b-bed-breakfast-verona	+39 342 757 6683
Alla Riva Camere Verona	info@allarivaverona.it	https://www.hotelsdrop.com/hotel/alla-riva-camere-verona-verona	+39 345 174 6617
Ariel Bed & Breakfast Verona	info@arielverona.com	https://www.hotelsdrop.com/hotel/ariel-bed-breakfast-verona-verona	+39 340 003 9876
B&B agli Orti	info@agliorti.it	https://www.hotelsdrop.com/hotel/b-b-agli-orti-verona	+39 349 710 7667
B&B al 19	info@al19.it	https://www.hotelsdrop.com/hotel/b-b-al-19-verona	+39 347 755 6434
B&B Alla Casa di Lucia	info@allacasadilucia.it	https://www.hotelsdrop.com/hotel/b-b-alla-casa-di-lucia-verona	+39 333 947 8548
B&B Orti di Spagna	darioperusi@alice.it	https://www.hotelsdrop.com/hotel/b-b-orti-di-spagna-verona	+39 349 673 8227
B&B Valverde	bebvalverde@gmail.com	https://www.hotelsdrop.com/hotel/b-b-valverde-verona	+39 348 555 5249
B&B Verona Centro	info@bbveronacentro.it	https://www.hotelsdrop.com/hotel/b-b-verona-centro-verona	+39 338 301 3468
BB Vicolo 22 locazione turistica	info@vicolo22.it	https://www.hotelsdrop.com/hotel/bb-vicolo-22-locazione-turistica-verona	+39 348 271 9393
Bed & Bra	bbarenaverona@gmail.com	https://www.hotelsdrop.com/hotel/bed-bra-verona	+39 349 316 8780
Casa Babbuino	info@casababbuino.com	https://www.hotelsdrop.com/hotel/casa-babbuino-verona	+39 379 117 2228
Casa Flora Verona	casafloraverona@gmail.com	https://www.hotelsdrop.com/hotel/casa-flora-verona-verona	+39 375 976 2225
Casa Fola - City Centre Rooms	info@casafola.com	https://www.hotelsdrop.com/hotel/casa-fola-city-centre-rooms-verona	+39 340 582 0701
Casa Vittoria	info@casavittoriabb.it	https://www.hotelsdrop.com/hotel/casa-vittoria-verona	+39 335 600 4994
Corte Realdi Suites	3929276445info@corterealdi.com	https://www.hotelsdrop.com/hotel/corte-realdi-suites-verona	+39 392 927 6445
Corte Realdi Suites Arena Verona	3929276445info@corterealdi.com	https://www.hotelsdrop.com/hotel/corte-realdi-suites-arena-verona-verona	+39 392 927 6445
Delle Rose Rooms - Le Arche Verona	learche.verona@gmail.com	https://www.hotelsdrop.com/hotel/delle-rose-rooms-le-arche-verona-verona	+39 329 834 1423
Dolce Notte B&B	info@dolcenotteverona.com	https://www.hotelsdrop.com/hotel/dolce-notte-b-b-verona	+39 340 905 1060
Domus 44 Rooms - Porta Nuova	domus44verona@gmail.com	https://www.hotelsdrop.com/hotel/domus-44-rooms-porta-nuova-verona	+39 340 623 1365
Gabrielli Rooms & Apartments - Alloggio # 2 (Porta Palio)	gabriellirooms@gmail.com	https://www.hotelsdrop.com/hotel/gabrielli-rooms-apartments-alloggio-2-porta-pali-verona	+39 340 621 2214
Giardino Giusti House & Court	casaalgiardinogiusti@gmail.com	https://www.hotelsdrop.com/hotel/giardino-giusti-house-court-verona	+39 324 549 2313
Hotel Torcolo (Residenze del Cuore)	info@hoteltorcolo.it	https://www.hotelsdrop.com/hotel/hotel-torcolo-residenze-del-cuore-verona	+39 348 692 5255
La Casa di Greta	info@lacasadigreta.com	https://www.hotelsdrop.com/hotel/la-casa-di-greta-verona	+39 349 710 7667
La Corte di Giulietta Exclusive Suites	info@cortedigiulietta.it	https://www.hotelsdrop.com/hotel/la-corte-di-giulietta-exclusive-suites-verona	+39 328 426 6610
La Magnolia - House	info@magnoliaverona.it	https://www.hotelsdrop.com/hotel/la-magnolia-house-verona	+39 392 330 6284
La Maison De Charme ROOMS	info@lamaisondecharmeverona.com	https://www.hotelsdrop.com/hotel/la-maison-de-charme-rooms-verona	+39 333 523 1106
La Merope Guest House de Charme	info@lamerope.com	https://www.hotelsdrop.com/hotel/la-merope-guest-house-de-charme-verona	+39 351 592 7694
Massimago - Wine Suites	winerelais@massimago.com	https://www.hotelsdrop.com/hotel/massimago-wine-suites-verona	+39 327 576 6977
Naboo B&B Verona	naboovr@gmail.com	https://www.hotelsdrop.com/hotel/naboo-b-b-verona-verona	+39 349 421 3788
Nicchia	ospite@nicchiaverona.it	https://www.hotelsdrop.com/hotel/nicchia-verona	+39 349 101 7239
Opera Et Love | B&B a Verona Centro	info@operaetlove.it	https://www.hotelsdrop.com/hotel/opera-et-love-b-b-a-verona-centro-verona	+39 349 394 8634
Re Lear Apartments	relearbb@gmail.com	https://www.hotelsdrop.com/hotel/re-lear-apartments-verona	+39 345 677 9007
Residenza al Castello	residenzaalcastello@gmail.com	https://www.hotelsdrop.com/hotel/residenza-al-castello-verona	+39 392 383 9674
Residenza Bonifacio	book@residenzabonifacio.it	https://www.hotelsdrop.com/hotel/residenza-bonifacio-verona	+39 349 821 1009
Residenza Elisabetta	residenzaelisabetta@gmail.com	https://www.hotelsdrop.com/hotel/residenza-elisabetta-verona	+39 388 122 1218
Residenza San Faustino | B&B Verona	info@residenzasanfaustino.it	https://www.hotelsdrop.com/hotel/residenza-san-faustino-b-b-verona-verona	+39 346 183 5090
Rigoletto Rental Rooms	rentalroomsgroup@gmail.com	https://www.hotelsdrop.com/hotel/rigoletto-rental-rooms-verona	+39 340 223 9211
San Nicolò 3	info@sannicolo3.com	https://www.hotelsdrop.com/hotel/san-nicolo-3-verona	+39 349 821 1009
Suite di Giulietta	info@suitedigiulietta.it	https://www.hotelsdrop.com/hotel/suite-di-giulietta-verona	+39 327 206 8209
Verona Rooms	info@veronarooms.com	https://www.hotelsdrop.com/hotel/verona-rooms-verona	+39 375 704 0405
VERONETTA 52	info@veronajourneys.com	https://www.hotelsdrop.com/hotel/veronetta-52-verona	+39 345 036 4912
