email,first_name,profile_url
info@beblecolombine.it,B&B Le Colombine,https://www.hotelsdrop.com/hotel/b-b-le-colombine-abbadia-lariana
info@bbcontradalunga.it,B&B Lecco Contrada Lunga,https://www.hotelsdrop.com/hotel/b-b-lecco-contrada-lunga-abbadia-lariana
casalarosaabbadialariana@gmail.com,Casa la Rosa Abbadia Lariana,https://www.hotelsdrop.com/hotel/casa-la-rosa-abbadia-lariana-abbadia-lariana
info@villaonedo.com,Villa Onedo - Lake Como,https://www.hotelsdrop.com/hotel/villa-onedo-lake-como-abbadia-lariana
info@bbgliarchi.it,B&B Gli Archi,https://www.hotelsdrop.com/hotel/b-b-gli-archi-abbadia-san-salvatore
info@bbilbiancospino.com,B&B Il Biancospino,https://www.hotelsdrop.com/hotel/b-b-il-biancospino-abbadia-san-salvatore
sanmarcoscalette@gmail.com,B&B Le Scalette | B&B San Marco,https://www.hotelsdrop.com/hotel/b-b-le-scalette-b-b-san-marco-abbadia-san-salvatore
hoteladriana@alice.it,Hotel Adriana Snc,https://www.hotelsdrop.com/hotel/hotel-adriana-snc-abbadia-san-salvatore
mail@agriturismosispiga.com,Agriturismo S'ispiga,https://www.hotelsdrop.com/hotel/agriturismo-s-ispiga-abbasanta
pinofodde@gmail.com,Agriturismo su Nuratolu,https://www.hotelsdrop.com/hotel/agriturismo-su-nuratolu-abbasanta
agriturvillagaia@tiscali.it,Agriturismo Villa Gaia Cabras,https://www.hotelsdrop.com/hotel/agriturismo-villa-gaia-cabras-abbasanta
bitulera@gmail.com,B&B Bitulera,https://www.hotelsdrop.com/hotel/b-b-bitulera-abbasanta
info@lacortedegliulivi.it,La Corte degli Ulivi | Albergo Rurale,https://www.hotelsdrop.com/hotel/la-corte-degli-ulivi-albergo-rurale-abbasanta
info@latinaia.eu,La Tinaia Country House Bed & Board,https://www.hotelsdrop.com/hotel/la-tinaia-country-house-bed-board-abbasanta
info@pessighette.it,Pessighette Dimora di Campagna Bosa,https://www.hotelsdrop.com/hotel/pessighette-dimora-di-campagna-bosa-abbasanta
info@regiahotel.com,Regia Hotel,https://www.hotelsdrop.com/hotel/regia-hotel-abbasanta
contact.casaorso@gmail.com,Casa dell’Orso,https://www.hotelsdrop.com/hotel/casa-dell-orso-abbateggio
countryhouse@antichedimore.net,Country House Antiche Dimore,https://www.hotelsdrop.com/hotel/country-house-antiche-dimore-abbateggio
info@dimoremontane.com,Dimore Montane • glamping • b&b • ristorante,https://www.hotelsdrop.com/hotel/dimore-montane-glamping-b-b-ristorante-abbateggio
lacasadallefinestreblu@gmail.com,La casa dalle finestre blu B&B,https://www.hotelsdrop.com/hotel/la-casa-dalle-finestre-blu-b-b-abbateggio
bblaquercia91@gmail.com,La Quercia B&B,https://www.hotelsdrop.com/hotel/la-quercia-b-b-abbateggio
info@lecameredellacervia.it,Affittacamere Le Camere della Cervia,https://www.hotelsdrop.com/hotel/affittacamere-le-camere-della-cervia-abbiategrasso
info@agriturismocascinapalazzo.it,Agriturismo Cascina Palazzo,https://www.hotelsdrop.com/hotel/agriturismo-cascina-palazzo-abbiategrasso
daniperini@libero.it,B&B Il Giardino,https://www.hotelsdrop.com/hotel/b-b-il-giardino-abbiategrasso
info@locandalugagnano.com,B&B Locanda Lugagnano,https://www.hotelsdrop.com/hotel/b-b-locanda-lugagnano-abbiategrasso
info@cascinasandonato.it,Cascina San Donato - Azienda agricola - Vendita diretta frutta e verdura - Fattoria Didattica,https://www.hotelsdrop.com/hotel/cascina-san-donato-azienda-agricola-vendita-dire-abbiategrasso
infodelightrooms@gmail.com,Delight Rooms,https://www.hotelsdrop.com/hotel/delight-rooms-abbiategrasso
info@lacardinala.it,La Cardinala,https://www.hotelsdrop.com/hotel/la-cardinala-abbiategrasso
info@mahthildis.net,Mahthildis Agriturismo B&B,https://www.hotelsdrop.com/hotel/mahthildis-agriturismo-b-b-abbiategrasso
info@bbdahu.it,B&B Dahu,https://www.hotelsdrop.com/hotel/b-b-dahu-abetone-cutigliano
bb85centro@gmail.com,B&B 85centro,https://www.hotelsdrop.com/hotel/b-b-85centro-abriola
info@sottoilcielo.it,La Fattoria Sotto il Cielo,https://www.hotelsdrop.com/hotel/la-fattoria-sotto-il-cielo-abriola
info@ostellovillafranca.com,Ostello Villafranca,https://www.hotelsdrop.com/hotel/ostello-villafranca-abriola
info@bagliocchipinti.com,Baglio Occhipinti,https://www.hotelsdrop.com/hotel/baglio-occhipinti-acate
info@dimoradidante.com,Dimora di Dante,https://www.hotelsdrop.com/hotel/dimora-di-dante-acate
ignazio55nicosia@gmail.com,Terra del sole b&b a Vittoria,https://www.hotelsdrop.com/hotel/terra-del-sole-b-b-a-vittoria-acate
info@terreibleeresort.com,TERRE IBLEE RESORT,https://www.hotelsdrop.com/hotel/terre-iblee-resort-acate
info@villaorchidea.it,Villa Orchidea,https://www.hotelsdrop.com/hotel/villa-orchidea-acate
info@acasanostracandela.it,A Casa Nostra,https://www.hotelsdrop.com/hotel/a-casa-nostra-accadia
info@casalecerere.it,Agriturismo Casale Cerere,https://www.hotelsdrop.com/hotel/agriturismo-casale-cerere-accadia
info@petrilli.it,Azienda Agrituristica Petrilli,https://www.hotelsdrop.com/hotel/azienda-agrituristica-petrilli-accadia
info@bbvillamilena.com,B&B Villa Milena,https://www.hotelsdrop.com/hotel/b-b-villa-milena-accadia
info@domusansantica.it,Domus Ansantica,https://www.hotelsdrop.com/hotel/domus-ansantica-accadia
info@lanticomonastero.com,L'Antico Monastero,https://www.hotelsdrop.com/hotel/l-antico-monastero-accadia
info@lemarmotte.com,Albergo Ristorante Le Marmotte,https://www.hotelsdrop.com/hotel/albergo-ristorante-le-marmotte-acceglio
info@brieis.it,"Brieis Relais Alpino - Camere, Ristorante & Spa",https://www.hotelsdrop.com/hotel/brieis-relais-alpino-camere-ristorante-spa-acceglio
terredicastelmagno@hotmail.com,La Meiro,https://www.hotelsdrop.com/hotel/la-meiro-acceglio
info@loupitavin.net,Locanda Occitana Lou Pitavin,https://www.hotelsdrop.com/hotel/locanda-occitana-lou-pitavin-acceglio
siroden06a@gmail.com,Morier,https://www.hotelsdrop.com/hotel/morier-acceglio
info@oronaye.com,Oronaye Bed and Breakfast Acceglio - Valle Maira,https://www.hotelsdrop.com/hotel/oronaye-bed-and-breakfast-acceglio-valle-maira-acceglio
rifugioloulindal@gmail.com,RIFUGIO LOU LINDAL,https://www.hotelsdrop.com/hotel/rifugio-lou-lindal-acceglio
info@sagnarotonda.com,Sagna Rotonda,https://www.hotelsdrop.com/hotel/sagna-rotonda-acceglio
info@visaisa.com,Visaisa Taverna & Foresteria,https://www.hotelsdrop.com/hotel/visaisa-taverna-foresteria-acceglio
info@auraglamping.it,Aura Glamping,https://www.hotelsdrop.com/hotel/aura-glamping-accettura
bbvignadelduca@gmail.com,B&B Vigna del Duca,https://www.hotelsdrop.com/hotel/b-b-vigna-del-duca-accettura
info@palazzolaureano.it,Palazzo Laureano - Dimora Storica,https://www.hotelsdrop.com/hotel/palazzo-laureano-dimora-storica-accettura
info@abruzzo-segreto.it,Abruzzo Segreto bed & breakfast,https://www.hotelsdrop.com/hotel/abruzzo-segreto-bed-breakfast-acciano
info@gorianovalli.it,B&B Goriano Valli,https://www.hotelsdrop.com/hotel/b-b-goriano-valli-acciano
info@charmeinperillis.it,Charme in Perillis,https://www.hotelsdrop.com/hotel/charme-in-perillis-acciano
info@collispetrirelais.it,Collis Petri Relais,https://www.hotelsdrop.com/hotel/collis-petri-relais-acciano
palazzopirro@gmail.com,Palazzo Pirro - Dimora Storica,https://www.hotelsdrop.com/hotel/palazzo-pirro-dimora-storica-acciano
info@agricampeggiocapestrano.it,Tenuta Il Guerriero - Agricampeggio Capestrano,https://www.hotelsdrop.com/hotel/tenuta-il-guerriero-agricampeggio-capestrano-acciano
contact@ourdomain.com,Agriturismo 'Coop. Grisciano',https://www.hotelsdrop.com/hotel/agriturismo-coop-grisciano-accumoli
info@ilcasalepica.it,Agriturismo Il Casale Pica,https://www.hotelsdrop.com/hotel/agriturismo-il-casale-pica-accumoli
info@agriturismolesorgenti.com,Agriturismo Le Sorgenti,https://www.hotelsdrop.com/hotel/agriturismo-le-sorgenti-accumoli
agriturismovalletezze@gmail.com,Agriturismo Valle Tezze,https://www.hotelsdrop.com/hotel/agriturismo-valle-tezze-accumoli
info@hotelvillastellacascia.com,Hotel Villa Stella,https://www.hotelsdrop.com/hotel/hotel-villa-stella-accumoli
info@traicastelli.it,B&B Tra I Castelli,https://www.hotelsdrop.com/hotel/b-b-tra-i-castelli-acerenza
lamurese@gmail.com,Borgo Lamurese,https://www.hotelsdrop.com/hotel/borgo-lamurese-acerenza
info@ilcasaledelborgo.it,Il Casale del Borgo,https://www.hotelsdrop.com/hotel/il-casale-del-borgo-acerenza
info@whiteroom.name,White Room,https://www.hotelsdrop.com/hotel/white-room-acerenza
lenza1968@hotmail.it,Agriturismo la Vecchia Lanterna,https://www.hotelsdrop.com/hotel/agriturismo-la-vecchia-lanterna-acerno
info@domusvivian.it,Domus Vivian b&b,https://www.hotelsdrop.com/hotel/domus-vivian-b-b-acerno
info@bbfabros.it,FABROS B&B,https://www.hotelsdrop.com/hotel/fabros-b-b-acerno
info@villa-alessandra.it,Villa Alessandra,https://www.hotelsdrop.com/hotel/villa-alessandra-acerno
info@vittoriaguesthouse.it,Vittoria Guest House Battipaglia,https://www.hotelsdrop.com/hotel/vittoria-guest-house-battipaglia-acerno
rosa.c_sun@hotmail.it,Bed & Breakfast La Primavera,https://www.hotelsdrop.com/hotel/bed-breakfast-la-primavera-acerra
info@hotelmovida.it,Hotel Movida,https://www.hotelsdrop.com/hotel/hotel-movida-acerra
info@livingbedandbreakfast.it,Living Bed and Breakfast,https://www.hotelsdrop.com/hotel/living-bed-and-breakfast-acerra
reservations@paradiseaclubandresidences.com,Paradisea Club and Residences,https://www.hotelsdrop.com/hotel/paradisea-club-and-residences-acerra
info@paveansuites.com,Pavean Suites Frattamaggiore,https://www.hotelsdrop.com/hotel/pavean-suites-frattamaggiore-acerra
info@casalottoinn.com,B&B Casalotto Inn,https://www.hotelsdrop.com/hotel/b-b-casalotto-inn-aci-bonaccorsi
info@icoloridelletnabb.it,B&B I Colori dell'Etna,https://www.hotelsdrop.com/hotel/b-b-i-colori-dell-etna-aci-bonaccorsi
info@leantichecisterne.it,B&B Le Antiche Cisterne,https://www.hotelsdrop.com/hotel/b-b-le-antiche-cisterne-aci-bonaccorsi
info@sottoleremo.it,B&B Sotto l'eremo,https://www.hotelsdrop.com/hotel/b-b-sotto-l-eremo-aci-bonaccorsi
maxct21@libero.it,B&B suite,https://www.hotelsdrop.com/hotel/b-b-suite-aci-bonaccorsi
info@sikeliarooms.it,Sikelia Rooms,https://www.hotelsdrop.com/hotel/sikelia-rooms-aci-bonaccorsi
bbepos@icloud.com,B&B Epos Acitrezza,https://www.hotelsdrop.com/hotel/b-b-epos-acitrezza-aci-castello
hellobnbacitrezza@gmail.com,Hello B&B,https://www.hotelsdrop.com/hotel/hello-b-b-aci-castello
oasiperladelmare@gmail.com,Oasi Perla del Mare - Bed&Breakfast,https://www.hotelsdrop.com/hotel/oasi-perla-del-mare-bed-breakfast-aci-castello
helpdesk@sicitaly.eu,SicItaly Acicastello,https://www.hotelsdrop.com/hotel/sicitaly-acicastello-aci-castello
ilvecchiosentiero@gmail.com,Il vecchio sentiero,https://www.hotelsdrop.com/hotel/il-vecchio-sentiero-aci-catena
info@bebcasadimari.it,BeB Casa di Mari,https://www.hotelsdrop.com/hotel/beb-casa-di-mari-aci-sant-antonio
info@villacorallodelletna.com,Villa Corallo dell'Etna,https://www.hotelsdrop.com/hotel/villa-corallo-dell-etna-aci-sant-antonio
palazzofiorini@gmail.com,B&B ACIREALE- il Cavalluccio Marino fronte mare,https://www.hotelsdrop.com/hotel/b-b-acireale-il-cavalluccio-marino-fronte-mare-acireale
info@luxurybeb-euphorbia.it,Luxury B&b Euphorbia,https://www.hotelsdrop.com/hotel/luxury-b-b-euphorbia-acireale
info@residenzacavour.net,Residenza Cavour,https://www.hotelsdrop.com/hotel/residenza-cavour-acireale
info@riflessiacireale.it,Riflessi Acireale Palace Suites,https://www.hotelsdrop.com/hotel/riflessi-acireale-palace-suites-acireale
villariannasicily@gmail.com,Villa Arianna Acireale,https://www.hotelsdrop.com/hotel/villa-arianna-acireale-acireale
info@pioppetocassino.com,Agriturismo Il Pioppeto,https://www.hotelsdrop.com/hotel/agriturismo-il-pioppeto-acquafondata
info@montagnarosa.it,B&B La Montagnarosa,https://www.hotelsdrop.com/hotel/b-b-la-montagnarosa-acquafondata
info@bbcheznous.it,Chez Nous Bed and Breakfast,https://www.hotelsdrop.com/hotel/chez-nous-bed-and-breakfast-acquafondata
info@locandabelvedere.eu,Locanda Belvedere da Stefano,https://www.hotelsdrop.com/hotel/locanda-belvedere-da-stefano-acquafondata
info@palazzolicinio.it,Palazzo Licinio,https://www.hotelsdrop.com/hotel/palazzo-licinio-acquafondata
bebillaghetto@gmail.com,B&B IL LAGHETTO,https://www.hotelsdrop.com/hotel/b-b-il-laghetto-acquaformosa
bedgreen23@gmail.com,Green Bed And Breakfast,https://www.hotelsdrop.com/hotel/green-bed-and-breakfast-acquaformosa
info@kamillordi.it,Ka Millordi,https://www.hotelsdrop.com/hotel/ka-millordi-acquaformosa
tiktakbedandbreakfast@gmail.com,Tik Tak Bed and Breakfast,https://www.hotelsdrop.com/hotel/tik-tak-bed-and-breakfast-acquaformosa
info@amirapalacehotel.com,AMIRA PALACE HOTEL,https://www.hotelsdrop.com/hotel/amira-palace-hotel-acquafredda
infobebilfienile@gmail.com,B&B Il Fienile,https://www.hotelsdrop.com/hotel/b-b-il-fienile-acquafredda
info@cascinacavallera.com,B&B Santa Cristina,https://www.hotelsdrop.com/hotel/b-b-santa-cristina-acquafredda
info@lavecchiatramviacamere.it,La Stazione Hotel(LA VECCHIA TRAMVIA),https://www.hotelsdrop.com/hotel/la-stazione-hotel-la-vecchia-tramvia-acquafredda
info@monticlaris.it,Monticlaris Foresteria Self Contained,https://www.hotelsdrop.com/hotel/monticlaris-foresteria-self-contained-acquafredda
info@bbpalazzo.it,Palazzo Bed and Breakfast,https://www.hotelsdrop.com/hotel/palazzo-bed-and-breakfast-acquafredda
info@vecchiaquercia.it,Agriturismo Alla Vecchia Quercia,https://www.hotelsdrop.com/hotel/agriturismo-alla-vecchia-quercia-acqualagna
info@brandio.it,B&B Fox's Hill,https://www.hotelsdrop.com/hotel/b-b-fox-s-hill-acqualagna
gfranco.paoloni@gmail.com,B&b Monte San Pietro,https://www.hotelsdrop.com/hotel/b-b-monte-san-pietro-acqualagna
info@bbdelteatro.it,Bed & Breakfast del Teatro,https://www.hotelsdrop.com/hotel/bed-breakfast-del-teatro-acqualagna
info@ristorantelagioconda.it,Cielo e Nuvole,https://www.hotelsdrop.com/hotel/cielo-e-nuvole-acqualagna
info@inlocoitaly.com,InLoco - Natural Experience,https://www.hotelsdrop.com/hotel/inloco-natural-experience-acqualagna
info@latanadelfurlo.it,La Tana del Furlo B&B,https://www.hotelsdrop.com/hotel/la-tana-del-furlo-b-b-acqualagna
info@albergoiltorchio.com,B & B Albergo Il Torchio Di Alchieri Moreno & C. Sas,https://www.hotelsdrop.com/hotel/b-b-albergo-il-torchio-di-alchieri-moreno-c-sas-acquanegra-cremonese
spaziovitale3@gmail.com,B&B Spaziovitale,https://www.hotelsdrop.com/hotel/b-b-spaziovitale-acquanegra-cremonese
info@bedandbikecremona.it,FORESTERIA LOMBARDA BED and BIKE CREMONA,https://www.hotelsdrop.com/hotel/foresteria-lombarda-bed-and-bike-cremona-acquanegra-cremonese
info@giardini-rooms-cremona.it,Giardini Rooms,https://www.hotelsdrop.com/hotel/giardini-rooms-acquanegra-cremonese
celiodiego@gmail.com,Mulino degli Orti S.n.c,https://www.hotelsdrop.com/hotel/mulino-degli-orti-s-n-c-acquanegra-cremonese
info@affittacamerecigole.it,Affittacamere Cigole,https://www.hotelsdrop.com/hotel/affittacamere-cigole-acquanegra-sul-chiese
toninidavide81@gmail.com,B&B La Casa sul Fiume,https://www.hotelsdrop.com/hotel/b-b-la-casa-sul-fiume-acquanegra-sul-chiese
bedandbiker@gmail.com,Bed&Biker,https://www.hotelsdrop.com/hotel/bed-biker-acquanegra-sul-chiese
casadellerondini5@gmail.com,Casa delle Rondini B&B,https://www.hotelsdrop.com/hotel/casa-delle-rondini-b-b-acquanegra-sul-chiese
info@cortepioppazza.it,Corte Pioppazza,https://www.hotelsdrop.com/hotel/corte-pioppazza-acquanegra-sul-chiese
postmaster@corterachele.it,Corte Rachele,https://www.hotelsdrop.com/hotel/corte-rachele-acquanegra-sul-chiese
lodirizzinir@gmail.com,House Sabbioneta,https://www.hotelsdrop.com/hotel/house-sabbioneta-acquanegra-sul-chiese
info@ilgigliobnb.it,il Giglio B&B,https://www.hotelsdrop.com/hotel/il-giglio-b-b-acquanegra-sul-chiese
info@bbalveare.com,L'Alveare,https://www.hotelsdrop.com/hotel/l-alveare-acquanegra-sul-chiese
lapiazzettagoito@gmail.com,La Piazzetta Goito,https://www.hotelsdrop.com/hotel/la-piazzetta-goito-acquanegra-sul-chiese
tosondorobb@gmail.com,Toson d'Oro Bed & Breakfast,https://www.hotelsdrop.com/hotel/toson-d-oro-bed-breakfast-acquanegra-sul-chiese
isabella.ilsentiero@gmail.com,Agriturismo Il Sentiero,https://www.hotelsdrop.com/hotel/agriturismo-il-sentiero-acquapendente
bbcasagalli@gmail.com,B&B CASA GALLI,https://www.hotelsdrop.com/hotel/b-b-casa-galli-acquapendente
info@bbsanfernando.com,B&B Predio San Fernando,https://www.hotelsdrop.com/hotel/b-b-predio-san-fernando-acquapendente
info@bblagrotta.eu,Bed And Breakfast la Grotta,https://www.hotelsdrop.com/hotel/bed-and-breakfast-la-grotta-acquapendente
info@athenapalacehotel.com,Athena Palace Hotel,https://www.hotelsdrop.com/hotel/athena-palace-hotel-acquappesa
info@lunaestelle.it,LUNA E STELLE Bed e Breakfast,https://www.hotelsdrop.com/hotel/luna-e-stelle-bed-e-breakfast-acquappesa
info@santarosacentrovacanze.it,Santa Rosa Centro Vacanze,https://www.hotelsdrop.com/hotel/santa-rosa-centro-vacanze-acquappesa
info@bebilgirasole.eu,B&B Il Girasole,https://www.hotelsdrop.com/hotel/b-b-il-girasole-acquaro-2
villa.maracuja.beb@gmail.com,B&B Villa Maracujà,https://www.hotelsdrop.com/hotel/b-b-villa-maracuja-acquaro
info@villamery.it,B&B Villa Mery,https://www.hotelsdrop.com/hotel/b-b-villa-mery-acquaro
info@ilvicolettoserrasanbruno.it,IL Vicoletto,https://www.hotelsdrop.com/hotel/il-vicoletto-acquaro
info@tenutadelbaronemarzano.it,Tenuta del Barone,https://www.hotelsdrop.com/hotel/tenuta-del-barone-acquaro
informa@cittadelladeisibillini.it,Agriturismo La Cittadella dei Sibillini,https://www.hotelsdrop.com/hotel/agriturismo-la-cittadella-dei-sibillini-acquasanta-terme
info@anticoborgopiceno.it,B&B Antico Borgo Piceno,https://www.hotelsdrop.com/hotel/b-b-antico-borgo-piceno-acquasanta-terme
info@bebmoscabianca.it,B&B Mosca Bianca,https://www.hotelsdrop.com/hotel/b-b-mosca-bianca-acquasanta-terme
info@casteldiluco.com,Dimora storica Castel di Luco,https://www.hotelsdrop.com/hotel/dimora-storica-castel-di-luco-acquasanta-terme
info@fattorialacona.it,Fattoria La Cona,https://www.hotelsdrop.com/hotel/fattoria-la-cona-acquasanta-terme
rhr@dormireinumbria.com,AGRITURISMO LA CASA DI GELSOMINO,https://www.hotelsdrop.com/hotel/agriturismo-la-casa-di-gelsomino-acquasparta
agriturismopianogrande@virgilio.it,Agriturismo Piano Grande,https://www.hotelsdrop.com/hotel/agriturismo-piano-grande-acquasparta
info@anticoportale.com,Antico Portale Bed & Breakfast e Guest House,https://www.hotelsdrop.com/hotel/antico-portale-bed-breakfast-e-guest-house-acquasparta
info@ilpizzagiallo.it,B&B Il Pizzagiallo,https://www.hotelsdrop.com/hotel/b-b-il-pizzagiallo-acquasparta
info@lecerque.it,Bed & Breakfast Le Cerque,https://www.hotelsdrop.com/hotel/bed-breakfast-le-cerque-acquasparta
info@lafortezzaalta.it,La Fortezza Alta,https://www.hotelsdrop.com/hotel/la-fortezza-alta-acquasparta
info@laperticara.com,La Perticara Agriturismo,https://www.hotelsdrop.com/hotel/la-perticara-agriturismo-acquasparta
tamericihouse@gmail.com,Tamerici House,https://www.hotelsdrop.com/hotel/tamerici-house-acquasparta
info@agriturismocollebianco.it,Agriturismo Colle Bianco,https://www.hotelsdrop.com/hotel/agriturismo-colle-bianco-acquaviva-collecroce
ndibello60@gmail.com,Agriturismo La Quiete,https://www.hotelsdrop.com/hotel/agriturismo-la-quiete-acquaviva-collecroce
info@molisewow.com,"Albergo Diffuso ""Borgo delle Fonti""",https://www.hotelsdrop.com/hotel/albergo-diffuso-borgo-delle-fonti-acquaviva-collecroce
info@trattorialaforacella.it,B&b Lume,https://www.hotelsdrop.com/hotel/b-b-lume-acquaviva-collecroce
info@cortereale.com,Corte Reale Luxury B&B,https://www.hotelsdrop.com/hotel/corte-reale-luxury-b-b-acquaviva-collecroce
ilgalloconglistivali@gmail.com,Il Gallo con gli Stivali,https://www.hotelsdrop.com/hotel/il-gallo-con-gli-stivali-acquaviva-collecroce
masseriagrandehotel@gmail.com,Masseria Grande Hotel - Ristorante,https://www.hotelsdrop.com/hotel/masseria-grande-hotel-ristorante-acquaviva-collecroce
info@bb-vistamare.it,Residenza B&B Vistamare,https://www.hotelsdrop.com/hotel/residenza-b-b-vistamare-acquaviva-collecroce
support@localsmalltour.com,B&B Giallo Siena,https://www.hotelsdrop.com/hotel/b-b-giallo-siena-acquaviva-d-isernia
info@bnbgocciaverde.one,B&B Gocciaverde,https://www.hotelsdrop.com/hotel/b-b-gocciaverde-acquaviva-d-isernia
mariavisco@tiscali.it,Bactaria - Bed and Breakfast,https://www.hotelsdrop.com/hotel/bactaria-bed-and-breakfast-acquaviva-d-isernia
info@borgodonnateresa.it,Borgo Donna Teresa,https://www.hotelsdrop.com/hotel/borgo-donna-teresa-acquaviva-d-isernia
info@borgolaforgia.it,Borgo La Forgia,https://www.hotelsdrop.com/hotel/borgo-la-forgia-acquaviva-d-isernia
info@masseriamontepizzi.it,Masseria Monte Pizzi,https://www.hotelsdrop.com/hotel/masseria-monte-pizzi-acquaviva-d-isernia
palazzodefarrocco@gmail.com,Palazzo De' Farrocco,https://www.hotelsdrop.com/hotel/palazzo-de-farrocco-acquaviva-d-isernia
booking@albertariobb.it,Albertario | B&B e Affittacamere,https://www.hotelsdrop.com/hotel/albertario-b-b-e-affittacamere-acquaviva-delle-fonti
bebpiazzakolbe@gmail.com,B&B PIAZZA KOLBE,https://www.hotelsdrop.com/hotel/b-b-piazza-kolbe-acquaviva-delle-fonti
bbsantaluciasbt@gmail.com,AFFITTACAMERE VILLA SANTA LUCIA,https://www.hotelsdrop.com/hotel/affittacamere-villa-santa-lucia-acquaviva-picena
info@bbilgiardinomediterraneo.com,B&B Il Giardino Mediterraneo,https://www.hotelsdrop.com/hotel/b-b-il-giardino-mediterraneo-acquaviva-picena
prenotazioni@hosthero.it,B&B La Fontanella,https://www.hotelsdrop.com/hotel/b-b-la-fontanella-acquaviva-picena
antonella.verdemare@gmail.com,B&B Verdemare,https://www.hotelsdrop.com/hotel/b-b-verdemare-acquaviva-picena
info@bebgeco.com,Bed & breakfast geco,https://www.hotelsdrop.com/hotel/bed-breakfast-geco-acquaviva-picena
ovivhotel@gmail.com,Hotel Oviv • La dimora del Borgo,https://www.hotelsdrop.com/hotel/hotel-oviv-la-dimora-del-borgo-acquaviva-picena
info@agriturismocasalicchio.it,Agriturismo Casalicchio,https://www.hotelsdrop.com/hotel/agriturismo-casalicchio-acquaviva-platani
laterrazzadegliscrittori@gmail.com,B&B La Terrazza degli Scrittori,https://www.hotelsdrop.com/hotel/b-b-la-terrazza-degli-scrittori-acquaviva-platani
info@manfredomus.it,Manfredomus,https://www.hotelsdrop.com/hotel/manfredomus-acquaviva-platani
info@bbmusmelia.it,Musmelia Rooms,https://www.hotelsdrop.com/hotel/musmelia-rooms-acquaviva-platani
info@regalpetrahotel.it,Regalpetra Hotel,https://www.hotelsdrop.com/hotel/regalpetra-hotel-acquaviva-platani
info@sorgepalace.it,Sorge Palace Room and Breakfast,https://www.hotelsdrop.com/hotel/sorge-palace-room-and-breakfast-acquaviva-platani
info@susafa.com,Susafa | A Member of Small Luxury Hotels of the World,https://www.hotelsdrop.com/hotel/susafa-a-member-of-small-luxury-hotels-of-the-wo-acquaviva-platani
info@lavalledegliuliviagriturismo.com,Agriturismo La Valle degli Ulivi | Nebrodi,https://www.hotelsdrop.com/hotel/agriturismo-la-valle-degli-ulivi-nebrodi-acquedolci
info@casagiada.it,Casa Giada,https://www.hotelsdrop.com/hotel/casa-giada-acquedolci
tabthea1@gmail.com,Thea B&B,https://www.hotelsdrop.com/hotel/thea-b-b-acquedolci
villadeiprincipi@gmail.com,Villa dei Principi,https://www.hotelsdrop.com/hotel/villa-dei-principi-acquedolci
info@borgoinferiore24.it,B&B Borgo Inferiore 24,https://www.hotelsdrop.com/hotel/b-b-borgo-inferiore-24-acqui-terme
cascinagalla@alice.it,B&B Cascina Galla,https://www.hotelsdrop.com/hotel/b-b-cascina-galla-acqui-terme
605a7baede844d278b89dc95ae0a9123@sentry-next.wixpress.com,B&B Cascina Luvot,https://www.hotelsdrop.com/hotel/b-b-cascina-luvot-acqui-terme
bbmaggiora131@gmail.com,B&B Maggiora 131,https://www.hotelsdrop.com/hotel/b-b-maggiora-131-acqui-terme
info@hotel-valentino.com,Hotel Valentino Acqui Terme,https://www.hotelsdrop.com/hotel/hotel-valentino-acqui-terme-acqui-terme
info@sambucoinnamorato.it,Il Sambuco innamorato country house,https://www.hotelsdrop.com/hotel/il-sambuco-innamorato-country-house-acqui-terme
info@bballoro.it,L'Alloro,https://www.hotelsdrop.com/hotel/l-alloro-acqui-terme
info@verdmont.co,Verdmont,https://www.hotelsdrop.com/hotel/verdmont-acqui-terme
lameziaterme@locautorent.it,B&B Sandro Pertini,https://www.hotelsdrop.com/hotel/b-b-sandro-pertini-acri
allaniviera@gmail.com,Alla Niviera B&B Adelfia,https://www.hotelsdrop.com/hotel/alla-niviera-b-b-adelfia-adelfia
acasuiteluxury@outlook.it,B&B ACA Suite Luxury,https://www.hotelsdrop.com/hotel/b-b-aca-suite-luxury-adelfia
bbduerioni@gmail.com,B&B Due Rioni,https://www.hotelsdrop.com/hotel/b-b-due-rioni-adelfia
info@agriturismocortearagonese.it,Agriturismo Corte Aragonese,https://www.hotelsdrop.com/hotel/agriturismo-corte-aragonese-adrano
info@gianferrante.it,Agriturismo Gianferrante,https://www.hotelsdrop.com/hotel/agriturismo-gianferrante-adrano
casaulivietna@gmail.com,B&B Casa degli Ulivi Etna,https://www.hotelsdrop.com/hotel/b-b-casa-degli-ulivi-etna-adrano
eurelios.sicurella@alice.it,B&B Eurelios,https://www.hotelsdrop.com/hotel/b-b-eurelios-adrano
boscoscuroetna@gmail.com,Boscoscuro,https://www.hotelsdrop.com/hotel/boscoscuro-adrano
cortenhotel@gmail.com,Corten Hotel,https://www.hotelsdrop.com/hotel/corten-hotel-adrano
info@localedimorarurale.com,Locale Dimora Rurale,https://www.hotelsdrop.com/hotel/locale-dimora-rurale-adrano
info@rifugioariel.it,Rifugio Ariel,https://www.hotelsdrop.com/hotel/rifugio-ariel-adrano
info@bebcasadelnonno.com,B&B Casa del Nonno,https://www.hotelsdrop.com/hotel/b-b-casa-del-nonno-adrara-san-martino
bblazzarini@hotmail.it,B&B I Lazzarini,https://www.hotelsdrop.com/hotel/b-b-i-lazzarini-adrara-san-martino
info@narciso-home.it,Narciso Home,https://www.hotelsdrop.com/hotel/narciso-home-adrara-san-rocco
appartamentisoleil@gmail.com,Adria bnb Nature Resort,https://www.hotelsdrop.com/hotel/adria-bnb-nature-resort-adria
info.cortezen@gmail.com,Bed & Breakfast Hotel Corte Zen,https://www.hotelsdrop.com/hotel/bed-breakfast-hotel-corte-zen-adria
info@hotelmauro.it,Hotel Mauro,https://www.hotelsdrop.com/hotel/hotel-mauro-adria
info@pointhotelconselve.it,Point Hotel Conselve,https://www.hotelsdrop.com/hotel/point-hotel-conselve-adria
info@agriturismoriondel.it,Agriturismo Riondel,https://www.hotelsdrop.com/hotel/agriturismo-riondel-affi
relaisilpigno@gmail.com,Il Pigno,https://www.hotelsdrop.com/hotel/il-pigno-affi
relaisanmichele@gmail.com,Relais San Michele,https://www.hotelsdrop.com/hotel/relais-san-michele-affi
info@agriturismocolletocci.it,Agriturismo Colle Tocci Subiaco,https://www.hotelsdrop.com/hotel/agriturismo-colle-tocci-subiaco-affile
bbcasadelgirasole@gmail.com,B&B Valmontone MagicLand - Casa del Girasole,https://www.hotelsdrop.com/hotel/b-b-valmontone-magicland-casa-del-girasole-affile
lapanardarapone@gmail.com,Bed and Breakfast - La Panarda,https://www.hotelsdrop.com/hotel/bed-and-breakfast-la-panarda-affile
casarosella.countryhouse@gmail.com,Bed and Breakfast Casa Rosella - Country House,https://www.hotelsdrop.com/hotel/bed-and-breakfast-casa-rosella-country-house-affile
nidodelnibbio@gmail.com,Nido del Nibbio,https://www.hotelsdrop.com/hotel/nido-del-nibbio-affile
suiteconceptitaly@gmail.com,SUITE CELESTIA CASORIA BY SUITE,https://www.hotelsdrop.com/hotel/suite-celestia-casoria-by-suite-afragola
suiteconceptitaly@gmail.com,Suite concept Italy,https://www.hotelsdrop.com/hotel/suite-concept-italy-afragola
casacosmano@gmail.com,B&B Casa Cosmano,https://www.hotelsdrop.com/hotel/b-b-casa-cosmano-africo
info@cortevena.com,Corte Vena,https://www.hotelsdrop.com/hotel/corte-vena-africo
erasippe@hotmail.it,Erasippe Residence,https://www.hotelsdrop.com/hotel/erasippe-residence-africo
info@hotelilgirasole.it,Hotel Il Girasole,https://www.hotelsdrop.com/hotel/hotel-il-girasole-africo
igallibnb@gmail.com,I Galli Bed and Breakfast,https://www.hotelsdrop.com/hotel/i-galli-bed-and-breakfast-agazzano
rist.leonardos@gmail.com,Affittacamere Leonardo's – Agerola | Costiera Amalfitana.,https://www.hotelsdrop.com/hotel/affittacamere-leonardo-s-agerola-costiera-amalfi-agerola
info@agriturismopuntasanlazzaro.com,Agriturismo Punta San Lazzaro,https://www.hotelsdrop.com/hotel/agriturismo-punta-san-lazzaro-agerola
bbsantamariaagerola@gmail.com,B&B SANTA MARIA AGEROLA,https://www.hotelsdrop.com/hotel/b-b-santa-maria-agerola-agerola
hederarooms@outlook.it,HEDÈRA ROOMS,https://www.hotelsdrop.com/hotel/hedera-rooms-agerola
info@ilvignetodinonnopietro.com,Il Vigneto di Nonno Pietro - Fraz.Pianillo,https://www.hotelsdrop.com/hotel/il-vigneto-di-nonno-pietro-fraz-pianillo-agerola
reception@lavillacarmelina.it,La Villa Carmelina,https://www.hotelsdrop.com/hotel/la-villa-carmelina-agerola
info@gmail.com,O Spritt House,https://www.hotelsdrop.com/hotel/o-spritt-house-agerola
info@relaismiloholidayrooms.com,Relais Miló,https://www.hotelsdrop.com/hotel/relais-milo-agerola
antonellarussino@tiscali.it,B&B Letto&Latte,https://www.hotelsdrop.com/hotel/b-b-letto-latte-aggius
info@concamarina.it,Conca Marina di Paolo Cuccu,https://www.hotelsdrop.com/hotel/conca-marina-di-paolo-cuccu-aggius
info@agnata.com,L'Agnata di De André,https://www.hotelsdrop.com/hotel/l-agnata-di-de-andre-aggius
stazzucoiga@gmail.com,Stazzu Coiga,https://www.hotelsdrop.com/hotel/stazzu-coiga-aggius
info@grandipgroup.com,Affittacamere Sikelìa,https://www.hotelsdrop.com/hotel/affittacamere-sikelia-agira
graziaanello@tiscali.it,B&B Casalbergo La Terza Stella,https://www.hotelsdrop.com/hotel/b-b-casalbergo-la-terza-stella-agira
villa.antonella2024@gmail.com,B&B Villa Antonella,https://www.hotelsdrop.com/hotel/b-b-villa-antonella-agira
info@grandipgroup.com,La Madonnina,https://www.hotelsdrop.com/hotel/la-madonnina-agira
agiramama@gmail.com,Mamà B&B,https://www.hotelsdrop.com/hotel/mama-b-b-agira
info@hotelrivieraenna.com,Riviera Hotel,https://www.hotelsdrop.com/hotel/riviera-hotel-agira
info@agriturismosaliceto.it,Agriturismo Saliceto,https://www.hotelsdrop.com/hotel/agriturismo-saliceto-agliana
info@locandalarotonda.com,B&B Locanda La Rotonda,https://www.hotelsdrop.com/hotel/b-b-locanda-la-rotonda-agliana
info@profumodestate.it,Bed & Breakfast Profumo D'Estate,https://www.hotelsdrop.com/hotel/bed-breakfast-profumo-d-estate-agliana
info@ilgrifone.info,Il Grifone,https://www.hotelsdrop.com/hotel/il-grifone-agliana
info@villartept.it,VILLARTE,https://www.hotelsdrop.com/hotel/villarte-agliana
legiustizie@gmail.com,Agriturismo “Le Giustizie”,https://www.hotelsdrop.com/hotel/agriturismo-le-giustizie-agliano-terme
salesoffice@dacapo.it,Agriturismo Dacapo,https://www.hotelsdrop.com/hotel/agriturismo-dacapo-agliano-terme
info@ameriovincenzo.it,Amerio Vincenzo Vini - Agriturismo Ca del Nono,https://www.hotelsdrop.com/hotel/amerio-vincenzo-vini-agriturismo-ca-del-nono-agliano-terme
info@cascinatrebotti.com,Cascina Tre Botti,https://www.hotelsdrop.com/hotel/cascina-tre-botti-agliano-terme
info@locandasangiacomo.com,Locanda San Giacomo,https://www.hotelsdrop.com/hotel/locanda-san-giacomo-agliano-terme
info@piemontecountryhouse.com,Piemonte Country House,https://www.hotelsdrop.com/hotel/piemonte-country-house-agliano-terme
lustabbiacciu@gmail.com,Agriturismo Lu Stabbiacciu,https://www.hotelsdrop.com/hotel/agriturismo-lu-stabbiacciu-aglientu
info@sardiniabeachapartments.it,Sardinia Beach Apartments,https://www.hotelsdrop.com/hotel/sardinia-beach-apartments-aglientu
info@relaisvillamarina.it,Villamarina,https://www.hotelsdrop.com/hotel/villamarina-aglientu
info@zennare.it,Agriturismo Zennare,https://www.hotelsdrop.com/hotel/agriturismo-zennare-agna
info@balabuskarooms.it,Balabuska Rooms & Garden,https://www.hotelsdrop.com/hotel/balabuska-rooms-garden-agna
info@cabrazzobedrelais.it,Ca' Brazzo Bed Relais,https://www.hotelsdrop.com/hotel/ca-brazzo-bed-relais-agna
permunian.roberta@gmail.com,CA’ CINI,https://www.hotelsdrop.com/hotel/ca-cini-agna
info@casasansovino.it,Casa Sansovino,https://www.hotelsdrop.com/hotel/casa-sansovino-agna
info@iltrenodeisogni.it,IL TRENO DEI SOGNI BED & RELAIS,https://www.hotelsdrop.com/hotel/il-treno-dei-sogni-bed-relais-agna
info@lecortibenedettine.it,LA GASTALDIA,https://www.hotelsdrop.com/hotel/la-gastaldia-agna
info@larebosola.it,LA REBOSOLA,https://www.hotelsdrop.com/hotel/la-rebosola-agna
prenotazioni@camumidha.it,B&B Camumidha,https://www.hotelsdrop.com/hotel/b-b-camumidha-agnana-calabra
anna@annalarosa.it,La Rosa Blu Bed & Breakfast,https://www.hotelsdrop.com/hotel/la-rosa-blu-bed-breakfast-agnana-calabra
info@palazzocandida.it,Palazzo Candida B&B,https://www.hotelsdrop.com/hotel/palazzo-candida-b-b-agnana-calabra
info@largoalighieri.it,B&B Largo Alighieri,https://www.hotelsdrop.com/hotel/b-b-largo-alighieri-agnone
aviodifrangia632@gmail.com,La Dimora del Sergente,https://www.hotelsdrop.com/hotel/la-dimora-del-sergente-agnone
info@acquasalsa.it,Masseria Acquasalsa,https://www.hotelsdrop.com/hotel/masseria-acquasalsa-agnone
info@rifugiodeisanniti.it,Rifugio dei Sanniti,https://www.hotelsdrop.com/hotel/rifugio-dei-sanniti-agnone
camerelodrino@gmail.com,ALBERGO LODRINO - Zeta affittacamere,https://www.hotelsdrop.com/hotel/albergo-lodrino-zeta-affittacamere-agnosine
cleo.bendotti@gmail.com,B&B L' Acero,https://www.hotelsdrop.com/hotel/b-b-l-acero-agnosine
info@settesette6.it,B&B Settesette6,https://www.hotelsdrop.com/hotel/b-b-settesette6-agnosine
cavallaromarzia@libero.it,Bed & breakfast Isola Verde,https://www.hotelsdrop.com/hotel/bed-breakfast-isola-verde-agnosine
info@cortetorchio.com,Corte Torchio B&B,https://www.hotelsdrop.com/hotel/corte-torchio-b-b-agnosine
info@piccolomondo1977.it,DiVino Rooms Deluxe,https://www.hotelsdrop.com/hotel/divino-rooms-deluxe-agnosine
bbsolfiori@libero.it,Agordo Cerbiatto,https://www.hotelsdrop.com/hotel/agordo-cerbiatto-agordo
info@busadeisbrase.it,Agriturismo Busa dei Sbrase,https://www.hotelsdrop.com/hotel/agriturismo-busa-dei-sbrase-agordo
info@montagnaantica.it,Bed and Breakfast Montagna Antica,https://www.hotelsdrop.com/hotel/bed-and-breakfast-montagna-antica-agordo
bbsolfiori@libero.it,Bed and Breakfast Sól Fiorì,https://www.hotelsdrop.com/hotel/bed-and-breakfast-sol-fiori-agordo
info@chaletgiasenei.com,Hotel Chalet Giasenei - Dolomitic Experience,https://www.hotelsdrop.com/hotel/hotel-chalet-giasenei-dolomitic-experience-agordo
info@ilsorrisodeimonti.it,B&B Il Sorriso Dei Monti,https://www.hotelsdrop.com/hotel/b-b-il-sorriso-dei-monti-agosta
agri.lalunanelpozzo@gmail.com,LA LUNA NEL POZZO,https://www.hotelsdrop.com/hotel/la-luna-nel-pozzo-agosta
andrea.piffero@gmail.com,"agriturismo ""da attilio""",https://www.hotelsdrop.com/hotel/agriturismo-da-attilio-agra
info@voeuja.it,Agriturismo ristorante Voeuja,https://www.hotelsdrop.com/hotel/agriturismo-ristorante-voeuja-agra
stewe.gabry@gmail.com,Al Rost B&B,https://www.hotelsdrop.com/hotel/al-rost-b-b-agra
info@villaviola.it,B&B Villa Viola,https://www.hotelsdrop.com/hotel/b-b-villa-viola-agra
info@hotelelveziacannobio.com,Hotel Elvezia,https://www.hotelsdrop.com/hotel/hotel-elvezia-agra
info@villapalmira.it,Hotel Villa Palmira,https://www.hotelsdrop.com/hotel/hotel-villa-palmira-agra
ilgiardinosegreto34@gmail.com,Il Giardino Segreto,https://www.hotelsdrop.com/hotel/il-giardino-segreto-agra
agriturismo@cascinamagana.it,Agriturismo Cascina Magana,https://www.hotelsdrop.com/hotel/agriturismo-cascina-magana-agrate-brianza
info@igelsi.com,Agriturismo I Gelsi,https://www.hotelsdrop.com/hotel/agriturismo-i-gelsi-agrate-brianza
agriturismolegiuggiole@gmail.com,Agriturismo le Giuggiole,https://www.hotelsdrop.com/hotel/agriturismo-le-giuggiole-agrate-brianza
prenotazioni@cascinabressanella.it,Cascina Bressanella | Agriturismo | Ortofrutta Km0,https://www.hotelsdrop.com/hotel/cascina-bressanella-agriturismo-ortofrutta-km0-agrate-brianza
info@cascinacosta.net,Cascina Costa,https://www.hotelsdrop.com/hotel/cascina-costa-agrate-brianza
info@campinglagoazzurro.it,Camping Lago Azzurro,https://www.hotelsdrop.com/hotel/camping-lago-azzurro-agrate-conturbia
prenotazioni.crystal@gmail.com,CRYSTAL b&b,https://www.hotelsdrop.com/hotel/crystal-b-b-agrate-conturbia
info@ilsalicebb.com,Il Salice B&B,https://www.hotelsdrop.com/hotel/il-salice-b-b-agrate-conturbia
lesarcs.countryhouse@gmail.com,Les Arcs,https://www.hotelsdrop.com/hotel/les-arcs-agrate-conturbia
magdaoliver197@gmail.com,Ritratto Sul Lago Bed & Breakfast,https://www.hotelsdrop.com/hotel/ritratto-sul-lago-bed-breakfast-agrate-conturbia
info@gctravel.it,Agrigento Bed,https://www.hotelsdrop.com/hotel/agrigento-bed-agrigento
alloggiodellapostavecchia@gmail.com,Alloggio Della Posta Vecchia,https://www.hotelsdrop.com/hotel/alloggio-della-posta-vecchia-agrigento
info@ventoditramontana.com,B&B VENTODITRAMONTANA,https://www.hotelsdrop.com/hotel/b-b-ventoditramontana-agrigento
info@lecasettedilu.it,Bed and Breakfast Le Casette di Lù CIN IT084001C1DOWHC9PB,https://www.hotelsdrop.com/hotel/bed-and-breakfast-le-casette-di-lu-cin-it084001c-agrigento
info@laterrazzadiempedocle.it,La Terrazza di Empedocle,https://www.hotelsdrop.com/hotel/la-terrazza-di-empedocle-agrigento
posta@bedandbeach.com,B & Beach,https://www.hotelsdrop.com/hotel/b-beach-agropoli
info@bebilgirasole.it,B&B Casa Vacanze Il Girasole,https://www.hotelsdrop.com/hotel/b-b-casa-vacanze-il-girasole-agropoli
info@bebcostablu.it,B&B Costa Blu,https://www.hotelsdrop.com/hotel/b-b-costa-blu-agropoli
mariorossi@email.com,B&B Stella Marina Agropoli,https://www.hotelsdrop.com/hotel/b-b-stella-marina-agropoli-agropoli
info@zeropensieribeb.it\,B&B Zeropensieri,https://www.hotelsdrop.com/hotel/b-b-zeropensieri-agropoli
info@cilentodamarebeb.it,Cilento d'aMare Bed and Breakfast,https://www.hotelsdrop.com/hotel/cilento-d-amare-bed-and-breakfast-agropoli
info@bbmarle.it,Marlè Rooms,https://www.hotelsdrop.com/hotel/marle-rooms-agropoli
info@qvattrostagioni.it,Qvattro Stagioni panoramic suites,https://www.hotelsdrop.com/hotel/qvattro-stagioni-panoramic-suites-agropoli
info@vedereimmobiliare.it,Villa Lery - Azzurra Home,https://www.hotelsdrop.com/hotel/villa-lery-azzurra-home-agropoli
info@camereantigogranaro.com,Agriturismo L'Antigo Granaro,https://www.hotelsdrop.com/hotel/agriturismo-l-antigo-granaro-agugliano
bb_soleluna@yahoo.it,"B&B ""Sole e Luna""- Parcheggio recintato - A14 Ancona Nord",https://www.hotelsdrop.com/hotel/b-b-sole-e-luna-parcheggio-recintato-a14-ancona-agugliano
info@bblemarche.com,B&B Villa LeMarche,https://www.hotelsdrop.com/hotel/b-b-villa-lemarche-agugliano
info@anticocasalevacanzeancona.it,CASA VACANZE ANTICO CASALE ANCONA,https://www.hotelsdrop.com/hotel/casa-vacanze-antico-casale-ancona-agugliano
nicola.sciulli@libero.it,La Casa del Sole e della Luna,https://www.hotelsdrop.com/hotel/la-casa-del-sole-e-della-luna-agugliano
info@lagradina.it,LA GRADINA B&B,https://www.hotelsdrop.com/hotel/la-gradina-b-b-agugliano
info@bbsanmatteo.com,Agriturismo San Matteo - Lozzo Atestino,https://www.hotelsdrop.com/hotel/agriturismo-san-matteo-lozzo-atestino-agugliaro
bedandbreakfast-lamartina@live.it,B&B LA MARTINA,https://www.hotelsdrop.com/hotel/b-b-la-martina-agugliaro
bedandbike.fiore@gmail.com,Bed&Bike.Belfiore,https://www.hotelsdrop.com/hotel/bed-bike-belfiore-agugliaro
casagricolamicizia@gmail.com,Casa Agricola Amicizia,https://www.hotelsdrop.com/hotel/casa-agricola-amicizia-agugliaro
info@labusadelloro.com,Fattoria Busa dell'Oro B&B,https://www.hotelsdrop.com/hotel/fattoria-busa-dell-oro-b-b-agugliaro
bebvillcarolina@gmail.com,B&B Villa Carolina,https://www.hotelsdrop.com/hotel/b-b-villa-carolina-aicurzio
bbbolbrianza@libero.it,bbbolbrianza,https://www.hotelsdrop.com/hotel/bbbolbrianza-aicurzio
info@lacorteguesthouse.com\,La Corte Guesthouse - Appartamento con Giardino privato,https://www.hotelsdrop.com/hotel/la-corte-guesthouse-appartamento-con-giardino-pr-aicurzio
prenota@satanchitta.it,Agriturismo Sa Tanchitta,https://www.hotelsdrop.com/hotel/agriturismo-sa-tanchitta-aidomaggiore
anforatramatza@hotmail.it,Hotel l'anfora,https://www.hotelsdrop.com/hotel/hotel-l-anfora-aidomaggiore
prenotazioni.templars@gmail.com,The Templars Guesthouse,https://www.hotelsdrop.com/hotel/the-templars-guesthouse-aidomaggiore
info@tenuteleano.com,Agriresort Leano,https://www.hotelsdrop.com/hotel/agriresort-leano-aidone
info@agriturismodrago.com,Agriturismo Il Drago,https://www.hotelsdrop.com/hotel/agriturismo-il-drago-aidone
info@hotelgh.it,GH Hotel & Restaurant,https://www.hotelsdrop.com/hotel/gh-hotel-restaurant-aidone
booking@moniabb.com,Monia rooms&hospitality,https://www.hotelsdrop.com/hotel/monia-rooms-hospitality-aidone
info@hotelresidenceilfeudo.it,Hotel Residence Il Feudo Dei Pierleoni,https://www.hotelsdrop.com/hotel/hotel-residence-il-feudo-dei-pierleoni-aielli
info@mastrodattia.it,Hotel Ristorante Mastrodattia,https://www.hotelsdrop.com/hotel/hotel-ristorante-mastrodattia-aielli
lacasettadellanonnabb@gmail.com,B&B La Casetta della Nonna Belmonte Calabro,https://www.hotelsdrop.com/hotel/b-b-la-casetta-della-nonna-belmonte-calabro-aiello-calabro
info@dimoremorelli.it,Dimore Morelli Amantea,https://www.hotelsdrop.com/hotel/dimore-morelli-amantea-aiello-calabro
info@lidotirreno.it,LIDO TIRRENO BEACH,https://www.hotelsdrop.com/hotel/lido-tirreno-beach-aiello-calabro
alcastellodiaiello@gmail.com,Al Castello di Aiello - Casa Vacanze,https://www.hotelsdrop.com/hotel/al-castello-di-aiello-casa-vacanze-aiello-del-friuli
beb@alvecchioconfine.it,al Vecchio Confine Cervignano del Friuli,https://www.hotelsdrop.com/hotel/al-vecchio-confine-cervignano-del-friuli-aiello-del-friuli
info@albergocommercio.it,Albergo Commercio,https://www.hotelsdrop.com/hotel/albergo-commercio-aiello-del-friuli
info@casadellafornace.it,Bed and Breakfast Casa della Fornace,https://www.hotelsdrop.com/hotel/bed-and-breakfast-casa-della-fornace-aiello-del-friuli
liguorinihouse@gmail.com,Liguorini House b&b in Avellino,https://www.hotelsdrop.com/hotel/liguorini-house-b-b-in-avellino-aiello-del-sabato
info@acasadiangela.com,A Casa di Angela,https://www.hotelsdrop.com/hotel/a-casa-di-angela-aieta
info@terrerossedimassadita.it,Agriturismo Terre Rosse Di Massadita,https://www.hotelsdrop.com/hotel/agriturismo-terre-rosse-di-massadita-aieta
contatto@esempio.it,Hotel Brutium,https://www.hotelsdrop.com/hotel/hotel-brutium-aieta
info@hotelnapoleone.it,Hotel Napoleone,https://www.hotelsdrop.com/hotel/hotel-napoleone-aieta
reservation@hotelprajamare.it,Hotel Praja mare,https://www.hotelsdrop.com/hotel/hotel-praja-mare-aieta
support@localsmalltour.com,B&B La casa di Anna,https://www.hotelsdrop.com/hotel/b-b-la-casa-di-anna-ailano
support@localsmalltour.com,La Quercia di Aorivola,https://www.hotelsdrop.com/hotel/la-quercia-di-aorivola-ailano
info@larossafantastica.it,La Rossa Fantastica,https://www.hotelsdrop.com/hotel/la-rossa-fantastica-ailano
info@lesaleresort.it,Le Sale Resort,https://www.hotelsdrop.com/hotel/le-sale-resort-ailano
info@agricanelbosco.it,Azienda Agricola con Agriturismo Ca' nel Bosco,https://www.hotelsdrop.com/hotel/azienda-agricola-con-agriturismo-ca-nel-bosco-ailoche
info@bbilcortile.it,B&B Il Cortile,https://www.hotelsdrop.com/hotel/b-b-il-cortile-ailoche
benvenutialgomitolo@gmail.com,B&B Il Gomitolo - Soggiorno di charme,https://www.hotelsdrop.com/hotel/b-b-il-gomitolo-soggiorno-di-charme-ailoche
bb.labiulla@libero.it,B&B La Biulla,https://www.hotelsdrop.com/hotel/b-b-la-biulla-ailoche
info@camere-camillo.com,Camere Camillo,https://www.hotelsdrop.com/hotel/camere-camillo-ailoche
info@casavalduggia.it,Casa Valduggia,https://www.hotelsdrop.com/hotel/casa-valduggia-ailoche
info@lacasaverdeitalia.com,La Casa Verde B&B,https://www.hotelsdrop.com/hotel/la-casa-verde-b-b-ailoche
info@appartahotel.eu,Apparta hotel,https://www.hotelsdrop.com/hotel/apparta-hotel-airasca
bbpiansavin@gmail.com,B&B Pian Savin,https://www.hotelsdrop.com/hotel/b-b-pian-savin-airasca
info@bbquattrogatti.it,B&B Quattro Gatti,https://www.hotelsdrop.com/hotel/b-b-quattro-gatti-airasca
info@casadelgrandevecchio.it,Casa Del Grande Vecchio,https://www.hotelsdrop.com/hotel/casa-del-grande-vecchio-airasca
info@mammamiasbeb.it,B&B Mamma Mia’s,https://www.hotelsdrop.com/hotel/b-b-mamma-mia-s-airola
info@lacampagnolahotel.it,Hotel La Campagnola Di Carbone Raffaela,https://www.hotelsdrop.com/hotel/hotel-la-campagnola-di-carbone-raffaela-airola
info@lacollinadeigoti.it,La Collina dei Goti Agriturismo,https://www.hotelsdrop.com/hotel/la-collina-dei-goti-agriturismo-airola
info@dagiua.it,Da Giua' Bed and Breakfast,https://www.hotelsdrop.com/hotel/da-giua-bed-and-breakfast-airole
oasirossese@virgilio.it,L'Oasi del Rossese,https://www.hotelsdrop.com/hotel/l-oasi-del-rossese-airole
info@lafavoritaapricale.com,La Favorita Apricale,https://www.hotelsdrop.com/hotel/la-favorita-apricale-airole
info@lapecoranera.eu,Osteria e Camere La Pecora Nera,https://www.hotelsdrop.com/hotel/osteria-e-camere-la-pecora-nera-airole
info@talkingstones.it,Talking Stones,https://www.hotelsdrop.com/hotel/talking-stones-airole
terrebianche@terrebianche.com,Terre Bianche,https://www.hotelsdrop.com/hotel/terre-bianche-airole
info@agriturismounmaredifiori.com,Un Mare di Fiori,https://www.hotelsdrop.com/hotel/un-mare-di-fiori-airole
villaparadis@outlook.it,B & B Villa Paradis,https://www.hotelsdrop.com/hotel/b-b-villa-paradis-airuno
info@agriturismofiordicampo.it,Agriturismo Fior Di Campo,https://www.hotelsdrop.com/hotel/agriturismo-fior-di-campo-aisone
info@laroccabianca.com,B&B La Rocca Bianca,https://www.hotelsdrop.com/hotel/b-b-la-rocca-bianca-aisone
stiera@pec.it,Stura River Village RAFTING,https://www.hotelsdrop.com/hotel/stura-river-village-rafting-aisone
info@aivellutai.it,Ai Vellutai,https://www.hotelsdrop.com/hotel/ai-vellutai-ala
info@polsavacanze.it,Aparthotel Bellavista,https://www.hotelsdrop.com/hotel/aparthotel-bellavista-ala
cauliviala@gmail.com,B&b Cà Ulivi,https://www.hotelsdrop.com/hotel/b-b-ca-ulivi-ala
info@polsavacanze.it,Camping Polsa **,https://www.hotelsdrop.com/hotel/camping-polsa-ala
info@lacadalora.com,Casa alla Fontana,https://www.hotelsdrop.com/hotel/casa-alla-fontana-ala
info@giuliobb.it,Giulio Mountain B&B,https://www.hotelsdrop.com/hotel/giulio-mountain-b-b-ala
info@hotelbaldo.it,Hotel Baldo,https://www.hotelsdrop.com/hotel/hotel-baldo-ala
info@alpradimuriet.it,Agriturismo Al pra di Muriet,https://www.hotelsdrop.com/hotel/agriturismo-al-pra-di-muriet-ala-di-stura
info@lafermedugrandparadis.it,Agriturismo La ferme du Grand Paradis,https://www.hotelsdrop.com/hotel/agriturismo-la-ferme-du-grand-paradis-ala-di-stura
info@lasforzata.com,Agriturismo La Sforzata - Da Dormire,https://www.hotelsdrop.com/hotel/agriturismo-la-sforzata-da-dormire-ala-di-stura
agriturismoplandelatour@gmail.com,Agriturismo Plan de la Tour,https://www.hotelsdrop.com/hotel/agriturismo-plan-de-la-tour-ala-di-stura
serrasdala@gmail.com,Agriturismo Serras D'ala,https://www.hotelsdrop.com/hotel/agriturismo-serras-d-ala-ala-di-stura
info@usurtala.com,Agriturismo Usurtala,https://www.hotelsdrop.com/hotel/agriturismo-usurtala-ala-di-stura
bb.cadambra@gmail.com,B&B Ca' D'ambra,https://www.hotelsdrop.com/hotel/b-b-ca-d-ambra-ala-di-stura
lacrestolina@gmail.com,B&B La Crestolina - CIN IT001003C1VBAR23UF,https://www.hotelsdrop.com/hotel/b-b-la-crestolina-cin-it001003c1vbar23uf-ala-di-stura
cinzialoturco@libero.it,baite del baus,https://www.hotelsdrop.com/hotel/baite-del-baus-ala-di-stura
info@bnbuja.com,bnbuja,https://www.hotelsdrop.com/hotel/bnbuja-ala-di-stura
casacurnet@yahoo.com,Casa Curnet,https://www.hotelsdrop.com/hotel/casa-curnet-ala-di-stura
info@alpesattal.com,B&B Alpe Sattal,https://www.hotelsdrop.com/hotel/b-b-alpe-sattal-alagna
camerelemieradici@gmail.com,LE MIE RADICI,https://www.hotelsdrop.com/hotel/le-mie-radici-alagna
olen@mhhotels.it,Mh Olen Hotel,https://www.hotelsdrop.com/hotel/mh-olen-hotel-alagna
info@residencemary.it,Residence Mary di Ferraris Stefania,https://www.hotelsdrop.com/hotel/residence-mary-di-ferraris-stefania-alagna
info@walsertal.it,Residence Walsertal,https://www.hotelsdrop.com/hotel/residence-walsertal-alagna-valsesia
nikkiabruzzo@gmail.com,Abruzzo Borgo,https://www.hotelsdrop.com/hotel/abruzzo-borgo-alanno
info@agriturismolamasseria.com,Agriturismo La Masseria,https://www.hotelsdrop.com/hotel/agriturismo-la-masseria-alanno
petrelli.alessandro@gmail.com,B&B Il Sogno,https://www.hotelsdrop.com/hotel/b-b-il-sogno-alanno
info@casaaurora.it,Casa Aurora B&B,https://www.hotelsdrop.com/hotel/casa-aurora-b-b-alanno
bblapiccolaoasi.2009@gmail.com,La Piccola Oasi,https://www.hotelsdrop.com/hotel/la-piccola-oasi-alanno
info@hotelgabbianoalassio.it,Hotel Gabbiano,https://www.hotelsdrop.com/hotel/hotel-gabbiano-alassio
sabbiablualassio@gmail.com,Sabbia Blu Alassio - GuestRoom,https://www.hotelsdrop.com/hotel/sabbia-blu-alassio-guestroom-alassio
ilrosone2022@gmail.com,Il Rosone - Rooms&Apartments,https://www.hotelsdrop.com/hotel/il-rosone-rooms-apartments-alatri
albamorus.info@gmail.com,Alba Morus Guest House,https://www.hotelsdrop.com/hotel/alba-morus-guest-house-alba
bbalbaserena@gmail.com,Alba Serena Camere e Appartamenti,https://www.hotelsdrop.com/hotel/alba-serena-camere-e-appartamenti-alba
info@almahospitality.it,ALMA,https://www.hotelsdrop.com/hotel/alma-alba
casa.albablu@gmail.com,Casa Alba Blu,https://www.hotelsdrop.com/hotel/casa-alba-blu-alba
info@labasiglia.com,La Basiglia,https://www.hotelsdrop.com/hotel/la-basiglia-alba
info@palazzofinati.it,Palazzo Finati,https://www.hotelsdrop.com/hotel/palazzo-finati-alba
info@bblinae.com,B&B Linae,https://www.hotelsdrop.com/hotel/b-b-linae-alba-adriatica
info@bostonalba.it,Hotel Boston,https://www.hotelsdrop.com/hotel/hotel-boston-alba-adriatica
info@hotelfloraalbaadriatica.it,Hotel Flora Alba Adriatica,https://www.hotelsdrop.com/hotel/hotel-flora-alba-adriatica-alba-adriatica
fabiola.deidda@tiscali.it,Agriturismo Andala,https://www.hotelsdrop.com/hotel/agriturismo-andala-albagiara
gianlusanna@gmail.com,B&B Daddanca,https://www.hotelsdrop.com/hotel/b-b-daddanca-albagiara
info@domoachenza.it,Domo Achenza Guesthouse,https://www.hotelsdrop.com/hotel/domo-achenza-guesthouse-albagiara
info@cascinascanna.it,Agriturismo Cascina Scanna,https://www.hotelsdrop.com/hotel/agriturismo-cascina-scanna-albairate
info@mind-milano.com,B&B Villa Milano,https://www.hotelsdrop.com/hotel/b-b-villa-milano-albairate
lapendolahotel@email.it,Hotel La Pendola,https://www.hotelsdrop.com/hotel/hotel-la-pendola-albairate
info@beb-ilgirasole.com,agriturismo Il Girasole,https://www.hotelsdrop.com/hotel/agriturismo-il-girasole-albanella
info@aiaresort.it,Aia Resort,https://www.hotelsdrop.com/hotel/aia-resort-albanella
info@la-mortella.it,B&B La Mortella,https://www.hotelsdrop.com/hotel/b-b-la-mortella-albanella
info@bbcasadegliulivi.it,Casa degli Ulivi,https://www.hotelsdrop.com/hotel/casa-degli-ulivi-albanella
info@ilcasolaredeglialburni.it,Il Casolare degli Alburni,https://www.hotelsdrop.com/hotel/il-casolare-degli-alburni-albanella
info@molinodellacontessa.com,Agriturismo Il Molino Della Contessa,https://www.hotelsdrop.com/hotel/agriturismo-il-molino-della-contessa-albano-di-lucania
carminepat@libero.it,B&B Il Patriarca,https://www.hotelsdrop.com/hotel/b-b-il-patriarca-albano-di-lucania
info@lacasadigiulietta.net,B&B La casa di Giulietta,https://www.hotelsdrop.com/hotel/b-b-la-casa-di-giulietta-albano-di-lucania
info@hoteldolomiticastelmezzano.com,Hotel Dolomiti Castelmezzano,https://www.hotelsdrop.com/hotel/hotel-dolomiti-castelmezzano-albano-di-lucania
info@residenzabalios.it,Residenza Balios,https://www.hotelsdrop.com/hotel/residenza-balios-albano-di-lucania
silosbergamo@hotmail.it,"""I Silos"" Guest House",https://www.hotelsdrop.com/hotel/i-silos-guest-house-albano-sant-alessandro
beb@corteseguini.it,B&B Corte Seguini,https://www.hotelsdrop.com/hotel/b-b-corte-seguini-albano-sant-alessandro
info@bbmiravalle.it,"B&B Miravalle Scanzorosciate BG: 2 camere, terrazzo panoramico vista colline Moscato, cantina eventi.CIN:IT016194C1CHPXAOEP",https://www.hotelsdrop.com/hotel/b-b-miravalle-scanzorosciate-bg-2-camere-terrazz-albano-sant-alessandro
villa.gio.bg@gmail.com,B&B Villa Giò,https://www.hotelsdrop.com/hotel/b-b-villa-gio-albano-sant-alessandro
info@bbcame.it,CaMé,https://www.hotelsdrop.com/hotel/came-albano-sant-alessandro
amycasettadicharme@gmail.com,AMY B&B Casetta di Charme,https://www.hotelsdrop.com/hotel/amy-b-b-casetta-di-charme-albano-vercellese
info.giusygabry@gmail.com,G&G Giusy e Gabry,https://www.hotelsdrop.com/hotel/g-g-giusy-e-gabry-albano-vercellese
labovessrl@gmail.com,Guest House Nonna Rosa,https://www.hotelsdrop.com/hotel/guest-house-nonna-rosa-albano-vercellese
lacittadelriso1@gmail.com,LA CITTA' DEL RISO,https://www.hotelsdrop.com/hotel/la-citta-del-riso-albano-vercellese
info@campagnole.com,Residence Campagnole,https://www.hotelsdrop.com/hotel/residence-campagnole-albano-vercellese
info@bbartemide.it,B&B Artemide,https://www.hotelsdrop.com/hotel/b-b-artemide-albaredo-d-adige
bbilconte2014@gmail.com,BeB Il Conte,https://www.hotelsdrop.com/hotel/beb-il-conte-albaredo-d-adige
info@lacasadellezie.it,Bed & Breakfast la Casa delle Zie,https://www.hotelsdrop.com/hotel/bed-breakfast-la-casa-delle-zie-albaredo-d-adige
borgoanticodisoave@gmail.com,Borgo Antico Affittacamere Soave Verona,https://www.hotelsdrop.com/hotel/borgo-antico-affittacamere-soave-verona-albaredo-d-adige
info@hotelstazionecerea.it,Hotel Stazione | Ex Hotel Lini,https://www.hotelsdrop.com/hotel/hotel-stazione-ex-hotel-lini-albaredo-d-adige
info@casadelleerbe.it,Agriturismo Casa Delle Erbe,https://www.hotelsdrop.com/hotel/agriturismo-casa-delle-erbe-albareto
captainmurph2000@yahoo.com,Agriturismo Mulino Marghen,https://www.hotelsdrop.com/hotel/agriturismo-mulino-marghen-albareto
prenotazioni@costalta.com,B&B Costalta,https://www.hotelsdrop.com/hotel/b-b-costalta-albareto
ilcasolarebioenergetico5@gmail.com,"B&B Il Casolare Bioenergetico : Seminari olistici, soggiorni per famiglie e gruppi.",https://www.hotelsdrop.com/hotel/b-b-il-casolare-bioenergetico-seminari-olistici-albareto
faustella201@libero.it,B&B Il Poggio di Traverde,https://www.hotelsdrop.com/hotel/b-b-il-poggio-di-traverde-albareto
info@borgocasale.it,Borgo Casale,https://www.hotelsdrop.com/hotel/borgo-casale-albareto
info@funghiefate.com,Funghi e Fate,https://www.hotelsdrop.com/hotel/funghi-e-fate-albareto
federicofarm95@gmail.com,La Casa del Sarto - FedericoFarm,https://www.hotelsdrop.com/hotel/la-casa-del-sarto-federicofarm-albareto
info@agriturismocasadelprincipe.it,Agriturismo Casa del principe,https://www.hotelsdrop.com/hotel/agriturismo-casa-del-principe-albaretto-della-torre
info@cascinapajanot.com,Agriturismo Cascina Pajanòt,https://www.hotelsdrop.com/hotel/agriturismo-cascina-pajanot-albaretto-della-torre
agriturismo.rihane@gmail.com,Agriturismo Rihane,https://www.hotelsdrop.com/hotel/agriturismo-rihane-albaretto-della-torre
info@agriturismoalbrich.it,Al Brich,https://www.hotelsdrop.com/hotel/al-brich-albaretto-della-torre
info@bblarola.it,B&B La Rola,https://www.hotelsdrop.com/hotel/b-b-la-rola-albaretto-della-torre
info@tenutabricchi.it,Tenuta Bricchi,https://www.hotelsdrop.com/hotel/tenuta-bricchi-albaretto-della-torre
sonnessa@pec.villamoglietta.it,Villa Moglietta Host in Langhe,https://www.hotelsdrop.com/hotel/villa-moglietta-host-in-langhe-albaretto-della-torre
trattoriasangiuseppe@yahoo.it,Affitta camere Foresteria San Giuseppe,https://www.hotelsdrop.com/hotel/affitta-camere-foresteria-san-giuseppe-albavilla
#iltalentonellaquiete@gmail.com,Agriturismo Il Talento Nella Quiete Lago di Como,https://www.hotelsdrop.com/hotel/agriturismo-il-talento-nella-quiete-lago-di-como-albavilla
info@aquarellebeb.it,AQUARELLE Bed and Breakfast,https://www.hotelsdrop.com/hotel/aquarelle-bed-and-breakfast-albavilla
ki@cucinadelleidee.it,Cucina Delle Agridee - Azienda Agricola,https://www.hotelsdrop.com/hotel/cucina-delle-agridee-azienda-agricola-albavilla
info@villabiancagh.it,La Villa Bianca guest house,https://www.hotelsdrop.com/hotel/la-villa-bianca-guest-house-albavilla
info@ingauniahub.com,Affittacamere Archivolto del Teatro,https://www.hotelsdrop.com/hotel/affittacamere-archivolto-del-teatro-albenga
info@santeodoro-albenga.it,Affittacamere San Teodoro,https://www.hotelsdrop.com/hotel/affittacamere-san-teodoro-albenga
info@agriturismononnamerj.it,Agriturismo Nonna Merj,https://www.hotelsdrop.com/hotel/agriturismo-nonna-merj-albenga
info@magnolia-hotel.it,Albergo Magnolia,https://www.hotelsdrop.com/hotel/albergo-magnolia-albenga
bandbleterrazze@gmail.com,B&B Le Terrazze,https://www.hotelsdrop.com/hotel/b-b-le-terrazze-albenga
info@salviaerosmarino.com,Salvia e Rosmarino - Affittacamere in Liguria,https://www.hotelsdrop.com/hotel/salvia-e-rosmarino-affittacamere-in-liguria-albenga
info@lasereta.it,Agriturismo La Sereta,https://www.hotelsdrop.com/hotel/agriturismo-la-sereta-albera-ligure
info@locandabelvederepey.it,Albergo Ristorante Locanda Belvedere Pey,https://www.hotelsdrop.com/hotel/albergo-ristorante-locanda-belvedere-pey-albera-ligure
info@bbgriffondoro.com,B&B Griffondoro,https://www.hotelsdrop.com/hotel/b-b-griffondoro-albera-ligure
bebilpodesta@gmail.com,B&B Il Podestà,https://www.hotelsdrop.com/hotel/b-b-il-podesta-albera-ligure
icappucciniw@gmail.com,I Cappuccini Wellness,https://www.hotelsdrop.com/hotel/i-cappuccini-wellness-albera-ligure
info@anticadimorasulfiume.it,L'Antica dimora sul fiume,https://www.hotelsdrop.com/hotel/l-antica-dimora-sul-fiume-albera-ligure
info@hotel-silva.it,Hotel Silva,https://www.hotelsdrop.com/hotel/hotel-silva-alberobello
turiantonio1995business@gmail.com,San Marco Boutique Rooms,https://www.hotelsdrop.com/hotel/san-marco-boutique-rooms-alberobello
info@trulliepuglia.com,Trulli e Puglia Resort,https://www.hotelsdrop.com/hotel/trulli-e-puglia-resort-alberobello
info@palazzo1892.it,Affittacamere Palazzo 1892,https://www.hotelsdrop.com/hotel/affittacamere-palazzo-1892-alberona
info@ilregiotratturo.it,Agriturismo Regio Tratturo,https://www.hotelsdrop.com/hotel/agriturismo-regio-tratturo-alberona
borgosciugolo@gmail.com,B&b Borgo Sciugolo,https://www.hotelsdrop.com/hotel/b-b-borgo-sciugolo-alberona
info@itemplaridialberona.com,I Templari di Alberona,https://www.hotelsdrop.com/hotel/i-templari-di-alberona-alberona
ilviandanterooms@gmail.com,Il Viandante Bed & Breakfast,https://www.hotelsdrop.com/hotel/il-viandante-bed-breakfast-alberona
casaleraffaello25@gmail.com,Casale Raffaello B&B,https://www.hotelsdrop.com/hotel/casale-raffaello-b-b-albese-con-cassano
info@lacortedilurago.com,Hotel La Corte di Lurago,https://www.hotelsdrop.com/hotel/hotel-la-corte-di-lurago-albese-con-cassano
contact@villacuore.it,Villa Cuore,https://www.hotelsdrop.com/hotel/villa-cuore-albese-con-cassano
bebiospa@gmail.com,B&Bio spa Catanzaro,https://www.hotelsdrop.com/hotel/b-bio-spa-catanzaro-albi
info@traserraelago.it,Agriturismo tra Serra e Lago,https://www.hotelsdrop.com/hotel/agriturismo-tra-serra-e-lago-albiano-d-ivrea
info@rmhospitality.it,Alfredo Residence,https://www.hotelsdrop.com/hotel/alfredo-residence-albiano-d-ivrea
info@cascinapozzoforte.it,B&B e Az. Agricola Cascina Pozzo Forte,https://www.hotelsdrop.com/hotel/b-b-e-az-agricola-cascina-pozzo-forte-albiano-d-ivrea
info@bbilpiccioneviaggiatore.com,B&B Il Piccione Viaggiatore,https://www.hotelsdrop.com/hotel/b-b-il-piccione-viaggiatore-albiano-d-ivrea
info@casaena.it,Casa Ena,https://www.hotelsdrop.com/hotel/casa-ena-albiano-d-ivrea
info@lafioranaivrea.it,La Fiorana Ivrea,https://www.hotelsdrop.com/hotel/la-fiorana-ivrea-albiano-d-ivrea
info@rmhospitality.it,Villa San Martino B&B,https://www.hotelsdrop.com/hotel/villa-san-martino-b-b-albiano-d-ivrea
crisfolci@gmail.com,B&B Brianza Overview CIN IT108011C1WTGGTO9M,https://www.hotelsdrop.com/hotel/b-b-brianza-overview-cin-it108011c1wtggto9m-albiate
rooms@ilcarrobiolo.com,Carro Rooms,https://www.hotelsdrop.com/hotel/carro-rooms-albiate
info@isidoroaffittacamere.it,isidoro affitta camere carugo,https://www.hotelsdrop.com/hotel/isidoro-affitta-camere-carugo-albiate
info@residencetrepini.it,Residence Tre Pini,https://www.hotelsdrop.com/hotel/residence-tre-pini-albiate
605a7baede844d278b89dc95ae0a9123@sentry-next.wixpress.com,B&B Mare E Monti,https://www.hotelsdrop.com/hotel/b-b-mare-e-monti-albidona
terredilevidonia@gmail.com,La Dimora dei Nonni,https://www.hotelsdrop.com/hotel/la-dimora-dei-nonni-albidona
info@merigio.it,Merigio',https://www.hotelsdrop.com/hotel/merigio-albidona
info@raduradelgrano.com,Rifugio Radura del Grano,https://www.hotelsdrop.com/hotel/rifugio-radura-del-grano-albidona
martinas.albignasego@gmail.com,Martina's Rooms,https://www.hotelsdrop.com/hotel/martina-s-rooms-albignasego
info@boscodelfracasso.com,Agriturismo BOSCO DEL FRACASSO,https://www.hotelsdrop.com/hotel/agriturismo-bosco-del-fracasso-albinea
info@casalehortensia.com,Casale Hortensia Hospitalite de Charme,https://www.hotelsdrop.com/hotel/casale-hortensia-hospitalite-de-charme-albinea
lamaisondeux2@gmail.com,La Maison Deux,https://www.hotelsdrop.com/hotel/la-maison-deux-albinea
info@parcodimontebello.it,Parco di Montebello,https://www.hotelsdrop.com/hotel/parco-di-montebello-albinea
marzia@bebcasadolcecasa.eu,B&B Casa Dolce Casa,https://www.hotelsdrop.com/hotel/b-b-casa-dolce-casa-albino
info@casavivabeb.it,B&B Casaviva,https://www.hotelsdrop.com/hotel/b-b-casaviva-albino
info@bbilghiro.it,Bed and Breakfast Il Ghiro,https://www.hotelsdrop.com/hotel/bed-and-breakfast-il-ghiro-albino
info@bbmontino.com,Bed And Breakfast Montino,https://www.hotelsdrop.com/hotel/bed-and-breakfast-montino-albino
info@bergamobnb.it,Bergamo BnB,https://www.hotelsdrop.com/hotel/bergamo-bnb-albino
nonnaita.house@gmail.com,Casa vacanze Nonna ITA,https://www.hotelsdrop.com/hotel/casa-vacanze-nonna-ita-albino
casaceruti@hotmail.it,B&B Casa Ceruti,https://www.hotelsdrop.com/hotel/b-b-casa-ceruti-albiolo
carosamalnate@gmail.com,Ca' Rosa B&B,https://www.hotelsdrop.com/hotel/ca-rosa-b-b-albiolo
agriturismocasalealfoino@gmail.com,Casale al Foino,https://www.hotelsdrop.com/hotel/casale-al-foino-albiolo
info@lacorteeluva.it,La Corte e L'Uva,https://www.hotelsdrop.com/hotel/la-corte-e-l-uva-albiolo
info@lamaisondigioegio.com,La Maison di Gio & Gio,https://www.hotelsdrop.com/hotel/la-maison-di-gio-gio-albiolo
filipporaviola.fr@gmail.com,Riarel | B&B - Rooms and hospitality,https://www.hotelsdrop.com/hotel/riarel-b-b-rooms-and-hospitality-albiolo
info@capotorreresort.it,B&B Capo Torre Resort & SPA,https://www.hotelsdrop.com/hotel/b-b-capo-torre-resort-spa-albisola-superiore
riobasco.guesthouse@gmail.com,Riobasco Guesthouse,https://www.hotelsdrop.com/hotel/riobasco-guesthouse-albisola-superiore
info@vitinsubria.it,Agriturismo Laghi d'Insubria Albizzate.,https://www.hotelsdrop.com/hotel/agriturismo-laghi-d-insubria-albizzate-albizzate
ilcortile@hotmail.it,B&B il Cortile,https://www.hotelsdrop.com/hotel/b-b-il-cortile-albizzate
bbilpozzo@libero.it,B&B Il Pozzo Malpensa,https://www.hotelsdrop.com/hotel/b-b-il-pozzo-malpensa-albizzate
ilcasolaredelmedioolona@gmail.com,Il Casolare del Medio Olona,https://www.hotelsdrop.com/hotel/il-casolare-del-medio-olona-albizzate
info@mxp-rooms.it,Residence Mxp rooms,https://www.hotelsdrop.com/hotel/residence-mxp-rooms-albizzate
info@bnbvigevano.com,Il Cottage,https://www.hotelsdrop.com/hotel/il-cottage-albonese
info@residencematteotti.it,Residence Matteotti,https://www.hotelsdrop.com/hotel/residence-matteotti-albonese
info@stellaorobica.com,Agriturismo Stella Orobica,https://www.hotelsdrop.com/hotel/agriturismo-stella-orobica-albosaggia
contatto@esempio.it,B&B Sopralapanca,https://www.hotelsdrop.com/hotel/b-b-sopralapanca-albosaggia
info@carossa.eu,Cà ROSSA - B&B,https://www.hotelsdrop.com/hotel/ca-rossa-b-b-albosaggia
info@lecassandre.com,Guest House Le Cassandre,https://www.hotelsdrop.com/hotel/guest-house-le-cassandre-albosaggia
manit_ambra@yahoo.com,Luna di miele,https://www.hotelsdrop.com/hotel/luna-di-miele-albosaggia
piasi.cortanze@gmail.com,'l piasì,https://www.hotelsdrop.com/hotel/l-piasi-albugnano
antonella.chareun@libero.it,Agriturismo Arcobaleno fattoria Didattica,https://www.hotelsdrop.com/hotel/agriturismo-arcobaleno-fattoria-didattica-albugnano
info.naturin@gmail.com,B&B Naturin - Vegan Eco Farm,https://www.hotelsdrop.com/hotel/b-b-naturin-vegan-eco-farm-albugnano
bb.bedbox@gmail.com,Bed & Breakfast “Bed & Box”,https://www.hotelsdrop.com/hotel/bed-breakfast-bed-box-albugnano
barbarene@outlook.it,Bed and Breakfast Ca d' Pinin,https://www.hotelsdrop.com/hotel/bed-and-breakfast-ca-d-pinin-albugnano
info@caborgovecchio.com,Ca' Borgo Vecchio di Coppero Cristina,https://www.hotelsdrop.com/hotel/ca-borgo-vecchio-di-coppero-cristina-albugnano
info@camariuccia.it,Ca'Mariuccia Agriturismo biologico,https://www.hotelsdrop.com/hotel/ca-mariuccia-agriturismo-biologico-albugnano
info@lacortedelbarbio.it,La Corte del Barbio,https://www.hotelsdrop.com/hotel/la-corte-del-barbio-albugnano
mfrooms.srl@gmail.com,B&B Amaca - affitti brevi,https://www.hotelsdrop.com/hotel/b-b-amaca-affitti-brevi-albuzzano
ilpettirossobb@gmail.com,B&B Il Pettirosso,https://www.hotelsdrop.com/hotel/b-b-il-pettirosso-albuzzano
bebpaolaefrancesco@gmail.com,B&B Paola e Francesco miglior prezzo/qualità CIN IT018137C1UV3UL8KZ,https://www.hotelsdrop.com/hotel/b-b-paola-e-francesco-miglior-prezzo-qualita-cin-albuzzano
info@cascinamarzana.it,Cascina Marzana,https://www.hotelsdrop.com/hotel/cascina-marzana-albuzzano
guesthousemaiocchi@gmail.com,Guest House Maiocchi,https://www.hotelsdrop.com/hotel/guest-house-maiocchi-albuzzano
info@italiacertosa.pavia.it,Hotel Italia,https://www.hotelsdrop.com/hotel/hotel-italia-albuzzano
info@casaleginisara.it,Casale Ginisara - B&B - Agriturismo - Castellammare del golfo,https://www.hotelsdrop.com/hotel/casale-ginisara-b-b-agriturismo-castellammare-de-alcamo
info@ciurialcamo.it,Ciuri' affittacamere,https://www.hotelsdrop.com/hotel/ciuri-affittacamere-alcamo
emilianogioitta@tiscali.it,Affittacamere Nicolò,https://www.hotelsdrop.com/hotel/affittacamere-nicolo-alcara-li-fusi
ilvignale@hotmail.com,Agriturismo il Vignale,https://www.hotelsdrop.com/hotel/agriturismo-il-vignale-alcara-li-fusi
turismovillaluca@gmail.com,Agriturismo Villa Luca,https://www.hotelsdrop.com/hotel/agriturismo-villa-luca-alcara-li-fusi
home@giardinodisicilia.com,Giardino di Sicilia,https://www.hotelsdrop.com/hotel/giardino-di-sicilia-alcara-li-fusi
info@lacollinadeinebrodi.it\&quot;,La Collina Dei Nebrodi,https://www.hotelsdrop.com/hotel/la-collina-dei-nebrodi-alcara-li-fusi
nebrodiagrivillage@virgilio.it,Nebrodi Agrivillage Bianca Sole Mia,https://www.hotelsdrop.com/hotel/nebrodi-agrivillage-bianca-sole-mia-alcara-li-fusi
reservation@locanda-arguta.it,Agriturismo e Camping Locanda de l'Arguta,https://www.hotelsdrop.com/hotel/agriturismo-e-camping-locanda-de-l-arguta-aldeno
info@bbalessandro.it,B&B Alessandro,https://www.hotelsdrop.com/hotel/b-b-alessandro-aldeno
info@lafinestrasulgiardino.com,La Finestra sul Giardino - B&B,https://www.hotelsdrop.com/hotel/la-finestra-sul-giardino-b-b-aldeno
info@zur-muhle.com,Albergo Gasthof zur Mühle | Ristorante Pizzeria,https://www.hotelsdrop.com/hotel/albergo-gasthof-zur-muhle-ristorante-pizzeria-aldino-aldein
info@rasterhof.it,Rasterhof,https://www.hotelsdrop.com/hotel/rasterhof-aldino-aldein
info@mentefredda.it\,Hotel Mistral,https://www.hotelsdrop.com/hotel/hotel-mistral-ales
info@lacasettaguesthouse.com,La Casetta Guest House,https://www.hotelsdrop.com/hotel/la-casetta-guest-house-ales
arcobalenobb@hotmail.it,B&B Arcobaleno,https://www.hotelsdrop.com/hotel/b-b-arcobaleno-alessandria
lacortebnb@gmail.com,La Corte,https://www.hotelsdrop.com/hotel/la-corte-alessandria
info@palazzopaleologi.com,Relais Palazzo Paleologi - Secolo XIV,https://www.hotelsdrop.com/hotel/relais-palazzo-paleologi-secolo-xiv-alessandria
residencemonferrato@libero.it,Residence Corso Monferrato,https://www.hotelsdrop.com/hotel/residence-corso-monferrato-alessandria
contatto@esempio.it,Bed and Breakfast LA CASETTA,https://www.hotelsdrop.com/hotel/bed-and-breakfast-la-casetta-alessandria-del-carretto
lbfrutta89@gmail.com,L&B B&B,https://www.hotelsdrop.com/hotel/l-b-b-b-alessandria-del-carretto
terra.dileuca@libero.it,Agriturismo Terra di Leuca,https://www.hotelsdrop.com/hotel/agriturismo-terra-di-leuca-alessano
info@acasadipaolo.it,B&B A casa di Paolo,https://www.hotelsdrop.com/hotel/b-b-a-casa-di-paolo-alessano
info@ilbaiocco.it,B&B il Baiocco,https://www.hotelsdrop.com/hotel/b-b-il-baiocco-alessano
info@lupalummaru.it,B&B Masseria Lu Palummaru,https://www.hotelsdrop.com/hotel/b-b-masseria-lu-palummaru-alessano
lelantanesalento@gmail.com,Le Lantane Luxury Rooms,https://www.hotelsdrop.com/hotel/le-lantane-luxury-rooms-alessano
trappeti@yahoo.it,Masseria Delle Rose,https://www.hotelsdrop.com/hotel/masseria-delle-rose-alessano
info@antichemacine.com,Villa B&B Antiche Macine del Salento nel cuore del Salento - villetta con piscina - punto strategico spiaggia del Salento,https://www.hotelsdrop.com/hotel/villa-b-b-antiche-macine-del-salento-nel-cuore-d-alessano
info@agriturismosantachiara.it,Agriturismo Santa Chiara,https://www.hotelsdrop.com/hotel/agriturismo-santa-chiara-alezio
info@mandarinoarancio.it,B&B Mandarino e Arancio by Montedelia Tour,https://www.hotelsdrop.com/hotel/b-b-mandarino-e-arancio-by-montedelia-tour-alezio
prenotazioni@madeturismo.it,B&B Sant'Antonio Gallipoli,https://www.hotelsdrop.com/hotel/b-b-sant-antonio-gallipoli-alezio
info@gioiadelmare.com,Gioia del Mare,https://www.hotelsdrop.com/hotel/gioia-del-mare-alezio
lafenicesalentina@hotmail.com,La Fenice Salentina B&B,https://www.hotelsdrop.com/hotel/la-fenice-salentina-b-b-alezio
e-mail:info@ostellosalento.com,Ostello Salento,https://www.hotelsdrop.com/hotel/ostello-salento-alezio
prenotazioni.palazzoaurora@gmail.com,Palazzo Aurora,https://www.hotelsdrop.com/hotel/palazzo-aurora-alezio
info@tenutadoxi.com,Tenuta Doxi,https://www.hotelsdrop.com/hotel/tenuta-doxi-alezio
info@masserialabaronessa.com,Tenuta La Baronessa - Masseria & Country Resort,https://www.hotelsdrop.com/hotel/tenuta-la-baronessa-masseria-country-resort-alezio
villamariacasevacanze@gmail.com,Villa Maria B&B,https://www.hotelsdrop.com/hotel/villa-maria-b-b-alezio
info@villaranciasalento.it,Villarancia B&B,https://www.hotelsdrop.com/hotel/villarancia-b-b-alezio
agriturismocasagiusta@gmail.com,Agriturismo Casa Giusta,https://www.hotelsdrop.com/hotel/agriturismo-casa-giusta-alfano
info@beb-palinuro.com,Amaltea Bed and Breakfast,https://www.hotelsdrop.com/hotel/amaltea-bed-and-breakfast-alfano
ilcasaledelbaronesgap@gmail.com,"Il Casale del Barone, SA",https://www.hotelsdrop.com/hotel/il-casale-del-barone-sa-alfano
contatto@esempio.it,affittacamere le rondini,https://www.hotelsdrop.com/hotel/affittacamere-le-rondini-alfedena
bbvillatina@gmail.com,B&B Villa Tina,https://www.hotelsdrop.com/hotel/b-b-villa-tina-alfedena
danonnali@gmail.com,Da Nonna Li bed & breakfast,https://www.hotelsdrop.com/hotel/da-nonna-li-bed-breakfast-alfedena
info@ilvicolettobeb.it,Il Vicoletto B&B,https://www.hotelsdrop.com/hotel/il-vicoletto-b-b-alfedena
contatto@esempio.it,La scarpetta di Venere B&B,https://www.hotelsdrop.com/hotel/la-scarpetta-di-venere-b-b-alfedena
info@cascinatavolette.it,Agriturismo Cascina Tavolette,https://www.hotelsdrop.com/hotel/agriturismo-cascina-tavolette-alfianello
lerustiche.foresteria@gmail.com,Foresteria Le Rustiche,https://www.hotelsdrop.com/hotel/foresteria-le-rustiche-alfianello
federica.gadaldi@yahoo.it,IL COLIBRÌ B&B,https://www.hotelsdrop.com/hotel/il-colibri-b-b-alfianello
info@crealto.it,Agriturismo Crealto,https://www.hotelsdrop.com/hotel/agriturismo-crealto-alfiano-natta
imandorli@gmail.com,B&B I Mandorli,https://www.hotelsdrop.com/hotel/b-b-i-mandorli-alfiano-natta
info@benbjulia.com,B&B Julia,https://www.hotelsdrop.com/hotel/b-b-julia-alfiano-natta
bblacasasuitetti@gmail.com,B&B Monferrato La Casa sui Tetti,https://www.hotelsdrop.com/hotel/b-b-monferrato-la-casa-sui-tetti-alfiano-natta
info@matunei.it,B&B The Wine Room - MATUNEI,https://www.hotelsdrop.com/hotel/b-b-the-wine-room-matunei-alfiano-natta
info@cascinavicentini.it,Cascina Vicentini,https://www.hotelsdrop.com/hotel/cascina-vicentini-alfiano-natta
magalocanda@gmail.com,Magalocanda | Stanze sotto il Castello,https://www.hotelsdrop.com/hotel/magalocanda-stanze-sotto-il-castello-alfiano-natta
info@amyrooms.it,Amy Rooms,https://www.hotelsdrop.com/hotel/amy-rooms-alfonsine
info@bblaquercia.it,B&B La Quercia In Giardino,https://www.hotelsdrop.com/hotel/b-b-la-quercia-in-giardino-alfonsine
info@villaerikalugo.com,B&B Villa Erika,https://www.hotelsdrop.com/hotel/b-b-villa-erika-alfonsine
aurora@casaurora.com,Casa Aurora,https://www.hotelsdrop.com/hotel/casa-aurora-alfonsine
info@letregemme.it,Le Tre Gemme - Luxury Rooms,https://www.hotelsdrop.com/hotel/le-tre-gemme-luxury-rooms-alfonsine
info@rbhotel.it,R&B Hotel,https://www.hotelsdrop.com/hotel/r-b-hotel-alfonsine
ravennasuites@gmail.com,Room & Breakfast D'Annunzio,https://www.hotelsdrop.com/hotel/room-breakfast-d-annunzio-alfonsine
info@alguest.com,Alguest,https://www.hotelsdrop.com/hotel/alguest-alghero
info@aigua.it,B&B Alghero Aigua centro,https://www.hotelsdrop.com/hotel/b-b-alghero-aigua-centro-alghero
info@algheroemobility.com,B&B Alghero Horizon,https://www.hotelsdrop.com/hotel/b-b-alghero-horizon-alghero
booking@casadeiliuti.it,Casa dei Liuti Luxury Guest House,https://www.hotelsdrop.com/hotel/casa-dei-liuti-luxury-guest-house-alghero
casafelicidadalguer@gmail.com,Casa Felicidad Alguer,https://www.hotelsdrop.com/hotel/casa-felicidad-alguer-alghero
info@lmgroupitalia.it,Dolmen Guest House,https://www.hotelsdrop.com/hotel/dolmen-guest-house-alghero
info@leolualghero.it,Leolù Alghero Guesthouse Bed & Breakfast,https://www.hotelsdrop.com/hotel/leolu-alghero-guesthouse-bed-breakfast-alghero
ottocentoguesthouse@gmail.com,Ottocento Guest House,https://www.hotelsdrop.com/hotel/ottocento-guest-house-alghero
losmeraldoaffittacamere@hotmail.com,R & D Bed and Breakfast,https://www.hotelsdrop.com/hotel/r-d-bed-and-breakfast-alghero
bebcascinaroncogrande@gmail.com,B&B Cascina Ronco Grande,https://www.hotelsdrop.com/hotel/b-b-cascina-ronco-grande-algua
bbcentrale.orio@libero.it,B&B CENTRALE,https://www.hotelsdrop.com/hotel/b-b-centrale-algua
info@bebsanfrancescoclass.it,B&B San Francesco Class,https://www.hotelsdrop.com/hotel/b-b-san-francesco-class-algua
info@baitanelbosco.it,Baita nel Bosco | BnB Rigosa,https://www.hotelsdrop.com/hotel/baita-nel-bosco-bnb-rigosa-algua
info@bnbbergamoalta.it,Bergamo Alta Guest House,https://www.hotelsdrop.com/hotel/bergamo-alta-guest-house-algua
info@gioelbergamo.it,GIO’EL Happiness Guest House,https://www.hotelsdrop.com/hotel/gio-el-happiness-guest-house-algua
info@bbsottolalben.it,Sotto l'Alben,https://www.hotelsdrop.com/hotel/sotto-l-alben-algua
staybergamo@gmail.com,Stay Bergamo Guesthouse,https://www.hotelsdrop.com/hotel/stay-bergamo-guesthouse-algua
agriturismoserramoneta@gmail.com,Agriturismo Serra Moneta,https://www.hotelsdrop.com/hotel/agriturismo-serra-moneta-alia
info@villakamara.it,Equiturismo San Lorenzo - Villa KAMARA,https://www.hotelsdrop.com/hotel/equiturismo-san-lorenzo-villa-kamara-alia
p.sopranaluxhouse@libero.it,Porta Soprana luxury guest House & spa,https://www.hotelsdrop.com/hotel/porta-soprana-luxury-guest-house-spa-alia
info@agriturismouvardar.it,Agriturismo 'U Vardar,https://www.hotelsdrop.com/hotel/agriturismo-u-vardar-aliano
roccosinisgalli@pec.cgn.it,Al Bosco delle Api,https://www.hotelsdrop.com/hotel/al-bosco-delle-api-aliano
colobraro.residence@gmail.com,"Girastrittue, Rooms for Rent",https://www.hotelsdrop.com/hotel/girastrittue-rooms-for-rent-aliano
info@allogio.com,Il Casale dei Calanchi,https://www.hotelsdrop.com/hotel/il-casale-dei-calanchi-aliano
info@ilpaesaggiolunare.it,Il Paesaggio Lunare - Affittacamere,https://www.hotelsdrop.com/hotel/il-paesaggio-lunare-affittacamere-aliano
info@lasterpina.com,La Sterpina,https://www.hotelsdrop.com/hotel/la-sterpina-aliano
alessandra@damatracassine.com,Agriturismo Da.matra',https://www.hotelsdrop.com/hotel/agriturismo-da-matra-alice-bel-colle
info@acasa-di-anna.it,B&B A Casa di Anna,https://www.hotelsdrop.com/hotel/b-b-a-casa-di-anna-alice-bel-colle
daniel.65levi@gmail.com,Casa Levi,https://www.hotelsdrop.com/hotel/casa-levi-alice-bel-colle
paolobobba67@gmail.com,B&B Bouganville,https://www.hotelsdrop.com/hotel/b-b-bouganville-alice-castello
info@spighepagliaegirasole.it,B&B Spighe Paglia e Girasole,https://www.hotelsdrop.com/hotel/b-b-spighe-paglia-e-girasole-alice-castello
info@fattoriadellerose.com,Fattoria delle Rose - Società Semplice Agricola,https://www.hotelsdrop.com/hotel/fattoria-delle-rose-societa-semplice-agricola-alice-castello
info@nauticatarello.it,Nautica Tarello,https://www.hotelsdrop.com/hotel/nautica-tarello-alice-castello
info@bedandbreakfast-riders.it,Riders,https://www.hotelsdrop.com/hotel/riders-alice-castello
info@thelakehouse-viverone.it,THE LAKE HOUSE,https://www.hotelsdrop.com/hotel/the-lake-house-alice-castello
info@animaantiqua.it,Anima Antiqua,https://www.hotelsdrop.com/hotel/anima-antiqua-alife
borgoscorciarinibnb@gmail.com,Borgo Scorciarini B&B,https://www.hotelsdrop.com/hotel/borgo-scorciarini-b-b-alife
info@ilrifugiopecorella.it,PURA Smart Veg Farmhouse - Il Rifugio Pecorella,https://www.hotelsdrop.com/hotel/pura-smart-veg-farmhouse-il-rifugio-pecorella-alife
agriturismo.gelso@gmail.com,Agriturismo Gelso,https://www.hotelsdrop.com/hotel/agriturismo-gelso-alimena
sergiorol@gmail.com,B&B La Casa In Pietra,https://www.hotelsdrop.com/hotel/b-b-la-casa-in-pietra-alimena
info@donnavi.it,Donna Vì Hotel,https://www.hotelsdrop.com/hotel/donna-vi-hotel-alimena
info@locandasusuiusu.it,Locanda Susuiusu,https://www.hotelsdrop.com/hotel/locanda-susuiusu-alimena
info@pgdesignennait.wpcomstaging.com,P&G DESIGN BY LAGO WELCOME,https://www.hotelsdrop.com/hotel/p-g-design-by-lago-welcome-alimena
info@villasplendore.com,"Agriturismo Villa Splendore - Ristorante tipico con piscina e camere, sicilian restaurant",https://www.hotelsdrop.com/hotel/agriturismo-villa-splendore-ristorante-tipico-co-aliminusa
giardinodeicedritrabia@gmail.com,B&B Giardino dei Cedri,https://www.hotelsdrop.com/hotel/b-b-giardino-dei-cedri-aliminusa
ottoluneaccomodations@gmail.com,B&B Ottolune Accomodations,https://www.hotelsdrop.com/hotel/b-b-ottolune-accomodations-aliminusa
info@bedandbreakfastulivo.it,Bed And Breakfast Ulivo,https://www.hotelsdrop.com/hotel/bed-and-breakfast-ulivo-aliminusa
info@wundergarten.it,Wundergarten Dimora dei frati,https://www.hotelsdrop.com/hotel/wundergarten-dimora-dei-frati-aliminusa
info@maisoncerise.eu,B&B Maison Cerise,https://www.hotelsdrop.com/hotel/b-b-maison-cerise-allein
info@chezmagan.it,Chez Magan,https://www.hotelsdrop.com/hotel/chez-magan-allein
lauracolella.clem@gmail.com,CleMaison Antica Dimora - Appartamenti,https://www.hotelsdrop.com/hotel/clemaison-antica-dimora-appartamenti-allein
info@maisondubonmegnadzo.com,La Maison du Bon Megnadzo,https://www.hotelsdrop.com/hotel/la-maison-du-bon-megnadzo-allein
info@belvederedellecrete.com,Agriturismo Belvedere Delle Crete,https://www.hotelsdrop.com/hotel/agriturismo-belvedere-delle-crete-allerona
agriturismomulinaccino@gmail.com,Agriturismo Casale Mulinaccino,https://www.hotelsdrop.com/hotel/agriturismo-casale-mulinaccino-allerona
info@piandifrattina.com,Agriturismo Pian di Frattina,https://www.hotelsdrop.com/hotel/agriturismo-pian-di-frattina-allerona
info@locandatoscanini.it,B&B Locanda Toscanini,https://www.hotelsdrop.com/hotel/b-b-locanda-toscanini-allerona
info@albergovittoriataviano.it,Albergo Vittoria 3 stelle,https://www.hotelsdrop.com/hotel/albergo-vittoria-3-stelle-alliste
bebcortere@gmail.com,Corterè B&B,https://www.hotelsdrop.com/hotel/cortere-b-b-alliste
info@dimoradonnafiora.it,DONNA FIORA Antica Dimora,https://www.hotelsdrop.com/hotel/donna-fiora-antica-dimora-alliste
prenotazioni@ilgiardinodipaola.it,Il Giardino di Paola B&B,https://www.hotelsdrop.com/hotel/il-giardino-di-paola-b-b-alliste
lagemmadelsalento@gmail.com,La Gemma del Salento,https://www.hotelsdrop.com/hotel/la-gemma-del-salento-alliste
info@bblegemelle.it,Le Gemelle Boutique Hotel,https://www.hotelsdrop.com/hotel/le-gemelle-boutique-hotel-alliste
info@rossosalento.it,Rosso Salento B&B,https://www.hotelsdrop.com/hotel/rosso-salento-b-b-alliste
salenterra@gmail.com,Salenterra B&B,https://www.hotelsdrop.com/hotel/salenterra-b-b-alliste
info@salenthouse.com,Salenthouse,https://www.hotelsdrop.com/hotel/salenthouse-alliste
info@autenticum.it,Autenticum Agriturismo Tolfa,https://www.hotelsdrop.com/hotel/autenticum-agriturismo-tolfa-allumiere
info@conventocappuccinitolfa.it,Convento dei Cappuccini,https://www.hotelsdrop.com/hotel/convento-dei-cappuccini-allumiere
info@villanaumanni.it,Locanda Villa Naumanni,https://www.hotelsdrop.com/hotel/locanda-villa-naumanni-allumiere
info@maisonderevel.it,Maison De Revel B&B Civitavecchia,https://www.hotelsdrop.com/hotel/maison-de-revel-b-b-civitavecchia-allumiere
info@tenutadellargento.com,Tenuta dell'Argento,https://www.hotelsdrop.com/hotel/tenuta-dell-argento-allumiere
lanticopioppo@gmail.com,B&B Antico Pioppo,https://www.hotelsdrop.com/hotel/b-b-antico-pioppo-alluvioni-piovera
info@lacortevecchiabandb.it,B&B La Cortevecchia,https://www.hotelsdrop.com/hotel/b-b-la-cortevecchia-alluvioni-piovera
infogh@marinellabeb.it,Marinella G.H.,https://www.hotelsdrop.com/hotel/marinella-g-h-alluvioni-piovera
prenotazioni.ilpostodellerose@gmail.com,Il Posto delle Rose,https://www.hotelsdrop.com/hotel/il-posto-delle-rose-almenno-san-bartolomeo
lacasadianna9@gmail.com,BnB La Casa di Anna,https://www.hotelsdrop.com/hotel/bnb-la-casa-di-anna-almenno-san-salvatore
lacurandera@lacurandera-bb.it,B&B La Curandera,https://www.hotelsdrop.com/hotel/b-b-la-curandera-almese
contact@turismotorino.org,B&B La Marmotta,https://www.hotelsdrop.com/hotel/b-b-la-marmotta-almese
alberto.omegna@gmail.com,Casa dei Nonni - Bed & Breakfast,https://www.hotelsdrop.com/hotel/casa-dei-nonni-bed-breakfast-almese
cascinabucolica@gmail.com,Cascina Bucolica,https://www.hotelsdrop.com/hotel/cascina-bucolica-almese
info@almhotel.it,Active Alm Hotel Moena,https://www.hotelsdrop.com/hotel/active-alm-hotel-moena-alm
bbalduca@gmail.com,Al Duca B&B - Bergamo centro - con piscina,https://www.hotelsdrop.com/hotel/al-duca-b-b-bergamo-centro-con-piscina-alm
almatorredellestelle@gmail.com,Almà Domos,https://www.hotelsdrop.com/hotel/alma-domos-alm
almasuite2023@gmail.com,Alma Rooms Appia,https://www.hotelsdrop.com/hotel/alma-rooms-appia-alm
info@almarebb.it,Almare' B&b,https://www.hotelsdrop.com/hotel/almare-b-b-alm
info@alalama.it,B&B Alalama,https://www.hotelsdrop.com/hotel/b-b-alalama-alm
almagardalake@gmail.com,B&B Alma Garda Lake (Boutique Villa Sara),https://www.hotelsdrop.com/hotel/b-b-alma-garda-lake-boutique-villa-sara-alm
info@bbalmare.it,B&B AlMaré,https://www.hotelsdrop.com/hotel/b-b-almare-alm
info@atelierdellamontagna.it,B&B Atelier della Montagna,https://www.hotelsdrop.com/hotel/b-b-atelier-della-montagna-alm
aiagrande@yahoo.it,Bed & Breakfast Aia Grande Puglia / Apulien,https://www.hotelsdrop.com/hotel/bed-breakfast-aia-grande-puglia-apulien-alm
info@hotelpiazzavecchia.it,Hotel Piazza Vecchia,https://www.hotelsdrop.com/hotel/hotel-piazza-vecchia-alm
agriturismocadoro@gmail.com,Agriturismo Ca' D'oro,https://www.hotelsdrop.com/hotel/agriturismo-ca-d-oro-alonte
info@castelbricon.it,Agriturismo Castel Bricon,https://www.hotelsdrop.com/hotel/agriturismo-castel-bricon-alonte
taste@lapria.it,La Pria Wine Resort,https://www.hotelsdrop.com/hotel/la-pria-wine-resort-alonte
info@hotellerievallesacra.it,Hôtellerie Valle Sacra B&B Centro benessere e spa,https://www.hotelsdrop.com/hotel/hotellerie-valle-sacra-b-b-centro-benessere-e-sp-alpette
nicoletta@vivietico.it,Il Pettirosso,https://www.hotelsdrop.com/hotel/il-pettirosso-alpette
info.casavalebb@gmail.com,B&B Casa V-Ale,https://www.hotelsdrop.com/hotel/b-b-casa-v-ale-alpignano
info@lafinestrasullareggia.it,La Finestra sulla Reggia,https://www.hotelsdrop.com/hotel/la-finestra-sulla-reggia-alpignano
info@villabellariabb.it,B&B Villa Bellaria,https://www.hotelsdrop.com/hotel/b-b-villa-bellaria-alseno
info@tenutaritasolari.com,Agriturismo Bacchanalis,https://www.hotelsdrop.com/hotel/agriturismo-bacchanalis-alta-val-tidone
info@anticocasaledibobbio.it,Antico Casale di Bobbio B&B,https://www.hotelsdrop.com/hotel/antico-casale-di-bobbio-b-b-alta-val-tidone
canovaoltrepo@gmail.com,B&B Ca’ Növa,https://www.hotelsdrop.com/hotel/b-b-ca-nova-alta-val-tidone
soggacaterina@gmail.com,B&B Casa Piantone,https://www.hotelsdrop.com/hotel/b-b-casa-piantone-alta-val-tidone
laura@ilgiardinodilaura.it\,B&B Il Giardino di Laura,https://www.hotelsdrop.com/hotel/b-b-il-giardino-di-laura-alta-val-tidone
info@relaisborgodeigatti.it,Borgo dei Gatti - Albergo diffuso,https://www.hotelsdrop.com/hotel/borgo-dei-gatti-albergo-diffuso-alta-val-tidone
info@borgoimpero.it,Hotel Locanda Borgo Impero,https://www.hotelsdrop.com/hotel/hotel-locanda-borgo-impero-alta-val-tidone
residenzedelborgo@gmail.com,Residenze del Borgo,https://www.hotelsdrop.com/hotel/residenze-del-borgo-alta-val-tidone
info@villasanfedele.com,Villa San Fedele - Hotel,https://www.hotelsdrop.com/hotel/villa-san-fedele-hotel-alta-valle-intelvi
panoramalucano@gmail.com,B & B Panorama Lucano - Foresteria Multicamere,https://www.hotelsdrop.com/hotel/b-b-panorama-lucano-foresteria-multicamere-altamura
capoventodellamurgia@gmail.com,B&B Capovento della Murgia,https://www.hotelsdrop.com/hotel/b-b-capovento-della-murgia-altamura
casafelda@gmail.com,B&B Casa Felda,https://www.hotelsdrop.com/hotel/b-b-casa-felda-altamura
info@beblunafedericiana.it,Beb Luna Federiciana,https://www.hotelsdrop.com/hotel/beb-luna-federiciana-altamura
f.lli.debernardis@gmail.com,deB&SPA,https://www.hotelsdrop.com/hotel/deb-spa-altamura
borgoanticoaltamura@libero.it,Il Borgo Antico - Bed & Breakfast Altamura,https://www.hotelsdrop.com/hotel/il-borgo-antico-bed-breakfast-altamura-altamura
info@ilnidodeifalchi.it,Il Nido Dei Falchi B&B,https://www.hotelsdrop.com/hotel/il-nido-dei-falchi-b-b-altamura
info@malandri.eu,Malandrì B&B,https://www.hotelsdrop.com/hotel/malandri-b-b-altamura
info@matteibeb.it,Mattei Luxury B&B,https://www.hotelsdrop.com/hotel/mattei-luxury-b-b-altamura
icalleri.cosseria@gmail.com,B&B I Calleri garden & rooms,https://www.hotelsdrop.com/hotel/b-b-i-calleri-garden-rooms-altare
info@prolocopallare.it,B&B Le Stanze del Moro,https://www.hotelsdrop.com/hotel/b-b-le-stanze-del-moro-altare
info@michelemaisano.com,Se mi vuoi lasciare,https://www.hotelsdrop.com/hotel/se-mi-vuoi-lasciare-altare
info@casadellefate.it,"Bed & Breakfast ""Casa delle fate""",https://www.hotelsdrop.com/hotel/bed-breakfast-casa-delle-fate-altavalle
info@hotelaltavalle.it,Hotel Garní Alta Valle,https://www.hotelsdrop.com/hotel/hotel-garni-alta-valle-altavalle
info@feudodicastelmozzo.it,Agriturismo e Winery FEUDO DI CASTELMOZZO,https://www.hotelsdrop.com/hotel/agriturismo-e-winery-feudo-di-castelmozzo-altavilla-irpina
infosangallo@allegroitalia.it,Allegroitalia Torre Artale Palermo,https://www.hotelsdrop.com/hotel/allegroitalia-torre-artale-palermo-altavilla-milicia
info@casaleformica.it,Antico Casale Formica,https://www.hotelsdrop.com/hotel/antico-casale-formica-altavilla-milicia
hotelborgodiciaula@gmail.com,Hotel Borgo di Ciàula,https://www.hotelsdrop.com/hotel/hotel-borgo-di-ciaula-altavilla-milicia
info@ladimoradeipaladini.com,La Dimora dei Paladini,https://www.hotelsdrop.com/hotel/la-dimora-dei-paladini-altavilla-milicia
info@principealogna.it,Principe Alogna Hotel & SPA,https://www.hotelsdrop.com/hotel/principe-alogna-hotel-spa-altavilla-milicia
lepalmesuite@gmail.com,Suite le palme,https://www.hotelsdrop.com/hotel/suite-le-palme-altavilla-milicia
info@castellodifrassinello.it,B&B Castello di Frassinello,https://www.hotelsdrop.com/hotel/b-b-castello-di-frassinello-altavilla-monferrato
info@belcasale.it,BELCASALE - Camere in collina,https://www.hotelsdrop.com/hotel/belcasale-camere-in-collina-altavilla-monferrato
info@belvederemonferrato.it,BELVEDERE MONFERRATO Relais&Wellness,https://www.hotelsdrop.com/hotel/belvedere-monferrato-relais-wellness-altavilla-monferrato
biotrapella@gmail.com,Cascina Trapella,https://www.hotelsdrop.com/hotel/cascina-trapella-altavilla-monferrato
booking@lelibellulerelais.com,Le Libellule Relais,https://www.hotelsdrop.com/hotel/le-libellule-relais-altavilla-monferrato
info@monferratoresort.it,Monferrato Resort,https://www.hotelsdrop.com/hotel/monferrato-resort-altavilla-monferrato
prenotazioni@villamorneto.it,Villa Morneto - Relais & Agriturismo,https://www.hotelsdrop.com/hotel/villa-morneto-relais-agriturismo-altavilla-monferrato
info@biancolivo.com,Biancolivo Country House,https://www.hotelsdrop.com/hotel/biancolivo-country-house-altavilla-silentina
girobancoblu@gmail.com,Hotel Locanda Botella,https://www.hotelsdrop.com/hotel/hotel-locanda-botella-altavilla-vicentina
info@abbracciodellavigna.it,L'Abbraccio della Vigna - Alloggio Agrituristico - Agriturismo,https://www.hotelsdrop.com/hotel/l-abbraccio-della-vigna-alloggio-agrituristico-a-altavilla-vicentina
villavalmaranadetoni@gmail.com,Villa Valmarana De Toni-Dimora Storica,https://www.hotelsdrop.com/hotel/villa-valmarana-de-toni-dimora-storica-altavilla-vicentina
info@acquarellorestaurant.it,Acquarello,https://www.hotelsdrop.com/hotel/acquarello-altidona
info@agriturismolapieve.net,Agriturismo La Pieve,https://www.hotelsdrop.com/hotel/agriturismo-la-pieve-altidona
bbalbasulmare@gmail.com,Alba sul Mare Guest House,https://www.hotelsdrop.com/hotel/alba-sul-mare-guest-house-altidona
lapoetabb@libero.it,B&B La poeta- vicino A14 Pedaso,https://www.hotelsdrop.com/hotel/b-b-la-poeta-vicino-a14-pedaso-altidona
info@monnaterra.it,Monna Terra B&B,https://www.hotelsdrop.com/hotel/monna-terra-b-b-altidona
prenotazioni@vicolomalavolta.it,Vicolo Malavolta 7 - Rooms and Suites,https://www.hotelsdrop.com/hotel/vicolo-malavolta-7-rooms-and-suites-altidona
info@bedandbreakfastcalabria.it,B&B Calabria,https://www.hotelsdrop.com/hotel/b-b-calabria-altilia
dalpagano@email.it,B&B L'arcobaleno,https://www.hotelsdrop.com/hotel/b-b-l-arcobaleno-altino
g.caniglia@libero.it,BB/Casavacanze Corneto,https://www.hotelsdrop.com/hotel/bb-casavacanze-corneto-altino
ilcastellodiatessa@gmail.com,Il Castello,https://www.hotelsdrop.com/hotel/il-castello-altino
info@giardinotto.it,Il Giardinotto Bed&Breakfast,https://www.hotelsdrop.com/hotel/il-giardinotto-bed-breakfast-altino
info@ospitati.it,Ospitati - B&B Le Tre Chiavi,https://www.hotelsdrop.com/hotel/ospitati-b-b-le-tre-chiavi-altino
agricelestina@gmail.com,Agriturismo Da Celestina,https://www.hotelsdrop.com/hotel/agriturismo-da-celestina-altissimo
amagi@email.com,Amagi Home,https://www.hotelsdrop.com/hotel/amagi-home-altissimo
info@angolodiparadisoaltissimo.it,Angolo di Paradiso,https://www.hotelsdrop.com/hotel/angolo-di-paradiso-altissimo
info@capanisacco.com%20,B&B Ca' Panisacco,https://www.hotelsdrop.com/hotel/b-b-ca-panisacco-altissimo
info@casalloro.com,Casalloro,https://www.hotelsdrop.com/hotel/casalloro-altissimo
larindola@gmail.com,La Rindola,https://www.hotelsdrop.com/hotel/la-rindola-altissimo
info@lecameredimarietta.it,Le Camere di Marietta,https://www.hotelsdrop.com/hotel/le-camere-di-marietta-altissimo
info@algiorgione.it,Al Giorgione,https://www.hotelsdrop.com/hotel/al-giorgione-altivole
casa@agriturismozambon.it,ALLOGGIO AGRITURISTICO ZAMBON,https://www.hotelsdrop.com/hotel/alloggio-agrituristico-zambon-altivole
info@fara1911.com,Fara1911,https://www.hotelsdrop.com/hotel/fara1911-altivole
info@relaisvillaannamaria.com,Hotel Relais Villa Annamaria bed and breakfast,https://www.hotelsdrop.com/hotel/hotel-relais-villa-annamaria-bed-and-breakfast-altivole
info@meloinfiore.it,Terrazza San Vettore,https://www.hotelsdrop.com/hotel/terrazza-san-vettore-altivole
prenotazioni@dellangeloalbergo.it,Albergo dell'Angelo,https://www.hotelsdrop.com/hotel/albergo-dell-angelo-alto
info@payarin.it,Albergo Ristorante Payarin,https://www.hotelsdrop.com/hotel/albergo-ristorante-payarin-alto
info@antico-convento.it,Antico Convento,https://www.hotelsdrop.com/hotel/antico-convento-alto
rossociliegiabb@gmail.com,B&B Rossociliegia,https://www.hotelsdrop.com/hotel/b-b-rossociliegia-alto
info@hotelmomora.com,Hotel Momora,https://www.hotelsdrop.com/hotel/hotel-momora-alto
kalimerabardineto@tiscali.it,Kalimera,https://www.hotelsdrop.com/hotel/kalimera-alto
lafornacegaressio@gmail.com,La Fornace di Garessio,https://www.hotelsdrop.com/hotel/la-fornace-di-garessio-alto
nonnamelianasino@gmail.com,NonnAmelia,https://www.hotelsdrop.com/hotel/nonnamelia-alto
lapostagaggio@gmail.com,ANTICA LOCANDA LA POSTA,https://www.hotelsdrop.com/hotel/antica-locanda-la-posta-alto-reno-terme
boris.bragalli@gmail.com,B&B La Presa,https://www.hotelsdrop.com/hotel/b-b-la-presa-alto-reno-terme
info@cagennara.com,Cà Gennara Agri B&B,https://www.hotelsdrop.com/hotel/ca-gennara-agri-b-b-alto-reno-terme
info@ecochiocciola.com,Ecochiocciola,https://www.hotelsdrop.com/hotel/ecochiocciola-alto-reno-terme
ocagiulivabologna@gmail.com,L'OCA GIULIVA RELAIS,https://www.hotelsdrop.com/hotel/l-oca-giuliva-relais-alto-reno-terme
tagliaferrocamere@gmail.com,Affittacamere Tagliaferro,https://www.hotelsdrop.com/hotel/affittacamere-tagliaferro-alto-sermenza
hotelsignalmacugnaga@gmail.com,Hotel Signal,https://www.hotelsdrop.com/hotel/hotel-signal-alto-sermenza
rifugioalpenrose.gta@gmail.com,Rifugio Alpenrose,https://www.hotelsdrop.com/hotel/rifugio-alpenrose-alto-sermenza
info@pescatoripiode.eu,Ristorante Dei Pescatori,https://www.hotelsdrop.com/hotel/ristorante-dei-pescatori-alto-sermenza
info@abt-laura.it,ABT L'AURA,https://www.hotelsdrop.com/hotel/abt-l-aura-altofonte
bbcasarossa@bbcasarossa.com,B&b Casa Rossa di Matri srl,https://www.hotelsdrop.com/hotel/b-b-casa-rossa-di-matri-srl-altofonte
info@locandareruggero.it,B&B Monreale Locanda Re Ruggero,https://www.hotelsdrop.com/hotel/b-b-monreale-locanda-re-ruggero-altofonte
reception@hotelpalazzosalerno.it,Hotel Palazzo Salerno,https://www.hotelsdrop.com/hotel/hotel-palazzo-salerno-altomonte
lemimosebeb@gmail.com,Le Mimose B&B,https://www.hotelsdrop.com/hotel/le-mimose-b-b-altomonte
info@villamonica.net,Agriturismo Villa Monica,https://www.hotelsdrop.com/hotel/agriturismo-villa-monica-altopascio
altopasciobb@gmail.com,La porta di San Rocco,https://www.hotelsdrop.com/hotel/la-porta-di-san-rocco-altopascio
sibollaholidays@gmail.com,Sibolla Holidays,https://www.hotelsdrop.com/hotel/sibolla-holidays-altopascio
info@agriturlasabbionara.com,Agritur La Sabbionara,https://www.hotelsdrop.com/hotel/agritur-la-sabbionara-altopiano-della-vigolana
info@agritur16.it,AGRITUR SEDICI - Bed and Breakfast,https://www.hotelsdrop.com/hotel/agritur-sedici-bed-and-breakfast-altopiano-della-vigolana
agrinonna@gmail.com,Azienda agricola e agritur Maso Flonkeri,https://www.hotelsdrop.com/hotel/azienda-agricola-e-agritur-maso-flonkeri-altopiano-della-vigolana
info@berryhouse.it,Berry House,https://www.hotelsdrop.com/hotel/berry-house-altopiano-della-vigolana
info@lacortedisanrocco.com,La Corte di San Rocco,https://www.hotelsdrop.com/hotel/la-corte-di-san-rocco-altopiano-della-vigolana
info@sanmarco-agriturismo.it,Agriturismo San Marco,https://www.hotelsdrop.com/hotel/agriturismo-san-marco-alvignano
info@mulinobencivenga.it,Mulino Bencivenga,https://www.hotelsdrop.com/hotel/mulino-bencivenga-alvignano
villafalcone8@gmail.com,Villa Falcone B&B,https://www.hotelsdrop.com/hotel/villa-falcone-b-b-alvignano
info@villaortensia.it,Villa Ortensia D'Avalos,https://www.hotelsdrop.com/hotel/villa-ortensia-d-avalos-alvignano
info@acasadialvito.it,“A casa di” bed and breakfast,https://www.hotelsdrop.com/hotel/a-casa-di-bed-and-breakfast-alvito
realestate.dinamica@gmail.com,Accogliente Dimora nel Centro Storico di Alvito Dinamica Real Estate,https://www.hotelsdrop.com/hotel/accogliente-dimora-nel-centro-storico-di-alvito-alvito
casalcominium@gmail.com,B&B Casal Cominium,https://www.hotelsdrop.com/hotel/b-b-casal-cominium-alvito
info@iltiglioalvito.it,Il Tiglio,https://www.hotelsdrop.com/hotel/il-tiglio-alvito
italyfarmstay@gmail.com,Italy Farm Stay,https://www.hotelsdrop.com/hotel/italy-farm-stay-alvito
info@collebuono.it,Relais Colle Buono,https://www.hotelsdrop.com/hotel/relais-colle-buono-alvito
info@csorsamaggiore.com,Rifugio Orsa Maggiore,https://www.hotelsdrop.com/hotel/rifugio-orsa-maggiore-alvito
info@tenutadeldaino.it,Tenuta Del Daino,https://www.hotelsdrop.com/hotel/tenuta-del-daino-alvito
lasogliadelparco@gmail.com,Agriturismo La soglia del parco,https://www.hotelsdrop.com/hotel/agriturismo-la-soglia-del-parco-alzano-lombardo
info@bbalgrattacielo.it,B&B Al Grattacielo,https://www.hotelsdrop.com/hotel/b-b-al-grattacielo-alzano-lombardo
info@hotelmarcellino.it,Hotel Ristorante Marcellino,https://www.hotelsdrop.com/hotel/hotel-ristorante-marcellino-alzano-lombardo
info@relaisvillacarrara.it,Relais Villa Carrara | Bed & Breakfast in provincia di Bergamo,https://www.hotelsdrop.com/hotel/relais-villa-carrara-bed-breakfast-in-provincia-alzano-lombardo
info@sanvalentinohotel.it,San Valentino Hotel,https://www.hotelsdrop.com/hotel/san-valentino-hotel-alzano-lombardo
info@elleborobeb.it,Elleboro B&B,https://www.hotelsdrop.com/hotel/elleboro-b-b-alzate-brianza
info@mioe.it,Affittacamere MIOE,https://www.hotelsdrop.com/hotel/affittacamere-mioe-al
innpugliaguesthouse@gmail.com,Inn Puglia Guest House,https://www.hotelsdrop.com/hotel/inn-puglia-guest-house-al
info@trulliestelle.it,Masseria Trulli&Stelle Bed & Breakfast,https://www.hotelsdrop.com/hotel/masseria-trulli-stelle-bed-breakfast-al
info@murrluxuryrooms.com,Murr Luxury Rooms,https://www.hotelsdrop.com/hotel/murr-luxury-rooms-al
viadelmarebeb@gmail.com,Via del Mare Apulia B&B Spa Suite,https://www.hotelsdrop.com/hotel/via-del-mare-apulia-b-b-spa-suite-al
info@103stintino.com,103 Boutique Hotel Stintino,https://www.hotelsdrop.com/hotel/103-boutique-hotel-stintino-al-dei-sardi
info@laciaccia.it,Hotel La Ciaccia,https://www.hotelsdrop.com/hotel/hotel-la-ciaccia-al-dei-sardi
sard.sassari@gmail.com,S'ARD Guest House Sassari,https://www.hotelsdrop.com/hotel/s-ard-guest-house-sassari-al-dei-sardi
info@beblagattabianca.it,B&B La Gatta Bianca,https://www.hotelsdrop.com/hotel/b-b-la-gatta-bianca-al-terme
bbtorreforte@bbtorreforte.com,B&B Torreforte,https://www.hotelsdrop.com/hotel/b-b-torreforte-al-terme
baariahousehotel@gmail.com,BAARIA House Hotel,https://www.hotelsdrop.com/hotel/baaria-house-hotel-al-terme
bbsciroccohouse@gmail.com,Scirocco House,https://www.hotelsdrop.com/hotel/scirocco-house-al-terme
info@amalfiholidayresort.it,Amalfi Resort,https://www.hotelsdrop.com/hotel/amalfi-resort-amalfi
info@bebamalficoast.it,B&B Amalfi Coast - Salerno,https://www.hotelsdrop.com/hotel/b-b-amalfi-coast-salerno-amalfi
info@ercolediamalfi.it,Bed & Breakfast Ercole di Amalfi,https://www.hotelsdrop.com/hotel/bed-breakfast-ercole-di-amalfi-amalfi
info@dint-a-torre.com,Dint' a Torre Bed & Breakfast,https://www.hotelsdrop.com/hotel/dint-a-torre-bed-breakfast-amalfi
info@villaparadiseamalfi.it,Villa Paradise Amalfi Coast,https://www.hotelsdrop.com/hotel/villa-paradise-amalfi-coast-amalfi
vistadamalfi@gmail.com,Vista d’ Amalfi,https://www.hotelsdrop.com/hotel/vista-d-amalfi-amalfi
anticomulinodeisibillini@gmail.com,Agriturismo Antico Mulino dei Sibillini,https://www.hotelsdrop.com/hotel/agriturismo-antico-mulino-dei-sibillini-amandola
parco@sibillini.net,Area Sosta Camper Sibillini,https://www.hotelsdrop.com/hotel/area-sosta-camper-sibillini-amandola
info@borgofortino.it,B&B Borgofortino,https://www.hotelsdrop.com/hotel/b-b-borgofortino-amandola
info@lamelarosa.it,La Mela Rosa,https://www.hotelsdrop.com/hotel/la-mela-rosa-amandola
info@laperlaamantea.it,La Perla Amantea - Rooms & Apartaments,https://www.hotelsdrop.com/hotel/la-perla-amantea-rooms-apartaments-amantea
info@comunerustico.it,Comune Rustico Sport Hotel,https://www.hotelsdrop.com/hotel/comune-rustico-sport-hotel-amaro
info@borgopiazza.it,Agriturismo Borgo Piazza | Ristorante - Fattoria Didattica,https://www.hotelsdrop.com/hotel/agriturismo-borgo-piazza-ristorante-fattoria-did-amaroni
agriturismocostantino@gmail.com,Agriturismo Costantino,https://www.hotelsdrop.com/hotel/agriturismo-costantino-amaroni
info@poderepansera.com,Agriturismo Podere Pansera,https://www.hotelsdrop.com/hotel/agriturismo-podere-pansera-amaroni
domusbbweb@gmail.com,Domus b&b,https://www.hotelsdrop.com/hotel/domus-b-b-amaroni
info@lvresidence.com,LVRESIDENCE,https://www.hotelsdrop.com/hotel/lvresidence-amaroni
info@sanmichelegermaneto.it,San Michele Apartments - B&B - Hotel- Residence con ristorante convenzionato,https://www.hotelsdrop.com/hotel/san-michele-apartments-b-b-hotel-residence-con-r-amaroni
scrivi@bebdagabry.it,"B&B ""Da Gabry""",https://www.hotelsdrop.com/hotel/b-b-da-gabry-amaseno
info@lacasadinonnatella.it,B&B La Casa Di Nonna Tella CIN: IT059012C1D4NCDPEV,https://www.hotelsdrop.com/hotel/b-b-la-casa-di-nonna-tella-cin-it059012c1d4ncdpe-amaseno
info@beboropuro.it,B&B Oro Puro,https://www.hotelsdrop.com/hotel/b-b-oro-puro-amaseno
yourclaudio@tiscali.it,B&B Solerosa,https://www.hotelsdrop.com/hotel/b-b-solerosa-amaseno
hotelvillasrl@gmail.com,"Hotel ""La Villa""",https://www.hotelsdrop.com/hotel/hotel-la-villa-amaseno
domenica.destefano@pec.agritel.it,La Tenuta di Trimalcione,https://www.hotelsdrop.com/hotel/la-tenuta-di-trimalcione-amaseno
rominagu79@gmail.com,Petalo Rosso,https://www.hotelsdrop.com/hotel/petalo-rosso-amaseno
info@lacasadiely.it,B&B La casa di Ely,https://www.hotelsdrop.com/hotel/b-b-la-casa-di-ely-amato
info@albergodiffusoamatrice.it,Albergo Diffuso Amatrice,https://www.hotelsdrop.com/hotel/albergo-diffuso-amatrice-amatrice
info@palazzosassatelli.it,Bed & Breakfast Palazzo Sassatelli,https://www.hotelsdrop.com/hotel/bed-breakfast-palazzo-sassatelli-amatrice
agriturismo@agribelvedere.it,Agriturismo Il Belvedere,https://www.hotelsdrop.com/hotel/agriturismo-il-belvedere-ambivere
info@al-colle.it,Al-Colle,https://www.hotelsdrop.com/hotel/al-colle-ambivere
info@binariomagicpub.it,Binario Magic Hotel,https://www.hotelsdrop.com/hotel/binario-magic-hotel-ambivere
bebdon@alice.it,B&B Claudia,https://www.hotelsdrop.com/hotel/b-b-claudia-amblar-don
605a7baede844d278b89dc95ae0a9123@sentry-next.wixpress.com,B&B Lupo,https://www.hotelsdrop.com/hotel/b-b-lupo-amblar-don
info@lecameredigio.it,Le Camere di Giò,https://www.hotelsdrop.com/hotel/le-camere-di-gio-ameglia
lesirene.tellaro@libero.it,Le Sirene,https://www.hotelsdrop.com/hotel/le-sirene-ameglia
unangeloallamiatavola1@gmail.com,Un Angelo Alla Mia Tavola,https://www.hotelsdrop.com/hotel/un-angelo-alla-mia-tavola-ameglia
saragiardini6@gmail.com,AFFITTACAMERE B&B NONNA ANITA,https://www.hotelsdrop.com/hotel/affittacamere-b-b-nonna-anita-amelia
marina.iuliano@libero.it,Agriturismo Marinella,https://www.hotelsdrop.com/hotel/agriturismo-marinella-amelia
casaleviridi@gmail.com,Casale Viridi,https://www.hotelsdrop.com/hotel/casale-viridi-amelia
lamagnoliabassano@gmail.com,Villa Magnolia,https://www.hotelsdrop.com/hotel/villa-magnolia-amelia
info@lapiazzettaroseto.it,B&B La Piazzetta,https://www.hotelsdrop.com/hotel/b-b-la-piazzetta-amendolara
info@bebrosetomare.it,B&B Roseto Mare,https://www.hotelsdrop.com/hotel/b-b-roseto-mare-amendolara
salvogermi@gmail.com,La dimora di Poseidone,https://www.hotelsdrop.com/hotel/la-dimora-di-poseidone-amendolara
agriturismolalista@gmail.com,Villaggio calabria agriturismo La Lista,https://www.hotelsdrop.com/hotel/villaggio-calabria-agriturismo-la-lista-amendolara
il_giardino_sul_lago@libero.it,B&B Il giardino sul lago,https://www.hotelsdrop.com/hotel/b-b-il-giardino-sul-lago-ameno
lavandaerosmarino@virgilio.it,B&B Lavanda e Rosmarino,https://www.hotelsdrop.com/hotel/b-b-lavanda-e-rosmarino-ameno
info@campingpuntacrabbia.it,Campeggio Punta di Crabbia,https://www.hotelsdrop.com/hotel/campeggio-punta-di-crabbia-ameno
info@hotelsanrocco.it,Hotel San Rocco,https://www.hotelsdrop.com/hotel/hotel-san-rocco-ameno
info@oasiamena.com,L'Oasi Amena,https://www.hotelsdrop.com/hotel/l-oasi-amena-ameno
info@ladarbia.com,La Darbia Resort,https://www.hotelsdrop.com/hotel/la-darbia-resort-ameno
ostellodelquadrifoglio@gmail.com,Ostello del Quadrifoglio by Le Pigne World,https://www.hotelsdrop.com/hotel/ostello-del-quadrifoglio-by-le-pigne-world-ameno
info@anticacolonia.com,Villa Antica Colonia Spa&Wellness,https://www.hotelsdrop.com/hotel/villa-antica-colonia-spa-wellness-ameno
info@corteciervo.it\&quot;,Agriturismo e Azienda Agricola Corte Ciervo,https://www.hotelsdrop.com/hotel/agriturismo-e-azienda-agricola-corte-ciervo-amorosi
info@amnesiaexperience.it,Choco B&B - Amnesia Experience,https://www.hotelsdrop.com/hotel/choco-b-b-amnesia-experience-amorosi
info@dimorarosae.it,Dimora Rosae B&B,https://www.hotelsdrop.com/hotel/dimora-rosae-b-b-amorosi
nerium.dl@gmail.com,Nerium house,https://www.hotelsdrop.com/hotel/nerium-house-amorosi
bikebikersinfo@gmail.com,BIKE & BIKERS HOTEL RESTAURANT,https://www.hotelsdrop.com/hotel/bike-bikers-hotel-restaurant-ampezzo
info@rifugiotitapiaz.com%20,Rifugio Tita Piaz / Perkhhite Tita Piaz,https://www.hotelsdrop.com/hotel/rifugio-tita-piaz-perkhhite-tita-piaz-ampezzo
minucciolacapri@gmail.com,La Minucciola,https://www.hotelsdrop.com/hotel/la-minucciola-anacapri
info@laromantique.it,La Romantique Anacapri,https://www.hotelsdrop.com/hotel/la-romantique-anacapri-anacapri
villamimosacapri@gmail.com,Villa Mimosa Anacapri,https://www.hotelsdrop.com/hotel/villa-mimosa-anacapri-anacapri
info@agriturismovico.it,Agriturismo Giudici - Tenuta Vico Moricino,https://www.hotelsdrop.com/hotel/agriturismo-giudici-tenuta-vico-moricino-anagni
anticadimoraciprani@gmail.com,Antica Dimora Palazzo Ciprani,https://www.hotelsdrop.com/hotel/antica-dimora-palazzo-ciprani-anagni
il-viaggiatore@hotmail.it,Il Viaggiatore,https://www.hotelsdrop.com/hotel/il-viaggiatore-anagni
laterrazza.anagni@gmail.com,La terrazza Anagni,https://www.hotelsdrop.com/hotel/la-terrazza-anagni-anagni
info.lestanzedelduomo@gmail.com,Le Stanze del Duomo,https://www.hotelsdrop.com/hotel/le-stanze-del-duomo-anagni
gettodelpeso34@gmail.com,B&B Alveare di Rita,https://www.hotelsdrop.com/hotel/b-b-alveare-di-rita-ancarano
countryhouseandromeda@gmail.com,Country House Andromeda,https://www.hotelsdrop.com/hotel/country-house-andromeda-ancarano
info@villayucca.it,Villa Yucca - B&B and Glamping,https://www.hotelsdrop.com/hotel/villa-yucca-b-b-and-glamping-ancarano
villanovecentobb@gmail.com,Villa9cento,https://www.hotelsdrop.com/hotel/villa9cento-ancarano
info@ankonhotel.com,Hotel Ankon,https://www.hotelsdrop.com/hotel/hotel-ankon-ancona
info@bebcassiodoro.com,Cassiodoro Rooms Affittacamere,https://www.hotelsdrop.com/hotel/cassiodoro-rooms-affittacamere-andali
info@hotelondableu.it,Hotel Onda Bleu,https://www.hotelsdrop.com/hotel/hotel-onda-bleu-andali
prenotazioni@hotellorizzonte.it,Hotel Ristorante L'Orizzonte,https://www.hotelsdrop.com/hotel/hotel-ristorante-l-orizzonte-andali
sand.hotel@outlook.it,Sandhotel via De Gasperi Botricello,https://www.hotelsdrop.com/hotel/sandhotel-via-de-gasperi-botricello-andali
ca.info.elsa@gmail.com,Cà Elsa B&B,https://www.hotelsdrop.com/hotel/ca-elsa-b-b-andalo-valtellino
info@hoteldelmera.com,Hotel del Mera,https://www.hotelsdrop.com/hotel/hotel-del-mera-andalo-valtellino
prenotazioni.florario@gmail.com,Agriturismo del Florario,https://www.hotelsdrop.com/hotel/agriturismo-del-florario-andezeno
info@cicoemamasita.com,Cico e Mamasita,https://www.hotelsdrop.com/hotel/cico-e-mamasita-andezeno
prenotazioni@hotelcascinasperanza.com,Hotel Cascina Speranza,https://www.hotelsdrop.com/hotel/hotel-cascina-speranza-andezeno
sara@puntodivista-bb.com,PUNTO DI VISTA - Bed and Breakfast,https://www.hotelsdrop.com/hotel/punto-di-vista-bed-and-breakfast-andezeno
info@rosatea-bedandbreakfast.it,Rosatea B&B,https://www.hotelsdrop.com/hotel/rosatea-b-b-andezeno
domus.serena@libero.it,Agriturismo Domus Serena,https://www.hotelsdrop.com/hotel/agriturismo-domus-serena-andora
info@andoramare.it,B&B Andoramare,https://www.hotelsdrop.com/hotel/b-b-andoramare-andora
villacorsinilaigueglia@hotmail.com,B&B Villa Corsini,https://www.hotelsdrop.com/hotel/b-b-villa-corsini-andora
info@dachifarm.it,Dachi casa vacanze,https://www.hotelsdrop.com/hotel/dachi-casa-vacanze-andora
roomandbreakfast@gliuliviandora.it,Gli Ulivi Rooms and Breakfast,https://www.hotelsdrop.com/hotel/gli-ulivi-rooms-and-breakfast-andora
info@borgocadelbecca.it,Agriturismo Borgo Cà del Becca,https://www.hotelsdrop.com/hotel/agriturismo-borgo-ca-del-becca-andorno-micca
info@agriturismolafucina.it,Agriturismo La Fucina,https://www.hotelsdrop.com/hotel/agriturismo-la-fucina-andorno-micca
domenico.conti.65@gmail.com,B&B Villa Maria,https://www.hotelsdrop.com/hotel/b-b-villa-maria-andorno-micca
info@cascinaserrabedandbreakfast.it,Cascina Serra Bed & Breakfast eco-house,https://www.hotelsdrop.com/hotel/cascina-serra-bed-breakfast-eco-house-andorno-micca
info@iltalucco.com,Il Talucco: Bed & Breakfast,https://www.hotelsdrop.com/hotel/il-talucco-bed-breakfast-andorno-micca
info@guesthouselanuvola.it,La Nuvola,https://www.hotelsdrop.com/hotel/la-nuvola-andorno-micca
chiaramartcm@libero.it,Le Terrazze Di Tavigliano,https://www.hotelsdrop.com/hotel/le-terrazze-di-tavigliano-andorno-micca
villa.bernardino.galliari@gmail.com,Villa Bernardino Galliari,https://www.hotelsdrop.com/hotel/villa-bernardino-galliari-andorno-micca
info@aiadisangiorgio.it,Aia di San Giorgio,https://www.hotelsdrop.com/hotel/aia-di-san-giorgio-andrano
bebbellavista@gmail.com,Bellavista B&B Castro (le),https://www.hotelsdrop.com/hotel/bellavista-b-b-castro-le-andrano
campurra.marittima@tiscali.it,CAMPURRA affittacamere,https://www.hotelsdrop.com/hotel/campurra-affittacamere-andrano
info@casaleeliados.it,Eliados Casa Vacanze,https://www.hotelsdrop.com/hotel/eliados-casa-vacanze-andrano
labalaustra@tiscali.it,La Balaustra B&B,https://www.hotelsdrop.com/hotel/la-balaustra-b-b-andrano
info@petrasudestcharme.it,PETRA. Charme a sud est,https://www.hotelsdrop.com/hotel/petra-charme-a-sud-est-andrano
mariavittoria.cozza@pec.it,Vignali Residence,https://www.hotelsdrop.com/hotel/vignali-residence-andrano
donatadeluca@virgilio.it,Vignavecchia,https://www.hotelsdrop.com/hotel/vignavecchia-andrano
maurizio@brunod.com,B&B Cascina Brunod,https://www.hotelsdrop.com/hotel/b-b-cascina-brunod-andrate
info@alberomaestro.it,B&B L'Albero Maestro,https://www.hotelsdrop.com/hotel/b-b-l-albero-maestro-andrate
info@cucinanatura.it\&quot;&gt;&lt;button,B&B La Coccinella - Ecologico e Biologico CIN: IT096028C1LO23OMD8,https://www.hotelsdrop.com/hotel/b-b-la-coccinella-ecologico-e-biologico-cin-it09-andrate
info@villatavallini.it,B&B Villa Tavallini Biella,https://www.hotelsdrop.com/hotel/b-b-villa-tavallini-biella-andrate
moreno.nico@gmail.com,L'Ospitalità del Castello,https://www.hotelsdrop.com/hotel/l-ospitalita-del-castello-andrate
info@lalocandadeigatti.it,La Locanda dei Gatti,https://www.hotelsdrop.com/hotel/la-locanda-dei-gatti-andrate
info@ostelloivrea.it,Ostello del Canoa - Acquapiatta,https://www.hotelsdrop.com/hotel/ostello-del-canoa-acquapiatta-andrate
info@relaisdelbrigante.com,Relais del Brigante,https://www.hotelsdrop.com/hotel/relais-del-brigante-andrate
bb.dacorona99@gmail.com,B&B il Gufo,https://www.hotelsdrop.com/hotel/b-b-il-gufo-andreis
info@ruralis.com,"Agriturismo ""A un tiro di schioppo""",https://www.hotelsdrop.com/hotel/agriturismo-a-un-tiro-di-schioppo-andretta
agriturismocaperroni@gmail.com,Agriturismo Caperroni,https://www.hotelsdrop.com/hotel/agriturismo-caperroni-andretta
info@iltritonebeb.com,B&B Il Tritone,https://www.hotelsdrop.com/hotel/b-b-il-tritone-andretta
info@domusromulea.it,Domus Romulea Albergo Locanda,https://www.hotelsdrop.com/hotel/domus-romulea-albergo-locanda-andretta
vicolo72.calitri@gmail.com,Vicolo72,https://www.hotelsdrop.com/hotel/vicolo72-andretta
allogginovilunio@gmail.com,B&B Novilunio,https://www.hotelsdrop.com/hotel/b-b-novilunio-andria
info@bbpalazzoducale.it,B&B Palazzo Ducale,https://www.hotelsdrop.com/hotel/b-b-palazzo-ducale-andria
info@borgomurgia.it,Borgomurgia,https://www.hotelsdrop.com/hotel/borgomurgia-andria
rooms@clubsessantaquattro.com,Club 64 Bed & Breakfast,https://www.hotelsdrop.com/hotel/club-64-bed-breakfast-andria
info@santamariavetere.it,Santa Maria Vetere,https://www.hotelsdrop.com/hotel/santa-maria-vetere-andria
info@trescharme.it,Trèscharme,https://www.hotelsdrop.com/hotel/trescharme-andria
lamadonnina@tiscali.it,Albergo La Madonnina,https://www.hotelsdrop.com/hotel/albergo-la-madonnina-anela
cossumonicapierina@gmail.com,Domos Antigas,https://www.hotelsdrop.com/hotel/domos-antigas-anela
info@letrerose.it,Hotel Ristorante Le Tre Rose,https://www.hotelsdrop.com/hotel/hotel-ristorante-le-tre-rose-anela
hotellapineta@gmail.com,Ristorante Hotel La Pineta,https://www.hotelsdrop.com/hotel/ristorante-hotel-la-pineta-anela
info@sanctuaryarmony.com,Sanctuary Armony,https://www.hotelsdrop.com/hotel/sanctuary-armony-anela
info@locandaampola.it,Albergo Ampola,https://www.hotelsdrop.com/hotel/albergo-ampola-anfo
info@hotelbonardi.it,Hotel Bonardi,https://www.hotelsdrop.com/hotel/hotel-bonardi-anfo
office@cascinacanee.com,Cascina Canée,https://www.hotelsdrop.com/hotel/cascina-canee-angera
info@littlesquarearona.com,Little Square Arona,https://www.hotelsdrop.com/hotel/little-square-arona-angera
info@cascinacampaccio.it,Relais Cascina al Campaccio,https://www.hotelsdrop.com/hotel/relais-cascina-al-campaccio-angera
terredianghiari@gmail.com,Agriturismo Terre di Anghiari,https://www.hotelsdrop.com/hotel/agriturismo-terre-di-anghiari-anghiari
info@anticadimoradelpellegrino.com,Antica Dimora del Pellegrino,https://www.hotelsdrop.com/hotel/antica-dimora-del-pellegrino-anghiari
info@vignadelpoggio.com,B&B Vigna del Poggio,https://www.hotelsdrop.com/hotel/b-b-vigna-del-poggio-anghiari
info@locandadelviandante.com,Bed & Breakfast Locanda del Viandante,https://www.hotelsdrop.com/hotel/bed-breakfast-locanda-del-viandante-anghiari
anghiari2016@yahoo.com,Casa vacanze Il Nido sulla Ruga,https://www.hotelsdrop.com/hotel/casa-vacanze-il-nido-sulla-ruga-anghiari
info@ilgiardinonascosto.com,Il Giardino Nascosto Affittacamere,https://www.hotelsdrop.com/hotel/il-giardino-nascosto-affittacamere-anghiari
info@cortesantomaso.it,B&B Corte San Tomaso,https://www.hotelsdrop.com/hotel/b-b-corte-san-tomaso-angiari
info@corteramedello.it,Corte Ramedello,https://www.hotelsdrop.com/hotel/corte-ramedello-angiari
hotelmilano1925@gmail.com,Hotel Milano,https://www.hotelsdrop.com/hotel/hotel-milano-angiari
info@impresacozyhome.eu,Soave Country House,https://www.hotelsdrop.com/hotel/soave-country-house-angiari
info@bramaverona.it,Villa Brama,https://www.hotelsdrop.com/hotel/villa-brama-angiari
info@lefrise.it,Agriturismo Le Frise,https://www.hotelsdrop.com/hotel/agriturismo-le-frise-angolo-terme
info@agriturismoserec.it,Agriturismo Serec | Ristorante e B&B,https://www.hotelsdrop.com/hotel/agriturismo-serec-ristorante-e-b-b-angolo-terme
info@casamarinoangri.com,Casa Marino Angri,https://www.hotelsdrop.com/hotel/casa-marino-angri-angri
bbcoasttocoast@libero.it,COAST TO COAST ROOMS And POOL,https://www.hotelsdrop.com/hotel/coast-to-coast-rooms-and-pool-angri
domusmonasteire@gmail.com,Domus Monasteire - B&B Guesthouse,https://www.hotelsdrop.com/hotel/domus-monasteire-b-b-guesthouse-angri
info@villaante.com,Villa Ante b&b,https://www.hotelsdrop.com/hotel/villa-ante-b-b-angri
info@blulavanda.net,B&B Blu Lavanda,https://www.hotelsdrop.com/hotel/b-b-blu-lavanda-angrogna
bb.ilgirasole@virgilio.it,B&B Il Girasole,https://www.hotelsdrop.com/hotel/b-b-il-girasole-angrogna
support@centralstay.eu,Cascina la Demilana,https://www.hotelsdrop.com/hotel/cascina-la-demilana-angrogna
info@casapayer.it,Country house Casa Payer,https://www.hotelsdrop.com/hotel/country-house-casa-payer-angrogna
locanda@locandailpomodoro.it,Locanda il Pomo d'Oro - Ristorante & Pizza,https://www.hotelsdrop.com/hotel/locanda-il-pomo-d-oro-ristorante-pizza-angrogna
info@agriturismozugarelli.it,Agriturismo Zugarelli,https://www.hotelsdrop.com/hotel/agriturismo-zugarelli-anguillara-sabazia
pescatori@gmail.com,B&B al Vicolo dei Pescatori,https://www.hotelsdrop.com/hotel/b-b-al-vicolo-dei-pescatori-anguillara-sabazia
bb.lacannella@gmail.com,La Cannella,https://www.hotelsdrop.com/hotel/la-cannella-anguillara-sabazia
info@auradimore.it,Aura Dimore ad Arquà Petrarca,https://www.hotelsdrop.com/hotel/aura-dimore-ad-arqua-petrarca-anguillara-veneta
info@campofiore.eu,Country House Campofiore,https://www.hotelsdrop.com/hotel/country-house-campofiore-anguillara-veneta
fuoricitta.bego@gmail.com,Hotel Fuori Città,https://www.hotelsdrop.com/hotel/hotel-fuori-citta-anguillara-veneta
info@quovadisbeb.com,Quo Vadis Qui Vieni,https://www.hotelsdrop.com/hotel/quo-vadis-qui-vieni-anguillara-veneta
info@armoniedellago.it,B&B Armonie del Lago,https://www.hotelsdrop.com/hotel/b-b-armonie-del-lago-annone-di-brianza
info@agriturismoquadrifogliorelax.com,Agriturismo Quadrifoglio Relax,https://www.hotelsdrop.com/hotel/agriturismo-quadrifoglio-relax-annone-veneto
info@borgostalis.com,Borgo Stalis Resort,https://www.hotelsdrop.com/hotel/borgo-stalis-resort-annone-veneto
http://francesco_caruso@libero.it,B&B Bed and breakfast Campo Sportivo,https://www.hotelsdrop.com/hotel/b-b-bed-and-breakfast-campo-sportivo-anoia
info@lavilla.academy,B&B La Villa Cittanova,https://www.hotelsdrop.com/hotel/b-b-la-villa-cittanova-anoia
info@elpidios.it,Elpidios Galatro Terme,https://www.hotelsdrop.com/hotel/elpidios-galatro-terme-anoia
info@laportadelsole.it,Hotel & Village La Porta Del Sole,https://www.hotelsdrop.com/hotel/hotel-village-la-porta-del-sole-anoia
insonnyroom@hotmail.com,Insonnyroom B&B,https://www.hotelsdrop.com/hotel/insonnyroom-b-b-anoia
mura17beb@gmail.com,mura 17 bed & breakfast,https://www.hotelsdrop.com/hotel/mura-17-bed-breakfast-anoia
giulyshome25@gmail.com,Giuly’s Home,https://www.hotelsdrop.com/hotel/giuly-s-home-antegnate
info@laresidenzadelviale.it,La Residenza del Viale - Affittacamere,https://www.hotelsdrop.com/hotel/la-residenza-del-viale-affittacamere-antegnate
info@perettihotels.com,Affittacamere Garden Cavalese,https://www.hotelsdrop.com/hotel/affittacamere-garden-cavalese-anterivo-altrei
masoschneider@gmail.com,Agriturismo Maso Schneider,https://www.hotelsdrop.com/hotel/agriturismo-maso-schneider-anterivo-altrei
info@bebnonnarosa.com,B&B nonna Rosa vista Lagorai,https://www.hotelsdrop.com/hotel/b-b-nonna-rosa-vista-lagorai-anterivo-altrei
info@loverdze.com,Affittacamere Lo verdze,https://www.hotelsdrop.com/hotel/affittacamere-lo-verdze-antey-saint-andr
info@aujardinfleuri.it,Agriturismo Au Jardin Fleuri,https://www.hotelsdrop.com/hotel/agriturismo-au-jardin-fleuri-antey-saint-andr
alexistomaselli@gmail.com,Agriturismo La Clochette - dormire a Torgnon,https://www.hotelsdrop.com/hotel/agriturismo-la-clochette-dormire-a-torgnon-antey-saint-andr
booking@hotel-du-soleil.it,Hotel du Soleil,https://www.hotelsdrop.com/hotel/hotel-du-soleil-antey-saint-andr
info@lobarba.it,Lo Barba,https://www.hotelsdrop.com/hotel/lo-barba-antey-saint-andr
info@maisondutata.it,Maison du Tatà,https://www.hotelsdrop.com/hotel/maison-du-tata-antey-saint-andr
agriquartuccio@gmail.com,AgriQuartuccio b&b/Piscina salata,https://www.hotelsdrop.com/hotel/agriquartuccio-b-b-piscina-salata-anticoli-corrado
custer@libero.it,Al Seminario,https://www.hotelsdrop.com/hotel/al-seminario-anticoli-corrado
lagiada@bbtivoli.com,La Giada,https://www.hotelsdrop.com/hotel/la-giada-anticoli-corrado
levilletivoli@gmail.com,"Le Ville Tivoli - Suites, Gregoriana, Vesta Alloggio Turistico",https://www.hotelsdrop.com/hotel/le-ville-tivoli-suites-gregoriana-vesta-alloggio-anticoli-corrado
agriturismoilfra@gmail.com,Agriturismo IL FRA',https://www.hotelsdrop.com/hotel/agriturismo-il-fra-antignano
lanticotralcio@gmail.com,Antico Tralcio Bed and Breakfast e Home Restaurant,https://www.hotelsdrop.com/hotel/antico-tralcio-bed-and-breakfast-e-home-restaura-antignano
info@agriturismocanadin.it,Ca' Nadin,https://www.hotelsdrop.com/hotel/ca-nadin-antignano
info@lacascinadelcastello.it,La Cascina del Castello,https://www.hotelsdrop.com/hotel/la-cascina-del-castello-antignano
relax@agrirelaxlagranda.it,La Granda agrirelax,https://www.hotelsdrop.com/hotel/la-granda-agrirelax-antignano
info@bedandbreakfastlavalle.asti.it,La Valle Bed and breakfast Asti,https://www.hotelsdrop.com/hotel/la-valle-bed-and-breakfast-asti-antignano
info@moonfra.it,Moonfrà,https://www.hotelsdrop.com/hotel/moonfra-antignano
info@wellhomeasti.it,WellHome Asti,https://www.hotelsdrop.com/hotel/wellhome-asti-antignano
info@bbquattrotorri.com,B&B Quattro Torri,https://www.hotelsdrop.com/hotel/b-b-quattro-torri-antillo
carmelonaselli@gmail.com,Camere Santa Margherita,https://www.hotelsdrop.com/hotel/camere-santa-margherita-antillo
info@ilbelvederevillabnb.it,Il Belvedere,https://www.hotelsdrop.com/hotel/il-belvedere-antillo
verdelloh@gmail.com,VERDELLO HOME SAVOCA,https://www.hotelsdrop.com/hotel/verdello-home-savoca-antillo
info@baronemacri.it,Barone G. R. Macrì,https://www.hotelsdrop.com/hotel/barone-g-r-macri-antonimina
geracebellavista@gmail.com,Bed And Breakfast Bellavista,https://www.hotelsdrop.com/hotel/bed-and-breakfast-bellavista-antonimina
info@magiadellaspromonte.com,Magia dell’Aspromonte,https://www.hotelsdrop.com/hotel/magia-dell-aspromonte-antonimina
info@visitantonimina.it,Visit.Antonimina | Affittacamere & Home,https://www.hotelsdrop.com/hotel/visit-antonimina-affittacamere-home-antonimina
giuseppe@agricupello.it,Agriturismo Cupello,https://www.hotelsdrop.com/hotel/agriturismo-cupello-antrodoco
contatti@lapalazzina.it,"Guest House La Palazzina a Rieti, zona Quattrostrade, vicino al Santuario della Foresta. Affitta camere confortevoli.",https://www.hotelsdrop.com/hotel/guest-house-la-palazzina-a-rieti-zona-quattrostr-antrodoco
info.archetto51@gmail.com,L'Archetto Apartment Rieti,https://www.hotelsdrop.com/hotel/l-archetto-apartment-rieti-antrodoco
lacasadellarocca@gmail.com,La Casa della Rocca,https://www.hotelsdrop.com/hotel/la-casa-della-rocca-antrodoco
ilcastagnoostello@gmail.com,Ostello Il Castagno,https://www.hotelsdrop.com/hotel/ostello-il-castagno-antrodoco
portaconcaapartments@gmail.com,Porta Conca Apartments,https://www.hotelsdrop.com/hotel/porta-conca-apartments-antrodoco
info@albergodacecilia.com,Albergo Ristorante Da Cecilia,https://www.hotelsdrop.com/hotel/albergo-ristorante-da-cecilia-antrona-schieranco
casquaroni@gmail.com,B&B Casa Quaroni,https://www.hotelsdrop.com/hotel/b-b-casa-quaroni-antrona-schieranco
info@hoteldufour.com,Hotel Dufour,https://www.hotelsdrop.com/hotel/hotel-dufour-antrona-schieranco
info@pacehotel.it,Hotel Pace,https://www.hotelsdrop.com/hotel/hotel-pace-antrona-schieranco
info@palazzo7.it,Palazzo 7,https://www.hotelsdrop.com/hotel/palazzo-7-antrona-schieranco
lamiacasadeinonni@gmail.com,B&B La Casa dei Nonni,https://www.hotelsdrop.com/hotel/b-b-la-casa-dei-nonni-anversa-degli-abruzzi
lanticoborgo2020@libero.it,L'Antico Borgo B&B,https://www.hotelsdrop.com/hotel/l-antico-borgo-b-b-anversa-degli-abruzzi
info@filippone.it,Ristorante Hotel Filippone,https://www.hotelsdrop.com/hotel/ristorante-hotel-filippone-anversa-degli-abruzzi
info@agriturismolacavallina.com,La Cavallina Azienda Agrituristica,https://www.hotelsdrop.com/hotel/la-cavallina-azienda-agrituristica-anzano-del-parco
info@trattorialascaletta.it,Ristorante La Scaletta Hotel,https://www.hotelsdrop.com/hotel/ristorante-la-scaletta-hotel-anzano-del-parco
info@agriturismolacerasola.it,Agriturismo La Cerasola - Masseria Grosso,https://www.hotelsdrop.com/hotel/agriturismo-la-cerasola-masseria-grosso-anzano-di-puglia
lanticaquerciahotel@gmail.com,L’Antica Quercia,https://www.hotelsdrop.com/hotel/l-antica-quercia-anzi
info@cavalieridoroanzio.it,Cavalieri D'Oro Luxury House ad Anzio,https://www.hotelsdrop.com/hotel/cavalieri-d-oro-luxury-house-ad-anzio-anzio
info@halex.it,Halex Room & Food,https://www.hotelsdrop.com/hotel/halex-room-food-anzio
info@resortlamagnolia.it,Resort la Magnolia,https://www.hotelsdrop.com/hotel/resort-la-magnolia-anzio
commerciale@casadellacapra.com,Casa della Capra,https://www.hotelsdrop.com/hotel/casa-della-capra-anzola-d-ossola
info@villachiovenda.it,VILLA CHIOVENDA Residenza d'Epoca,https://www.hotelsdrop.com/hotel/villa-chiovenda-residenza-d-epoca-anzola-d-ossola
support@centralstay.eu,Accogliente appartamento Anzola dell' emilia,https://www.hotelsdrop.com/hotel/accogliente-appartamento-anzola-dell-emilia-anzola-dell-emilia
support@centralstay.eu,carla's house,https://www.hotelsdrop.com/hotel/carla-s-house-anzola-dell-emilia
info@affittacamere-bologna.it,Emilia381 Suite,https://www.hotelsdrop.com/hotel/emilia381-suite-anzola-dell-emilia
teresazrt@gmail.com,La collinetta B&B,https://www.hotelsdrop.com/hotel/la-collinetta-b-b-anzola-dell-emilia
sanvincenzorooms@gmail.com,San Vincenzo Rooms,https://www.hotelsdrop.com/hotel/san-vincenzo-rooms-anzola-dell-emilia
info@santacaterinasuites.it,Santa Caterina 1604 Suites,https://www.hotelsdrop.com/hotel/santa-caterina-1604-suites-anzola-dell-emilia
info@bbambrosia.com,B&B Ambrosia,https://www.hotelsdrop.com/hotel/b-b-ambrosia-aosta
info@hotelmonemile.it,Mon Emile,https://www.hotelsdrop.com/hotel/mon-emile-aosta
info@agriturismocalicozzo.it,Agriturismo ca'Licozzo,https://www.hotelsdrop.com/hotel/agriturismo-ca-licozzo-apecchio
info@chignoni.it,Agriturismo Chignoni,https://www.hotelsdrop.com/hotel/agriturismo-chignoni-apecchio
info@fontesomma.it,Agriturismo Fontesomma,https://www.hotelsdrop.com/hotel/agriturismo-fontesomma-apecchio
agriturismopiandimolino.marche@gmail.com,Agriturismo Piandimolino,https://www.hotelsdrop.com/hotel/agriturismo-piandimolino-apecchio
info@casaleilsogno.nl,Casale il Sogno,https://www.hotelsdrop.com/hotel/casale-il-sogno-apecchio
info@casalelaspina.com,Casale La Spina,https://www.hotelsdrop.com/hotel/casale-la-spina-apecchio
info@castellodellapieve.it,Castello della Pieve,https://www.hotelsdrop.com/hotel/castello-della-pieve-apecchio
info@monteparadiso.net,Monte Paradiso Agriturismo,https://www.hotelsdrop.com/hotel/monte-paradiso-agriturismo-apecchio
info@palazzodonati.com,Palazzo Donati,https://www.hotelsdrop.com/hotel/palazzo-donati-apecchio
info@valguerriera.it,Relais Valguerriera,https://www.hotelsdrop.com/hotel/relais-valguerriera-apecchio
605a7baede844d278b89dc95ae0a9123@sentry-next.wixpress.com,"Agriturismo ""Al Castello del Principe""",https://www.hotelsdrop.com/hotel/agriturismo-al-castello-del-principe-apice
agriturismovillaluisa@gmail.com,Agriturismo Villa Luisa,https://www.hotelsdrop.com/hotel/agriturismo-villa-luisa-apice
info@artisticorelax.com,B&B Artistico Relax,https://www.hotelsdrop.com/hotel/b-b-artistico-relax-apice
relaisaeclanum@gmail.com,B&B Relais Aeclanum,https://www.hotelsdrop.com/hotel/b-b-relais-aeclanum-apice
bombrelais@gmail.com,Bombrelais,https://www.hotelsdrop.com/hotel/bombrelais-apice
amministrazione@boscolucarelli.it,Country Relais La Torretta Baronale,https://www.hotelsdrop.com/hotel/country-relais-la-torretta-baronale-apice
info@juliettejesi.com,Juliette Rooms Jesi affittacamere,https://www.hotelsdrop.com/hotel/juliette-rooms-jesi-affittacamere-apiro
trepassidallatorre@gmail.com,B&B Tre Passi dalla Torre,https://www.hotelsdrop.com/hotel/b-b-tre-passi-dalla-torre-apollosa
contact@globostay.com,Dimora del Duomo,https://www.hotelsdrop.com/hotel/dimora-del-duomo-apollosa
info@janara.net,Janara - Santa Sofia,https://www.hotelsdrop.com/hotel/janara-santa-sofia-apollosa
info@parvavinea.it,Parva Vinea,https://www.hotelsdrop.com/hotel/parva-vinea-apollosa
bblepalme33@gmail.com,B&B Le Palme,https://www.hotelsdrop.com/hotel/b-b-le-palme-appiano-gentile
reception.como@theconvo.com,Convo Al Lago,https://www.hotelsdrop.com/hotel/convo-al-lago-appiano-gentile
residenzascalabrini@gmail.com,Villa Scalabrini Como,https://www.hotelsdrop.com/hotel/villa-scalabrini-como-appiano-gentile
info@kreuzstein.com,Kreuzstein - Bar - Bed&Breakfast,https://www.hotelsdrop.com/hotel/kreuzstein-bar-bed-breakfast-appiano-sulla-strada-del-vino-ep
info@imori.net,Agriturismo i Mori,https://www.hotelsdrop.com/hotel/agriturismo-i-mori-appignano
agriturismoilconfine@gmail.com,AGRITURISMO IL CONFINE - Treia - Marche,https://www.hotelsdrop.com/hotel/agriturismo-il-confine-treia-marche-appignano
info@lemarchebedandbreakfast.com,La Vecchia Scuola,https://www.hotelsdrop.com/hotel/la-vecchia-scuola-appignano
info@ohsanlorenzo.it,OH! Outdoor Hostel San Lorenzo,https://www.hotelsdrop.com/hotel/oh-outdoor-hostel-san-lorenzo-appignano
info-agriturismo@allasolagna.it,Agriturismo Alla Solagna,https://www.hotelsdrop.com/hotel/agriturismo-alla-solagna-appignano-del-tronto
dimoranelborgo@hotmail.com,Dimora nel borgo,https://www.hotelsdrop.com/hotel/dimora-nel-borgo-appignano-del-tronto
bbpenakaprica@gmail.com,B&B Penak,https://www.hotelsdrop.com/hotel/b-b-penak-aprica
info@biancanevehotelresidence.it,Residence Hotel Biancaneve,https://www.hotelsdrop.com/hotel/residence-hotel-biancaneve-aprica
info@aurivu.com,Agriturismo Aurivu,https://www.hotelsdrop.com/hotel/agriturismo-aurivu-apricale
orengolaura@alice.it,Agriturismo dalla Mimmi,https://www.hotelsdrop.com/hotel/agriturismo-dalla-mimmi-apricale
info@apricuslocanda.com,Apricus Boutique Hotel,https://www.hotelsdrop.com/hotel/apricus-boutique-hotel-apricale
legemme@aol.com,B&B Le Gemme,https://www.hotelsdrop.com/hotel/b-b-le-gemme-apricale
info@damarta.com,Da Marta,https://www.hotelsdrop.com/hotel/da-marta-apricale
info@masseriacannella.it,Agriturismo Masseria Cannella,https://www.hotelsdrop.com/hotel/agriturismo-masseria-cannella-apricena
prenotazioni@bbcolorslesina.it,B&B Colors,https://www.hotelsdrop.com/hotel/b-b-colors-apricena
g@bedanonnarosa.com,B&b da nonna rosa,https://www.hotelsdrop.com/hotel/b-b-da-nonna-rosa-apricena
ilgiardinodellatorre@gmail.com,B&B Il Giardino Della Torre,https://www.hotelsdrop.com/hotel/b-b-il-giardino-della-torre-apricena
info@stelledelledaunia.it,B&B STELLE DELLA DAUNIA,https://www.hotelsdrop.com/hotel/b-b-stelle-della-daunia-apricena
bnbcorsoroma@tiscali.it,Bed & Breakfast Corso Roma,https://www.hotelsdrop.com/hotel/bed-breakfast-corso-roma-apricena
giovannimaddamma@gmail.com,Bed & Breakfast Porta del Gargano,https://www.hotelsdrop.com/hotel/bed-breakfast-porta-del-gargano-apricena
happybeb.torre@gmail.com,Happy b&b,https://www.hotelsdrop.com/hotel/happy-b-b-apricena
ag_c2002@yahoo.it,Agriturismo Il Costrano,https://www.hotelsdrop.com/hotel/agriturismo-il-costrano-aprigliano
casavacanzecosenza.alma@gmail.com,Alma B&B Home Cosenza,https://www.hotelsdrop.com/hotel/alma-b-b-home-cosenza-aprigliano
giovannitamino@libero.it,B&B L'antico Rudere,https://www.hotelsdrop.com/hotel/b-b-l-antico-rudere-aprigliano
donnagiovannaguesthouse@gmail.com,Donna Giovanna Guest House,https://www.hotelsdrop.com/hotel/donna-giovanna-guest-house-aprigliano
lemirageaprilia@gmail.com,Appartment Le Mirage 2.0,https://www.hotelsdrop.com/hotel/appartment-le-mirage-2-0-aprilia
comoexclusive23@gmail.com,COMÓ EXCLUSIVE affittacamere,https://www.hotelsdrop.com/hotel/como-exclusive-affittacamere-aprilia
info@dellapianaresidence.it,Della Piana Residence Srl,https://www.hotelsdrop.com/hotel/della-piana-residence-srl-aprilia
favolarooms@gmail.com,Favola Affittacamere,https://www.hotelsdrop.com/hotel/favola-affittacamere-aprilia
lucaia.web@gmail.com,Lucaia B&B,https://www.hotelsdrop.com/hotel/lucaia-b-b-aprilia
info@ladimoradelcroccio.it,Agriturimo La Dimora del Croccio,https://www.hotelsdrop.com/hotel/agriturimo-la-dimora-del-croccio-aquara
info@casalecondotti.it,Agriturismo Casale Condotti,https://www.hotelsdrop.com/hotel/agriturismo-casale-condotti-aquara
info@stiavucco.it,B&B O' Stiavucco,https://www.hotelsdrop.com/hotel/b-b-o-stiavucco-aquara
masusagri@gmail.com,Masusà,https://www.hotelsdrop.com/hotel/masusa-aquara
info@arvecastelbianco.it,Arvé Bed & Breakfast,https://www.hotelsdrop.com/hotel/arve-bed-breakfast-aquila-d-arroscia
laura.riolfo77@gmail.com,B&B 8A CASTELBIANCO,https://www.hotelsdrop.com/hotel/b-b-8a-castelbianco-aquila-d-arroscia
info@casadeinonni.it,La casa dei Nonni Castelbianco,https://www.hotelsdrop.com/hotel/la-casa-dei-nonni-castelbianco-aquila-d-arroscia
info@bblosporting.it,Lo Sporting,https://www.hotelsdrop.com/hotel/lo-sporting-aquila-d-arroscia
agriturismoilriccio@gmail.com,Agriturismo Il Riccio,https://www.hotelsdrop.com/hotel/agriturismo-il-riccio-aquilonia
info@bbmontevulture.com,B&B Monte Vulture,https://www.hotelsdrop.com/hotel/b-b-monte-vulture-aquilonia
r.villapatrizia@gmail.com,B&B Relais Villa Patrizia,https://www.hotelsdrop.com/hotel/b-b-relais-villa-patrizia-aquilonia
info@tuttocassino.it,Azienda Agrituristica La Vecchia Quercia,https://www.hotelsdrop.com/hotel/azienda-agrituristica-la-vecchia-quercia-aquino
info@aquinointerrazza.com,B&B Aquino in Terrazza,https://www.hotelsdrop.com/hotel/b-b-aquino-in-terrazza-aquino
info@tuttocassino.it,Ricci Rooms,https://www.hotelsdrop.com/hotel/ricci-rooms-aquino
info@villacapodacqua.it,Villa Capodacqua B&B,https://www.hotelsdrop.com/hotel/villa-capodacqua-b-b-aquino
iltorrinogalatina@libero.it,Il Torrino,https://www.hotelsdrop.com/hotel/il-torrino-aradeo
info@palazzodonnachicchi.it,Palazzo Donna Chicchi,https://www.hotelsdrop.com/hotel/palazzo-donna-chicchi-aradeo
info@palazzofrancescograssi.it,Palazzo Francesco Grassi B&B,https://www.hotelsdrop.com/hotel/palazzo-francesco-grassi-b-b-aradeo
info@pozzidolci.it,Pozzi Dolci B&B,https://www.hotelsdrop.com/hotel/pozzi-dolci-b-b-aradeo
bbresidenzasantaalucia@gmail.com,Residenza Santa Lucia,https://www.hotelsdrop.com/hotel/residenza-santa-lucia-aradeo
m.rita74@libero.it,B&B Domus 65,https://www.hotelsdrop.com/hotel/b-b-domus-65-aragona
info@camereasud.it,Camere a sud,https://www.hotelsdrop.com/hotel/camere-a-sud-aragona
info.acasadicarla@gmail.com,A casa di Carla B&B,https://www.hotelsdrop.com/hotel/a-casa-di-carla-b-b-aramengo
info@acquaementa.it,Acquaementa,https://www.hotelsdrop.com/hotel/acquaementa-aramengo
dallamagnalivia@gmail.com,Dalla Magna Livia L. & L. Di Cavalitto Alessandro,https://www.hotelsdrop.com/hotel/dalla-magna-livia-l-l-di-cavalitto-alessandro-aramengo
info@lacivignola.com,La Civignola - Agriturismo Resort,https://www.hotelsdrop.com/hotel/la-civignola-agriturismo-resort-aramengo
info@theresasullacollina.com,Theresa sulla collina b&b,https://www.hotelsdrop.com/hotel/theresa-sulla-collina-b-b-aramengo
info@cuoredilavanda.it,Bed & Breakfast Cuore di Lavanda,https://www.hotelsdrop.com/hotel/bed-breakfast-cuore-di-lavanda-arba
info@dolceneroresidence.com,Dolcenero Hotel Residence,https://www.hotelsdrop.com/hotel/dolcenero-hotel-residence-arba
info@portone180.it,Portone180 GuestHouse,https://www.hotelsdrop.com/hotel/portone180-guesthouse-arba
memos.affittacamere@gmail.com,Memo's Affittacamere - Room & Breakfast-,https://www.hotelsdrop.com/hotel/memo-s-affittacamere-room-breakfast-arborea
info@mentefredda.it\,Mistral 2 Hotel,https://www.hotelsdrop.com/hotel/mistral-2-hotel-arborea
info@labiandrina.it,Agriturismo La Biandrina,https://www.hotelsdrop.com/hotel/agriturismo-la-biandrina-arborio
villasofiafara@gmail.com,B&b Villa Sofia CIN IT003065B4KE2KB9YH,https://www.hotelsdrop.com/hotel/b-b-villa-sofia-cin-it003065b4ke2kb9yh-arborio
alepaladini87@gmail.com,Hotel Ristorante Paladini,https://www.hotelsdrop.com/hotel/hotel-ristorante-paladini-arborio
info@locandadellastazione.com,Locanda della Stazione,https://www.hotelsdrop.com/hotel/locanda-della-stazione-arborio
vicolungolodge@ondaland.it,VICOLUNGO Glamour Lodge & Spa,https://www.hotelsdrop.com/hotel/vicolungo-glamour-lodge-spa-arborio
agricostaverde@tiscali.it,Agriturismo Costa Verde,https://www.hotelsdrop.com/hotel/agriturismo-costa-verde-arbus
ginetta.leo@gmail.com,Agriturismo l'Aquila Arbus,https://www.hotelsdrop.com/hotel/agriturismo-l-aquila-arbus-arbus
roccebianche.agriturismo@gmail.com,Agriturismo Rocce Bianche,https://www.hotelsdrop.com/hotel/agriturismo-rocce-bianche-arbus
animahotelsardinia@gmail.com,Anima Sardinia,https://www.hotelsdrop.com/hotel/anima-sardinia-arbus
cavallolibero@tiscali.it,centro di turismo equestre Shangrila',https://www.hotelsdrop.com/hotel/centro-di-turismo-equestre-shangrila-arbus
booking@tartheshotel.com,Hotel Tarthesh,https://www.hotelsdrop.com/hotel/hotel-tarthesh-arbus
prenota@ulivogonnosfanadiga.it,L'Ulivo Affittacamere,https://www.hotelsdrop.com/hotel/l-ulivo-affittacamere-arbus
info@agriturismodazeffi.it,Agriturismo Da Zeffi,https://www.hotelsdrop.com/hotel/agriturismo-da-zeffi-arcade
hello@arcaguesthouse.it,Arca Guest House,https://www.hotelsdrop.com/hotel/arca-guest-house-arcade
info@arcadeluxuryloft.it,Arcade Luxury Loft,https://www.hotelsdrop.com/hotel/arcade-luxury-loft-arcade
alsognodilaura@gmail.com,B&B Al sogno di Laura,https://www.hotelsdrop.com/hotel/b-b-al-sogno-di-laura-arcade
mario.narder@alice.it,B&B Doberdo,https://www.hotelsdrop.com/hotel/b-b-doberdo-arcade
support@centralstay.eu,Casa vacanze La Madonnetta,https://www.hotelsdrop.com/hotel/casa-vacanze-la-madonnetta-arcade
info@casaledeiricordi.it,"Casale dei ricordi B&B, Home restaurant",https://www.hotelsdrop.com/hotel/casale-dei-ricordi-b-b-home-restaurant-arce
claudiagavin@gmail.com,Bed and Breakfast La Delice,https://www.hotelsdrop.com/hotel/bed-and-breakfast-la-delice-arcene
info@countryhotelcastelbarco.it,Botanique Hotel Vergani,https://www.hotelsdrop.com/hotel/botanique-hotel-vergani-arcene
info@hotelalbi.it,Hotel Albi,https://www.hotelsdrop.com/hotel/hotel-albi-arcene
ilcortiledatania@gmail.com,Il cortile da Tania,https://www.hotelsdrop.com/hotel/il-cortile-da-tania-arcene
info@albergoristorantepapa.it,Ristorante Albergo Papa,https://www.hotelsdrop.com/hotel/ristorante-albergo-papa-arcene
info@villazoia.it,San Giorgio,https://www.hotelsdrop.com/hotel/san-giorgio-arcene
a.acquasalata@libero.it,Agriturismo Acquasalata,https://www.hotelsdrop.com/hotel/agriturismo-acquasalata-arcevia
info@belfiore-italia.com,Agriturismo Borgo Belfiore,https://www.hotelsdrop.com/hotel/agriturismo-borgo-belfiore-arcevia
info@lacantinadibacco.it,Agriturismo la Cantina di Bacco,https://www.hotelsdrop.com/hotel/agriturismo-la-cantina-di-bacco-arcevia
info@bbinvinoveritas.com,B&B IN VINO VERITAS,https://www.hotelsdrop.com/hotel/b-b-in-vino-veritas-arcevia
info@lacasadiodessa.com,La casa di Odessa,https://www.hotelsdrop.com/hotel/la-casa-di-odessa-arcevia
info@lecunecountryhouse.com,Le Cune Country House and Farm,https://www.hotelsdrop.com/hotel/le-cune-country-house-and-farm-arcevia
info@sansettimio.it,Riserva Privata San Settimio,https://www.hotelsdrop.com/hotel/riserva-privata-san-settimio-arcevia
info@roccacontrada.com,Rocca Contrada,https://www.hotelsdrop.com/hotel/rocca-contrada-arcevia
sogno.divino.bb@gmail.com,Sogno diVino B&B,https://www.hotelsdrop.com/hotel/sogno-divino-b-b-arcevia
roberto@visitarcevia.com,VisitArcevia,https://www.hotelsdrop.com/hotel/visitarcevia-arcevia
info@casavistaverde.it,Casa Vistaverde · B&B,https://www.hotelsdrop.com/hotel/casa-vistaverde-b-b-archi
email@azienda.it,Agriturismo Le Casaline - Val d'Orcia,https://www.hotelsdrop.com/hotel/agriturismo-le-casaline-val-d-orcia-arcidosso
molinodelponte@libero.it,Agriturismo Molino del Ponte,https://www.hotelsdrop.com/hotel/agriturismo-molino-del-ponte-arcidosso
info@bebamiata.it,Bed & Breakfast Amiata Grosseto,https://www.hotelsdrop.com/hotel/bed-breakfast-amiata-grosseto-arcidosso
lacolombaia.amiata@gmail.com,La Colombaia Amiata,https://www.hotelsdrop.com/hotel/la-colombaia-amiata-arcidosso
info@lacortecciadelfaggio.it,La corteccia del faggio,https://www.hotelsdrop.com/hotel/la-corteccia-del-faggio-arcidosso
postmaster@lafugaluxuryexperience.it,La Fuga Luxury Experience,https://www.hotelsdrop.com/hotel/la-fuga-luxury-experience-arcidosso
king@kinghotelfiuggi.it,Albergo King,https://www.hotelsdrop.com/hotel/albergo-king-arcinazzo-romano
info@alnifontano.it,Al Nifontano B&B,https://www.hotelsdrop.com/hotel/al-nifontano-b-b-arcisate
adrianagosatti@gmail.com,B&B Villa Adriana Varese,https://www.hotelsdrop.com/hotel/b-b-villa-adriana-varese-arcisate
barbaroenzo@gmail.com,Corte Picasass,https://www.hotelsdrop.com/hotel/corte-picasass-arcisate
invilla.bnb@gmail.com,Invilla Bnb,https://www.hotelsdrop.com/hotel/invilla-bnb-arcisate
info@agriturmichelotti.it,Agritur Michelotti,https://www.hotelsdrop.com/hotel/agritur-michelotti-arco
welcome@bnb-nalu.it,B&B NALÙ,https://www.hotelsdrop.com/hotel/b-b-nalu-arco
info@hotelsangiorgioriva.eu,Hotel San Giorgio,https://www.hotelsdrop.com/hotel/hotel-san-giorgio-arco
info@o-liveresort.com,O_Live Agriresort,https://www.hotelsdrop.com/hotel/o-live-agriresort-arco
info@albergoserena.net,Albergo Serena -,https://www.hotelsdrop.com/hotel/albergo-serena-arcola
info@borgodegliangeliarcola.it,B&B Borgo degli Angeli Arcola,https://www.hotelsdrop.com/hotel/b-b-borgo-degli-angeli-arcola-arcola
lisa.sanguinetti@gmail.com,B&B Casa Lisa,https://www.hotelsdrop.com/hotel/b-b-casa-lisa-arcola
elide.dagiuse@gmail.com,B&B Da Giusè,https://www.hotelsdrop.com/hotel/b-b-da-giuse-arcola
info@poderemorucciola.com,B&B Podere Morucciola,https://www.hotelsdrop.com/hotel/b-b-podere-morucciola-arcola
bebantiquemaison@gmail.com,B&B Antique Maison,https://www.hotelsdrop.com/hotel/b-b-antique-maison-arcole
info@hotelvillabella.net,Villabella Hotel Ristorante Pizzeria,https://www.hotelsdrop.com/hotel/villabella-hotel-ristorante-pizzeria-arcole
info@villalbero.it,B&B VillAlbero,https://www.hotelsdrop.com/hotel/b-b-villalbero-arconate
bebincurti@tiscali.it,In Curti 1913,https://www.hotelsdrop.com/hotel/in-curti-1913-arconate
lostallone.rooms@gmail.com,Lo Stallone Rent a Room,https://www.hotelsdrop.com/hotel/lo-stallone-rent-a-room-arconate
secretgardenmonza@gmail.com,Al Giardino Segreto,https://www.hotelsdrop.com/hotel/al-giardino-segreto-arcore
info@contedurini.it,Conte Durini Apartments & Rooms,https://www.hotelsdrop.com/hotel/conte-durini-apartments-rooms-arcore
info@laraffahouse.com,La Raffa House - Location per eventi privati e Casa Vacanze,https://www.hotelsdrop.com/hotel/la-raffa-house-location-per-eventi-privati-e-cas-arcore
info@agrismichele.it,Agriturismo San Michele,https://www.hotelsdrop.com/hotel/agriturismo-san-michele-arcugnano
info@bebilsuonodelbosco.it,B&B Il Suono del Bosco,https://www.hotelsdrop.com/hotel/b-b-il-suono-del-bosco-arcugnano
info@beb-laquiete.it,B&B La Quiete,https://www.hotelsdrop.com/hotel/b-b-la-quiete-arcugnano
bed@bed-breakfast-italy.com,Bob And Jenny's B&B,https://www.hotelsdrop.com/hotel/bob-and-jenny-s-b-b-arcugnano
casafelicevicenza@gmail.com,"Casa Felice - soggiorni di relax, lavoro e gruppo ad Arcugnano",https://www.hotelsdrop.com/hotel/casa-felice-soggiorni-di-relax-lavoro-e-gruppo-a-arcugnano
info@fattorialevegre.it,Fattoria le Vegre - Azienda vitivinicola - Agriturismo con camere - Degustazione Vini Colli Berici,https://www.hotelsdrop.com/hotel/fattoria-le-vegre-azienda-vitivinicola-agrituris-arcugnano
casasuitettiozieri@yahoo.com,B&B La Casa sui Tetti,https://www.hotelsdrop.com/hotel/b-b-la-casa-sui-tetti-ardara
info@piazzasanpantaleo.it,B&B Piazza San Pantaleo,https://www.hotelsdrop.com/hotel/b-b-piazza-san-pantaleo-ardara
bebicappuccini@gmail.com,I Cappuccini B&B,https://www.hotelsdrop.com/hotel/i-cappuccini-b-b-ardara
icacadeddu1@gmail.com,La Terrazza sul Golfo Sennori,https://www.hotelsdrop.com/hotel/la-terrazza-sul-golfo-sennori-ardara
info@sumere.it,Locanda Su mere,https://www.hotelsdrop.com/hotel/locanda-su-mere-ardara
info@sugiardinu.com,Su Giardinu,https://www.hotelsdrop.com/hotel/su-giardinu-ardara
beb.isscabas@yahoo.it,Is scabas Guestrooms,https://www.hotelsdrop.com/hotel/is-scabas-guestrooms-ardauli
info@corteinfiore.com,Agriturismo Corte in Fiore,https://www.hotelsdrop.com/hotel/agriturismo-corte-in-fiore-ardea
info@colletiziano.it,B&B Colle Tiziano Lucchini Eva,https://www.hotelsdrop.com/hotel/b-b-colle-tiziano-lucchini-eva-ardea
info@residencenuovaflorida.it,Residence Del Mare,https://www.hotelsdrop.com/hotel/residence-del-mare-ardea
info@bbvaltellina.it,B&B Valtellina,https://www.hotelsdrop.com/hotel/b-b-valtellina-ardenno
info@bebariadimontagna.it,beb Aria di Montagna,https://www.hotelsdrop.com/hotel/beb-aria-di-montagna-ardenno
info@caselvetta.it,Cà Selvetta - Holiday Houses in Valtellina,https://www.hotelsdrop.com/hotel/ca-selvetta-holiday-houses-in-valtellina-ardenno
foresteria.traversi@gmail.com,Foresteria Traversi,https://www.hotelsdrop.com/hotel/foresteria-traversi-ardenno
info@baitavalleazzurra.it,Baita Valle Azzurra - Ostello e ristorante,https://www.hotelsdrop.com/hotel/baita-valle-azzurra-ostello-e-ristorante-ardesio
info@coral-blue.it,Bed And Breakfast Coral Blue,https://www.hotelsdrop.com/hotel/bed-and-breakfast-coral-blue-arena
support@centralstay.eu,Residenza Arena,https://www.hotelsdrop.com/hotel/residenza-arena-arena
info@bbmonteguzzo.it,B&B Monteguzzo,https://www.hotelsdrop.com/hotel/b-b-monteguzzo-arena-po
info@mhoteldoncarlo.com,M-Hotel Don Carlo,https://www.hotelsdrop.com/hotel/m-hotel-don-carlo-arena-po
ondachiaraarenzano@gmail.com,Affittacamere Onda Chiara,https://www.hotelsdrop.com/hotel/affittacamere-onda-chiara-arenzano
cadamunta@gmail.com,Câ da Muntà,https://www.hotelsdrop.com/hotel/ca-da-munta-arenzano
info@dimoremare.com,Dimore di Mare affittacamere,https://www.hotelsdrop.com/hotel/dimore-di-mare-affittacamere-arenzano
glemrooms@gmail.com,Glem Rooms and Breakfast,https://www.hotelsdrop.com/hotel/glem-rooms-and-breakfast-arenzano
info@mirandolasuites.com,Mirandola Suites,https://www.hotelsdrop.com/hotel/mirandola-suites-arenzano
info@residencearenzano.com,Via di Francia Residence Arenzano,https://www.hotelsdrop.com/hotel/via-di-francia-residence-arenzano-arenzano
info@villafigoli.it,Villa Figoli Suites,https://www.hotelsdrop.com/hotel/villa-figoli-suites-arenzano
adrirommsrho@gmail.com,AdriroomsRho,https://www.hotelsdrop.com/hotel/adriroomsrho-arese
hello@abrooms.it,Anjoy&Bleev Rooms - Rho Fiera,https://www.hotelsdrop.com/hotel/anjoy-bleev-rooms-rho-fiera-arese
silvia.grossi1956@gmail.com,B&B Amelie,https://www.hotelsdrop.com/hotel/b-b-amelie-arese
bedfiera@gmail.com,Bed,https://www.hotelsdrop.com/hotel/bed-arese
bedfiera@gmail.com,Bed Rho Fiera,https://www.hotelsdrop.com/hotel/bed-rho-fiera-arese
ufficiopassion@gmail.com,Exclusive Passion,https://www.hotelsdrop.com/hotel/exclusive-passion-arese
605a7baede844d278b89dc95ae0a9123@sentry-next.wixpress.com,Fish Art Restaurant,https://www.hotelsdrop.com/hotel/fish-art-restaurant-arese
holiday_rho@hotmail.com,Holiday Rooms Rho,https://www.hotelsdrop.com/hotel/holiday-rooms-rho-arese
allegratoscana@gmail.com,B&B Arezzo Allegra Toscana - bed&breakfast Apartments & Short lets,https://www.hotelsdrop.com/hotel/b-b-arezzo-allegra-toscana-bed-breakfast-apartme-arezzo
info@bibiarezzo.com,Bibi Boutique Arezzo,https://www.hotelsdrop.com/hotel/bibi-boutique-arezzo-arezzo
thehomestay.arezzo@gmail.com,THE HOMESTAY - Arezzo,https://www.hotelsdrop.com/hotel/the-homestay-arezzo-arezzo
info@cherryenrose.it,B&B Cherry en Rose,https://www.hotelsdrop.com/hotel/b-b-cherry-en-rose-argegno
bbgarzola@locandagarzola.it,B&B Garzola,https://www.hotelsdrop.com/hotel/b-b-garzola-argegno
info@ilnidodellosvasso.com,B&B Il Nido dello Svasso,https://www.hotelsdrop.com/hotel/b-b-il-nido-dello-svasso-argegno
info@nestonthelake.com,B&B Nest On The Lake,https://www.hotelsdrop.com/hotel/b-b-nest-on-the-lake-argegno
info@sostasullago.it,B&B Sosta Sul Lago,https://www.hotelsdrop.com/hotel/b-b-sosta-sul-lago-argegno
infocasapini@libero.it,Bed and Breakfast Casa Pini,https://www.hotelsdrop.com/hotel/bed-and-breakfast-casa-pini-argegno
fattoriadeicastagni@gmail.com,Fattoria dei Castagni,https://www.hotelsdrop.com/hotel/fattoria-dei-castagni-argegno
info@larioview.com,Larioview suites,https://www.hotelsdrop.com/hotel/larioview-suites-argegno
info@laposteria1817.it,Locanda Posta,https://www.hotelsdrop.com/hotel/locanda-posta-argegno
605a7baede844d278b89dc95ae0a9123@sentry-next.wixpress.com,Affittacamere levante,https://www.hotelsdrop.com/hotel/affittacamere-levante-argelato
lmelotti0@gmail.com,Affittacamere Villa Tigli,https://www.hotelsdrop.com/hotel/affittacamere-villa-tigli-argelato
icasalibologna@gmail.com,B&B i Casali (IT037050C1C59QKUUA),https://www.hotelsdrop.com/hotel/b-b-i-casali-it037050c1c59qkuua-argelato
villapacedoro@gmail.com,B&B Villa Pace D'Oro,https://www.hotelsdrop.com/hotel/b-b-villa-pace-d-oro-argelato
prenotazioni@agrilocandavalcampotto.it,Agrilocanda Val Campotto,https://www.hotelsdrop.com/hotel/agrilocanda-val-campotto-argenta
reception.duelaghi@f-gh.it,Agriturismo Ai Due Laghi del Verginese,https://www.hotelsdrop.com/hotel/agriturismo-ai-due-laghi-del-verginese-argenta
support@localsmalltour.com,B&B La Salghè,https://www.hotelsdrop.com/hotel/b-b-la-salghe-argenta
ferrarasuites@gmail.com,Boni Room & Breakfast/SMART ROOMS ARGENTA,https://www.hotelsdrop.com/hotel/boni-room-breakfast-smart-rooms-argenta-argenta
info@i2orficicona.it,I Due Orfici,https://www.hotelsdrop.com/hotel/i-due-orfici-argenta
info@residencevillamasi.it,Residence Appartamenti Villa Masi,https://www.hotelsdrop.com/hotel/residence-appartamenti-villa-masi-argenta
info@ilsacripante.it,Sacripante,https://www.hotelsdrop.com/hotel/sacripante-argenta
info@passaggioalpino.it,B&B del Villaggio,https://www.hotelsdrop.com/hotel/b-b-del-villaggio-argentera
lamarmulocanda@gmail.com,Locanda La Marmu e Osteria della Croce bianca Marmora,https://www.hotelsdrop.com/hotel/locanda-la-marmu-e-osteria-della-croce-bianca-ma-argentera
info@louloop.it,Lou Loop,https://www.hotelsdrop.com/hotel/lou-loop-argentera
becchirossirifugio@gmai.com,Rifugio Becchi Rossi,https://www.hotelsdrop.com/hotel/rifugio-becchi-rossi-argentera
info@capavaglione.it,B&B Ca' Pavaglione - Fraz.San Bovo,https://www.hotelsdrop.com/hotel/b-b-ca-pavaglione-fraz-san-bovo-arguello
bebtracieloeterra@gmail.com,B&B Tra Cielo e Terra,https://www.hotelsdrop.com/hotel/b-b-tra-cielo-e-terra-arguello
info@caginet.it,Ca' Ginet,https://www.hotelsdrop.com/hotel/ca-ginet-arguello
info@ciabotlanghe.it,Ciabot Langhe,https://www.hotelsdrop.com/hotel/ciabot-langhe-arguello
info@ilsole-laluna.com,Dimora Storico Romantica Il Sole E La Luna,https://www.hotelsdrop.com/hotel/dimora-storico-romantica-il-sole-e-la-luna-arguello
info@trepiasi.com,Hotel Trepiasì,https://www.hotelsdrop.com/hotel/hotel-trepiasi-arguello
lbunet@lbunet.it,Ristorante Albergo 'l bunet,https://www.hotelsdrop.com/hotel/ristorante-albergo-l-bunet-arguello
info@villaersilia.com,Villa Ersilia,https://www.hotelsdrop.com/hotel/villa-ersilia-argusto
605a7baede844d278b89dc95ae0a9123@sentry-next.wixpress.com,B&B Casa Madè,https://www.hotelsdrop.com/hotel/b-b-casa-made-ari
info@lacasadiannabnb.it,B&B La Casa di Anna,https://www.hotelsdrop.com/hotel/b-b-la-casa-di-anna-ari
annatolstaya18@gmail.com,Bed&Breakfast Stella Dell'Adriatico,https://www.hotelsdrop.com/hotel/bed-breakfast-stella-dell-adriatico-ari
info@mamamaja.it,Mama Maja,https://www.hotelsdrop.com/hotel/mama-maja-ari
info@villasantoro.it,Villa Santoro,https://www.hotelsdrop.com/hotel/villa-santoro-ariano-irpino
booking@agriturismobertilla.it,Agriturismo Bertilla,https://www.hotelsdrop.com/hotel/agriturismo-bertilla-ariano-nel-polesine
info@agriturismoforzello.it,Agriturismo Forzello,https://www.hotelsdrop.com/hotel/agriturismo-forzello-ariano-nel-polesine
tagliodipocasa@yahoo.it,B&B Da Toni,https://www.hotelsdrop.com/hotel/b-b-da-toni-ariano-nel-polesine
ufficiolavista@gmail.com,La Vista Agriturismo Boutique,https://www.hotelsdrop.com/hotel/la-vista-agriturismo-boutique-ariccia
605a7baede844d278b89dc95ae0a9123@sentry-next.wixpress.com,Mia Rooms Ariccia,https://www.hotelsdrop.com/hotel/mia-rooms-ariccia-ariccia
info@agriturismolacinciallegra.it,Agriturismo b&b La Cinciallegra,https://www.hotelsdrop.com/hotel/agriturismo-b-b-la-cinciallegra-arignano
fairycastlebeb@gmail.com,B&B Fairy Castle,https://www.hotelsdrop.com/hotel/b-b-fairy-castle-arignano
info@piccololeone.it,B&B Il Piccolo Leone,https://www.hotelsdrop.com/hotel/b-b-il-piccolo-leone-arignano
labaitaaritzo@yahoo.it,Bed and Breakfast - La Baita di Aritzo,https://www.hotelsdrop.com/hotel/bed-and-breakfast-la-baita-di-aritzo-aritzo
info@casamasini.it,Bed and Breakfast Casa Masini Fonni,https://www.hotelsdrop.com/hotel/bed-and-breakfast-casa-masini-fonni-aritzo
miramontiseulo@gmail.com,Hotel Miramonti Seulo,https://www.hotelsdrop.com/hotel/hotel-miramonti-seulo-aritzo
serbeiniedda@gmail.com,S'Erbei Niedda Guesthouse,https://www.hotelsdrop.com/hotel/s-erbei-niedda-guesthouse-aritzo
info@agriturismoalmotto.it,Agriturismo Al Motto,https://www.hotelsdrop.com/hotel/agriturismo-al-motto-arizzano
lalocandadelcinghiale@gmail.com,B&B La Locanda del Cinghiale,https://www.hotelsdrop.com/hotel/b-b-la-locanda-del-cinghiale-arizzano
info@chighinn.com,Chi Ghinn,https://www.hotelsdrop.com/hotel/chi-ghinn-arizzano
info@lacasanelboscobeb.it,la casa nel bosco BeB,https://www.hotelsdrop.com/hotel/la-casa-nel-bosco-beb-arizzano
cerrosughero@gmail.com,"Agriturismo ""Cerrosughero""",https://www.hotelsdrop.com/hotel/agriturismo-cerrosughero-arlena-di-castro
info@casalebonaparte.it,Agriturismo Casale Bonaparte,https://www.hotelsdrop.com/hotel/agriturismo-casale-bonaparte-arlena-di-castro
info@agriturismoleginestre.it,Agriturismo Le Ginestre,https://www.hotelsdrop.com/hotel/agriturismo-le-ginestre-arlena-di-castro
aldorocchi1@gmail.com,Agriturismo Prataccio,https://www.hotelsdrop.com/hotel/agriturismo-prataccio-arlena-di-castro
info@arteagricoltura.com,Arcipelago di Arte et Agricoltura,https://www.hotelsdrop.com/hotel/arcipelago-di-arte-et-agricoltura-arlena-di-castro
info@ilpoggiodimusignano.com,Il Poggio di Musignano,https://www.hotelsdrop.com/hotel/il-poggio-di-musignano-arlena-di-castro
lamelarosa2018@gmail.com,La Mela Rosa,https://www.hotelsdrop.com/hotel/la-mela-rosa-arlena-di-castro
info@latorretta.biz,La Torretta,https://www.hotelsdrop.com/hotel/la-torretta-arlena-di-castro
info@storiediterraedidolcezza.it,Residenze del Bosco,https://www.hotelsdrop.com/hotel/residenze-del-bosco-arlena-di-castro
info@lillyshome.it,B&B Lilly's Home,https://www.hotelsdrop.com/hotel/b-b-lilly-s-home-arluno
hotelml@libero.it,Hotel Madonna di Luciago,https://www.hotelsdrop.com/hotel/hotel-madonna-di-luciago-armeno
lefarfallediarmeno@gmail.com,Le Farfalle di Armeno CIN:IT003006C1PFUA6AR5,https://www.hotelsdrop.com/hotel/le-farfalle-di-armeno-cin-it003006c1pfua6ar5-armeno
affittacamereilportale@gmail.com,"Affittacamere ""Il Portale""",https://www.hotelsdrop.com/hotel/affittacamere-il-portale-armento
info@ilsospirobb.com,Il Sospiro B&B,https://www.hotelsdrop.com/hotel/il-sospiro-b-b-armento
info@dianomarinaluxuryrooms.it,A’Mare - Luxury B&B Spa & Social Food,https://www.hotelsdrop.com/hotel/a-mare-luxury-b-b-spa-social-food-armo
laura-ginevra@hotmail.it,B&B Ariadamare,https://www.hotelsdrop.com/hotel/b-b-ariadamare-armo
605a7baede844d278b89dc95ae0a9123@sentry-next.wixpress.com,B&B Ca' de Rossana,https://www.hotelsdrop.com/hotel/b-b-ca-de-rossana-armo
info@ilmirto.com,B&B Il Mirto,https://www.hotelsdrop.com/hotel/b-b-il-mirto-armo
info@luotti.it,Bed & Breakfast Luotti,https://www.hotelsdrop.com/hotel/bed-breakfast-luotti-armo
ilsoledipoggi@gmail.com,Il Sole di Poggi,https://www.hotelsdrop.com/hotel/il-sole-di-poggi-armo
saspecula.sanvito@tiscali.it,B&B Sa Specula,https://www.hotelsdrop.com/hotel/b-b-sa-specula-armungia
info@murahera.com,Murahera Guest House,https://www.hotelsdrop.com/hotel/murahera-guest-house-armungia
support@centralstay.eu,Su Cunventu,https://www.hotelsdrop.com/hotel/su-cunventu-armungia
romeofavre@gmail.com,Au coeur du village,https://www.hotelsdrop.com/hotel/au-coeur-du-village-arnad
mail@larmanac.it,L' Armanac de Toubie - Hotel & Restaurant,https://www.hotelsdrop.com/hotel/l-armanac-de-toubie-hotel-restaurant-arnad
maisondenoe@libero.it,Maison de Noé,https://www.hotelsdrop.com/hotel/maison-de-noe-arnad
info@dalillo.com,B&B da Lillo,https://www.hotelsdrop.com/hotel/b-b-da-lillo-arnara
ilgiglio.rooms@gmail.com,Il Giglio Rooms,https://www.hotelsdrop.com/hotel/il-giglio-rooms-arnara
info@ilpiccoloprincipe-bb.it,Il Piccolo Principe,https://www.hotelsdrop.com/hotel/il-piccolo-principe-arnara
info@torredeiventi.net,Torre Dei Venti,https://www.hotelsdrop.com/hotel/torre-dei-venti-arnara
info@albergocecchin.it,Albergo Ristorante Cecchin,https://www.hotelsdrop.com/hotel/albergo-ristorante-cecchin-arnasco
welcome@cadeberna.it,Hotel Ca de Berna,https://www.hotelsdrop.com/hotel/hotel-ca-de-berna-arnasco
casadianita@gmail.com,B&B Casa di Anita,https://www.hotelsdrop.com/hotel/b-b-casa-di-anita-arnesano
info@bedetoilesalento.it,B&b Ètoile,https://www.hotelsdrop.com/hotel/b-b-etoile-arnesano
loredana.ago@gmail.com,Dimora Donna Rita,https://www.hotelsdrop.com/hotel/dimora-donna-rita-arnesano
dimoralacupa@gmail.com,Dimora La Cupa,https://www.hotelsdrop.com/hotel/dimora-la-cupa-arnesano
info@lechiese.com,Le Chiese,https://www.hotelsdrop.com/hotel/le-chiese-arnesano
info@mattandre.it,Mattandrè B&B,https://www.hotelsdrop.com/hotel/mattandre-b-b-arnesano
info@villadinoi.it,Villa Di Noi,https://www.hotelsdrop.com/hotel/villa-di-noi-arnesano
alpebarchetto@gmail.com,Agriturismo Il Barchetto,https://www.hotelsdrop.com/hotel/agriturismo-il-barchetto-arola
info@bbmelizio.it,B&B Melizio,https://www.hotelsdrop.com/hotel/b-b-melizio-arola
info@whitelilac.it,"B&B White Lilac, Arona, Lago Maggiore",https://www.hotelsdrop.com/hotel/b-b-white-lilac-arona-lago-maggiore-arona
info@cavaediumarona.it,Cavaedium Guest House,https://www.hotelsdrop.com/hotel/cavaedium-guest-house-arona
info@efluxuryliving.it,EF Luxury Living B&B - Rooms and SPA,https://www.hotelsdrop.com/hotel/ef-luxury-living-b-b-rooms-and-spa-arpaia
info@piazzaromarooms.it,B&B Piazza Roma Rooms,https://www.hotelsdrop.com/hotel/b-b-piazza-roma-rooms-arpaise
info@igiardinidellacropoli.it,I Giardini Dell'Acropoli,https://www.hotelsdrop.com/hotel/i-giardini-dell-acropoli-arpino
info@tenutalafagiana.com,Tenuta La Fagiana,https://www.hotelsdrop.com/hotel/tenuta-la-fagiana-arpino
info@lavalledelleaquile.com,Agriturismo la Valle delle Aquile,https://www.hotelsdrop.com/hotel/agriturismo-la-valle-delle-aquile-arquata-del-tronto
info@lecastellare.it,Agriturismo le Castellare,https://www.hotelsdrop.com/hotel/agriturismo-le-castellare-arquata-del-tronto
info@monteveletta.it,Agriturismo Monte Veletta,https://www.hotelsdrop.com/hotel/agriturismo-monte-veletta-arquata-del-tronto
info@ilporticohotel.com,Albergo Il Portico Ristorante Pizzeria,https://www.hotelsdrop.com/hotel/albergo-il-portico-ristorante-pizzeria-arquata-scrivia
lafortezzadigavi@gmail.com,B&B - La Fortezza di Gavi,https://www.hotelsdrop.com/hotel/b-b-la-fortezza-di-gavi-arquata-scrivia
info@cascinadegliulivi.it,Cascina degli Ulivi,https://www.hotelsdrop.com/hotel/cascina-degli-ulivi-arquata-scrivia
info@lapradellina.it,La Pradellina B&B Arquata Scrivia Allevamento Jack Russell Terrier e Australian Cattle Dog,https://www.hotelsdrop.com/hotel/la-pradellina-b-b-arquata-scrivia-allevamento-ja-arquata-scrivia
info@locandadeldaino.com,Locanda Del Daino #casadicaccia,https://www.hotelsdrop.com/hotel/locanda-del-daino-casadicaccia-arquata-scrivia
amarasresidence@libero.it,ViaBasso11 Guest House,https://www.hotelsdrop.com/hotel/viabasso11-guest-house-arquata-scrivia
villaparadiso75@gmail.com,Villa Paradiso Charme&Design,https://www.hotelsdrop.com/hotel/villa-paradiso-charme-design-arquata-scrivia
agriturismo@borgobuzzaccarini.it,Agriturismo Borgo Buzzaccarini Rocca di Castello,https://www.hotelsdrop.com/hotel/agriturismo-borgo-buzzaccarini-rocca-di-castello-arqu-petrarca
contatti@hhpetrarca.com,Holiday house Petrarca,https://www.hotelsdrop.com/hotel/holiday-house-petrarca-arqu-petrarca
info@borgopetrarca.it,Locazione Turistica Borgo Petrarca,https://www.hotelsdrop.com/hotel/locazione-turistica-borgo-petrarca-arqu-petrarca
info@locazioneturisticalagiuggiola.it,Locazione Turistica La Giuggiola,https://www.hotelsdrop.com/hotel/locazione-turistica-la-giuggiola-arqu-petrarca
info@agriturismoiquarti.com,Agriturismo I Quarti,https://www.hotelsdrop.com/hotel/agriturismo-i-quarti-arqu-polesine
kastel@kastel.com,B&B Casa dell’Alma,https://www.hotelsdrop.com/hotel/b-b-casa-dell-alma-arqu-polesine
daniela.occhiali@libero.it,B&B Il giardino segreto,https://www.hotelsdrop.com/hotel/b-b-il-giardino-segreto-arqu-polesine
allacommenda@libero.it,Bed & Breakfast Alla Commenda,https://www.hotelsdrop.com/hotel/bed-breakfast-alla-commenda-arqu-polesine
mansofra@libero.it,"Bed and Breakfast "" da Zio Gianni """,https://www.hotelsdrop.com/hotel/bed-and-breakfast-da-zio-gianni-arqu-polesine
support@centralstay.eu,Casa Alice,https://www.hotelsdrop.com/hotel/casa-alice-arqu-polesine
info@bordeghina.it,La Bordeghina,https://www.hotelsdrop.com/hotel/la-bordeghina-arqu-polesine
info@motelkaribe.it,Motel Karibe,https://www.hotelsdrop.com/hotel/motel-karibe-arqu-polesine
info@torredelpo.it,Torre del Po,https://www.hotelsdrop.com/hotel/torre-del-po-arqu-polesine
info@ca-sagredo.it,Cà Sagredo Alloggi,https://www.hotelsdrop.com/hotel/ca-sagredo-alloggi-arre
info@albergolanterna.it,Hotel Lanterna,https://www.hotelsdrop.com/hotel/hotel-lanterna-arre
info@viviilborgo.com,Borgo San Valentino,https://www.hotelsdrop.com/hotel/borgo-san-valentino-arrone
info@casaperferiesanbernardino.it,Convento San Bernardino,https://www.hotelsdrop.com/hotel/convento-san-bernardino-arrone
info@guesthouseruncini.com,Guesthouse Runcini,https://www.hotelsdrop.com/hotel/guesthouse-runcini-arrone
info@hotelvilladesantis.it,Hotel Villa De Santis,https://www.hotelsdrop.com/hotel/hotel-villa-de-santis-arrone
info@ilcasolaredellacascata.com,Il Casolare della Cascata,https://www.hotelsdrop.com/hotel/il-casolare-della-cascata-arrone
susannamatteucci@libero.it,La Magnolia b&b come a casa tua,https://www.hotelsdrop.com/hotel/la-magnolia-b-b-come-a-casa-tua-arrone
mulinonera@gmail.com,Ristorante Locanda Mulino Nera,https://www.hotelsdrop.com/hotel/ristorante-locanda-mulino-nera-arrone
605a7baede844d278b89dc95ae0a9123@sentry-next.wixpress.com,B&B campagnoli CIN IT012123C1GP3K8AET,https://www.hotelsdrop.com/hotel/b-b-campagnoli-cin-it012123c1gp3k8aet-arsago-seprio
605a7baede844d278b89dc95ae0a9123@sentry-next.wixpress.com,Garzonera Agriturismo e Scuderia,https://www.hotelsdrop.com/hotel/garzonera-agriturismo-e-scuderia-arsago-seprio
info@damarco.net,Albergo Ristorante Da Marco al Cerbaro,https://www.hotelsdrop.com/hotel/albergo-ristorante-da-marco-al-cerbaro-arsiero
info@ilcapriolofelice.it,Il Capriolo Felice - Agriturismo,https://www.hotelsdrop.com/hotel/il-capriolo-felice-agriturismo-arsiero
info@ilgirasoleabruzzo.it,B&B Il Girasole,https://www.hotelsdrop.com/hotel/b-b-il-girasole-arsita
info@bbcolledegliangeli.it,Colle degli Angeli,https://www.hotelsdrop.com/hotel/colle-degli-angeli-arsita
info@ilparcodeipoeti.it,Il Parco dei Poeti Bed & Breakfast,https://www.hotelsdrop.com/hotel/il-parco-dei-poeti-bed-breakfast-arsita
info@bedandwellness.net,Bed & Wellness Fisterre,https://www.hotelsdrop.com/hotel/bed-wellness-fisterre-arsi
info@cadorhotel.it,Càdor Hotel,https://www.hotelsdrop.com/hotel/cador-hotel-arsi
info@bedandwellness.net,Sky Garden & Wellness R.,https://www.hotelsdrop.com/hotel/sky-garden-wellness-r-arsi
support@centralstay.eu,B&B Ad Un Passo Dal Cielo,https://www.hotelsdrop.com/hotel/b-b-ad-un-passo-dal-cielo-arsoli
info@casadiorazio.it,B&B Casa di Orazio,https://www.hotelsdrop.com/hotel/b-b-casa-di-orazio-arsoli
lavieenrosebuja@gmail.com,La Vie en Rose B&B,https://www.hotelsdrop.com/hotel/la-vie-en-rose-b-b-artegna
info@bbdellartista.it,B&B dell'Artista,https://www.hotelsdrop.com/hotel/b-b-dell-artista-artena
falcoeulivo@gmail.com,B&B IL Falco e l'Ulivo,https://www.hotelsdrop.com/hotel/b-b-il-falco-e-l-ulivo-artena
amministrazione@hostngo.it,HOST'n GO,https://www.hotelsdrop.com/hotel/host-n-go-artena
info@bblateiera.com,"B & B ""La Teiera""",https://www.hotelsdrop.com/hotel/b-b-la-teiera-artogne
alcortile.delbertolet@gmail.com,B&B Al Cortile del Bertolet,https://www.hotelsdrop.com/hotel/b-b-al-cortile-del-bertolet-artogne
info@lepateghe.it,B&B Le Pateghe,https://www.hotelsdrop.com/hotel/b-b-le-pateghe-artogne
beausejour114@gmail.com,Hôtel Beau Séjour,https://www.hotelsdrop.com/hotel/hotel-beau-sejour-arvier
info@hotelcoldumont.com,Hotel Col Du Mont,https://www.hotelsdrop.com/hotel/hotel-col-du-mont-arvier
hsn@libero.it,HOTEL SAINT NICOLAS,https://www.hotelsdrop.com/hotel/hotel-saint-nicolas-arvier
info@langolinodibonny.it,L'angolino di Bonny,https://www.hotelsdrop.com/hotel/l-angolino-di-bonny-arvier
605a7baede844d278b89dc95ae0a9123@sentry-next.wixpress.com,View of the vineyards,https://www.hotelsdrop.com/hotel/view-of-the-vineyards-arvier
info@hotelmeubleolimpia.it,Hotel Olimpia,https://www.hotelsdrop.com/hotel/hotel-olimpia-arzachena
info@hotelpedrasanta.com,Hotel Pedra Santa,https://www.hotelsdrop.com/hotel/hotel-pedra-santa-arzachena
info@stazzoluciaccaru.it,Stazzo Lu Ciaccaru,https://www.hotelsdrop.com/hotel/stazzo-lu-ciaccaru-arzachena
info@il-loto.com,BED AND BREAKFAST CON BAGNO PRIVATO,https://www.hotelsdrop.com/hotel/bed-and-breakfast-con-bagno-privato-arzago-d-adda
hotel.treviglio@gmail.com,Hotel Treviglio,https://www.hotelsdrop.com/hotel/hotel-treviglio-arzago-d-adda
support@centralstay.eu,Affittacamere il Vicoletto Aria Ona,https://www.hotelsdrop.com/hotel/affittacamere-il-vicoletto-aria-ona-arzana
lacortedeibaroni@gmail.com,B&B La Corte Dei Baroni,https://www.hotelsdrop.com/hotel/b-b-la-corte-dei-baroni-arzana
bebruinas23@gmail.com,B&B Ruinas,https://www.hotelsdrop.com/hotel/b-b-ruinas-arzana
info@cantosesonos.com,Cantos & Sonos,https://www.hotelsdrop.com/hotel/cantos-sonos-arzana
info@anticaposada.com,Hotel Antica Posada,https://www.hotelsdrop.com/hotel/hotel-antica-posada-arzana
hoteldeitacchi@gmail.com,Hotel Dei Tacchi,https://www.hotelsdrop.com/hotel/hotel-dei-tacchi-arzana
support@hotelmarieclaire.com,HOTEL MARIE CLAIRE,https://www.hotelsdrop.com/hotel/hotel-marie-claire-arzana
hotelilnidodellaquila@gmail.com,Hotel Ristorante Il Nido Dell'Aquila,https://www.hotelsdrop.com/hotel/hotel-ristorante-il-nido-dell-aquila-arzana
info@hotel-santefisio.com,Hotel Sant'Efisio,https://www.hotelsdrop.com/hotel/hotel-sant-efisio-arzana
redabbahouse@gmail.com,Redabba House - Rifugio naturalistico esperienziale in Ogliastra,https://www.hotelsdrop.com/hotel/redabba-house-rifugio-naturalistico-esperienzial-arzana
info@fattoriaalvaneta.it,Fattoria Alvaneta,https://www.hotelsdrop.com/hotel/fattoria-alvaneta-arzano
hoteldatoni@virgilio.it,Hotel Ristorante da Toni,https://www.hotelsdrop.com/hotel/hotel-ristorante-da-toni-arzergrande
605a7baede844d278b89dc95ae0a9123@sentry-next.wixpress.com,Il Farfasole,https://www.hotelsdrop.com/hotel/il-farfasole-arzergrande
info@cortediemma.it,Corte Di Emma,https://www.hotelsdrop.com/hotel/corte-di-emma-arzignano
m.fracasso71@gmail.com,el Canfin,https://www.hotelsdrop.com/hotel/el-canfin-arzignano
info@ilcentenario.com,Affittacamere Il Centenario,https://www.hotelsdrop.com/hotel/affittacamere-il-centenario-ascea
info@agriturismoilpozzo.it,Agriturismo il Pozzo,https://www.hotelsdrop.com/hotel/agriturismo-il-pozzo-ascea
info@terradielea.it,Agriturismo Terra di Elea,https://www.hotelsdrop.com/hotel/agriturismo-terra-di-elea-ascea
info@lachianarella.com,B&B La Chianarella,https://www.hotelsdrop.com/hotel/b-b-la-chianarella-ascea
prenotazioni@villamaredona.it,Hotel Villa Mar@dona,https://www.hotelsdrop.com/hotel/hotel-villa-mar-dona-ascea
info@lacasasulblu.it,La Casa sul Blu,https://www.hotelsdrop.com/hotel/la-casa-sul-blu-ascea
info@palazzodelbaglivo.it,Palazzo del Baglivo Hotel & Spa Cilento,https://www.hotelsdrop.com/hotel/palazzo-del-baglivo-hotel-spa-cilento-ascea
info@residencevillalaura.it,Villa Laura Residence Hotel Apartments & Studios,https://www.hotelsdrop.com/hotel/villa-laura-residence-hotel-apartments-studios-ascea
ilquadrifoglio_osteria@yahoo.com,Acetylene B&B,https://www.hotelsdrop.com/hotel/acetylene-b-b-asciano
info@dipinture.it,Agriturismo Dipinture,https://www.hotelsdrop.com/hotel/agriturismo-dipinture-asciano
info@homestoscana.com,Agriturismo Monte Oliveto Maggiore,https://www.hotelsdrop.com/hotel/agriturismo-monte-oliveto-maggiore-asciano
info@alle-terme.com,Alle Terme B&B Bio Rooms,https://www.hotelsdrop.com/hotel/alle-terme-b-b-bio-rooms-asciano
mailing@anticogranaione.com,Antico Granaione B&B Residenza d'Epoca IT052026B9LCNLYMEY,https://www.hotelsdrop.com/hotel/antico-granaione-b-b-residenza-d-epoca-it052026b-asciano
info@casatitty.com,Bed and Breakfast Casa Titty,https://www.hotelsdrop.com/hotel/bed-and-breakfast-casa-titty-asciano
andrea.cirina@mail.polimi.it,La Stalla de La Costa,https://www.hotelsdrop.com/hotel/la-stalla-de-la-costa-asciano
info@mirasolutions.it,B&B Domus Florea Ascoli,https://www.hotelsdrop.com/hotel/b-b-domus-florea-ascoli-ascoli-piceno
culla.sabini@yahoo.it,B&B La culla dei Sabini,https://www.hotelsdrop.com/hotel/b-b-la-culla-dei-sabini-ascoli-piceno
formagiunina@gmail.com,B&B Stella,https://www.hotelsdrop.com/hotel/b-b-stella-ascoli-piceno
arengobb@gmail.com,Bed & Breakfast L'Arengo,https://www.hotelsdrop.com/hotel/bed-breakfast-l-arengo-ascoli-piceno
bedandbreakfast700@gmail.com,Luxury B&B '700,https://www.hotelsdrop.com/hotel/luxury-b-b-700-ascoli-piceno
coopdauniaservice@libero.it,Affittacamere Number 1,https://www.hotelsdrop.com/hotel/affittacamere-number-1-ascoli-satriano
info@allacortedelduca.it,B&B Alla Corte del Duca,https://www.hotelsdrop.com/hotel/b-b-alla-corte-del-duca-ascoli-satriano
support@centralstay.eu,Le Stanze del Castello b&b,https://www.hotelsdrop.com/hotel/le-stanze-del-castello-b-b-ascoli-satriano
info@laripa.com,Agriturismo La Ripa,https://www.hotelsdrop.com/hotel/agriturismo-la-ripa-ascrea
info@laterrazzasufarfa.com,Agriturismo La Terrazza su Farfa,https://www.hotelsdrop.com/hotel/agriturismo-la-terrazza-su-farfa-ascrea
agriturismolecascinecdt@gmail.com,Agriturismo Le Cascine,https://www.hotelsdrop.com/hotel/agriturismo-le-cascine-ascrea
bebinsabina@gmail.com,B&B In Sabina,https://www.hotelsdrop.com/hotel/b-b-in-sabina-ascrea
605a7baede844d278b89dc95ae0a9123@sentry-next.wixpress.com,B&B Nonna Assunta,https://www.hotelsdrop.com/hotel/b-b-nonna-assunta-ascrea
ceraunavoltaffittacamere@gmail.com,C'era Una Volta Guest House Affittacamere,https://www.hotelsdrop.com/hotel/c-era-una-volta-guest-house-affittacamere-ascrea
info@stella-alpina-fontanelle.it,B&B Stella Alpina,https://www.hotelsdrop.com/hotel/b-b-stella-alpina-asiago
prenotazioni@begale.it,Begale - Rifugio Urbano - Appartamenti,https://www.hotelsdrop.com/hotel/begale-rifugio-urbano-appartamenti-asiago
info@sportingvillagemondina.it,La Mondina,https://www.hotelsdrop.com/hotel/la-mondina-asigliano-vercellese
info@bebconcaverde.com,B&B Conca Verde,https://www.hotelsdrop.com/hotel/b-b-conca-verde-asola
matteus@pcert.it,Hotel Ristorante Nuvole,https://www.hotelsdrop.com/hotel/hotel-ristorante-nuvole-asola
info@alreparo.it,Al Reparo,https://www.hotelsdrop.com/hotel/al-reparo-asolo
loris.spagnolo@gmail.com,B&B ANTICO MAGLIO,https://www.hotelsdrop.com/hotel/b-b-antico-maglio-asolo
martinasgarbossa.1@gmail.com,B&B La Fabbrica delle Idee,https://www.hotelsdrop.com/hotel/b-b-la-fabbrica-delle-idee-asolo
info@bbsweetdreams.it,B&B SWEET DREAMS,https://www.hotelsdrop.com/hotel/b-b-sweet-dreams-asolo
info@baroneasolo.it,Barone d'Asolo Country House Bed Breakfast Ristorazione,https://www.hotelsdrop.com/hotel/barone-d-asolo-country-house-bed-breakfast-risto-asolo
info@centorizzonti.com,Il Molino - Centorizzonti,https://www.hotelsdrop.com/hotel/il-molino-centorizzonti-asolo
info.npimmobiliare@gmail.com,Residenza Dante Asolo B&B,https://www.hotelsdrop.com/hotel/residenza-dante-asolo-b-b-asolo
info@villaflangini.it,Villa Flangini,https://www.hotelsdrop.com/hotel/villa-flangini-asolo
bottondorodue@pec.it,B&B Botton D’Oro 2,https://www.hotelsdrop.com/hotel/b-b-botton-d-oro-2-assago
info@ristorantedakico.it,Ristorante da Kico,https://www.hotelsdrop.com/hotel/ristorante-da-kico-assago
info@bebmartina.it,B&B Martina - Assemini - vicino Aeroporto Cagliari,https://www.hotelsdrop.com/hotel/b-b-martina-assemini-vicino-aeroporto-cagliari-assemini
eosanna@gmail.com,B&B Relaxing Spaces,https://www.hotelsdrop.com/hotel/b-b-relaxing-spaces-assemini
info@corteboero.com,Corte Boero Bed&Breakfast - Eventi,https://www.hotelsdrop.com/hotel/corte-boero-bed-breakfast-eventi-assemini
info@mansioresidence.it,Mansio Airport Hotel & Residence,https://www.hotelsdrop.com/hotel/mansio-airport-hotel-residence-assemini
villamostallino@gmail.com,Villa Mostallino Affittacamere,https://www.hotelsdrop.com/hotel/villa-mostallino-affittacamere-assemini
info@lapiaggia.it,Agriturismo La Piaggia - Assisi,https://www.hotelsdrop.com/hotel/agriturismo-la-piaggia-assisi-assisi
lavandaerosmarino@gmail.com,B&B Lavanda e Rosmarino,https://www.hotelsdrop.com/hotel/b-b-lavanda-e-rosmarino-assisi
info@laviafrancigena-assisi.it,Bed and Breakfast - La Via Francigena - Assisi,https://www.hotelsdrop.com/hotel/bed-and-breakfast-la-via-francigena-assisi-assisi
domusmariae.assisi@gmail.com,Domus Mariae B&B Assisi,https://www.hotelsdrop.com/hotel/domus-mariae-b-b-assisi-assisi
pallotta@pallottaassisi.it,Hotel Pallotta Assisi,https://www.hotelsdrop.com/hotel/hotel-pallotta-assisi-assisi
ilfienilediassisi@gmail.com,Il Fienile Di Assisi,https://www.hotelsdrop.com/hotel/il-fienile-di-assisi-assisi
info@villaclara-assisi.it,Villa Clara Assisi,https://www.hotelsdrop.com/hotel/villa-clara-assisi-assisi
info@villaluceassisi.it,Villa Luce Assisi Rooms & Suites,https://www.hotelsdrop.com/hotel/villa-luce-assisi-rooms-suites-assisi
info@crottodisomana.it,Agriturismo Crotto Di Somana,https://www.hotelsdrop.com/hotel/agriturismo-crotto-di-somana-asso
info@bbalpozzo.net,b&b Al Pozzo,https://www.hotelsdrop.com/hotel/b-b-al-pozzo-asso
lapusianella@gmail.com,B&B La Pusianella,https://www.hotelsdrop.com/hotel/b-b-la-pusianella-asso
info@hotelsaracaglio.it,Sara Hotel,https://www.hotelsdrop.com/hotel/sara-hotel-asso
orrumarcella85@gmail.com,Is Coronas affittacamere,https://www.hotelsdrop.com/hotel/is-coronas-affittacamere-assolo
info@bebstazionedittaino.it,B&B Stazione Dittaino,https://www.hotelsdrop.com/hotel/b-b-stazione-dittaino-assoro
massimorosso75@virgilio.it,B&B Casa del Ventiniere,https://www.hotelsdrop.com/hotel/b-b-casa-del-ventiniere-asti
desderibooking@outlook.com,Cascina Desderi Società Semplice Agricola,https://www.hotelsdrop.com/hotel/cascina-desderi-societa-semplice-agricola-asti
info.ospiti@lacarolina.it,Guest House La Carolina,https://www.hotelsdrop.com/hotel/guest-house-la-carolina-asti
info@albergoetico.asti.it,Hotel Asti Albergo Etico,https://www.hotelsdrop.com/hotel/hotel-asti-albergo-etico-asti
info@lacasa-celeste.com,"La Casa Celeste B&B - Asti, Italy",https://www.hotelsdrop.com/hotel/la-casa-celeste-b-b-asti-italy-asti
info@hexcelsior.com,Hotel Excelsior,https://www.hotelsdrop.com/hotel/hotel-excelsior-ateleta
booking@ilperoateleta.it,Il Pero Ateleta bed and relax,https://www.hotelsdrop.com/hotel/il-pero-ateleta-bed-and-relax-ateleta
alessio_minniti@yahoo.it,Azienda Agrituristica Rupe delle Sorbe,https://www.hotelsdrop.com/hotel/azienda-agrituristica-rupe-delle-sorbe-atella
ruvolatorre@gmail.com,B&B La Torre,https://www.hotelsdrop.com/hotel/b-b-la-torre-atella
bblatorre2013@tiscali.it,Bed & Breakfast La Torre,https://www.hotelsdrop.com/hotel/bed-breakfast-la-torre-atella
palazzobadiale@gmail.com,Palazzo Badiale History&Rooms,https://www.hotelsdrop.com/hotel/palazzo-badiale-history-rooms-atella
torreserena@hotmail.com,Torre Serena B&B,https://www.hotelsdrop.com/hotel/torre-serena-b-b-atella
info@villamartinapia.com,VILLA MARTINA PIA B&B,https://www.hotelsdrop.com/hotel/villa-martina-pia-b-b-atella
info@maliandi.it,1 e Resort Agriturismo Maliandi,https://www.hotelsdrop.com/hotel/1-e-resort-agriturismo-maliandi-atena-lucana
info@domusotium.it,Agriturismo Domus Otium,https://www.hotelsdrop.com/hotel/agriturismo-domus-otium-atena-lucana
info@amberhotel.it,Amber Hotel Italy,https://www.hotelsdrop.com/hotel/amber-hotel-italy-atessa
info@ospitati.it,Ospitati - B&B Sangro,https://www.hotelsdrop.com/hotel/ospitati-b-b-sangro-atessa
info@iciacca.com,Albergo Sotto le Stelle,https://www.hotelsdrop.com/hotel/albergo-sotto-le-stelle-atina
info@villavisocchi.com,Villa Visocchi B&B,https://www.hotelsdrop.com/hotel/villa-visocchi-b-b-atina
hello@amalfi.day,CristallPont: Amalfi.Day,https://www.hotelsdrop.com/hotel/cristallpont-amalfi-day-atrani
bbtiopepe@gmail.com,B&B TIO PEPE 1,https://www.hotelsdrop.com/hotel/b-b-tio-pepe-1-atri
info@laquerciabio.com,BioAgriturismo La Quercia,https://www.hotelsdrop.com/hotel/bioagriturismo-la-quercia-atri
casaincentrostorico@gmail.com,Casa in centro storico Atri - Locazione Turistica,https://www.hotelsdrop.com/hotel/casa-in-centro-storico-atri-locazione-turistica-atri
informazioni@hotelitalia.org,Hotel Italia,https://www.hotelsdrop.com/hotel/hotel-italia-atri
support@centralstay.eu,La finestra sul cortile,https://www.hotelsdrop.com/hotel/la-finestra-sul-cortile-atri
info@bellavigna.it,Bellavigna Country House,https://www.hotelsdrop.com/hotel/bellavigna-country-house-atripalda
info@lequercebomarzo.it,Agriturismo Le Querce,https://www.hotelsdrop.com/hotel/agriturismo-le-querce-attigliano
info@hotel-lazio.it,Hotel Lazio Ristorante,https://www.hotelsdrop.com/hotel/hotel-lazio-ristorante-attigliano
agri.clochiatti@gmail.com,Agriturismo Clochiatti,https://www.hotelsdrop.com/hotel/agriturismo-clochiatti-attimis
info@borgodiponte.it,Borgo di Ponte Holiday Apartments & Rooms,https://www.hotelsdrop.com/hotel/borgo-di-ponte-holiday-apartments-rooms-attimis
daiminisins@gmail.com,Dai Minisins,https://www.hotelsdrop.com/hotel/dai-minisins-attimis
605a7baede844d278b89dc95ae0a9123@sentry-next.wixpress.com,La Vrata Gialla - B&B Taipana,https://www.hotelsdrop.com/hotel/la-vrata-gialla-b-b-taipana-attimis
laplazaollolai@gmail.com,La Plaza Affittacamere Ollolai,https://www.hotelsdrop.com/hotel/la-plaza-affittacamere-ollolai-atzara
info@gardenholiday-bb.it,B&B Garden Holiday,https://www.hotelsdrop.com/hotel/b-b-garden-holiday-augusta
info@bebrucoli.com,B&Brucoli,https://www.hotelsdrop.com/hotel/b-brucoli-augusta
hotel@cittadellanotte.com,"Città della Notte - hotel tra Catania e Siracusa, Sicily hotel, cinema multisala, teatro, sala congressi, discoteca.",https://www.hotelsdrop.com/hotel/citta-della-notte-hotel-tra-catania-e-siracusa-s-augusta
iltriangolohotel@gmail.com,Il Triangolo Hotel,https://www.hotelsdrop.com/hotel/il-triangolo-hotel-augusta
torricellifabio@libero.it,B&B Anastasia,https://www.hotelsdrop.com/hotel/b-b-anastasia-auletta
info@palazzosabini.it,Palazzo Sabini,https://www.hotelsdrop.com/hotel/palazzo-sabini-auletta
bnbtorredisancaprasio@gmail.com,B&B Aulla Torre di San Caprasio,https://www.hotelsdrop.com/hotel/b-b-aulla-torre-di-san-caprasio-aulla
info@bedandbreakfastcadrecca.it,B&B Cadrecca Tra Terra Luna e Mare,https://www.hotelsdrop.com/hotel/b-b-cadrecca-tra-terra-luna-e-mare-aulla
infoeremodeipoeti@gmail.com,Villa Borgo degli artisti boutique rooms,https://www.hotelsdrop.com/hotel/villa-borgo-degli-artisti-boutique-rooms-aulla
lombardinisabrina83@icloud.com,Agriturismo casa Ferrari,https://www.hotelsdrop.com/hotel/agriturismo-casa-ferrari-aurigo
info@olioarmato.it,Agriturismo Nonni Devia,https://www.hotelsdrop.com/hotel/agriturismo-nonni-devia-aurigo
sanmicheledolcedo@gmail.com,Agriturismo San Michele,https://www.hotelsdrop.com/hotel/agriturismo-san-michele-aurigo
info@rifugiocardella.com,Ca' da Cardella,https://www.hotelsdrop.com/hotel/ca-da-cardella-aurigo
cascione@casevacanzegliulivi.it,Case Vacanze Gli Ulivi,https://www.hotelsdrop.com/hotel/case-vacanze-gli-ulivi-aurigo
info@ilpoggiodimaro.it,Il Poggio di Maro',https://www.hotelsdrop.com/hotel/il-poggio-di-maro-aurigo
info@secretgardens.it,Secret Gardens B&B,https://www.hotelsdrop.com/hotel/secret-gardens-b-b-aurigo
turappartamenti@libero.it,B&B Al Castel,https://www.hotelsdrop.com/hotel/b-b-al-castel-auronzo-di-cadore
bucanevebeb@gmail.com,B&B Il Bucaneve,https://www.hotelsdrop.com/hotel/b-b-il-bucaneve-auronzo-di-cadore
info@meublegiustina.it,B&b Meuble Bar Giustina,https://www.hotelsdrop.com/hotel/b-b-meuble-bar-giustina-auronzo-di-cadore
info@dolomitirossodisera.com,B&B Rossodisera,https://www.hotelsdrop.com/hotel/b-b-rossodisera-auronzo-di-cadore
bblacoa@gmail.com,Bed&Breakfast Bar La Coa,https://www.hotelsdrop.com/hotel/bed-breakfast-bar-la-coa-auronzo-di-cadore
belvedereauronzo@gmail.com,Belvedere Alloggio Turistico,https://www.hotelsdrop.com/hotel/belvedere-alloggio-turistico-auronzo-di-cadore
info@cedavecia.it,Cedavécia Bed & Breakfast,https://www.hotelsdrop.com/hotel/cedavecia-bed-breakfast-auronzo-di-cadore
auronzo.dolomites@melia.com,"Hotel Auronzo Dolomites, Affiliated by Meliá",https://www.hotelsdrop.com/hotel/hotel-auronzo-dolomites-affiliated-by-melia-auronzo-di-cadore
info@lecrodeauronzo.it,Le Crode Auronzo,https://www.hotelsdrop.com/hotel/le-crode-auronzo-auronzo-di-cadore
info@tenutadelvarco.it,"AZIENDA AGRITURISTICA ""LA TENUTA DEL FALCO""",https://www.hotelsdrop.com/hotel/azienda-agrituristica-la-tenuta-del-falco-ausonia
info@bbholidayformia.it,B&B Holiday Formia beach,https://www.hotelsdrop.com/hotel/b-b-holiday-formia-beach-ausonia
bedandbreakfastleterrazze@yahoo.it,B&B Le Terrazze,https://www.hotelsdrop.com/hotel/b-b-le-terrazze-ausonia
alessiofusco84@gmail.com,B&B Nonna Elvira,https://www.hotelsdrop.com/hotel/b-b-nonna-elvira-ausonia
infocasafratellicastelli@gmail.com,Bed & Breakfast Casa Fratelli Castelli,https://www.hotelsdrop.com/hotel/bed-breakfast-casa-fratelli-castelli-ausonia
info@hotel-ausonia.com,Hotel Ausonia,https://www.hotelsdrop.com/hotel/hotel-ausonia-ausonia
hotelmariacristina74@gmail.com,Hotel Maria Cristina 2 stelle,https://www.hotelsdrop.com/hotel/hotel-maria-cristina-2-stelle-ausonia
anitacalza.ac@gmail.com,ANITA B&B,https://www.hotelsdrop.com/hotel/anita-b-b-avegno
iglicini@yahoo.it,B&B I glicini,https://www.hotelsdrop.com/hotel/b-b-i-glicini-avegno
info@passoselvatico.it,B&B Passo Selvatico,https://www.hotelsdrop.com/hotel/b-b-passo-selvatico-avegno
info@crazysuites.it,Crazy Suites,https://www.hotelsdrop.com/hotel/crazy-suites-avella
yourfavoriteroom@libero.it,Favorite room,https://www.hotelsdrop.com/hotel/favorite-room-avella
info@ghekale.it,Ghe Kale' Resort,https://www.hotelsdrop.com/hotel/ghe-kale-resort-avella
lacontessa.hotel@gmail.com,B&B Torrette,https://www.hotelsdrop.com/hotel/b-b-torrette-avellino
info@villaantinea.it,Bed & Breakfast Villa Antinea,https://www.hotelsdrop.com/hotel/bed-breakfast-villa-antinea-avellino
info@ilpostoaccanto.it,Il Posto Accanto,https://www.hotelsdrop.com/hotel/il-posto-accanto-avellino
info@hoteladler-foppolo.it,Hotel Adler,https://www.hotelsdrop.com/hotel/hotel-adler-averara
info@bbdimoranormanna.it,B&B Dimora Normanna,https://www.hotelsdrop.com/hotel/b-b-dimora-normanna-aversa
info@rigeneraspa.com,B&B Sognando Vietri e Spa esclusiva,https://www.hotelsdrop.com/hotel/b-b-sognando-vietri-e-spa-esclusiva-aversa
hoasuites@gmail.com,Hoa Suites,https://www.hotelsdrop.com/hotel/hoa-suites-aversa
info@laresilienzarelais.it,La Resilienza Relais,https://www.hotelsdrop.com/hotel/la-resilienza-relais-aversa
lechiavidipolidoro@gmail.com,le chiavi di polidoro,https://www.hotelsdrop.com/hotel/le-chiavi-di-polidoro-aversa
tenutadonalfondo@gmail.com,Tenuta Don Alfonso,https://www.hotelsdrop.com/hotel/tenuta-don-alfonso-aversa
support@centralstay.eu,B&B Cala del Conte,https://www.hotelsdrop.com/hotel/b-b-cala-del-conte-avetrana
info@bedlargoimperiali.it,Bed&Breakfast Largo Imperiali,https://www.hotelsdrop.com/hotel/bed-breakfast-largo-imperiali-avetrana
ctpro@ctpro.it,HOTEL CARAIBISIACO PUGLIA SUL MARE IONIO,https://www.hotelsdrop.com/hotel/hotel-caraibisiaco-puglia-sul-mare-ionio-avetrana
info@japigiadomus.it,La Vetrana Rooms | JD Vacanze,https://www.hotelsdrop.com/hotel/la-vetrana-rooms-jd-vacanze-avetrana
support@centralstay.eu,Li Caseddi ti lu Cesarinu,https://www.hotelsdrop.com/hotel/li-caseddi-ti-lu-cesarinu-avetrana
site@masserialaporticella.it,Masseria La Porticella,https://www.hotelsdrop.com/hotel/masseria-la-porticella-avetrana
info@palazzomancini.it,Palazzo Mancini,https://www.hotelsdrop.com/hotel/palazzo-mancini-avetrana
info@relaismarlene.it,B&B Relais Marlene,https://www.hotelsdrop.com/hotel/b-b-relais-marlene-avezzano
pitarienrico@gmail.com,B&B' Tra i due Parchi',https://www.hotelsdrop.com/hotel/b-b-tra-i-due-parchi-avezzano
support@centralstay.eu,Il Risorgimento Avezzano,https://www.hotelsdrop.com/hotel/il-risorgimento-avezzano-avezzano
avianresidenze@coopacli.it,Avianresidenze,https://www.hotelsdrop.com/hotel/avianresidenze-aviano
villaorsolina@libero.it,Bed & Breakfast Villa Orsolina,https://www.hotelsdrop.com/hotel/bed-breakfast-villa-orsolina-aviano
info@smartresidenceaviano.it,Smart Residence Aviano,https://www.hotelsdrop.com/hotel/smart-residence-aviano-aviano
info@agriturismolafontanabg.it,Agriturismo La Fontana,https://www.hotelsdrop.com/hotel/agriturismo-la-fontana-aviatico
info@albergorelax.it,Albergo Relax di Razzetti C. Sas,https://www.hotelsdrop.com/hotel/albergo-relax-di-razzetti-c-sas-aviatico
ghilardiezio@gmail.com,B&B Casa Arcangeli,https://www.hotelsdrop.com/hotel/b-b-casa-arcangeli-aviatico
borgodoro.bergamo@gmail.com,Borgo d'Oro Loft CIN:It016024c17jkcaxkv,https://www.hotelsdrop.com/hotel/borgo-d-oro-loft-cin-it016024c17jkcaxkv-aviatico
info@cablewayroom.it,CableWayRoom Experience,https://www.hotelsdrop.com/hotel/cablewayroom-experience-aviatico
info@chaletdellagoavigliana.com,Hotel Chalet del Lago Avigliana,https://www.hotelsdrop.com/hotel/hotel-chalet-del-lago-avigliana-avigliana
info@ladimoradifederico.eu,"B&B ""La Dimora di Federico"" di Canestrini Vitina",https://www.hotelsdrop.com/hotel/b-b-la-dimora-di-federico-di-canestrini-vitina-avigliano
info@bblapigna.it,B&B La Pigna,https://www.hotelsdrop.com/hotel/b-b-la-pigna-avigliano
info@legemmelagopesole.it,B&B Le Gemme,https://www.hotelsdrop.com/hotel/b-b-le-gemme-avigliano
info@bebgianturco.it,Gianturco Bed & Breakfast,https://www.hotelsdrop.com/hotel/gianturco-bed-breakfast-avigliano
info@arcobb.it,L’Arco Bed&Breakfast,https://www.hotelsdrop.com/hotel/l-arco-bed-breakfast-avigliano
info@trecancellirooms.com,TRE CANCELLI ROOMS,https://www.hotelsdrop.com/hotel/tre-cancelli-rooms-avigliano
info@cerqueti.it,Agriturismo Cerqueti,https://www.hotelsdrop.com/hotel/agriturismo-cerqueti-avigliano-umbro
lazita1900@gmail.com,LaZita B&B,https://www.hotelsdrop.com/hotel/lazita-b-b-avigliano-umbro
info@villa-monica.it,Villa Monica,https://www.hotelsdrop.com/hotel/villa-monica-avio
info@bebluca76.com,B&B Luca76,https://www.hotelsdrop.com/hotel/b-b-luca76-avise
info@bbsarre.com,La vieille Meison de Pappa,https://www.hotelsdrop.com/hotel/la-vieille-meison-de-pappa-avise
info@maisonbovard.com,Maison Bovard,https://www.hotelsdrop.com/hotel/maison-bovard-avise
info@ermesicilia.it,B&B Ermes,https://www.hotelsdrop.com/hotel/b-b-ermes-avola
meliorarooms.it@gmail.com,B&B Meliora Rooms,https://www.hotelsdrop.com/hotel/b-b-meliora-rooms-avola
info@bbnonnanina.it,B&B Nonna Nina,https://www.hotelsdrop.com/hotel/b-b-nonna-nina-avola
info@pantanelloroomsavola.com,B&B Pantanello Rooms,https://www.hotelsdrop.com/hotel/b-b-pantanello-rooms-avola
serenazagarella1988@gmail.com,B&B Salvo e Terry,https://www.hotelsdrop.com/hotel/b-b-salvo-e-terry-avola
info@hotelvillaionia.it,Hotel Villa Ionia,https://www.hotelsdrop.com/hotel/hotel-villa-ionia-avola
hyblamajor@gmail.com,Hybla Major B&B,https://www.hotelsdrop.com/hotel/hybla-major-b-b-avola
touristicavaldinotorealestate@gmail.com,Il Moro Charming Rooms,https://www.hotelsdrop.com/hotel/il-moro-charming-rooms-avola
info@marricriu.it,Marricriu BeB Rooms and Pool Avola,https://www.hotelsdrop.com/hotel/marricriu-beb-rooms-and-pool-avola-avola
miramarerooms@gmail.com,Miramare Rooms,https://www.hotelsdrop.com/hotel/miramare-rooms-avola
info@shurhuq.com,Shurhuq | Ospitalità Siciliana,https://www.hotelsdrop.com/hotel/shurhuq-ospitalita-siciliana-avola
info@zanzibarholidayavola.it,Zanzi 's Charming Rooms,https://www.hotelsdrop.com/hotel/zanzi-s-charming-rooms-avola
locandadelbarco@santagatafossili.com,Locanda del Barco - Tenuta Bellingeri,https://www.hotelsdrop.com/hotel/locanda-del-barco-tenuta-bellingeri-avolasca
info@alpineforest.it,Alpine Forest Hotel,https://www.hotelsdrop.com/hotel/alpine-forest-hotel-ayas
info@hotelleriedemascognaz.com,Hotellerie de Mascognaz,https://www.hotelsdrop.com/hotel/hotellerie-de-mascognaz-ayas
welcome@fleurdesneiges.it,Le Fleur des neiges,https://www.hotelsdrop.com/hotel/le-fleur-des-neiges-ayas
service@holidu.com\,Alpine A&S CIR VDA AYMAVILLES n.0003,https://www.hotelsdrop.com/hotel/alpine-a-s-cir-vda-aymavilles-n-0003-aymavilles
info@adisartur.it,AdisArtur Elegant B&B,https://www.hotelsdrop.com/hotel/adisartur-elegant-b-b-azzanello
agriturismo@padernello.it,Agriturismo Padernello,https://www.hotelsdrop.com/hotel/agriturismo-padernello-azzanello
lacrota.asti@gmail.com,B&B La Crota,https://www.hotelsdrop.com/hotel/b-b-la-crota-azzano-d-asti
lanternadellefate@gmail.com,B&B Lanterna delle Fate,https://www.hotelsdrop.com/hotel/b-b-lanterna-delle-fate-azzano-d-asti
locandadeifiori@gmail.com,B&B Locanda dei fiori,https://www.hotelsdrop.com/hotel/b-b-locanda-dei-fiori-azzano-d-asti
info@locandadellasestafelicita.com,B&B Locanda della Sesta Felicità,https://www.hotelsdrop.com/hotel/b-b-locanda-della-sesta-felicita-azzano-d-asti
info.cajole@gmail.com,B&B Ca' Jole,https://www.hotelsdrop.com/hotel/b-b-ca-jole-azzano-decimo
veronicatacu1984@gmail.com,B&B Delta Majestic,https://www.hotelsdrop.com/hotel/b-b-delta-majestic-azzano-decimo
info@cameredamirna.it,Camere da Mirna di Claudio Piccolo,https://www.hotelsdrop.com/hotel/camere-da-mirna-di-claudio-piccolo-azzano-decimo
villayemaya83@gmail.com,Villa Yemaya,https://www.hotelsdrop.com/hotel/villa-yemaya-azzano-decimo
info@locandacrocevia.it,Bar Locanda Crocevia,https://www.hotelsdrop.com/hotel/bar-locanda-crocevia-azzano-mella
info@bresciabedandbreakfast.it,Bed And Breakfast la Terrazza,https://www.hotelsdrop.com/hotel/bed-and-breakfast-la-terrazza-azzano-mella
ristorantepizzeriaamalfitana@gmail.com,Hotel L'Amalfitana,https://www.hotelsdrop.com/hotel/hotel-l-amalfitana-azzano-mella
info@ilcolleappartamenti.it,Il Colle,https://www.hotelsdrop.com/hotel/il-colle-azzano-mella
alda1987@hotmail.it,B&B Aeroporto,https://www.hotelsdrop.com/hotel/b-b-aeroporto-azzano-san-paolo
casaleonardobgy@gmail.com,Casa Leonardo Airport,https://www.hotelsdrop.com/hotel/casa-leonardo-airport-azzano-san-paolo
info@elementsbeb.com,Elements B&B,https://www.hotelsdrop.com/hotel/elements-b-b-azzano-san-paolo
info@bebmansardapascoli.it,B&B Mansarda Pascoli,https://www.hotelsdrop.com/hotel/b-b-mansarda-pascoli-azzate
info@villacampodeifioribnbvarese.it,Villa Campo Dei Fiori B.B,https://www.hotelsdrop.com/hotel/villa-campo-dei-fiori-b-b-azzate
info@agriturismocampodeifiori.it,agriturismo campo dei fiori,https://www.hotelsdrop.com/hotel/agriturismo-campo-dei-fiori-azzio
info@ilcortile.biz,Il Cortile,https://www.hotelsdrop.com/hotel/il-cortile-azzio
incampagna@outlook.com,In Campagna,https://www.hotelsdrop.com/hotel/in-campagna-azzio
booking@icasamia.it,La Posteria by iCasamia,https://www.hotelsdrop.com/hotel/la-posteria-by-icasamia-azzio
picciocchicarla@gmail.com,Locanda del Brinsc,https://www.hotelsdrop.com/hotel/locanda-del-brinsc-azzio
7304521ostello4matte@gmail.com,Ostello Gardenia,https://www.hotelsdrop.com/hotel/ostello-gardenia-azzone
info@hotelmontegiove.com,Albergo Hotel Monte Giove,https://www.hotelsdrop.com/hotel/albergo-hotel-monte-giove-baceno
albergo.panorama2023@gmail.com,Albergo Panorama,https://www.hotelsdrop.com/hotel/albergo-panorama-baceno
info@casatoma.it,B&B Casa Tomà,https://www.hotelsdrop.com/hotel/b-b-casa-toma-baceno
info@dimoradartista.it,Bed & Breakfast Dimora d'Artista,https://www.hotelsdrop.com/hotel/bed-breakfast-dimora-d-artista-baceno
info@lacasermetta.com,La Casermetta - Santa Maria Maggiore,https://www.hotelsdrop.com/hotel/la-casermetta-santa-maria-maggiore-baceno
montezeus@viciniaziendaagricola.it,Rifugio Monte Zeus,https://www.hotelsdrop.com/hotel/rifugio-monte-zeus-baceno
info@baiaflegrea.it,Baia Flegrea Meublè,https://www.hotelsdrop.com/hotel/baia-flegrea-meuble-bacoli
info@domusdianabaia.it,Domus Diana Baia,https://www.hotelsdrop.com/hotel/domus-diana-baia-bacoli
hotelvilladelmare@libero.it,Hotel Villa Del Mare Ho.Gi. Srl,https://www.hotelsdrop.com/hotel/hotel-villa-del-mare-ho-gi-srl-bacoli
prenotazioni@pharusmiseni.it,Pharus Miseni suites and rooms,https://www.hotelsdrop.com/hotel/pharus-miseni-suites-and-rooms-bacoli
villamustafa@libero.it,Suite B&B Mustafà pozzuoli,https://www.hotelsdrop.com/hotel/suite-b-b-mustafa-pozzuoli-bacoli
info@tere-ceriana.it,Affittacamere Teré Ceriana,https://www.hotelsdrop.com/hotel/affittacamere-tere-ceriana-badalucco
info@agriturismoladagio.it,Agriturismo L'Adagio,https://www.hotelsdrop.com/hotel/agriturismo-l-adagio-badalucco
hotel_graziella@yahoo.it,Albergo Graziella Arma di Taggia,https://www.hotelsdrop.com/hotel/albergo-graziella-arma-di-taggia-badalucco
info@albergolucciola.com,Albergo Lucciola Riviera dei Fiori,https://www.hotelsdrop.com/hotel/albergo-lucciola-riviera-dei-fiori-badalucco
info@albergoideal.net,Hotel Ideal,https://www.hotelsdrop.com/hotel/hotel-ideal-badalucco
bbcasettaalmare@gmail.com,B&B casetta al mare,https://www.hotelsdrop.com/hotel/b-b-casetta-al-mare-badesi
leonardo.deruda@gmail.com,Borgo Bellavista Badesi - Affitto case vacanza,https://www.hotelsdrop.com/hotel/borgo-bellavista-badesi-affitto-case-vacanza-badesi
hotel.panorama@tiscali.it,Hotel Panorama,https://www.hotelsdrop.com/hotel/hotel-panorama-badesi
grussua@alice.it,Villa Agnese,https://www.hotelsdrop.com/hotel/villa-agnese-badesi
info@cortebonfigliocolombari.it,Corte Bonfiglio Colombari,https://www.hotelsdrop.com/hotel/corte-bonfiglio-colombari-badia-calavena
605a7baede844d278b89dc95ae0a9123@sentry-next.wixpress.com,Corte Marani - Country & Adventure Retreat,https://www.hotelsdrop.com/hotel/corte-marani-country-adventure-retreat-badia-calavena
info@malgazebari.it,COUNTRY HOUSE MALGA ZEBARI,https://www.hotelsdrop.com/hotel/country-house-malga-zebari-badia-calavena
info@palazzofritz.it,Palazzo Fritz,https://www.hotelsdrop.com/hotel/palazzo-fritz-badia-calavena
605a7baede844d278b89dc95ae0a9123@sentry-next.wixpress.com,B&B Dragonfly,https://www.hotelsdrop.com/hotel/b-b-dragonfly-badia-pavese
agriturismolabicocca@gmail.com,Agriturismo La Bicocca,https://www.hotelsdrop.com/hotel/agriturismo-la-bicocca-badia-polesine
605a7baede844d278b89dc95ae0a9123@sentry-next.wixpress.com,Agriturismo La Bisa,https://www.hotelsdrop.com/hotel/agriturismo-la-bisa-badia-polesine
support@centralstay.eu,Amy&Julie Bed&Breakfast,https://www.hotelsdrop.com/hotel/amy-julie-bed-breakfast-badia-polesine
info@bblillalladige.it,B&B Lilla All'Adige,https://www.hotelsdrop.com/hotel/b-b-lilla-all-adige-badia-polesine
info@beb-rb.it,B&B RB,https://www.hotelsdrop.com/hotel/b-b-rb-badia-polesine
%20hotellory.ficarolo@hotmail.com,HOTEL LORY FICAROLO,https://www.hotelsdrop.com/hotel/hotel-lory-ficarolo-badia-polesine
labussolacamere@gmail.com,La Bussola Badia Polesine - Camere & Appartamenti,https://www.hotelsdrop.com/hotel/la-bussola-badia-polesine-camere-appartamenti-badia-polesine
suitesantasofia@gmail.com,Santa Sofia Suite Lendinara Hotel,https://www.hotelsdrop.com/hotel/santa-sofia-suite-lendinara-hotel-badia-polesine
corrarezzo@gruppocorriere.it,Agriturismo Il Casalone,https://www.hotelsdrop.com/hotel/agriturismo-il-casalone-badia-tedalda
info@agriturismoilfalco.it,Agriturismo Il Falco,https://www.hotelsdrop.com/hotel/agriturismo-il-falco-badia-tedalda
info@agriturismo-piandibotta.com,Agriturismo Pian di Botta,https://www.hotelsdrop.com/hotel/agriturismo-pian-di-botta-badia-tedalda
ecovillaggioeden@gmail.com,Agriturismo Villaggio Eden,https://www.hotelsdrop.com/hotel/agriturismo-villaggio-eden-badia-tedalda
info@ilborgocasteldelci.com,Il Borgo Casteldelci,https://www.hotelsdrop.com/hotel/il-borgo-casteldelci-badia-tedalda
ciadinat.badia@yahoo.it,Garnì Ciadinat,https://www.hotelsdrop.com/hotel/garni-ciadinat-badia-abtei
info@pensionatlantic.it,Pension Atlantic,https://www.hotelsdrop.com/hotel/pension-atlantic-badia-abtei
info@agriturismovillavittoria.it,Agriturismo Villa Vittoria,https://www.hotelsdrop.com/hotel/agriturismo-villa-vittoria-badolato
sertursrl@libero.it,Aquamarine Residence,https://www.hotelsdrop.com/hotel/aquamarine-residence-badolato
info@stillachiara.it,B & B Stillachiara,https://www.hotelsdrop.com/hotel/b-b-stillachiara-badolato
milanohotelsresort@gmail.com,Casa Vacanza Borgo Antico,https://www.hotelsdrop.com/hotel/casa-vacanza-borgo-antico-badolato
info@ilborgobb.com,Il Borgo & Feudo b&b,https://www.hotelsdrop.com/hotel/il-borgo-feudo-b-b-badolato
info@bb-santacaterina.it,Affittacamere Santa Caterina,https://www.hotelsdrop.com/hotel/affittacamere-santa-caterina-bagaladi
athenaluxuryrooms@gmail.com,Athena Luxury Room,https://www.hotelsdrop.com/hotel/athena-luxury-room-bagaladi
ilgabbianorc@gmail.com,B&B Il Gabbiano,https://www.hotelsdrop.com/hotel/b-b-il-gabbiano-bagaladi
info@paradisohb.it,Paradiso Hotel & Banqueting,https://www.hotelsdrop.com/hotel/paradiso-hotel-banqueting-bagaladi
info@bbrhegion.it,Rhegion B&B,https://www.hotelsdrop.com/hotel/rhegion-b-b-bagaladi
gruppodattola@gmail.com,Villa sul Mare Bed & Breakfast,https://www.hotelsdrop.com/hotel/villa-sul-mare-bed-breakfast-bagaladi
info@anticacortelugo.it,Antica Corte Lugo - Affitti Brevi e Appartamenti Vacanza,https://www.hotelsdrop.com/hotel/antica-corte-lugo-affitti-brevi-e-appartamenti-v-bagnacavallo
info@la-palazza.com,B&B La Palazza,https://www.hotelsdrop.com/hotel/b-b-la-palazza-bagnacavallo
info@residencelatorre.net,B&B La Torre,https://www.hotelsdrop.com/hotel/b-b-la-torre-bagnacavallo
info@villadeigelsi.it,B&B Villa dei Gelsi a Cotignola,https://www.hotelsdrop.com/hotel/b-b-villa-dei-gelsi-a-cotignola-bagnacavallo
info@dimoradeco.it,Dimora Decò,https://www.hotelsdrop.com/hotel/dimora-deco-bagnacavallo
tizi.balza@gmail.com,La Casetta Di Cotignola di Tiziano Balzarotti,https://www.hotelsdrop.com/hotel/la-casetta-di-cotignola-di-tiziano-balzarotti-bagnacavallo
affittacamerenightday@gmail.com,Night&Day Affittacamere di Laura Patuelli,https://www.hotelsdrop.com/hotel/night-day-affittacamere-di-laura-patuelli-bagnacavallo
bagnaravistamare@gmail.com,B&B Bagnara Vista Mare,https://www.hotelsdrop.com/hotel/b-b-bagnara-vista-mare-bagnara-calabra
emiliobagala61@gmail.com,B&B degli Artisti,https://www.hotelsdrop.com/hotel/b-b-degli-artisti-bagnara-calabra
info@domuspalmi.it,B&B Domus Palmi CIN IT080057C1ROZIM64U,https://www.hotelsdrop.com/hotel/b-b-domus-palmi-cin-it080057c1rozim64u-bagnara-calabra
info@dimoradonciccillo.it,Dimora Don Ciccillo B&B,https://www.hotelsdrop.com/hotel/dimora-don-ciccillo-b-b-bagnara-calabra
info@lalocandiera.org,La Locandiera,https://www.hotelsdrop.com/hotel/la-locandiera-bagnara-calabra
info@maresolresidence.it,Maresol Residence,https://www.hotelsdrop.com/hotel/maresol-residence-bagnara-calabra
info@sanroccorooms.it,San Rocco Rooms - Affittacamere,https://www.hotelsdrop.com/hotel/san-rocco-rooms-affittacamere-bagnara-calabra
booking@imolaresidence.it,Imola Residence - Self Check-in,https://www.hotelsdrop.com/hotel/imola-residence-self-check-in-bagnara-di-romagna
info@locandamerlaschio.it,Locanda Merlaschio B&B con ristorante,https://www.hotelsdrop.com/hotel/locanda-merlaschio-b-b-con-ristorante-bagnara-di-romagna
smartautodromo@gmail.com,Smart Hotel Autodromo,https://www.hotelsdrop.com/hotel/smart-hotel-autodromo-bagnara-di-romagna
info@lefragranze.it,Agriturismo Le Fragranze,https://www.hotelsdrop.com/hotel/agriturismo-le-fragranze-bagnaria
info@ilfiorile.com,Il Fiorile,https://www.hotelsdrop.com/hotel/il-fiorile-bagnaria
alleagavi024@gmail.com,b&b alle agavi,https://www.hotelsdrop.com/hotel/b-b-alle-agavi-bagnaria-arsa
laselcefarmhouse@gmail.com,La Selce Farmhouse,https://www.hotelsdrop.com/hotel/la-selce-farmhouse-bagnaria-arsa
info@mulinodelletolle.it,Mulino delle Tolle,https://www.hotelsdrop.com/hotel/mulino-delle-tolle-bagnaria-arsa
info@lisoladlacerrea.it,B&B L'Isola D'la Cerrea,https://www.hotelsdrop.com/hotel/b-b-l-isola-d-la-cerrea-bagnasco
info@locandamontecarlo.it,B&B Locanda Montecarlo,https://www.hotelsdrop.com/hotel/b-b-locanda-montecarlo-bagnasco
info@campingyoghiebubu.it,Camping Yoghi e Bubu,https://www.hotelsdrop.com/hotel/camping-yoghi-e-bubu-bagnasco
info@cebon.it,Fattoria Cebon,https://www.hotelsdrop.com/hotel/fattoria-cebon-bagnasco
info@leghie.it,Le Ghie,https://www.hotelsdrop.com/hotel/le-ghie-bagnasco
info@agrispacelatordela.net,AgriSpace LaTordela - Agriturismo La Tordela,https://www.hotelsdrop.com/hotel/agrispace-latordela-agriturismo-la-tordela-bagnatica
info@dimoradelledonnole.it,B&B Dimora delle Donnole,https://www.hotelsdrop.com/hotel/b-b-dimora-delle-donnole-bagnatica
clienti@sadirabenessere.it,Sadira Agriturismo e Az. Agricola,https://www.hotelsdrop.com/hotel/sadira-agriturismo-e-az-agricola-bagnatica
info@latorreagriturismo.com,Agriturismo La Torre,https://www.hotelsdrop.com/hotel/agriturismo-la-torre-bagni-di-lucca
info@piandifiume.it,Agriturismo Pian di Fiume,https://www.hotelsdrop.com/hotel/agriturismo-pian-di-fiume-bagni-di-lucca
info@burlamacchivillas.it,Burlamacchi Villas,https://www.hotelsdrop.com/hotel/burlamacchi-villas-bagni-di-lucca
info@tenuta-lafratta.com,Tenuta la Fratta,https://www.hotelsdrop.com/hotel/tenuta-la-fratta-bagni-di-lucca
info@villarosalena.com,Villa Rosalena,https://www.hotelsdrop.com/hotel/villa-rosalena-bagni-di-lucca
info@agriturismovilladauphine.com,Agriturismo Villa Dauphiné,https://www.hotelsdrop.com/hotel/agriturismo-villa-dauphine-bagno-a-ripoli
info@bebmiele.com,B&B Dolce Miele,https://www.hotelsdrop.com/hotel/b-b-dolce-miele-bagno-a-ripoli
bebiltabernacolo@gmail.com,B&B Il Tabernacolo,https://www.hotelsdrop.com/hotel/b-b-il-tabernacolo-bagno-a-ripoli
reservations@florencecountryrelais.com,Florence Country Relais,https://www.hotelsdrop.com/hotel/florence-country-relais-bagno-a-ripoli
info@agriturismoalmonte.it,Agriturismo al Monte,https://www.hotelsdrop.com/hotel/agriturismo-al-monte-bagno-di-romagna
hotelromagnacesena@gmail.com,Hotel Romagna,https://www.hotelsdrop.com/hotel/hotel-romagna-bagno-di-romagna
ilrespirodelbosco25@gmail.com,Il Respiro del Bosco,https://www.hotelsdrop.com/hotel/il-respiro-del-bosco-bagno-di-romagna
info@iltomoloagnone.it,B&B Il Tomolo,https://www.hotelsdrop.com/hotel/b-b-il-tomolo-bagnoli-del-trigno
gustavo.distavolo@gmail.com,B&B SoleLuna,https://www.hotelsdrop.com/hotel/b-b-soleluna-bagnoli-del-trigno
info@nelverdedicarinci.it,Nel verde di Carinci,https://www.hotelsdrop.com/hotel/nel-verde-di-carinci-bagnoli-del-trigno
apartmentapbeb@gmail.com,AP APARTMENT B&B,https://www.hotelsdrop.com/hotel/ap-apartment-b-b-bagnoli-irpino
info@hotellalucciola.eu,Hotel ristorante La Lucciola,https://www.hotelsdrop.com/hotel/hotel-ristorante-la-lucciola-bagnoli-irpino
info@agriturismoitreulivi.it,I Tre Ulivi,https://www.hotelsdrop.com/hotel/i-tre-ulivi-bagnoli-irpino
info@irpiniabikehouse.com,Irpinia BikeHouse,https://www.hotelsdrop.com/hotel/irpinia-bikehouse-bagnoli-irpino
info@laboschina.it,Agriturismo La Boschina,https://www.hotelsdrop.com/hotel/agriturismo-la-boschina-bagnolo-cremasco
relaisvimercaticr@gmail.com,Hotel Albergo Relais Vimercati - Dimora storica a Crema,https://www.hotelsdrop.com/hotel/hotel-albergo-relais-vimercati-dimora-storica-a-bagnolo-cremasco
info@icoloridellavitabenessere.it,I Colori della Vita - Centro Benessere & Pernottamento,https://www.hotelsdrop.com/hotel/i-colori-della-vita-centro-benessere-pernottamen-bagnolo-cremasco
info@torcitoresort.it,FRUIT Village Otranto - TORCITO RESORT Sport Village,https://www.hotelsdrop.com/hotel/fruit-village-otranto-torcito-resort-sport-villa-bagnolo-del-salento
info@ilcorallo1.com,Il Corallo del Salento,https://www.hotelsdrop.com/hotel/il-corallo-del-salento-bagnolo-del-salento
info@lemurgedelsalento.it,Le Murge Del Salento B&B,https://www.hotelsdrop.com/hotel/le-murge-del-salento-b-b-bagnolo-del-salento
info@palazzovillanilubelli.com,Palazzo Villani Lubelli,https://www.hotelsdrop.com/hotel/palazzo-villani-lubelli-bagnolo-del-salento
info@tenutapigliano.it,Tenuta Pigliano Hotel,https://www.hotelsdrop.com/hotel/tenuta-pigliano-hotel-bagnolo-del-salento
lafornetta@gmail.com,Agriturismo La Fornetta,https://www.hotelsdrop.com/hotel/agriturismo-la-fornetta-bagnolo-di-po
boutiquehotelferrara@gmail.com,Boutique Hotel Ferrara,https://www.hotelsdrop.com/hotel/boutique-hotel-ferrara-bagnolo-di-po
info@ilgiardinodirebecca.it,Il Giardino di Rebecca,https://www.hotelsdrop.com/hotel/il-giardino-di-rebecca-bagnolo-di-po
contact@globostay.com,Le stanze di LaVi,https://www.hotelsdrop.com/hotel/le-stanze-di-lavi-bagnolo-di-po
info@hotelrosecrown.it,Albergo Hotel Rose e Crown,https://www.hotelsdrop.com/hotel/albergo-hotel-rose-e-crown-bagnolo-in-piano
arcobalenostanze@gmail.com,"Arcobaleno Stanze - Bed & Breakfast, B&B vicino centro storico,vicino stazione Reggio Emilia",https://www.hotelsdrop.com/hotel/arcobaleno-stanze-bed-breakfast-b-b-vicino-centr-bagnolo-in-piano
bedebasta@bedebasta.it,Bed&Basta City,https://www.hotelsdrop.com/hotel/bed-basta-city-bagnolo-in-piano
info@lerondini.net,Le Rondini,https://www.hotelsdrop.com/hotel/le-rondini-bagnolo-mella
anostro.mizoun@gmail.com,Agriturismo A Nostro Mizoun,https://www.hotelsdrop.com/hotel/agriturismo-a-nostro-mizoun-bagnolo-piemonte
info@agriturismoaiprusot.it,Agriturismo Ai Prüsot,https://www.hotelsdrop.com/hotel/agriturismo-ai-prusot-bagnolo-piemonte
casa@cadelclat.it,Agriturismo Ca' del Clat - Azienda Agricola Dolci Bacche della me,https://www.hotelsdrop.com/hotel/agriturismo-ca-del-clat-azienda-agricola-dolci-b-bagnolo-piemonte
605a7baede844d278b89dc95ae0a9123@sentry-next.wixpress.com,B&B L'Orto di Ortensia,https://www.hotelsdrop.com/hotel/b-b-l-orto-di-ortensia-bagnolo-piemonte
info@bargiolina.it,Bargiolina,https://www.hotelsdrop.com/hotel/bargiolina-bagnolo-piemonte
info@canostrabeb.it,CA' NOSTRA B&B,https://www.hotelsdrop.com/hotel/ca-nostra-b-b-bagnolo-piemonte
mail@castellodibagnolo.it,"Castello di Bagnolo, Parco e Agriturismo",https://www.hotelsdrop.com/hotel/castello-di-bagnolo-parco-e-agriturismo-bagnolo-piemonte
info@prealpinahotel.it,Hotel Prealpina,https://www.hotelsdrop.com/hotel/hotel-prealpina-bagnolo-piemonte
support@centralstay.eu,La casa di cate & adry,https://www.hotelsdrop.com/hotel/la-casa-di-cate-adry-bagnolo-piemonte
info@rifugiovesulus.it,Locanda la Via del Sale,https://www.hotelsdrop.com/hotel/locanda-la-via-del-sale-bagnolo-piemonte
info@alparcobeb.it,Al Parco b&b,https://www.hotelsdrop.com/hotel/al-parco-b-b-bagnolo-san-vito
info@acasamiabbmantova.it,B&B A Casa Mia,https://www.hotelsdrop.com/hotel/b-b-a-casa-mia-bagnolo-san-vito
bbmartinpescatore@gmail.com,B&B Il Martin Pescatore,https://www.hotelsdrop.com/hotel/b-b-il-martin-pescatore-bagnolo-san-vito
bbcasamanuela@gmail.com,Corte castella,https://www.hotelsdrop.com/hotel/corte-castella-bagnolo-san-vito
info@hotelmantovasud.com,Hotel Mantova Sud,https://www.hotelsdrop.com/hotel/hotel-mantova-sud-bagnolo-san-vito
bortolotti.franco@gmail.com,Residenza il Salice,https://www.hotelsdrop.com/hotel/residenza-il-salice-bagnolo-san-vito
info@stayly.it,Residenze Mazzini,https://www.hotelsdrop.com/hotel/residenze-mazzini-bagnolo-san-vito
info@zarasuzzara.it,Zara Rooms & Suites,https://www.hotelsdrop.com/hotel/zara-rooms-suites-bagnolo-san-vito
monique@giunasco.it,Agriturismo Giunasco,https://www.hotelsdrop.com/hotel/agriturismo-giunasco-bagnone
info@agriturismoigiunchi.com,Agriturismo I Giunchi,https://www.hotelsdrop.com/hotel/agriturismo-i-giunchi-bagnone
info@lunigianagreen.it,B&B Luna & Stelle,https://www.hotelsdrop.com/hotel/b-b-luna-stelle-bagnone
you@company.com,B&B Poggio delle Rondini,https://www.hotelsdrop.com/hotel/b-b-poggio-delle-rondini-bagnone
info@podereconti.com,Hotel Podere Conti,https://www.hotelsdrop.com/hotel/hotel-podere-conti-bagnone
lacascinadeichicchi@gmail.com,La Cascina dei Chicchi,https://www.hotelsdrop.com/hotel/la-cascina-dei-chicchi-bagnone
ristorantelocandafermento@gmail.com,Ristorante Locanda Fermento,https://www.hotelsdrop.com/hotel/ristorante-locanda-fermento-bagnone
info@dopoilsettimocielo.com,"....""dopo il settimo cielo""",https://www.hotelsdrop.com/hotel/dopo-il-settimo-cielo-bagnoregio
contact@globostay.com,Agriturismo La Peonia,https://www.hotelsdrop.com/hotel/agriturismo-la-peonia-bagnoregio
annamariacrocoli7@gmail.com,B&B Butterfly,https://www.hotelsdrop.com/hotel/b-b-butterfly-bagnoregio
bbilcardellino@gmail.com,B&B Il Cardellino,https://www.hotelsdrop.com/hotel/b-b-il-cardellino-bagnoregio
info@bebpodereospedaletto.it,B&B Podere Ospedaletto,https://www.hotelsdrop.com/hotel/b-b-podere-ospedaletto-bagnoregio
info@cortedellamaesta.com,CORTE DELLA MAESTA' - ANTICA RESIDENZA,https://www.hotelsdrop.com/hotel/corte-della-maesta-antica-residenza-bagnoregio
palazzomazzini.bagnoregio@gmail.com,Palazzo Mazzini,https://www.hotelsdrop.com/hotel/palazzo-mazzini-bagnoregio
info@bnblavittoria.com,B&B La Vittoria,https://www.hotelsdrop.com/hotel/b-b-la-vittoria-bagolino
ostellosullago@gmail.com,Ostello,https://www.hotelsdrop.com/hotel/ostello-bagolino
info@bebdolcisogni.it,B&B Dolci Sogni - Bed & Breakfast Mugnano del Cardinale,https://www.hotelsdrop.com/hotel/b-b-dolci-sogni-bed-breakfast-mugnano-del-cardin-baiano
assistenza@webador.it,B&B I Due Angeli,https://www.hotelsdrop.com/hotel/b-b-i-due-angeli-baiano
info@agrirelaislabolla.com,Agrirelais La Bolla,https://www.hotelsdrop.com/hotel/agrirelais-la-bolla-bairo
contatti@lacascinadiaglie.com,B&B La Cascina,https://www.hotelsdrop.com/hotel/b-b-la-cascina-bairo
info@lalibellulabb.it,B&B la libellula,https://www.hotelsdrop.com/hotel/b-b-la-libellula-bairo
info@bbcasaomnia.it,Casa Omnia B&B,https://www.hotelsdrop.com/hotel/casa-omnia-b-b-bairo
info@sharygroup.it,"Hotel Motel & Residence ""S"" - Front",https://www.hotelsdrop.com/hotel/hotel-motel-residence-s-front-bairo
roberto.giacoletto.rg@gmail.com,Il Vecchio Comune B&B,https://www.hotelsdrop.com/hotel/il-vecchio-comune-b-b-bairo
info@cadelciuco.it,Agriturismo Ca' del Ciuco,https://www.hotelsdrop.com/hotel/agriturismo-ca-del-ciuco-baiso
info@agriturismodisordiglio.com,Agriturismo di Sordiglio,https://www.hotelsdrop.com/hotel/agriturismo-di-sordiglio-baiso
castellodisanromano@gmail.com,Bed and Breakfast CASTELLO SAN ROMANO,https://www.hotelsdrop.com/hotel/bed-and-breakfast-castello-san-romano-baiso
fattoria.branciana@gmail.com,Fattoria Branciana,https://www.hotelsdrop.com/hotel/fattoria-branciana-baiso
info@residencehotelmatilde.it,Hotel Matilde,https://www.hotelsdrop.com/hotel/hotel-matilde-baiso
info@ponchietta.com,Agriturismo Cascina Ponchietta,https://www.hotelsdrop.com/hotel/agriturismo-cascina-ponchietta-balangero
info@agriturismolarbo.com,Agriturismo l'Arbo,https://www.hotelsdrop.com/hotel/agriturismo-l-arbo-balangero
agri@agriturismoilgelso.it,Agriturismo nelle Langhe - Il Gelso - appartamenti nella Valle del Barolo,https://www.hotelsdrop.com/hotel/agriturismo-nelle-langhe-il-gelso-appartamenti-n-balangero
info@samandra.it,Azienda Agrituristica Sa Mandra,https://www.hotelsdrop.com/hotel/azienda-agrituristica-sa-mandra-balangero
info@tretigli.com,Cascina Tre Tigli,https://www.hotelsdrop.com/hotel/cascina-tre-tigli-balangero
info@cascinabambi.asti.it,CASCINA BAMBI,https://www.hotelsdrop.com/hotel/cascina-bambi-baldichieri-d-asti
info@castellodistrabinello.com,Bed and Breakfast Castello di Strambinello,https://www.hotelsdrop.com/hotel/bed-and-breakfast-castello-di-strambinello-baldissero-canavese
info@casarosadawellness.com,CasaRosada Wellness-Healing Retreat,https://www.hotelsdrop.com/hotel/casarosada-wellness-healing-retreat-baldissero-canavese
info@cascinamontiglio.it,Cascina Montiglio,https://www.hotelsdrop.com/hotel/cascina-montiglio-baldissero-canavese
info@damamma.it,Agriturismo da Mamma,https://www.hotelsdrop.com/hotel/agriturismo-da-mamma-baldissero-d-alba
portalanghe@gmail.com,Casa a Pollenzo,https://www.hotelsdrop.com/hotel/casa-a-pollenzo-baldissero-d-alba
info@divinroero.it,Di Vin Roero,https://www.hotelsdrop.com/hotel/di-vin-roero-baldissero-d-alba
lottavosapore@gmail.com,L'Ottavo Sapore - Ospitalità Rurale,https://www.hotelsdrop.com/hotel/l-ottavo-sapore-ospitalita-rurale-baldissero-d-alba
info@lacollinadeipasseri.it,La collina dei Passeri,https://www.hotelsdrop.com/hotel/la-collina-dei-passeri-baldissero-d-alba
lanoisettebeb@gmail.com,La noisette B&B,https://www.hotelsdrop.com/hotel/la-noisette-b-b-baldissero-d-alba
info@sinergiaoutdoor.com,Parco Didattico Le Colline di Giuca C/O Agriturismo I Bageta,https://www.hotelsdrop.com/hotel/parco-didattico-le-colline-di-giuca-c-o-agrituri-baldissero-d-alba
info@pocoburro.it,Pocoburro Ca' d'arte,https://www.hotelsdrop.com/hotel/pocoburro-ca-d-arte-baldissero-d-alba
info@aiguiet.it,Agriturismo Ai Guiet,https://www.hotelsdrop.com/hotel/agriturismo-ai-guiet-baldissero-torinese
contact@globostay.com,Loft Regio Parco,https://www.hotelsdrop.com/hotel/loft-regio-parco-baldissero-torinese
info@amarmare.it,AmarMare Bed & Breakfast,https://www.hotelsdrop.com/hotel/amarmare-bed-breakfast-balestrate
info@casaruffino.it,b&b Casa Ruffino,https://www.hotelsdrop.com/hotel/b-b-casa-ruffino-balestrate
info@balestratecenterrooms.it,Balestrate Center Rooms,https://www.hotelsdrop.com/hotel/balestrate-center-rooms-balestrate
info@caseplaya.it,Case Playa,https://www.hotelsdrop.com/hotel/case-playa-balestrate
ilgirasolebalestrate@gmail.com,Il Girasole B & B,https://www.hotelsdrop.com/hotel/il-girasole-b-b-balestrate
info@labalestrabb.eu,La Balestra B&B,https://www.hotelsdrop.com/hotel/la-balestra-b-b-balestrate
info@sunsethousebalestrate.it,Sunset House,https://www.hotelsdrop.com/hotel/sunset-house-balestrate
info@anticomelo.it,Antico Melo,https://www.hotelsdrop.com/hotel/antico-melo-balestrino
info@ghepensumi.it,B&B Ghe pensu mi,https://www.hotelsdrop.com/hotel/b-b-ghe-pensu-mi-balestrino
info@comenellefavolebeb.com,Come nelle Favole,https://www.hotelsdrop.com/hotel/come-nelle-favole-balestrino
605a7baede844d278b89dc95ae0a9123@sentry-next.wixpress.com,Gemy,https://www.hotelsdrop.com/hotel/gemy-balestrino
info@ilpittoredistelle.it,Il Pittore di Stelle,https://www.hotelsdrop.com/hotel/il-pittore-di-stelle-balestrino
ilcastagneto@hotmail.it,B&B Il Castagneto,https://www.hotelsdrop.com/hotel/b-b-il-castagneto-ballabio
info@ilcolombebb.it,B&B Il Colombé,https://www.hotelsdrop.com/hotel/b-b-il-colombe-ballabio
roccadellinnominato@gmail.com,Rocca dell’Innominato,https://www.hotelsdrop.com/hotel/rocca-dell-innominato-ballabio
gamamiraglia@gmail.com,Tra Monti e Lago,https://www.hotelsdrop.com/hotel/tra-monti-e-lago-ballabio
sabrina.cucciatti@gmail.com,Albergo Gran Paradiso - centro benessere - ristorante - Noasca,https://www.hotelsdrop.com/hotel/albergo-gran-paradiso-centro-benessere-ristorant-balme
info@sunriseinn.it,Sunrise Inn & Spa,https://www.hotelsdrop.com/hotel/sunrise-inn-spa-balme
info@labaitadellecoccinelle.it,B&B LA BAITA DELLE COCCINELLE,https://www.hotelsdrop.com/hotel/b-b-la-baita-delle-coccinelle-balmuccia
info@walserhouse.com,Casa Gemma,https://www.hotelsdrop.com/hotel/casa-gemma-balmuccia
info@castellodellabastia.it,Castello della Bastia,https://www.hotelsdrop.com/hotel/castello-della-bastia-balocco
booking@centovigne.it,La Carosera B&B,https://www.hotelsdrop.com/hotel/la-carosera-b-b-balocco
anticatenuta@gmail.com,ANTICA TENUTA AGRITURISMO,https://www.hotelsdrop.com/hotel/antica-tenuta-agriturismo-balsorano
info@valledelrio.it,"Azienda Agrituristica ""Valle del Rio"" di Tuzi Fabio",https://www.hotelsdrop.com/hotel/azienda-agrituristica-valle-del-rio-di-tuzi-fabi-balsorano
charmesora@gmail.com,B&B Charme,https://www.hotelsdrop.com/hotel/b-b-charme-balsorano
lacollinadipeppino@hotmail.com,B&B La Collina di Peppino,https://www.hotelsdrop.com/hotel/b-b-la-collina-di-peppino-balsorano
solesenzanuvole@live.it,Casa Radiosa,https://www.hotelsdrop.com/hotel/casa-radiosa-balsorano
info@gelsi-lux.com,Gelsi Luxury Suites,https://www.hotelsdrop.com/hotel/gelsi-luxury-suites-balsorano
locanda.delponte@gmail.com,Locanda Del Ponte,https://www.hotelsdrop.com/hotel/locanda-del-ponte-balsorano
info@villabenice.com,Villa Benice,https://www.hotelsdrop.com/hotel/villa-benice-balsorano
assistenza@webador.it,BeB Villareal,https://www.hotelsdrop.com/hotel/beb-villareal-balvano
info@ilrifugiodellestelle.it,Il rifugio delle stelle,https://www.hotelsdrop.com/hotel/il-rifugio-delle-stelle-balvano
info@cascinasortina.it,b&b CASCINA SORTINA - bed and breakfast in Monferrato - Treville (AL),https://www.hotelsdrop.com/hotel/b-b-cascina-sortina-bed-and-breakfast-in-monferr-balzola
info@doit-piemonte.com,döit - Turismo e Cultura,https://www.hotelsdrop.com/hotel/doit-turismo-e-cultura-balzola
hello@gabanon.com,Gabanon Hostel,https://www.hotelsdrop.com/hotel/gabanon-hostel-balzola
info@bbchiarodiluna.com,Affittacamere Chiaro di Luna,https://www.hotelsdrop.com/hotel/affittacamere-chiaro-di-luna-banari
locanda.minerva@gmail.com,Hotel Locanda Minerva,https://www.hotelsdrop.com/hotel/hotel-locanda-minerva-banari
info@bebsamariposa.it,Sa Mariposa,https://www.hotelsdrop.com/hotel/sa-mariposa-banari
info@villasilviaolivetti.eu,Villa Silvia Olivetti Ivrea (Torino),https://www.hotelsdrop.com/hotel/villa-silvia-olivetti-ivrea-torino-banchette
infoturismo@distrettolaghi.it,B&B Villa Rosa,https://www.hotelsdrop.com/hotel/b-b-villa-rosa-bannio-anzino
info@walserhouse.com,Walser House Albergo Diffuso,https://www.hotelsdrop.com/hotel/walser-house-albergo-diffuso-bannio-anzino
corsovittorio134@gmail.com,Corso Vittorio Bed e Breakfast Venosa,https://www.hotelsdrop.com/hotel/corso-vittorio-bed-e-breakfast-venosa-banzi
hotelkristall3@libero.it,Hotel Kristall,https://www.hotelsdrop.com/hotel/hotel-kristall-banzi
lorellapicelli@libero.it,Bed & Breakfast Al Ponticello,https://www.hotelsdrop.com/hotel/bed-breakfast-al-ponticello-baone
info@ilborgodellarcangelo.com,"""Il borgo dell'Arcangelo""",https://www.hotelsdrop.com/hotel/il-borgo-dell-arcangelo-baradili
info@albergodiffusoilmandorlo.com,Albergo Diffuso Il Mandorlo,https://www.hotelsdrop.com/hotel/albergo-diffuso-il-mandorlo-baradili
ladimorabedandbreakfast@gmail.com,Dimora B&B,https://www.hotelsdrop.com/hotel/dimora-b-b-baradili
info@beblestagioni.it,B&B Le Stagioni,https://www.hotelsdrop.com/hotel/b-b-le-stagioni-baragiano
info@rifugiodellaluna.it,B&B Rifugio della luna,https://www.hotelsdrop.com/hotel/b-b-rifugio-della-luna-baragiano
artstudiosei@gmail.com%20,B&B ArtStudio6 Dimora Artistica Campobasso,https://www.hotelsdrop.com/hotel/b-b-artstudio6-dimora-artistica-campobasso-baranello
novantatrecb@gmail.com,B&B Novantatrè,https://www.hotelsdrop.com/hotel/b-b-novantatre-baranello
support@centralstay.eu,Casa degli Orefici,https://www.hotelsdrop.com/hotel/casa-degli-orefici-baranello
support@centralstay.eu,ILBE bed & breakfast,https://www.hotelsdrop.com/hotel/ilbe-bed-breakfast-baranello
info@lafontebnb.it,La Fonte B&B,https://www.hotelsdrop.com/hotel/la-fonte-b-b-baranello
webmaster@residenzasantandrea-campobasso.it,Residenza Sant'Andrea,https://www.hotelsdrop.com/hotel/residenza-sant-andrea-baranello
info@tenutadafne.it,Tenuta Dafne,https://www.hotelsdrop.com/hotel/tenuta-dafne-baranello
hotelsunsetgreen@gmail.com,Hotel Sunset Green Ischia,https://www.hotelsdrop.com/hotel/hotel-sunset-green-ischia-barano-d-ischia
info.hotelvillaalmaresas@gmail.com,Hotel Villa al Mare,https://www.hotelsdrop.com/hotel/hotel-villa-al-mare-barano-d-ischia
info@anticacortemilanese.it,Appartamenti Antica Corte Milanese,https://www.hotelsdrop.com/hotel/appartamenti-antica-corte-milanese-baranzate
cortdiquela@gmail.com,B&B Cort di Quèla,https://www.hotelsdrop.com/hotel/b-b-cort-di-quela-baranzate
info@ilsassobianco.it,B&B il Sasso Bianco IT012055C16CJVBT5T,https://www.hotelsdrop.com/hotel/b-b-il-sasso-bianco-it012055c16cjvbt5t-barasso
info@viadeimari.it,"""Via dei Mari"" Guest House",https://www.hotelsdrop.com/hotel/via-dei-mari-guest-house-baratili-san-pietro
tramontosulmare21@gmail.com,Affittacamere Shardana,https://www.hotelsdrop.com/hotel/affittacamere-shardana-baratili-san-pietro
info@sacrannaccia.com,Agriturismo Sa Crannaccia,https://www.hotelsdrop.com/hotel/agriturismo-sa-crannaccia-baratili-san-pietro
info@alrimedio.it,B&B Al Rimedio,https://www.hotelsdrop.com/hotel/b-b-al-rimedio-baratili-san-pietro
lecalle1@yahoo.it,B&B Rita & Renzo,https://www.hotelsdrop.com/hotel/b-b-rita-renzo-baratili-san-pietro
info@gioiaguesthouse.it,Gioia Guest House,https://www.hotelsdrop.com/hotel/gioia-guest-house-baratili-san-pietro
info@agriturismoilgiglio.com,Il Giglio,https://www.hotelsdrop.com/hotel/il-giglio-baratili-san-pietro
info@agriturismocanaveselabedina.it,Agriturismo la Bedina,https://www.hotelsdrop.com/hotel/agriturismo-la-bedina-barbania
info@bbdakate.it,Bed & Breakfast da Kate,https://www.hotelsdrop.com/hotel/bed-breakfast-da-kate-barbania
info@dimoraacorte.it,Dimora A Corte,https://www.hotelsdrop.com/hotel/dimora-a-corte-barbania
info@bacucco.com,Agriturismo il Bacucco,https://www.hotelsdrop.com/hotel/agriturismo-il-bacucco-barbara
vivalpabandb@gmail.com,Il Pozzo di Vivalpa,https://www.hotelsdrop.com/hotel/il-pozzo-di-vivalpa-barbara
sagraro@inwind.it,Agriturismo da Sagraro,https://www.hotelsdrop.com/hotel/agriturismo-da-sagraro-barbarano-mossano
info@bnbinvalle.com,Bed and Breakfast In Valle Vicenza,https://www.hotelsdrop.com/hotel/bed-and-breakfast-in-valle-vicenza-barbarano-mossano
info@bnbiltramonto.it,B&B Il Tramonto,https://www.hotelsdrop.com/hotel/b-b-il-tramonto-barbarano-romano
info@bblaripa.com,La Ripa,https://www.hotelsdrop.com/hotel/la-ripa-barbarano-romano
info@terrazzecasabonelli.it,Le Terrazze di Casa Bonelli,https://www.hotelsdrop.com/hotel/le-terrazze-di-casa-bonelli-barbarano-romano
centroturisticoepica@epicaworld.it,LOCANDA EPICA (Albergo Diffuso),https://www.hotelsdrop.com/hotel/locanda-epica-albergo-diffuso-barbarano-romano
agriturismoercolana@gmail.com,Agriturismo Ercolana,https://www.hotelsdrop.com/hotel/agriturismo-ercolana-barbaresco
info@bricdalu.it,Bric d'Alû,https://www.hotelsdrop.com/hotel/bric-d-alu-barbaresco
info@cadeicurra.com,Ca dei Currà,https://www.hotelsdrop.com/hotel/ca-dei-curra-barbaresco
info@hotellebotti.it,Hotel le Botti,https://www.hotelsdrop.com/hotel/hotel-le-botti-barbaresco
info@iquattrograppoli.it,I Quattro Grappoli,https://www.hotelsdrop.com/hotel/i-quattro-grappoli-barbaresco
info@relaispqlin.it,Relais Pqlin,https://www.hotelsdrop.com/hotel/relais-pqlin-barbaresco
info@vindellolmo.it,Vin dell'Olmo,https://www.hotelsdrop.com/hotel/vin-dell-olmo-barbaresco
infobellavistadesenzano@gmail.com,B&B Desenzano Bellavista Exclusive,https://www.hotelsdrop.com/hotel/b-b-desenzano-bellavista-exclusive-barbariga
info@bebdolcerisveglio.com,B&B Dolce Risveglio,https://www.hotelsdrop.com/hotel/b-b-dolce-risveglio-barbariga
info@ilglicine.it,B&B Il Glicine,https://www.hotelsdrop.com/hotel/b-b-il-glicine-barbariga
barbarinocasavacanze@gmail.com,Barbarino Casa Appartamento Vacanze,https://www.hotelsdrop.com/hotel/barbarino-casa-appartamento-vacanze-barbariga
info@corteallago.com,Corte al Lago Bed & Breakfast,https://www.hotelsdrop.com/hotel/corte-al-lago-bed-breakfast-barbariga
welcome@lahome.it,LA HOME,https://www.hotelsdrop.com/hotel/la-home-barbariga
info@ilcasaledisantamettole.it,Il Casale di Santamettole,https://www.hotelsdrop.com/hotel/il-casale-di-santamettole-barberino-di-mugello
vignolinobedandbreakfast@gmail.com,Il Vignolino Home Restaurant - Bed & Breakfast,https://www.hotelsdrop.com/hotel/il-vignolino-home-restaurant-bed-breakfast-barberino-di-mugello
info@residencemugello.it,Residence Mugello Resort,https://www.hotelsdrop.com/hotel/residence-mugello-resort-barberino-di-mugello
info@poggioallelame.it,Agriturismo Poggio alle Lame,https://www.hotelsdrop.com/hotel/agriturismo-poggio-alle-lame-barberino-tavarnelle
info@anticapieve.net,Antica Pieve B&B,https://www.hotelsdrop.com/hotel/antica-pieve-b-b-barberino-tavarnelle
info@ilparetaio.it,Il Paretaio,https://www.hotelsdrop.com/hotel/il-paretaio-barberino-tavarnelle
info@palazzomalaspina.it,Palazzo Malaspina B&B,https://www.hotelsdrop.com/hotel/palazzo-malaspina-b-b-barberino-tavarnelle
accoglienza@alberodikarta.com,alberodikarta b&b,https://www.hotelsdrop.com/hotel/alberodikarta-b-b-barbianello
assistenza@webador.it,Beb l’ulivo,https://www.hotelsdrop.com/hotel/beb-l-ulivo-barbianello
bresbotbeb@gmail.com,Bresbot B&B,https://www.hotelsdrop.com/hotel/bresbot-b-b-barbianello
info@fruehaufhof.it,Frühaufhof apartments,https://www.hotelsdrop.com/hotel/fruhaufhof-apartments-barbiano-barbian
messnerhof@rolmail.net,Gasthof Messnerhof,https://www.hotelsdrop.com/hotel/gasthof-messnerhof-barbiano-barbian
info@gostnerhof.com,Gostnerhof,https://www.hotelsdrop.com/hotel/gostnerhof-barbiano-barbian
info@matronerhof.it,Mair Josef,https://www.hotelsdrop.com/hotel/mair-josef-barbiano-barbian
info.vianazionale@gmail.com,B&B Via Nazionale,https://www.hotelsdrop.com/hotel/b-b-via-nazionale-barcellona-pozzo-di-gotto
info@5centobb.it,Cinquecento B&B,https://www.hotelsdrop.com/hotel/cinquecento-b-b-barcellona-pozzo-di-gotto
info@anticopozzocompany.it,Hotel Ristorante all'Antico Pozzo,https://www.hotelsdrop.com/hotel/hotel-ristorante-all-antico-pozzo-barcellona-pozzo-di-gotto
idriabnb@gmail.com,Idria B&B,https://www.hotelsdrop.com/hotel/idria-b-b-barcellona-pozzo-di-gotto
at.aimonti@virgilio.it,Agriturismo Ai Monti,https://www.hotelsdrop.com/hotel/agriturismo-ai-monti-barcis
info@albergodiffusobarcis.it,Albergo Diffuso Lago di Barcis e Dolomiti Friulane,https://www.hotelsdrop.com/hotel/albergo-diffuso-lago-di-barcis-e-dolomiti-friula-barcis
info@albergodolomiticlaut.it,Albergo Ristorante Dolomiti Claut,https://www.hotelsdrop.com/hotel/albergo-ristorante-dolomiti-claut-barcis
605a7baede844d278b89dc95ae0a9123@sentry-next.wixpress.com,Dimora Gilles,https://www.hotelsdrop.com/hotel/dimora-gilles-bard
hotelcavour@fortedibard.it,Hôtel Cavour et des Officiers,https://www.hotelsdrop.com/hotel/hotel-cavour-et-des-officiers-bard
info@lamaisondesvignerons.it,La maison des vignerons b&b chambres d'hôtes,https://www.hotelsdrop.com/hotel/la-maison-des-vignerons-b-b-chambres-d-hotes-bard
info@lo-sougnet.com,Lo Sougnet,https://www.hotelsdrop.com/hotel/lo-sougnet-bard
info@oucrierel.com,"Ostello ""Ou Crierel""",https://www.hotelsdrop.com/hotel/ostello-ou-crierel-bard
3hospitality.info@gmail.com,Villa Sardino,https://www.hotelsdrop.com/hotel/villa-sardino-bard
info@poderebarzia.it,Agriturismo Podere Barzia,https://www.hotelsdrop.com/hotel/agriturismo-podere-barzia-bardi
info@poggiodincanto.it,Agriturismo Poggio d'incanto,https://www.hotelsdrop.com/hotel/agriturismo-poggio-d-incanto-bardi
info@leseidame.it,B & B Le Sei Dame,https://www.hotelsdrop.com/hotel/b-b-le-sei-dame-bardi
info@cadelgrano.it,Ca' del Grano,https://www.hotelsdrop.com/hotel/ca-del-grano-bardi
info@roomsbreakfastmtb.it,"Tolasudolsa Rooms, Breakfast & Mountain Bike",https://www.hotelsdrop.com/hotel/tolasudolsa-rooms-breakfast-mountain-bike-bardi
info@villaggioturisticoilfalco.com,Villaggio Turistico Il Falco,https://www.hotelsdrop.com/hotel/villaggio-turistico-il-falco-bardi
info@agriturismocadivoi.com,Ca di Voi,https://www.hotelsdrop.com/hotel/ca-di-voi-bardineto
luciatortella@gmail.com,B&B Lucy Bardolino,https://www.hotelsdrop.com/hotel/b-b-lucy-bardolino-bardolino
info@cafiore.it,Ca' Fiore Hotel,https://www.hotelsdrop.com/hotel/ca-fiore-hotel-bardonecchia
info@caseverdi.it,Case Verdi Bardonecchia,https://www.hotelsdrop.com/hotel/case-verdi-bardonecchia-bardonecchia
info@bellevuechalet.it,"Chalet Bellevue, hotel meublé",https://www.hotelsdrop.com/hotel/chalet-bellevue-hotel-meuble-bardonecchia
reservation@savoiaresort.com,Savoia Mountain Resort,https://www.hotelsdrop.com/hotel/savoia-mountain-resort-bardonecchia
info@agriturismocascinalapalazzina.it,B&B Agriturismo Cascina la Palazzina,https://www.hotelsdrop.com/hotel/b-b-agriturismo-cascina-la-palazzina-bareggio
locanda_dei_gemelli@tiscali.it,B&B dei Gemelli,https://www.hotelsdrop.com/hotel/b-b-dei-gemelli-bareggio
info@mind-milano.com,soggiorni al casolare,https://www.hotelsdrop.com/hotel/soggiorni-al-casolare-bareggio
magichousenovara@gmail.com,B&BMagicHouse Cin IT003106C1TA3BSIY9,https://www.hotelsdrop.com/hotel/b-bmagichouse-cin-it003106c1ta3bsiy9-barengo
info@ilcorbezzolo.it,Il Corbezzolo,https://www.hotelsdrop.com/hotel/il-corbezzolo-baressa
beb.lafonte@gmail.com,B&B La Fonte,https://www.hotelsdrop.com/hotel/b-b-la-fonte-barete
genmar49@virgilio.it,Hotel Aquila noleggio e-bike,https://www.hotelsdrop.com/hotel/hotel-aquila-noleggio-e-bike-barete
info@ladimoradistefy.com,La Dimora di Stefy - Bed & Breakfast,https://www.hotelsdrop.com/hotel/la-dimora-di-stefy-bed-breakfast-barete
info@lefarinedelmaestro.it,Le Farine Del Maestro - Mulino di Riolitto e Cavalli F.,https://www.hotelsdrop.com/hotel/le-farine-del-maestro-mulino-di-riolitto-e-caval-barete
info@agriturismoicedri.it,Agriturismo I Cedri,https://www.hotelsdrop.com/hotel/agriturismo-i-cedri-barga
ljusenok@gmail.com,Agriturismo Puro,https://www.hotelsdrop.com/hotel/agriturismo-puro-barga
incastellogarfagnana@gmail.com,In Castello,https://www.hotelsdrop.com/hotel/in-castello-barga
julie@nelcielodibarga.com,Nel Cielo di Barga Bed & Breakfast,https://www.hotelsdrop.com/hotel/nel-cielo-di-barga-bed-breakfast-barga
cadeifre@live.it,B&B Cà dei Frè,https://www.hotelsdrop.com/hotel/b-b-ca-dei-fre-bargagli
liguriadventure@gmail.com,B&B Casa Bea,https://www.hotelsdrop.com/hotel/b-b-casa-bea-bargagli
accoglienza@collegioemiliani.it,Casa per ferie Collegio Emiliani,https://www.hotelsdrop.com/hotel/casa-per-ferie-collegio-emiliani-bargagli
danielaolivieri0@gmail.com,Il Maestro di Tourlach - Luxury room in the woods with two pools,https://www.hotelsdrop.com/hotel/il-maestro-di-tourlach-luxury-room-in-the-woods-bargagli
info@giardinodeisemplici.eu,B&B Il Giardino Dei Semplici,https://www.hotelsdrop.com/hotel/b-b-il-giardino-dei-semplici-barge
info@barbabertu.com,Barba Bertu Bed&Breakfast,https://www.hotelsdrop.com/hotel/barba-bertu-bed-breakfast-barge
info@lagemmadelgarda.it,B&B La Gemma,https://www.hotelsdrop.com/hotel/b-b-la-gemma-barghe
info@hotelateliergardoneriviera.it,Hotel Atelier Gardone Riviera & Beach,https://www.hotelsdrop.com/hotel/hotel-atelier-gardone-riviera-beach-barghe
info@barirooms.it,BARI ROOMS - Imbriani 15 - Best price guarantee,https://www.hotelsdrop.com/hotel/bari-rooms-imbriani-15-best-price-guarantee-bari
casarabari22@gmail.com,CasaRA,https://www.hotelsdrop.com/hotel/casara-bari
info@kibari.it,KiBari b&b,https://www.hotelsdrop.com/hotel/kibari-b-b-bari
garofalocosimo.gc@gmail.com,Villa Grace Luxury Apartaments,https://www.hotelsdrop.com/hotel/villa-grace-luxury-apartaments-bari
vivabaribb@gmail.com,Viva' bed & breakfast,https://www.hotelsdrop.com/hotel/viva-bed-breakfast-bari
info@sottolestellevacanze.com,Affittacamere B&B Sotto le Stelle,https://www.hotelsdrop.com/hotel/affittacamere-b-b-sotto-le-stelle-bari-sardo
info@agriturismochiaifrancesco.com,Agriturismo Chiai Francesco,https://www.hotelsdrop.com/hotel/agriturismo-chiai-francesco-bari-sardo
info@susolianu.it,Agriturismo Su Solianu,https://www.hotelsdrop.com/hotel/agriturismo-su-solianu-bari-sardo
info@campumoru.it,B&B Campu Moru,https://www.hotelsdrop.com/hotel/b-b-campu-moru-bari-sardo
info@hotelbajazzurra.com,Hotel Baja Azzurra,https://www.hotelsdrop.com/hotel/hotel-baja-azzurra-bari-sardo
info@hotelcardedu.com,Hotel Cardedu,https://www.hotelsdrop.com/hotel/hotel-cardedu-bari-sardo
primalunarooms@gmail.com,Prima Luna,https://www.hotelsdrop.com/hotel/prima-luna-bari-sardo
alessioarchettu@gmail.com,Residence Cort'E Accas,https://www.hotelsdrop.com/hotel/residence-cort-e-accas-bari-sardo
info@baiacea.com,Resort Baia Cea,https://www.hotelsdrop.com/hotel/resort-baia-cea-bari-sardo
campingtorredibarisardo@gmail.com,Sosta Camping Torre di Bari Sardo,https://www.hotelsdrop.com/hotel/sosta-camping-torre-di-bari-sardo-bari-sardo
info@corteroeli.it,Agriturismo Corte Roeli,https://www.hotelsdrop.com/hotel/agriturismo-corte-roeli-baricella
dolcevita303@gmail.com,B&B Dolce Vita,https://www.hotelsdrop.com/hotel/b-b-dolce-vita-baricella
info@housegardenloft.com,B&B House Garden Loft,https://www.hotelsdrop.com/hotel/b-b-house-garden-loft-baricella
info@bb-ilgiardino.it,bed and breakfast il giardino,https://www.hotelsdrop.com/hotel/bed-and-breakfast-il-giardino-baricella
info@casamorandi.com,Casa Morandi B&B,https://www.hotelsdrop.com/hotel/casa-morandi-b-b-baricella
info@ciccilia.it,Ciccilia B&B,https://www.hotelsdrop.com/hotel/ciccilia-b-b-baricella
brucomela@gmail.com,"""Zia Sisina"" - Dimora Storica",https://www.hotelsdrop.com/hotel/zia-sisina-dimora-storica-barile
vino@elated-themes.com,ALLEGROFRANCO B&B,https://www.hotelsdrop.com/hotel/allegrofranco-b-b-barile
info.villaulivi@gmail.com,Villa Ulivi - Bubble Glamping - B&B,https://www.hotelsdrop.com/hotel/villa-ulivi-bubble-glamping-b-b-barile
info@palazzolaloggia.it,B&B Palazzo la Loggia,https://www.hotelsdrop.com/hotel/b-b-palazzo-la-loggia-barisciano
support@centralstay.eu,Bed e Breakfast LA DOTE,https://www.hotelsdrop.com/hotel/bed-e-breakfast-la-dote-barisciano
camereaurroa@email.it,Complesso Turistico Aurora - camere & appartamenti,https://www.hotelsdrop.com/hotel/complesso-turistico-aurora-camere-appartamenti-barisciano
gransassoletiziabb@gmail.com,Gran Sasso Letizia B&B,https://www.hotelsdrop.com/hotel/gran-sasso-letizia-b-b-barisciano
info@labiforalelune.com,La Bifora e Le Lune,https://www.hotelsdrop.com/hotel/la-bifora-e-le-lune-barisciano
info@ilpiccologolf.it,"""IL PICCOLO GOLF"" - Foresteria Lombarda",https://www.hotelsdrop.com/hotel/il-piccolo-golf-foresteria-lombarda-barlassina
ettorevai@hotmail.com,B&B Elisa,https://www.hotelsdrop.com/hotel/b-b-elisa-barlassina
info@bbdenittis.com,B&B De Nittis - Meridia Collection,https://www.hotelsdrop.com/hotel/b-b-de-nittis-meridia-collection-barletta
info@ladisfidadibarletta.it,B&B La Disfida di Barletta,https://www.hotelsdrop.com/hotel/b-b-la-disfida-di-barletta-barletta
beblemuse@libero.it,B&b le muse,https://www.hotelsdrop.com/hotel/b-b-le-muse-barletta
info@saint-patrick.it,B&B Saint Patrick,https://www.hotelsdrop.com/hotel/b-b-saint-patrick-barletta
binario1rooms@gmail.com,Binario 1 Rooms | B&B a Barletta,https://www.hotelsdrop.com/hotel/binario-1-rooms-b-b-a-barletta-barletta
info@domatia.it,Domatia Bed and Breakfast,https://www.hotelsdrop.com/hotel/domatia-bed-and-breakfast-barletta
alcentrostorico@libero.it,Guest House Al Centro Storico,https://www.hotelsdrop.com/hotel/guest-house-al-centro-storico-barletta
lalunaeilsole@yahoo.com,La Luna e il Sole,https://www.hotelsdrop.com/hotel/la-luna-e-il-sole-barletta
info@bbliddo.it,Liddo Boutique Hotel Barletta,https://www.hotelsdrop.com/hotel/liddo-boutique-hotel-barletta-barletta
info@vinslounge.it,VinsLounge B&B Suite,https://www.hotelsdrop.com/hotel/vinslounge-b-b-suite-barletta
paiardilaura@gmail.com,B&B L'Erica,https://www.hotelsdrop.com/hotel/b-b-l-erica-barni
sibi71@alice.it,B&B SIBI,https://www.hotelsdrop.com/hotel/b-b-sibi-barni
hotel.mirabeau.bellagio@gmail.com,Hotel Mirabeau Bellagio,https://www.hotelsdrop.com/hotel/hotel-mirabeau-bellagio-barni
info@mammaciccia.it,Mamma Ciccia rooms & apartments,https://www.hotelsdrop.com/hotel/mamma-ciccia-rooms-apartments-barni
info@gioco-delloca.it,Agriturismo Il Gioco Dell'Oca,https://www.hotelsdrop.com/hotel/agriturismo-il-gioco-dell-oca-barolo
//info@lagiolitta.it,La Giolitta Accomodations di Daniela Vacca,https://www.hotelsdrop.com/hotel/la-giolitta-accomodations-di-daniela-vacca-barolo
info@green-guesthouse.it,The Green Guesthouse,https://www.hotelsdrop.com/hotel/the-green-guesthouse-barolo
info@torrebarolo.com,TorreBarolo,https://www.hotelsdrop.com/hotel/torrebarolo-barolo
hospitality@villacarlabarolo.it,Villa Carla Barolo,https://www.hotelsdrop.com/hotel/villa-carla-barolo-barolo
info@vineho.it,Vineho,https://www.hotelsdrop.com/hotel/vineho-barolo
info.poesiediviaggio@gmail.com,B&B Poesie di Viaggio,https://www.hotelsdrop.com/hotel/b-b-poesie-di-viaggio-barone-canavese
contact@alidelfalco.com,Le Ali del Falco,https://www.hotelsdrop.com/hotel/le-ali-del-falco-barone-canavese
info@villa-albaluce.it,Villa Albaluce,https://www.hotelsdrop.com/hotel/villa-albaluce-barone-canavese
fasgiu@gmail.com,B&B Gli Agrumi | Bed and Breakfast Salerno - Università,https://www.hotelsdrop.com/hotel/b-b-gli-agrumi-bed-and-breakfast-salerno-univers-baronissi
info@salernobb.com,B&B IL CAVALIERE,https://www.hotelsdrop.com/hotel/b-b-il-cavaliere-baronissi
info@beblacasettarossa.it,B&B La Casetta Rossa,https://www.hotelsdrop.com/hotel/b-b-la-casetta-rossa-baronissi
info@latintabedandbreakfast.it,B&B La Tinta,https://www.hotelsdrop.com/hotel/b-b-la-tinta-baronissi
%20michelaforino@gmail.com,B&B Michela,https://www.hotelsdrop.com/hotel/b-b-michela-baronissi
support@centralstay.eu,Mezzaluna Guest House,https://www.hotelsdrop.com/hotel/mezzaluna-guest-house-baronissi
info@salernobb.com,Salerno B&B,https://www.hotelsdrop.com/hotel/salerno-b-b-baronissi
support@centralstay.eu,Tree Luxury,https://www.hotelsdrop.com/hotel/tree-luxury-baronissi
borgofurma@gmail.com,Agriturismo Borgo Furma,https://www.hotelsdrop.com/hotel/agriturismo-borgo-furma-barrafranca
info@lafattoriadisanfrancesco.it,Agriturismo La Fattoria di San Francesco,https://www.hotelsdrop.com/hotel/agriturismo-la-fattoria-di-san-francesco-barrafranca
info@bbdantebarrafranca.it,B&B Dante,https://www.hotelsdrop.com/hotel/b-b-dante-barrafranca
info@camurriasicilianbb.it,Camurria Sicilian B&B,https://www.hotelsdrop.com/hotel/camurria-sicilian-b-b-barrafranca
info@bbquerciaeasino.it,La Quercia e l'Asino,https://www.hotelsdrop.com/hotel/la-quercia-e-l-asino-barrafranca
appartamentijil@gmail.com,Affitacamere JIL,https://www.hotelsdrop.com/hotel/affitacamere-jil-barrali
info@donnicalia.it,Donnicalia B&B - Bed & Bliss,https://www.hotelsdrop.com/hotel/donnicalia-b-b-bed-bliss-barrali
kaizenflats@gmail.com,4Flats in Orto Di Venanzio,https://www.hotelsdrop.com/hotel/4flats-in-orto-di-venanzio-barrea
ostelloelfi@gmail.com,Albergo Ostello dagli Elfi,https://www.hotelsdrop.com/hotel/albergo-ostello-dagli-elfi-barrea
info@ilrifugionelparco.it,B&B Il Rifugio Nel Parco,https://www.hotelsdrop.com/hotel/b-b-il-rifugio-nel-parco-barrea
info@hotel-holidays.it,Hotel Holidays,https://www.hotelsdrop.com/hotel/hotel-holidays-barrea
info@hotelverdeneve.com,Hotel Verdeneve,https://www.hotelsdrop.com/hotel/hotel-verdeneve-barrea
bedandbreakfastsustrintu@gmail.com,B&B Su Strintu,https://www.hotelsdrop.com/hotel/b-b-su-strintu-barumini
art.hotel@diecizero.com,Diecizero Inn Guesthouse,https://www.hotelsdrop.com/hotel/diecizero-inn-guesthouse-barumini
info@isperdas.it,"Is Perdas Agriturismo, Rural Retreat & Spa",https://www.hotelsdrop.com/hotel/is-perdas-agriturismo-rural-retreat-spa-barumini
oasi.laconi@gmail.com,Oasi Francescana Laconi,https://www.hotelsdrop.com/hotel/oasi-francescana-laconi-barumini
contatto@esempio.it,Sa Mola Experience,https://www.hotelsdrop.com/hotel/sa-mola-experience-barumini
redhousegarlate@gmail.com,Red House,https://www.hotelsdrop.com/hotel/red-house-barzago
info@casaatena.it,Casa ATENA,https://www.hotelsdrop.com/hotel/casa-atena-barzana
info@agriturismolapossa.it,Agriturismo La Possa,https://www.hotelsdrop.com/hotel/agriturismo-la-possa-barzan
info@lamasangiorgio.it,Masseria Agrituristica Lama San Giorgio,https://www.hotelsdrop.com/hotel/masseria-agrituristica-lama-san-giorgio-barzan
roccadibajedo@gmail.com,B&B Rocca di Bajedo,https://www.hotelsdrop.com/hotel/b-b-rocca-di-bajedo-barzio
info@villacavallier.it,B&B Villa Cavallier,https://www.hotelsdrop.com/hotel/b-b-villa-cavallier-barzio
clm@ariete87.it,Como's Lake Mountains,https://www.hotelsdrop.com/hotel/como-s-lake-mountains-barzio
info@bottondoro-valleimagna.it,Foresteria Botton d'oro,https://www.hotelsdrop.com/hotel/foresteria-botton-d-oro-barzio
info@garnilegrigne.it,Garni Le Grigne,https://www.hotelsdrop.com/hotel/garni-le-grigne-barzio
info@cantinasanmatteo.it,Agriturismo San Matteo,https://www.hotelsdrop.com/hotel/agriturismo-san-matteo-basaluzzo
ferriera8noviligure@gmail.com,Bed&Breakfast Ferriera 8,https://www.hotelsdrop.com/hotel/bed-breakfast-ferriera-8-basaluzzo
info@rozzanoaffittacamere.it,B&b Rozzano affittacamere,https://www.hotelsdrop.com/hotel/b-b-rozzano-affittacamere-bascap
info@milanguesthouse.it,Poste Regie - Milan Guest House,https://www.hotelsdrop.com/hotel/poste-regie-milan-guest-house-bascap
buriano@buriano.it,Agriturismo Buriano by Bellaluce,https://www.hotelsdrop.com/hotel/agriturismo-buriano-by-bellaluce-baschi
lecasetteumbria@gmail.com,Agriturismo Le Casette,https://www.hotelsdrop.com/hotel/agriturismo-le-casette-baschi
rapol@tiscali.it,B&B Dimora Paolina,https://www.hotelsdrop.com/hotel/b-b-dimora-paolina-baschi
info@casaleallago.com,Casale al lago,https://www.hotelsdrop.com/hotel/casale-al-lago-baschi
luigicappelloni@gmail.com,Il Borgo Affitacamere,https://www.hotelsdrop.com/hotel/il-borgo-affitacamere-baschi
info@palazzopistocchi.com,B&B letterario Palazzo Pistocchi,https://www.hotelsdrop.com/hotel/b-b-letterario-palazzo-pistocchi-basciano
lacasadigemmabnb@gmail.com,La Casa di Gemma B&B,https://www.hotelsdrop.com/hotel/la-casa-di-gemma-b-b-basciano
contact@globostay.com,La Villetta sul Mavone,https://www.hotelsdrop.com/hotel/la-villetta-sul-mavone-basciano
info@villalidiateramo.it,Villa Lidia Teramo B&B,https://www.hotelsdrop.com/hotel/villa-lidia-teramo-b-b-basciano
bike.bed.breakfast.millepini@gmail.com,Bike Bed & Breakfast Mille Pini,https://www.hotelsdrop.com/hotel/bike-bed-breakfast-mille-pini-baselga-di-pin
info@oasipianaromana.it,Casa Albergo Oasi Piana Romana,https://www.hotelsdrop.com/hotel/casa-albergo-oasi-piana-romana-baselice
info@laffresco.it,L'Affresco di Mobilia Massimo,https://www.hotelsdrop.com/hotel/l-affresco-di-mobilia-massimo-baselice
info@accoglientedimora.it,Accogliente Dimora,https://www.hotelsdrop.com/hotel/accogliente-dimora-basic
bebyinviaggio@gmail.com,b&b beby in viaggio,https://www.hotelsdrop.com/hotel/b-b-beby-in-viaggio-basic
info@bellavistamonopoli.it,B&B Bellavista,https://www.hotelsdrop.com/hotel/b-b-bellavista-basic
bbilcivico2@gmail.com,Bed and Breakfast Il Civico 2,https://www.hotelsdrop.com/hotel/bed-and-breakfast-il-civico-2-basic
info@agriturismolerisaie.it,Agriturismo Le Risaie,https://www.hotelsdrop.com/hotel/agriturismo-le-risaie-basiglio
info@bottondorobasiglio.com,B&B Botton d'Oro,https://www.hotelsdrop.com/hotel/b-b-botton-d-oro-basiglio
info@bbisalici.it,BB I Salici,https://www.hotelsdrop.com/hotel/bb-i-salici-basiglio
patyveronica07@gmail.com,B&B Villa mi Sueño,https://www.hotelsdrop.com/hotel/b-b-villa-mi-sueno-basiliano
2515info@italoeanna.com,Guest House Italo & Anna,https://www.hotelsdrop.com/hotel/guest-house-italo-anna-basiliano
info@hotelconcorde.ud.it,Hotel Concorde,https://www.hotelsdrop.com/hotel/hotel-concorde-basiliano
info@lablaverooms.it,La Blave Rooms,https://www.hotelsdrop.com/hotel/la-blave-rooms-basiliano
stopsleepudine@gmail.com,Sleep In Udine,https://www.hotelsdrop.com/hotel/sleep-in-udine-basiliano
info@nicolaruvioli.it,Franciacorta Executive Resort,https://www.hotelsdrop.com/hotel/franciacorta-executive-resort-bassano-bresciano
larosadeiventi@blserviziedili.it,La Rosa Dei Venti,https://www.hotelsdrop.com/hotel/la-rosa-dei-venti-bassano-bresciano
residenzaborgo@gmail.com,RESIDENZA BORGO MANERBIO,https://www.hotelsdrop.com/hotel/residenza-borgo-manerbio-bassano-bresciano
info@bacariabedandbreakfast.it,Bacaria,https://www.hotelsdrop.com/hotel/bacaria-bassano-del-grappa
giordanamilanibnb@gmail.co,Bed & Breakfast Rezzonico,https://www.hotelsdrop.com/hotel/bed-breakfast-rezzonico-bassano-del-grappa
info@cabaracca.it,Ca' Baracca & Bellavista,https://www.hotelsdrop.com/hotel/ca-baracca-bellavista-bassano-del-grappa
48bassano@gmail.com,CA' BASSANO Bed & Breakfast,https://www.hotelsdrop.com/hotel/ca-bassano-bed-breakfast-bassano-del-grappa
luca.rebe68@gmail.com,Le Betulle B&B,https://www.hotelsdrop.com/hotel/le-betulle-b-b-bassano-del-grappa
prenotazioni@ostellobassanodelgrappa.it,Ostello Bassano del Grappa,https://www.hotelsdrop.com/hotel/ostello-bassano-del-grappa-bassano-del-grappa
palazzettodieda@gmail.com,Palazzetto Dieda,https://www.hotelsdrop.com/hotel/palazzetto-dieda-bassano-del-grappa
info@laquercia-b-b.it,B&B La Quercia,https://www.hotelsdrop.com/hotel/b-b-la-quercia-bassano-in-teverina
info@isegretidelborgo.it,I Segreti Del Borgo,https://www.hotelsdrop.com/hotel/i-segreti-del-borgo-bassano-in-teverina
info@lortodihans.com,L' Orto di Hans - Bio Agriturismo,https://www.hotelsdrop.com/hotel/l-orto-di-hans-bio-agriturismo-bassano-in-teverina
ilfragolino@gmail.com,Agriturismo Il Fragolino,https://www.hotelsdrop.com/hotel/agriturismo-il-fragolino-bassano-romano
manuelaarcioni@tiscali.it,Casale Sant'Elia,https://www.hotelsdrop.com/hotel/casale-sant-elia-bassano-romano
info@cortesospesa.com,Corte Sospesa Guest House & Spa,https://www.hotelsdrop.com/hotel/corte-sospesa-guest-house-spa-bassano-romano
info@bnbpiazzaroma.it,B&B Piazza Roma,https://www.hotelsdrop.com/hotel/b-b-piazza-roma-bassiano
605a7baede844d278b89dc95ae0a9123@sentry-next.wixpress.com,Eco House San Michele,https://www.hotelsdrop.com/hotel/eco-house-san-michele-bassiano
hotelexcelsior@gruppoflamini.com,Hotel Excelsior,https://www.hotelsdrop.com/hotel/hotel-excelsior-bassiano
bbperbacco@tiscali.it,B&B Perbacco,https://www.hotelsdrop.com/hotel/b-b-perbacco-bassignana
big.sara@yahoo.it,La Casetta,https://www.hotelsdrop.com/hotel/la-casetta-bassignana
ilbriccodellaguardia@gmail.com,B&B Bricco della Guardia,https://www.hotelsdrop.com/hotel/b-b-bricco-della-guardia-bastia-mondov
briccofiore@gmail.com,B&B Bricco Fiore,https://www.hotelsdrop.com/hotel/b-b-bricco-fiore-bastia-mondov
info@torreinlanga.it,B&B Torre in Langa,https://www.hotelsdrop.com/hotel/b-b-torre-in-langa-bastia-mondov
info@vistalanghe.it,B&B Vista Sulle Langhe,https://www.hotelsdrop.com/hotel/b-b-vista-sulle-langhe-bastia-mondov
cadelmagu@gmail.com,ca' del magu,https://www.hotelsdrop.com/hotel/ca-del-magu-bastia-mondov
info@casacalleri.it,Casa Calleri,https://www.hotelsdrop.com/hotel/casa-calleri-bastia-mondov
iperticali@gmail.com\,I Perticali,https://www.hotelsdrop.com/hotel/i-perticali-bastia-mondov
info@laroccadicarru.com,La Rocca Residence,https://www.hotelsdrop.com/hotel/la-rocca-residence-bastia-mondov
info@cameremariella.it,B&B Camere Mariella,https://www.hotelsdrop.com/hotel/b-b-camere-mariella-bastia-umbra
info@camerelabasilica.it,Camere la Basilica,https://www.hotelsdrop.com/hotel/camere-la-basilica-bastia-umbra
info@hotelmomassisi.it,Hotel Mom - Fraz.S.M.degli Angeli,https://www.hotelsdrop.com/hotel/hotel-mom-fraz-s-m-degli-angeli-bastia-umbra
info@casaledellafornace.it,Il Casale della Fornace,https://www.hotelsdrop.com/hotel/il-casale-della-fornace-bastia-umbra
info@casapelizza.it,Agriturismo Casa Pelizza,https://www.hotelsdrop.com/hotel/agriturismo-casa-pelizza-bastida-pancarana
mail@gualdana.it,Agriturismo Corti della Gualdana,https://www.hotelsdrop.com/hotel/agriturismo-corti-della-gualdana-bastida-pancarana
prenota@lentiaffittacamere.it,Lenti Affittacamere,https://www.hotelsdrop.com/hotel/lenti-affittacamere-bastida-pancarana
info@cortetamellini.com,Agriturismo Corte Tamellini,https://www.hotelsdrop.com/hotel/agriturismo-corte-tamellini-bastiglia
info@ilcavicchio.it,Agriturismo Il Cavicchio,https://www.hotelsdrop.com/hotel/agriturismo-il-cavicchio-bastiglia
agriturismolabellis@gmail.com,Agriturismo La Bellis,https://www.hotelsdrop.com/hotel/agriturismo-la-bellis-bastiglia
info@lavoltadellerondini.it,Agriturismo La Volta delle Rondini,https://www.hotelsdrop.com/hotel/agriturismo-la-volta-delle-rondini-bastiglia
info@balsamicodop.it,Alloggio Cantalupo,https://www.hotelsdrop.com/hotel/alloggio-cantalupo-bastiglia
info@quattrol.eu,B&B Quattrol,https://www.hotelsdrop.com/hotel/b-b-quattrol-bastiglia
pariderebecchi@rgpsrl.it,B&B Real Pidkova,https://www.hotelsdrop.com/hotel/b-b-real-pidkova-bastiglia
info@ilterrazzosultramonto.it,Il terrazzo sul tramonto - Bastiglia (MO),https://www.hotelsdrop.com/hotel/il-terrazzo-sul-tramonto-bastiglia-mo-bastiglia
info@agriturismocortegialla.it,La Corte Gialla,https://www.hotelsdrop.com/hotel/la-corte-gialla-bastiglia
direzione@labotalla.it,Agriturismo LA BOTALLA,https://www.hotelsdrop.com/hotel/agriturismo-la-botalla-battifollo
info@ca-luna.it,CA' LUNA GUEST HOUSE,https://www.hotelsdrop.com/hotel/ca-luna-guest-house-battifollo
valearena.1985@libero.it,Villa Valentina B&B,https://www.hotelsdrop.com/hotel/villa-valentina-b-b-battifollo
info@lecomprese.it,Le comprese - B&B experience,https://www.hotelsdrop.com/hotel/le-comprese-b-b-experience-battipaglia
info@shamika.it,Shamika Luxury Rooms,https://www.hotelsdrop.com/hotel/shamika-luxury-rooms-battipaglia
bb.lacasetta@libero.it,"B&B "" La Casetta """,https://www.hotelsdrop.com/hotel/b-b-la-casetta-battuda
lacasa.gialla@libero.it,"Bed and Breakfast ""La casa gialla""",https://www.hotelsdrop.com/hotel/bed-and-breakfast-la-casa-gialla-baucina
info@sadomudesapalla.com,B&B Sa Domu de Palla,https://www.hotelsdrop.com/hotel/b-b-sa-domu-de-palla-bauladu
bedandclimbing@gmail.com,bedandclimbing,https://www.hotelsdrop.com/hotel/bedandclimbing-baunei
support@centralstay.eu,Drommire In Plassa E Clesia,https://www.hotelsdrop.com/hotel/drommire-in-plassa-e-clesia-baunei
elunebb@gmail.com,Elune B&B,https://www.hotelsdrop.com/hotel/elune-b-b-baunei
info@coopgoloritze.com,Goloritzè Room and Breakfast,https://www.hotelsdrop.com/hotel/goloritze-room-and-breakfast-baunei
info@hotelplammas.com,Hotel Plammas,https://www.hotelsdrop.com/hotel/hotel-plammas-baunei
monteforru@gmail.com,Monte Forru Bedrooms,https://www.hotelsdrop.com/hotel/monte-forru-bedrooms-baunei
viaromabaunei@gmail.com,Via Roma Charming Rooms,https://www.hotelsdrop.com/hotel/via-roma-charming-rooms-baunei
bbvillaoriana@gmail.com,B&B Ori Villa Oriana,https://www.hotelsdrop.com/hotel/b-b-ori-villa-oriana-baveno
info@hotelroyalstresa.com,Hotel Royal Stresa,https://www.hotelsdrop.com/hotel/hotel-royal-stresa-baveno
info@locandanelia.com,Locanda Nelia,https://www.hotelsdrop.com/hotel/locanda-nelia-baveno
info@villavalesca.com,Villa Valesca,https://www.hotelsdrop.com/hotel/villa-valesca-baveno
indirizzo@email.com,B&B Dolci Ricordi Cunardo,https://www.hotelsdrop.com/hotel/b-b-dolci-ricordi-cunardo-bedero-valcuvia
info@stampa1968.com,Stampa 1968 Hotel e Ristorante,https://www.hotelsdrop.com/hotel/stampa-1968-hotel-e-ristorante-bedero-valcuvia
info@bb-imelograni.com,B&B I Melograni,https://www.hotelsdrop.com/hotel/b-b-i-melograni-bedizzole
danielapea@virgilio.it,Cornelia,https://www.hotelsdrop.com/hotel/cornelia-bedizzole
info@lalocandadigeppetto.it,B&B La Locanda di Geppetto,https://www.hotelsdrop.com/hotel/b-b-la-locanda-di-geppetto-bedollo
info@lemolinarehomerelax.it,B&B Le Molinare Home Relax,https://www.hotelsdrop.com/hotel/b-b-le-molinare-home-relax-bedollo
g.salurn@gmail.com,Gasthof Salurn,https://www.hotelsdrop.com/hotel/gasthof-salurn-bedollo
info@relaisdolomiti.it,Relais Dolomiti,https://www.hotelsdrop.com/hotel/relais-dolomiti-bedollo
info@cacigolara.it,Agriturismo Agricampeggio Società Agricola Cacigolara,https://www.hotelsdrop.com/hotel/agriturismo-agricampeggio-societa-agricola-cacig-bedonia
villatreangeli@gmail.com,Villa Tre Angeli,https://www.hotelsdrop.com/hotel/villa-tre-angeli-bedonia
info@hotelristoranteposta.it,ALBERGHI PER ANZIANI ROTA D'IMAGNA HOTEL POSTA,https://www.hotelsdrop.com/hotel/alberghi-per-anziani-rota-d-imagna-hotel-posta-bedulita
ducasguesthouse@gmail.com,Duca's Guest House,https://www.hotelsdrop.com/hotel/duca-s-guest-house-beinasco
info@stayly.it,Turin Metro Young - Hostel,https://www.hotelsdrop.com/hotel/turin-metro-young-hostel-beinasco
info@santinoshouse.it,Affittacamere Santino's house - CIN: IT004163B4IOUF7XOX,https://www.hotelsdrop.com/hotel/affittacamere-santino-s-house-cin-it004163b4iouf-beinette
allaborgata@gmail.com,B&B Alla Borgata,https://www.hotelsdrop.com/hotel/b-b-alla-borgata-beinette
info@anticheradici.com,B&B antiche radici,https://www.hotelsdrop.com/hotel/b-b-antiche-radici-beinette
labisimauda@libero.it,B&B La Bisimauda,https://www.hotelsdrop.com/hotel/b-b-la-bisimauda-beinette
info@lacasaarancione.it,B&B La Casa Arancione - Camere & Charme CIN IT004028C2S6F8UZHQ,https://www.hotelsdrop.com/hotel/b-b-la-casa-arancione-camere-charme-cin-it004028-beinette
info@virgulabb.it,B&B Virgula,https://www.hotelsdrop.com/hotel/b-b-virgula-beinette
info@cuneoguesthouse.it,Cuneo Guest House,https://www.hotelsdrop.com/hotel/cuneo-guest-house-beinette
bbfontanagiulia@gmail.com,B&B FONTANA GIULIA,https://www.hotelsdrop.com/hotel/b-b-fontana-giulia-belcastro
info@aziendailmelograno.it,Agriturismo Il Melograno,https://www.hotelsdrop.com/hotel/agriturismo-il-melograno-belfiore
info@anticocasalebergamini.com,Antico Casale Bergamini,https://www.hotelsdrop.com/hotel/antico-casale-bergamini-belfiore
info@cabetania.nl,Agriturismo Ca'Betania,https://www.hotelsdrop.com/hotel/agriturismo-ca-betania-belforte-all-isauro
info@la-pace.it,"B&B ""La Pace""",https://www.hotelsdrop.com/hotel/b-b-la-pace-belforte-all-isauro
info@lagrottadeifolletti.it,La Grotta dei Folletti,https://www.hotelsdrop.com/hotel/la-grotta-dei-folletti-belforte-all-isauro
info@palazzosantinelli.it,Palazzo Santinelli B&b,https://www.hotelsdrop.com/hotel/palazzo-santinelli-b-b-belforte-all-isauro
utente@dominio.com,Agriturismo Colle Casini Cortesi,https://www.hotelsdrop.com/hotel/agriturismo-colle-casini-cortesi-belforte-del-chienti
info@azzurrodivallepietra.it,Azzurro di Vallepietra,https://www.hotelsdrop.com/hotel/azzurro-di-vallepietra-belforte-del-chienti
info@coroncina.it,Coroncina Country Relais,https://www.hotelsdrop.com/hotel/coroncina-country-relais-belforte-del-chienti
info@lincantodeisibillini.com,Country House L'Incanto dei Sibillini,https://www.hotelsdrop.com/hotel/country-house-l-incanto-dei-sibillini-belforte-del-chienti
info@il-villino.com,Il Villino Bed & Breakfast,https://www.hotelsdrop.com/hotel/il-villino-bed-breakfast-belforte-del-chienti
prenotazioni@osteriadeibinelli.it,Agriturismo Cascina Binelli,https://www.hotelsdrop.com/hotel/agriturismo-cascina-binelli-belforte-monferrato
info@paitin.it,Agriturismo Paitin,https://www.hotelsdrop.com/hotel/agriturismo-paitin-belforte-monferrato
info@ladiligenzabb.it,B&B La Diligenza,https://www.hotelsdrop.com/hotel/b-b-la-diligenza-belforte-monferrato
info@cascinagiardini.it,Cascina Giardini B&B,https://www.hotelsdrop.com/hotel/cascina-giardini-b-b-belforte-monferrato
ladimoradibcairoli@gmail.com,La Dimora di B. Cairoli,https://www.hotelsdrop.com/hotel/la-dimora-di-b-cairoli-belforte-monferrato
info@relaischiarene.it,Relais Chiarene,https://www.hotelsdrop.com/hotel/relais-chiarene-belforte-monferrato
remo.bolner@gmail.com,Villa Belforte,https://www.hotelsdrop.com/hotel/villa-belforte-belforte-monferrato
info@vitaedilanga.it,Vitae di Langa - Agriturismo,https://www.hotelsdrop.com/hotel/vitae-di-langa-agriturismo-belforte-monferrato
info@bbcastellani.it,B&B Castellani,https://www.hotelsdrop.com/hotel/b-b-castellani-belgioioso
ilfollettodellago@gmail.com,"B&B "" Il Folletto del Lago """,https://www.hotelsdrop.com/hotel/b-b-il-folletto-del-lago-belgirate
bebilcappellaiodierika@gmail.com,B&B Il Cappellaio di Erika,https://www.hotelsdrop.com/hotel/b-b-il-cappellaio-di-erika-belgirate
laciliegiabiancabb@gmail.com,B&B La Ciliegia Bianca,https://www.hotelsdrop.com/hotel/b-b-la-ciliegia-bianca-belgirate
b.b.torrelara@hotmail.it,Bed & Breakfast Torre Lara,https://www.hotelsdrop.com/hotel/bed-breakfast-torre-lara-belgirate
info@heavenlylagomaggiore.com,Heavenly Lago Maggiore – Casa Vacanze,https://www.hotelsdrop.com/hotel/heavenly-lago-maggiore-casa-vacanze-belgirate
orchidslago@gmail.com,Le Orchidee del Lago Maggiore - La Ghirlandina B&B,https://www.hotelsdrop.com/hotel/le-orchidee-del-lago-maggiore-la-ghirlandina-b-b-belgirate
info@bellabasilicata.it,Bed & Breakfast Bella Basilicata,https://www.hotelsdrop.com/hotel/bed-breakfast-bella-basilicata-bella
giglio.doro@tiscali.it,Locanda al Giglio d' Oro,https://www.hotelsdrop.com/hotel/locanda-al-giglio-d-oro-bella
nonnafelicia.pz@gmail.com,Nonna Felicia B&B,https://www.hotelsdrop.com/hotel/nonna-felicia-b-b-bella
ilcolle@bellagioitaly.holiday,Agriturismo Il Colle Bellagio,https://www.hotelsdrop.com/hotel/agriturismo-il-colle-bellagio-bellagio
info@aquaecobellagio.com,Aqua&co,https://www.hotelsdrop.com/hotel/aqua-co-bellagio
info@casalarosa.it,B&B Villa la Rosa,https://www.hotelsdrop.com/hotel/b-b-villa-la-rosa-bellagio
info@bellagiobedandbreakfast.com,Bellagio Bed and Breakfast,https://www.hotelsdrop.com/hotel/bellagio-bed-and-breakfast-bellagio
casalumacalagodicomo@gmail.com,Casa Lumaca B&B di Charme,https://www.hotelsdrop.com/hotel/casa-lumaca-b-b-di-charme-bellagio
info@glampingbellagio.com,Luxury Lodges,https://www.hotelsdrop.com/hotel/luxury-lodges-bellagio
info@theiconiclodge.com,The Iconic Lodge,https://www.hotelsdrop.com/hotel/the-iconic-lodge-bellagio
info@bebvicoloagliorti.it,B&B Il Vicolo agli Orti,https://www.hotelsdrop.com/hotel/b-b-il-vicolo-agli-orti-bellano
info@hotelilportichetto.com,Hotel Il Portichetto,https://www.hotelsdrop.com/hotel/hotel-il-portichetto-bellano
info@hotellauro.com,Hotel Lauro,https://www.hotelsdrop.com/hotel/hotel-lauro-bellano
villavistalagobellano@gmail.com,Il Pontile Historic Center with AC by villavistalago Bellano,https://www.hotelsdrop.com/hotel/il-pontile-historic-center-with-ac-by-villavista-bellano
info@bbcstone.com,La Casa Sul Sasso B&B and apartments,https://www.hotelsdrop.com/hotel/la-casa-sul-sasso-b-b-and-apartments-bellano
info@valledeimulinilakecomo.it,Valle dei Mulini Rent Room&Apartments,https://www.hotelsdrop.com/hotel/valle-dei-mulini-rent-room-apartments-bellano
info@villamarinabellano.com,Villa Marina,https://www.hotelsdrop.com/hotel/villa-marina-bellano
assy.81@hotmail.it,B&B Al Vicoletto,https://www.hotelsdrop.com/hotel/b-b-al-vicoletto-bellante
info@casaledeicilieg.it,Casale dei Ciliegi,https://www.hotelsdrop.com/hotel/casale-dei-ciliegi-bellante
mirko@dimoramorello.com,Dimora Morello,https://www.hotelsdrop.com/hotel/dimora-morello-bellante
info@agriturismoilcasolare.com,Il Casolare,https://www.hotelsdrop.com/hotel/il-casolare-bellante
info@villafloriana.com,Villa Floriana,https://www.hotelsdrop.com/hotel/villa-floriana-bellante
villamonacoinformation@gmail.com,Villa Monaco,https://www.hotelsdrop.com/hotel/villa-monaco-bellante
info@hotelteti.info,Hotel Teti | Igea Marina - Bellaria,https://www.hotelsdrop.com/hotel/hotel-teti-igea-marina-bellaria-bellaria-igea-marina
info@freehtml5.co,Agriturismo Lou Saret,https://www.hotelsdrop.com/hotel/agriturismo-lou-saret-bellino
info@laguiette.it,B&B La Guiette,https://www.hotelsdrop.com/hotel/b-b-la-guiette-bellino
locandadielva@gmail.com,La Locanda di Elva,https://www.hotelsdrop.com/hotel/la-locanda-di-elva-bellino
info@lecolonneresort.it,Le Colonne Resort,https://www.hotelsdrop.com/hotel/le-colonne-resort-bellino
lamisundeciafre@gmail.com,Locanda Alboin La Misun de Ciafrè,https://www.hotelsdrop.com/hotel/locanda-alboin-la-misun-de-ciafre-bellino
info@locandadelsilenzio.com,Locanda Del Silenzio S.a.s.,https://www.hotelsdrop.com/hotel/locanda-del-silenzio-s-a-s-bellino
info@lapeirogroso.com,Locanda La Peiro Groso,https://www.hotelsdrop.com/hotel/locanda-la-peiro-groso-bellino
lousubric@gmail.com,Locanda Lou Subric Osteria e Camere,https://www.hotelsdrop.com/hotel/locanda-lou-subric-osteria-e-camere-bellino
lecameredialadino@gmail.com,B&B Le camere di Aladino,https://www.hotelsdrop.com/hotel/b-b-le-camere-di-aladino-bellinzago-lombardo
agri.camisi@gmail.com,CAMISI QH,https://www.hotelsdrop.com/hotel/camisi-qh-bellinzago-lombardo
lalocandadellatorre@gmail.com,La locanda della Torre,https://www.hotelsdrop.com/hotel/la-locanda-della-torre-bellinzago-lombardo
lafarazzina@gmail.com,"Agriturismo ""La Farazzina""",https://www.hotelsdrop.com/hotel/agriturismo-la-farazzina-bellinzago-novarese
lavillettasalerno@gmail.com,B&B La Villetta Salerno Airport,https://www.hotelsdrop.com/hotel/b-b-la-villetta-salerno-airport-bellizzi
bebvillanapolibattipaglia@gmail.com,B&B Villa Napoli,https://www.hotelsdrop.com/hotel/b-b-villa-napoli-bellizzi
info@bebtoctoc.it,Toc Toc Bed & Breakfast Pontecagnano,https://www.hotelsdrop.com/hotel/toc-toc-bed-breakfast-pontecagnano-bellizzi
support@centralstay.eu,B&B White One,https://www.hotelsdrop.com/hotel/b-b-white-one-bellona
info@sottolestelledicapua.it,Sotto le stelle di capua B&B,https://www.hotelsdrop.com/hotel/sotto-le-stelle-di-capua-b-b-bellona
info@liguira.it,Agriturismo Li Guira,https://www.hotelsdrop.com/hotel/agriturismo-li-guira-bellosguardo
info@bnbantonellacilento.it,B&B Antonella,https://www.hotelsdrop.com/hotel/b-b-antonella-bellosguardo
agriturismocasadebertoldi@gmail.com,Casa de Bertoldi - Agriturismo,https://www.hotelsdrop.com/hotel/casa-de-bertoldi-agriturismo-belluno
daru1964@libero.it,Dolomiti Suite,https://www.hotelsdrop.com/hotel/dolomiti-suite-belluno
dolomiti.nice1@gmail.com,DolomitiNice1,https://www.hotelsdrop.com/hotel/dolomitinice1-belluno
info@dormirecaldi.it,DORMIRE CALDI Affittacamere,https://www.hotelsdrop.com/hotel/dormire-caldi-affittacamere-belluno
info@latieda.it,La Tieda - locazione turistica,https://www.hotelsdrop.com/hotel/la-tieda-locazione-turistica-belluno
fra.alba79@libero.it,A Taverna Intru u Vicu,https://www.hotelsdrop.com/hotel/a-taverna-intru-u-vicu-belmonte-calabro
booking@flautomagicobelmonte.it,Il Flauto Magico B&B,https://www.hotelsdrop.com/hotel/il-flauto-magico-b-b-belmonte-calabro
info@villalepalmelongobardi.it,Villa le Palme Longobardi,https://www.hotelsdrop.com/hotel/villa-le-palme-longobardi-belmonte-calabro
casavillamaria04@gmail.com,Villa Maria B&B,https://www.hotelsdrop.com/hotel/villa-maria-b-b-belmonte-calabro
roberta.ricasoli@erbadoro.com,Agriturismo di charme erbadoro,https://www.hotelsdrop.com/hotel/agriturismo-di-charme-erbadoro-belmonte-castello
lacaruscia@gmail.com,Bed&Breakfast La Caruscia,https://www.hotelsdrop.com/hotel/bed-breakfast-la-caruscia-belmonte-del-sannio
info@stagheaddesigns.com,Hotel Lo Smeraldo | Sala Ricevimenti,https://www.hotelsdrop.com/hotel/hotel-lo-smeraldo-sala-ricevimenti-belmonte-del-sannio
info@palazzodellacitta.it,Palazzo Della Città,https://www.hotelsdrop.com/hotel/palazzo-della-citta-belmonte-del-sannio
info@casolarebrindavan.com,Brindavan Country House,https://www.hotelsdrop.com/hotel/brindavan-country-house-belmonte-in-sabina
info@bbangolo83.com,B&B Angolo83,https://www.hotelsdrop.com/hotel/b-b-angolo83-belmonte-mezzagno
lefuoriserieappartamenti@gmail.com,Casa Vacanza Monviso LeFuoriserieAppartamenti,https://www.hotelsdrop.com/hotel/casa-vacanza-monviso-lefuoriserieappartamenti-belmonte-mezzagno
prenotazioni@altheaetnagarden.it,B&B - Althea Etna Garden,https://www.hotelsdrop.com/hotel/b-b-althea-etna-garden-belpasso
bcens100@gmail.com,B&B BcenS la città delle 100 sculture,https://www.hotelsdrop.com/hotel/b-b-bcens-la-citta-delle-100-sculture-belpasso
booking@laportadelletna.it,B&B La Porta dell'Etna,https://www.hotelsdrop.com/hotel/b-b-la-porta-dell-etna-belpasso
info@bblarenarossanicolosi.com,B&B La Rena Rossa,https://www.hotelsdrop.com/hotel/b-b-la-rena-rossa-belpasso
info@bebprimaclasse.it,B&B PRIMACLASSE,https://www.hotelsdrop.com/hotel/b-b-primaclasse-belpasso
etnapetitrelais@gmail.com,Etna Petit Relais,https://www.hotelsdrop.com/hotel/etna-petit-relais-belpasso
bebkarte@gmail.com,Kartè,https://www.hotelsdrop.com/hotel/karte-belpasso
info.boutiquesuites@gmail.com,Boutique Suites - Palazzo Crati 1800,https://www.hotelsdrop.com/hotel/boutique-suites-palazzo-crati-1800-belsito
info@casadifiore.it,B&B Casa di Fiore,https://www.hotelsdrop.com/hotel/b-b-casa-di-fiore-belvedere-di-spinello
oasidelpoetakr@gmail.com,L'Oasi del Poeta,https://www.hotelsdrop.com/hotel/l-oasi-del-poeta-belvedere-di-spinello
info@poggiodelleginestre.com,B&B POGGIO DELLE GINESTRE,https://www.hotelsdrop.com/hotel/b-b-poggio-delle-ginestre-belvedere-langhe
605a7baede844d278b89dc95ae0a9123@sentry-next.wixpress.com,Belvedere Affittacamere,https://www.hotelsdrop.com/hotel/belvedere-affittacamere-belvedere-langhe-2
bbcascinagrattinera@gmail.com,Cascina Grattinera B&B,https://www.hotelsdrop.com/hotel/cascina-grattinera-b-b-belvedere-langhe
latanamurazzano@gmail.com,La Tana dello Scoiattolo CIR 004245beb00002 CIN IT004145C1JLAW3JYF,https://www.hotelsdrop.com/hotel/la-tana-dello-scoiattolo-cir-004245beb00002-cin-belvedere-langhe
info@tenutamonteoliveto.it,Tenuta MonteOliveto - Agriturismo nelle Langhe,https://www.hotelsdrop.com/hotel/tenuta-monteoliveto-agriturismo-nelle-langhe-belvedere-langhe
support@centralstay.eu,B&B Crispino,https://www.hotelsdrop.com/hotel/b-b-crispino-belvedere-marittimo
support@centralstay.eu,Ely Sea B&B,https://www.hotelsdrop.com/hotel/ely-sea-b-b-belvedere-marittimo
prenotazioni@larisaccarelais.com,La Risacca Relais,https://www.hotelsdrop.com/hotel/la-risacca-relais-belvedere-marittimo
whiteclubresidence@gmail.com,White Club Residence,https://www.hotelsdrop.com/hotel/white-club-residence-belvedere-marittimo
info@tenutabelvedere.eu,AgriturismoTenuta Belvedere,https://www.hotelsdrop.com/hotel/agriturismotenuta-belvedere-belvedere-ostrense
apisintabula@gmail.com,Apis in tabula,https://www.hotelsdrop.com/hotel/apis-in-tabula-belvedere-ostrense
info@casalimarchigiani.com,Casa della Musica - Casali Marchigiani,https://www.hotelsdrop.com/hotel/casa-della-musica-casali-marchigiani-belvedere-ostrense
lacollinadeicavalieri@gmail.it,La Collina dei Cavalieri,https://www.hotelsdrop.com/hotel/la-collina-dei-cavalieri-belvedere-ostrense
juliagilmour22@gmail.com,Casa Del Roseto,https://www.hotelsdrop.com/hotel/casa-del-roseto-belveglio
info@cascinareggio.it,Cascina REGGIO,https://www.hotelsdrop.com/hotel/cascina-reggio-belveglio
corteprenotazioni@gmail.com,Corte dell'uva holiday apartments,https://www.hotelsdrop.com/hotel/corte-dell-uva-holiday-apartments-belveglio
info@ottoquadri.it,OttoQuadri,https://www.hotelsdrop.com/hotel/ottoquadri-belveglio
u00a0info@agriturismoeco.it,Agriturismo l'Eco,https://www.hotelsdrop.com/hotel/agriturismo-l-eco-bema
info@volpegolosa.com,Agriturismo Volpe Golosa,https://www.hotelsdrop.com/hotel/agriturismo-volpe-golosa-bema
605a7baede844d278b89dc95ae0a9123@sentry-next.wixpress.com,B&B Portobello,https://www.hotelsdrop.com/hotel/b-b-portobello-bema
anna.dellorto@hotmail.it,B&B A Casa di Anna,https://www.hotelsdrop.com/hotel/b-b-a-casa-di-anna-bene-lario
info@bbsullago.com,Foresteria BB Sul Lago,https://www.hotelsdrop.com/hotel/foresteria-bb-sul-lago-bene-lario
info@hotelloveno.com,Hotel Loveno 2 stars,https://www.hotelsdrop.com/hotel/hotel-loveno-2-stars-bene-lario
valterservetti@gmail.com,Antica Dimora Gallo Basteris,https://www.hotelsdrop.com/hotel/antica-dimora-gallo-basteris-bene-vagienna
amolelanghe@gmail.com,B&B Amò le Langhe,https://www.hotelsdrop.com/hotel/b-b-amo-le-langhe-bene-vagienna
bene.breakfast@gmail.com,B&b Bene&breakfast,https://www.hotelsdrop.com/hotel/b-b-bene-breakfast-bene-vagienna
chiara.cavallero70@gmail.com,B&B Ca' Rino,https://www.hotelsdrop.com/hotel/b-b-ca-rino-bene-vagienna
cadelviaggiatore@gmail.com,Ca' del Viaggiatore,https://www.hotelsdrop.com/hotel/ca-del-viaggiatore-bene-vagienna
info@cascinabelmonte.com,Cascina Belmonte B&B,https://www.hotelsdrop.com/hotel/cascina-belmonte-b-b-bene-vagienna
postmaster@pec.cortilegancia.it,Cortile Gancia Sweet House,https://www.hotelsdrop.com/hotel/cortile-gancia-sweet-house-bene-vagienna
info@lavignadelmaestro.com,La Vigna Del Maestro,https://www.hotelsdrop.com/hotel/la-vigna-del-maestro-bene-vagienna
info@carrales.it,Carrales Guest•House,https://www.hotelsdrop.com/hotel/carrales-guest-house-benetutti
info@peoniabianca.it,Domo Peonia Bianca,https://www.hotelsdrop.com/hotel/domo-peonia-bianca-benetutti
bookings@sacorte.it,Locanda Tipica Sa Corte,https://www.hotelsdrop.com/hotel/locanda-tipica-sa-corte-benetutti
info@pagheexperience.it,Paghe Eco Luxury Experience,https://www.hotelsdrop.com/hotel/paghe-eco-luxury-experience-benetutti
info@lestanzedellamusica.com,B&B Le Stanze della Musica,https://www.hotelsdrop.com/hotel/b-b-le-stanze-della-musica-benevello
info@casaremussi.it,Casa Remussi,https://www.hotelsdrop.com/hotel/casa-remussi-benevello
info@lasismonda.it,La Sismonda B&B,https://www.hotelsdrop.com/hotel/la-sismonda-b-b-benevello
info@locandasanlorenzo.eu,Locanda San Lorenzo,https://www.hotelsdrop.com/hotel/locanda-san-lorenzo-benevello
info@moncrivelrooms.it,Moncrivel Rooms & Relax,https://www.hotelsdrop.com/hotel/moncrivel-rooms-relax-benevello
info@domustraiani.it,B&B Domus Traiani,https://www.hotelsdrop.com/hotel/b-b-domus-traiani-benevento
info@hotelanticheterme.com,Hotel Antiche Terme,https://www.hotelsdrop.com/hotel/hotel-antiche-terme-benevento
contact@globostay.com,Palazzo dei Catenielli 63 B&B,https://www.hotelsdrop.com/hotel/palazzo-dei-catenielli-63-b-b-benevento
info@unafranca.it,Affittacamere con Camere di Charme,https://www.hotelsdrop.com/hotel/affittacamere-con-camere-di-charme-benna
alpacabiella@gmail.com,B&B Alpaca Biella,https://www.hotelsdrop.com/hotel/b-b-alpaca-biella-benna
cascinabelsito@gmail.com,b&b Cascina Belsito Guest House,https://www.hotelsdrop.com/hotel/b-b-cascina-belsito-guest-house-benna
info@bebilglicine.com,B&B Il Glicine,https://www.hotelsdrop.com/hotel/b-b-il-glicine-benna
info@villaluisabb.it,B&B Villa Luisa,https://www.hotelsdrop.com/hotel/b-b-villa-luisa-benna
bbvillabotto@gmail.com,Bed and Breakfast Villa Botto,https://www.hotelsdrop.com/hotel/bed-and-breakfast-villa-botto-benna
bentivogliobeb@gmail.com,Ben Ti Voglio BeB,https://www.hotelsdrop.com/hotel/ben-ti-voglio-beb-bentivoglio
carmengueri@gmail.com,B&B Carmen,https://www.hotelsdrop.com/hotel/b-b-carmen-berbenno
i.baloss@yahoo.it,B&B I Baloss,https://www.hotelsdrop.com/hotel/b-b-i-baloss-berbenno
info@lecortideisassi.it,Le Corti Dei Sassi,https://www.hotelsdrop.com/hotel/le-corti-dei-sassi-berbenno-di-valtellina
info@ilmulinodellarocca.it,Agriturismo e Azienda Agricola IL MULINO DELLA ROCCA,https://www.hotelsdrop.com/hotel/agriturismo-e-azienda-agricola-il-mulino-della-r-berceto
agriturismoitrecolli@gmail.com,Agriturismo I Tre Colli,https://www.hotelsdrop.com/hotel/agriturismo-i-tre-colli-berceto
info@casadeicuori.it,Casa dei cuori - B&B - Azienda agricola - Natura e Relax,https://www.hotelsdrop.com/hotel/casa-dei-cuori-b-b-azienda-agricola-natura-e-rel-berceto
info@lacasadeinonniberceto.it,La Casa dei Nonni - Room & Breakfast,https://www.hotelsdrop.com/hotel/la-casa-dei-nonni-room-breakfast-berceto
notterosa.relax@gmail.com,Notte Rosa Suites & Relax,https://www.hotelsdrop.com/hotel/notte-rosa-suites-relax-berceto
info@berse.it,Ristorante Hotel Bersè,https://www.hotelsdrop.com/hotel/ristorante-hotel-berse-berceto
m.marenghi@segarati.com,Segarati Relax Albergo Diffuso,https://www.hotelsdrop.com/hotel/segarati-relax-albergo-diffuso-berceto
igranitimonti@gmail.com,Agriturismo I Graniti,https://www.hotelsdrop.com/hotel/agriturismo-i-graniti-berchidda
villateresa2024@gmail.com,B&B Villa Teresa,https://www.hotelsdrop.com/hotel/b-b-villa-teresa-berchidda
borgolupuleu@libero.it,Borgo Lu Puleu,https://www.hotelsdrop.com/hotel/borgo-lu-puleu-berchidda
kenzarooms@gmail.com,Kenza Rooms,https://www.hotelsdrop.com/hotel/kenza-rooms-berchidda
info@hotelvallicciola.com,Vallicciola - Monte Limbara Nature Hotel,https://www.hotelsdrop.com/hotel/vallicciola-monte-limbara-nature-hotel-berchidda
booking@duefiumi1908.com,B&B Due Fiumi 1908,https://www.hotelsdrop.com/hotel/b-b-due-fiumi-1908-bereguardo
unlettonelcortile@gmail.com,Un letto nel cortile - Casa vacanze,https://www.hotelsdrop.com/hotel/un-letto-nel-cortile-casa-vacanze-bereguardo
info@cascinabelvedere.eu,CASCINA BELVEDERE,https://www.hotelsdrop.com/hotel/cascina-belvedere-bergamasco
info@castellodioviglio.it,Castello di Oviglio,https://www.hotelsdrop.com/hotel/castello-di-oviglio-bergamasco
ilnoccioletto@gmail.com,Il Noccioletto,https://www.hotelsdrop.com/hotel/il-noccioletto-bergamasco
ilmuronguesthouse@gmail.com,Monferrato Guest House - Il Murôn,https://www.hotelsdrop.com/hotel/monferrato-guest-house-il-muron-bergamasco
entrolemura@tiscali.it,B&B Entro Le Mura,https://www.hotelsdrop.com/hotel/b-b-entro-le-mura-bergamo
foresteria@bebroomitaly.it,Bed & Breakfast Room Italy,https://www.hotelsdrop.com/hotel/bed-breakfast-room-italy-bergamo
dimoradelriccio@gmail.com,Dimora del Riccio,https://www.hotelsdrop.com/hotel/dimora-del-riccio-bergamo
olianina@osv.it,Agriturismo Olianina,https://www.hotelsdrop.com/hotel/agriturismo-olianina-bergantino
marisamalinverno@gmail.com,B&B da Mary,https://www.hotelsdrop.com/hotel/b-b-da-mary-bergantino
camere@soldoutvr.it,Sold Out Locazione Turistica,https://www.hotelsdrop.com/hotel/sold-out-locazione-turistica-bergantino
bbcasadellancora@gmail.com,B&B Casa dell'ancora codice CIN: IT009010B4X85AVHXI,https://www.hotelsdrop.com/hotel/b-b-casa-dell-ancora-codice-cin-it009010b4x85avh-bergeggi
casalecoreallospotorno@gmail.com,Casale Coreallo,https://www.hotelsdrop.com/hotel/casale-coreallo-bergeggi
berzefi@solutionhotel.net,Guest house Berzefi,https://www.hotelsdrop.com/hotel/guest-house-berzefi-bergeggi
h.costazzurra@gmail.com,Hotel Costa Azzurra - Free Parking - Easy Stay,https://www.hotelsdrop.com/hotel/hotel-costa-azzurra-free-parking-easy-stay-bergeggi
info@villacardellini.it,"B&B Villa Cardellini - Dimora storica , Struttura di Charme, Oasi di Relax, Vicino alle Langhe",https://www.hotelsdrop.com/hotel/b-b-villa-cardellini-dimora-storica-struttura-di-bergolo
info@ilglicinefranciacorta.com,il Glicine B&B e RISTORANTE,https://www.hotelsdrop.com/hotel/il-glicine-b-b-e-ristorante-berlingo
villafrancainfranciacorta@gmail.com,Villa Franca in Franciacorta,https://www.hotelsdrop.com/hotel/villa-franca-in-franciacorta-berlingo
info@casaricotta.it,Agriturismo Casa Ricotta,https://www.hotelsdrop.com/hotel/agriturismo-casa-ricotta-bernalda
segreteria@poderecarriero.it,Agriturismo La Volpe e la Stella,https://www.hotelsdrop.com/hotel/agriturismo-la-volpe-e-la-stella-bernalda
info@bbcasavenezia.it,B&B Casa Venezia,https://www.hotelsdrop.com/hotel/b-b-casa-venezia-bernalda
foresteriabbazia@gmail.com,Foresteria dell'Abbazia,https://www.hotelsdrop.com/hotel/foresteria-dell-abbazia-bernalda
contatto@esempio.it,House Pitagorici Bernalda,https://www.hotelsdrop.com/hotel/house-pitagorici-bernalda-bernalda
user@domain.com,Masseria Scannaturco,https://www.hotelsdrop.com/hotel/masseria-scannaturco-bernalda
t.orsanese@gmail.com,Tenuta Orsanese,https://www.hotelsdrop.com/hotel/tenuta-orsanese-bernalda
info@altanadelmottorosso.it,Agriturismo - Altana del Motto Rosso,https://www.hotelsdrop.com/hotel/agriturismo-altana-del-motto-rosso-bernate-ticino
prenotazioni@cascinaresta.com,Agriturismo Cascina Resta,https://www.hotelsdrop.com/hotel/agriturismo-cascina-resta-bernate-ticino
info@agriturismofanosfarm.it,Agriturismo&Scuderia Fano's Farm,https://www.hotelsdrop.com/hotel/agriturismo-scuderia-fano-s-farm-bernate-ticino
bedviaroma@gmail.com,B&B Via Roma,https://www.hotelsdrop.com/hotel/b-b-via-roma-bernate-ticino
prenotazioni@tenutabramasole.com,Tenuta Bramasole,https://www.hotelsdrop.com/hotel/tenuta-bramasole-bernate-ticino
magia2021@libero.it,Bed and breakfast Ma.Gi.A,https://www.hotelsdrop.com/hotel/bed-and-breakfast-ma-gi-a-bernezzo
info@camea.it,Ca’ Mea room wellness food,https://www.hotelsdrop.com/hotel/ca-mea-room-wellness-food-bernezzo
info@bbdelborgobertinoro.it,B&B del Borgo Bertinoro,https://www.hotelsdrop.com/hotel/b-b-del-borgo-bertinoro-bertinoro
agnesemigliori@libero.it,Casa delle ginestre,https://www.hotelsdrop.com/hotel/casa-delle-ginestre-bertinoro
info.giardino34@gmail.com,Giardino34,https://www.hotelsdrop.com/hotel/giardino34-bertinoro
info@lacanadolce.com,la cana dolce,https://www.hotelsdrop.com/hotel/la-cana-dolce-bertinoro
info@respiroglamping.com,Respiro Glamping,https://www.hotelsdrop.com/hotel/respiro-glamping-bertinoro
infobebgildo@gmail.com,B&B Gildo,https://www.hotelsdrop.com/hotel/b-b-gildo-bertiolo
agriturismogastone@gmail.com,da Gastone,https://www.hotelsdrop.com/hotel/da-gastone-bertiolo
ederadeiguatto@gmail.com,EDERA dei Guatto,https://www.hotelsdrop.com/hotel/edera-dei-guatto-bertiolo
info@chiosodisotto.it,Agriturismo Chioso di Sotto,https://www.hotelsdrop.com/hotel/agriturismo-chioso-di-sotto-bertonico
info@agriturismobellaciao.com,Agriturismo Bella Ciao,https://www.hotelsdrop.com/hotel/agriturismo-bella-ciao-berzano-di-san-pietro
casaletierramadre@libero.it,APS Casale Tierra Madre,https://www.hotelsdrop.com/hotel/aps-casale-tierra-madre-berzano-di-san-pietro
info@cortenascosta.com,La Corte Nascosta Volpedo,https://www.hotelsdrop.com/hotel/la-corte-nascosta-volpedo-berzano-di-tortona
info@bornobb.it,"B&B Borno, Borno Bed & Breakfast",https://www.hotelsdrop.com/hotel/b-b-borno-borno-bed-breakfast-berzo-demo
info@leaquane.it,B&B LE AQUANE,https://www.hotelsdrop.com/hotel/b-b-le-aquane-berzo-demo
allafontana@scalve.it,"Bed & Breakfast ""Alla Fontana""",https://www.hotelsdrop.com/hotel/bed-breakfast-alla-fontana-berzo-demo
info@campingpiandellaregina.it,Camping & Chalet Pian della Regina,https://www.hotelsdrop.com/hotel/camping-chalet-pian-della-regina-berzo-demo
cortegiorgi@gmail.com,Corte Giorgi B&B,https://www.hotelsdrop.com/hotel/corte-giorgi-b-b-berzo-demo
info@bbalaria.it,B&B a la Ria,https://www.hotelsdrop.com/hotel/b-b-a-la-ria-berzo-inferiore
latorreacolori@gmail.com,La Torre a Colori B&B,https://www.hotelsdrop.com/hotel/la-torre-a-colori-b-b-berzo-inferiore
info@quader.it,Quader nidi nel verde,https://www.hotelsdrop.com/hotel/quader-nidi-nel-verde-berzo-inferiore
cadelmanet@yahoo.it,Agriturismo Cà del Manét,https://www.hotelsdrop.com/hotel/agriturismo-ca-del-manet-berzo-san-fermo
info@martinicoldipaste.com,Agriturismo Ippolita Lucchetti,https://www.hotelsdrop.com/hotel/agriturismo-ippolita-lucchetti-berzo-san-fermo
info@terraelago.it,Agriturismo Terra e Lago,https://www.hotelsdrop.com/hotel/agriturismo-terra-e-lago-berzo-san-fermo
info@bed-and-breakfast-circuito.it,B&B Circuito,https://www.hotelsdrop.com/hotel/b-b-circuito-besana-in-brianza
info@bbmonza.it,Birabiro b&b - CIN IT108015C13TGU7TEW,https://www.hotelsdrop.com/hotel/birabiro-b-b-cin-it108015c13tgu7tew-besana-in-brianza
info@masonello.it,Agritur Maso Nello,https://www.hotelsdrop.com/hotel/agritur-maso-nello-besenello
info@laterzola.it,Agriturismo La Terzola 3.0,https://www.hotelsdrop.com/hotel/agriturismo-la-terzola-3-0-besenzone
locandadaromano1936@gmail.com,Locanda Da Romano,https://www.hotelsdrop.com/hotel/locanda-da-romano-besenzone
info@lacortedelgallo.it,La Corte Del Gallo,https://www.hotelsdrop.com/hotel/la-corte-del-gallo-besnate
ilbelgiardinetto@gmail.com,"Bed and Breakfast ""Il bel Giardinetto"" Lago Maggiore",https://www.hotelsdrop.com/hotel/bed-and-breakfast-il-bel-giardinetto-lago-maggio-besozzo
assistenza@webador.it,B&B La Forgia,https://www.hotelsdrop.com/hotel/b-b-la-forgia-bettola
info@grazzanoanticastazione.it,Grazzano Antica Stazione,https://www.hotelsdrop.com/hotel/grazzano-antica-stazione-bettola
info@veleiaromana.it,Veleia Locanda,https://www.hotelsdrop.com/hotel/veleia-locanda-bettola
raffaellanassisi@ulivetomagico.it,Agriturismo L'Uliveto Magico,https://www.hotelsdrop.com/hotel/agriturismo-l-uliveto-magico-bettona
umbriansunrise@gmail.com,Agriturismo Umbrian Sunrise,https://www.hotelsdrop.com/hotel/agriturismo-umbrian-sunrise-bettona
santannabettona@gmail.com,Borgo Sant'Anna,https://www.hotelsdrop.com/hotel/borgo-sant-anna-bettona
info@ilsambro.it,Country House Il Sambro,https://www.hotelsdrop.com/hotel/country-house-il-sambro-bettona
info@agriturismotensa.it,Agriturismo La Tensa,https://www.hotelsdrop.com/hotel/agriturismo-la-tensa-beura-cardezza
albergobiglia@gmail.com,Albergo Biglia,https://www.hotelsdrop.com/hotel/albergo-biglia-beura-cardezza
info@bbtiffany.it,Bed & Breakfast Tiffany a Domodossola,https://www.hotelsdrop.com/hotel/bed-breakfast-tiffany-a-domodossola-beura-cardezza
dimoradomese@gmail.com,Dimora Domese,https://www.hotelsdrop.com/hotel/dimora-domese-beura-cardezza
agriturismovillaggiogreen@gmail.com,Agriturismo Villaggio Green,https://www.hotelsdrop.com/hotel/agriturismo-villaggio-green-bevagna
info@bbportaperugina.it,B&B Porta Perugina,https://www.hotelsdrop.com/hotel/b-b-porta-perugina-bevagna
info@bbnuovomondo.it,Nuovo Mondo,https://www.hotelsdrop.com/hotel/nuovo-mondo-bevagna
info@acasadigaia.com,A Casa di Gaia,https://www.hotelsdrop.com/hotel/a-casa-di-gaia-beverino
info@lascortica.com,"Affittacamere Casa di Campagna La Scortica, camere di charme, ristorantino tipico",https://www.hotelsdrop.com/hotel/affittacamere-casa-di-campagna-la-scortica-camer-beverino
infoangionelcere@gmail.com,Agriturismo Angiò nel Ceré,https://www.hotelsdrop.com/hotel/agriturismo-angio-nel-cere-beverino
info@oasi5terre.it,B&B Oasi Verde,https://www.hotelsdrop.com/hotel/b-b-oasi-verde-beverino
info@beblafontanella.net,Bed & Breakfast La Fontanella,https://www.hotelsdrop.com/hotel/bed-breakfast-la-fontanella-beverino
casadelsole5terre@yahoo.com,"Bed and breakfast ""La Casa del Sole""",https://www.hotelsdrop.com/hotel/bed-and-breakfast-la-casa-del-sole-beverino
hotel.contact.us@gmail.com,Il Portico affittacamere,https://www.hotelsdrop.com/hotel/il-portico-affittacamere-beverino
info@villabaietta.com,B&B Madonna Villa Baietta,https://www.hotelsdrop.com/hotel/b-b-madonna-villa-baietta-bevilacqua
info@cabevilacqua.com,Ca' Bevilacqua B&B,https://www.hotelsdrop.com/hotel/ca-bevilacqua-b-b-bevilacqua
infodimorealborgo@gmail.com,Dimore Al Borgo,https://www.hotelsdrop.com/hotel/dimore-al-borgo-bevilacqua
info@palazzogalifi.it,Affittacamere Palazzo Galifi,https://www.hotelsdrop.com/hotel/affittacamere-palazzo-galifi-biancavilla
laginestradelletna@gmail.com,La Ginestra dell'Etna,https://www.hotelsdrop.com/hotel/la-ginestra-dell-etna-biancavilla
info@residenceserralanave.com,Residence Serra La Nave,https://www.hotelsdrop.com/hotel/residence-serra-la-nave-biancavilla
info@bblacolonna.com,B&B LA COLONNA,https://www.hotelsdrop.com/hotel/b-b-la-colonna-bianchi
prenotazioni.dapeppino@gmail.com,"Bed and breakfast, da Peppino",https://www.hotelsdrop.com/hotel/bed-and-breakfast-da-peppino-bianchi
info@hotelcaligiuri.com,Ristorante Hotel Caligiuri,https://www.hotelsdrop.com/hotel/ristorante-hotel-caligiuri-bianchi
info@greenmotel.it,Green Hotel,https://www.hotelsdrop.com/hotel/green-hotel-biandronno
p.viaggiatore@libero.it,B&B Cascina Piazzoli,https://www.hotelsdrop.com/hotel/b-b-cascina-piazzoli-bianzano
daiana@bebnotteedi.it,B&B Notte e Dì,https://www.hotelsdrop.com/hotel/b-b-notte-e-di-bianzano
info@palazzoeleonora.com,B&B Palazzo Eleonora,https://www.hotelsdrop.com/hotel/b-b-palazzo-eleonora-bianzano
agriturismoprada.bianzone@gmail.com,Agriturismo prada,https://www.hotelsdrop.com/hotel/agriturismo-prada-bianzone
foresteriastazzona@gmail.com,Foresteria Stazzona,https://www.hotelsdrop.com/hotel/foresteria-stazzona-bianzone
ilpostoalsole.bb@gmail.com,IL POSTO AL SOLE B&B e FORESTERIA LOMBARDA,https://www.hotelsdrop.com/hotel/il-posto-al-sole-b-b-e-foresteria-lombarda-bianzone
info@agriturismogreppi.it,Agriturismo Greppi,https://www.hotelsdrop.com/hotel/agriturismo-greppi-bianz
info@alsuite-milano.com,AL SUITE,https://www.hotelsdrop.com/hotel/al-suite-biassono
info@agriturismoilfilare.it,Agriturismo Il Filare,https://www.hotelsdrop.com/hotel/agriturismo-il-filare-bibbiano
info@cortebebbi.it,B&B - Corte Bebbi,https://www.hotelsdrop.com/hotel/b-b-corte-bebbi-bibbiano
info@bbletregemme.it,B&B Le Tre Gemme,https://www.hotelsdrop.com/hotel/b-b-le-tre-gemme-bibbiano
info@quattrocolli.it,Bed and Breakfast Quattro Colli,https://www.hotelsdrop.com/hotel/bed-and-breakfast-quattro-colli-bibbiano
info@borgodieci.it,BORGODIECI Camere e Colazione,https://www.hotelsdrop.com/hotel/borgodieci-camere-e-colazione-bibbiano
idueportalibibbiena@gmail.com,B&B I Due Portali,https://www.hotelsdrop.com/hotel/b-b-i-due-portali-bibbiena
info@borgoromena.it,Borgo Romena,https://www.hotelsdrop.com/hotel/borgo-romena-bibbiena
isabella@fattoriamarena.it,Fattoria di Marena - Agriturismo - Family Holidays,https://www.hotelsdrop.com/hotel/fattoria-di-marena-agriturismo-family-holidays-bibbiena
ilpalazzino@tiscali.it,Agriturismo Il Palazzino B&B,https://www.hotelsdrop.com/hotel/agriturismo-il-palazzino-b-b-bibbona
info@nonnastella.it,Agriturismo Nonna Stella,https://www.hotelsdrop.com/hotel/agriturismo-nonna-stella-bibbona
info@hotelparadisoverde.it,Hotel Paradiso verde,https://www.hotelsdrop.com/hotel/hotel-paradiso-verde-bibbona
igiglidimare@gmail.com,I Gigli di Mare,https://www.hotelsdrop.com/hotel/i-gigli-di-mare-bibbona
info@casanelborgo.com,La Casa nel Borgo,https://www.hotelsdrop.com/hotel/la-casa-nel-borgo-bibbona
info@lalocandadivillatoscana.it,La locanda di villa toscana,https://www.hotelsdrop.com/hotel/la-locanda-di-villa-toscana-bibbona
info@locandaetrusca.com,Locanda Etrusca,https://www.hotelsdrop.com/hotel/locanda-etrusca-bibbona
info@poggiopicchio.it,Poggio Picchio,https://www.hotelsdrop.com/hotel/poggio-picchio-bibbona
info@cavaliere-bibbona.com,Residenza d'Epoca CAVALIERE Romantic Rooms near BOLGHERI,https://www.hotelsdrop.com/hotel/residenza-d-epoca-cavaliere-romantic-rooms-near-bibbona
support@centralstay.eu,B&B Mombracco,https://www.hotelsdrop.com/hotel/b-b-mombracco-bibiana
danonnaelisa@outlook.it,Affittacamere Da Nonna Elisa,https://www.hotelsdrop.com/hotel/affittacamere-da-nonna-elisa-biccari
support@centralstay.eu,B&B Agorà,https://www.hotelsdrop.com/hotel/b-b-agora-biccari
b_bcasacavalli@live.it,B&B Casa Cavalli,https://www.hotelsdrop.com/hotel/b-b-casa-cavalli-biccari
info@relaisincontrada.it,Relais in Contrada,https://www.hotelsdrop.com/hotel/relais-in-contrada-biccari
info@casadigiobb.it,B&B casa di Giò,https://www.hotelsdrop.com/hotel/b-b-casa-di-gio-bicinicco
utente@dominio.com,Villa di Tissano,https://www.hotelsdrop.com/hotel/villa-di-tissano-bicinicco
info@bebsulponte.it,BED & BREAKFAST SUL PONTE - GRAVINA IN PUGLIA,https://www.hotelsdrop.com/hotel/bed-breakfast-sul-ponte-gravina-in-puglia-bidon
bbdelpiazzo@gmail.com,B&B Del Piazzo,https://www.hotelsdrop.com/hotel/b-b-del-piazzo-biella
lamelabeb@gmail.com,B & B La Mela,https://www.hotelsdrop.com/hotel/b-b-la-mela-bienno
info@ranchdeilupi.it,Agriturismo Ranch dei Lupi - Osteria,https://www.hotelsdrop.com/hotel/agriturismo-ranch-dei-lupi-osteria-bieno
bbilpiccoloprincipebieno@gmail.com,B&B Il Piccolo Principe,https://www.hotelsdrop.com/hotel/b-b-il-piccolo-principe-bieno
info@laruscoletta.it,Locanda La Ruscoletta,https://www.hotelsdrop.com/hotel/locanda-la-ruscoletta-bieno
info@ilpiccolorooms.it,Affittacamere Hotel Il Piccolo Rooms,https://www.hotelsdrop.com/hotel/affittacamere-hotel-il-piccolo-rooms-bientina
info@ilchiesino.it,Il Chiesino camere monolocali,https://www.hotelsdrop.com/hotel/il-chiesino-camere-monolocali-bientina
mrk.dejonge@gmail.com,Bed & Breakfast BENVENUTO,https://www.hotelsdrop.com/hotel/bed-breakfast-benvenuto-binago
hotel.deinobili@virgilio.it,B&b dei Nobili,https://www.hotelsdrop.com/hotel/b-b-dei-nobili-binetto
contatto@esempio.it,Comeacasa B&B,https://www.hotelsdrop.com/hotel/comeacasa-b-b-binetto
info@latorrestorica.it,La Torre Storica,https://www.hotelsdrop.com/hotel/la-torre-storica-binetto
info@villadellequerce.it,Villa delle Querce Resort – Hotel - Wedding – Meeting,https://www.hotelsdrop.com/hotel/villa-delle-querce-resort-hotel-wedding-meeting-binetto
beb.balconedelbiellese@gmail.com,B&B Balcone del Biellese Pettinengo,https://www.hotelsdrop.com/hotel/b-b-balcone-del-biellese-pettinengo-bioglio
infocasaborio@gmail.com,Casa Borio bed and breakfast e noleggio ebike,https://www.hotelsdrop.com/hotel/casa-borio-bed-and-breakfast-e-noleggio-ebike-bioglio
info@maisondantan.it,B&B La Maison d'Antan,https://www.hotelsdrop.com/hotel/b-b-la-maison-d-antan-bionaz
latouroyace2025@gmail.com,La Tour,https://www.hotelsdrop.com/hotel/la-tour-bionaz
info@maisonconstance.eu,Maison Constance B&B,https://www.hotelsdrop.com/hotel/maison-constance-b-b-bionaz
info@alperebelle.com,Restaurant e B&B Alpe Rebelle Mountain Lodge,https://www.hotelsdrop.com/hotel/restaurant-e-b-b-alpe-rebelle-mountain-lodge-bionaz
info@giulima.it,B&B Giulimà,https://www.hotelsdrop.com/hotel/b-b-giulima-bisaccia
info@aziendamontalbano.com,Agriturismo Montalbano,https://www.hotelsdrop.com/hotel/agriturismo-montalbano-bisacquino
info@agriturismotorretabia.it,Agriturismo Torre Tabia,https://www.hotelsdrop.com/hotel/agriturismo-torre-tabia-bisacquino
info@oliovivo.com,Antico Frantoio Sas / Cantina Murgia Lamanno,https://www.hotelsdrop.com/hotel/antico-frantoio-sas-cantina-murgia-lamanno-bisacquino
contact@globostay.com,B&B Chiaro di Luna - Corleone,https://www.hotelsdrop.com/hotel/b-b-chiaro-di-luna-corleone-bisacquino
info@bbsottolestelle.it,Bed and Breakfast Sotto le Stelle,https://www.hotelsdrop.com/hotel/bed-and-breakfast-sotto-le-stelle-bisacquino
info@jenka.it,Jenka,https://www.hotelsdrop.com/hotel/jenka-bisacquino
booking@rosas-house.it,Rosa's House Bed & Breakfast,https://www.hotelsdrop.com/hotel/rosa-s-house-bed-breakfast-bisacquino
lemarinereception@gmail.com,APARTHOTEL LE MARINE,https://www.hotelsdrop.com/hotel/aparthotel-le-marine-bisceglie
otivprenotazioni@gmail.com,B&B Levante,https://www.hotelsdrop.com/hotel/b-b-levante-bisceglie
lucaturcato1969@gmail.com,Bellatmosfera,https://www.hotelsdrop.com/hotel/bellatmosfera-bisceglie
info@samarebisceglie.it,Samarè Bisceglie,https://www.hotelsdrop.com/hotel/samare-bisceglie-bisceglie
morgignoa@gmail.com,TerraCielo,https://www.hotelsdrop.com/hotel/terracielo-bisceglie
info@torrebiancabisceglie.com,Torre Bianca Bisceglie B&B vicino al mare,https://www.hotelsdrop.com/hotel/torre-bianca-bisceglie-b-b-vicino-al-mare-bisceglie
info@torrelama.it,Torrelama Room & Breakfast,https://www.hotelsdrop.com/hotel/torrelama-room-breakfast-bisceglie
info@panfilofarmhouse.com,Panfilo Farmhouse,https://www.hotelsdrop.com/hotel/panfilo-farmhouse-bisenti
info@lagiarabb.it,la giara b&b,https://www.hotelsdrop.com/hotel/la-giara-b-b-bisignano
info@costadeiplatani.com,Agriturismo - Costa dei Platani,https://www.hotelsdrop.com/hotel/agriturismo-costa-dei-platani-bistagno
info@alsentiero.net,B&B Al Sentiero,https://www.hotelsdrop.com/hotel/b-b-al-sentiero-bistagno
info@cascinamalinverni.com,B&B Cascina Malinverni,https://www.hotelsdrop.com/hotel/b-b-cascina-malinverni-bistagno
agorabitetto@gmail.com,B&B Agorà,https://www.hotelsdrop.com/hotel/b-b-agora-bitetto
support@centralstay.eu,B&B La Maison da Francy,https://www.hotelsdrop.com/hotel/b-b-la-maison-da-francy-bitetto
support@centralstay.eu,Dimora Barone,https://www.hotelsdrop.com/hotel/dimora-barone-bitetto
info@paradise-rooms.it,Hotel Paradise Rooms,https://www.hotelsdrop.com/hotel/hotel-paradise-rooms-bitetto
16.pugliese@gmail.com,Pugliese16,https://www.hotelsdrop.com/hotel/pugliese16-bitetto
info@sanmarcoanticorelais.it,San Marco Antico Relais,https://www.hotelsdrop.com/hotel/san-marco-antico-relais-bitonto
info@tenutagurgo.it,Tenuta Gurgo,https://www.hotelsdrop.com/hotel/tenuta-gurgo-bitonto
info@dimoradelre.it,B&B La Dimora del Re,https://www.hotelsdrop.com/hotel/b-b-la-dimora-del-re-bitritto
info@bbmirage.it,B&B MIRAGE,https://www.hotelsdrop.com/hotel/b-b-mirage-bitritto
prenotazioni.ilbergamotto@gmail.com,Il Bergamotto • Affittacamere • Guesthouse • B&B,https://www.hotelsdrop.com/hotel/il-bergamotto-affittacamere-guesthouse-b-b-bitritto
info@palazzomimi.com,Palazzo Mimi,https://www.hotelsdrop.com/hotel/palazzo-mimi-bitritto
info@paradise-rooms.it,Paradise Rooms Apartments,https://www.hotelsdrop.com/hotel/paradise-rooms-apartments-bitritto
info@aguadorada.it,Agua Dorada boutique hotel,https://www.hotelsdrop.com/hotel/agua-dorada-boutique-hotel-bitti
annalisacui@gmail.com\,Nughe 'e' Oro Guesthouse Homestay,https://www.hotelsdrop.com/hotel/nughe-e-oro-guesthouse-homestay-bitti
info@oliocaruso.it,AFFITTACAMERE LA MANDORLA,https://www.hotelsdrop.com/hotel/affittacamere-la-mandorla-bivona
info@lezarafe.com,Agriturismo Le Zarafe,https://www.hotelsdrop.com/hotel/agriturismo-le-zarafe-bivona
info@oasidelborgo.com,Oasi del Borgo,https://www.hotelsdrop.com/hotel/oasi-del-borgo-bivona
bebariaesole@gmail.com\,Aria e Sole,https://www.hotelsdrop.com/hotel/aria-e-sole-bivongi
a2passidalmareinfo@gmail.com,B&B A due Passi dal Mare,https://www.hotelsdrop.com/hotel/b-b-a-due-passi-dal-mare-bivongi
magnagrecia.appartamenti@gmail.com\,B&B e Appartamenti Magna Grecia,https://www.hotelsdrop.com/hotel/b-b-e-appartamenti-magna-grecia-bivongi
piccoladimoravillacandido65@gmail.com,B&B Piccola Dimora Villa Candido,https://www.hotelsdrop.com/hotel/b-b-piccola-dimora-villa-candido-bivongi
pasitea.serrasanbruno@yahoo.com,Pasitea B&B Luxury,https://www.hotelsdrop.com/hotel/pasitea-b-b-luxury-bivongi
casarigatrentino@gmail.com,Agriturismo B&B Casariga Poia Comano Terme,https://www.hotelsdrop.com/hotel/agriturismo-b-b-casariga-poia-comano-terme-bleggio-superiore
masoallerosetrentino@gmail.com,Agriturismo Maso Alle Rose,https://www.hotelsdrop.com/hotel/agriturismo-maso-alle-rose-bleggio-superiore
info@bbcappeler.it,B&B Cappeler,https://www.hotelsdrop.com/hotel/b-b-cappeler-bleggio-superiore
605a7baede844d278b89dc95ae0a9123@sentry-next.wixpress.com,B&B da Erica,https://www.hotelsdrop.com/hotel/b-b-da-erica-bleggio-superiore
info@soleagriturismo.it,Sole Agriturismo,https://www.hotelsdrop.com/hotel/sole-agriturismo-blello
info@ilmarrugio.com,Agriturismo Il Marrugio,https://www.hotelsdrop.com/hotel/agriturismo-il-marrugio-blera
agrilequattrostagioni@gmail.com,Agriturismo Le Quattro Stagioni,https://www.hotelsdrop.com/hotel/agriturismo-le-quattro-stagioni-blera
info@albatrosaccommodations.com,Albatros Accommodations,https://www.hotelsdrop.com/hotel/albatros-accommodations-blera
lacasettadiben@gmail.com,B&B La Casetta di Ben,https://www.hotelsdrop.com/hotel/b-b-la-casetta-di-ben-blera
ilgiardinonellorto@gmail.com,Il Giardino nell'Orto,https://www.hotelsdrop.com/hotel/il-giardino-nell-orto-blera
infolepozze@lepozze.it,Le Pozze Terme,https://www.hotelsdrop.com/hotel/le-pozze-terme-blera
agriturismolacascina@hotmail.com,Agriturismo La Cascina,https://www.hotelsdrop.com/hotel/agriturismo-la-cascina-blessagno
info@albergolatorre.net,"Hotel La Torre - Valle d'Intelvi, vicino al LAGO DI COMO e di LUGANO Castiglione d'Intelvi",https://www.hotelsdrop.com/hotel/hotel-la-torre-valle-d-intelvi-vicino-al-lago-di-blessagno
info@bb104.it,B&B 104,https://www.hotelsdrop.com/hotel/b-b-104-blevio
info@caclerici.it,B&B Como A casa di Maria,https://www.hotelsdrop.com/hotel/b-b-como-a-casa-di-maria-blevio
info@sevenbitsolutions.it,B&B La Cassinella,https://www.hotelsdrop.com/hotel/b-b-la-cassinella-blevio
info@giuliettaallago.it,Casa Giulietta Caronti with view of lake Como,https://www.hotelsdrop.com/hotel/casa-giulietta-caronti-with-view-of-lake-como-blevio
info@giuliettaallago.it,Casa Giulietta Junior20 with private parking,https://www.hotelsdrop.com/hotel/casa-giulietta-junior20-with-private-parking-blevio
info@villinorubini.com,Relais Villino Rubini,https://www.hotelsdrop.com/hotel/relais-villino-rubini-blevio
info@villacostanzacomo.it,Villa Costanza,https://www.hotelsdrop.com/hotel/villa-costanza-blevio
info@giuliettaallago.it,"VILLA lake view, Jacuzzi Spa and Private Pool",https://www.hotelsdrop.com/hotel/villa-lake-view-jacuzzi-spa-and-private-pool-blevio
info@villasardagnacomolake.com,Villa Sardagna Lake Como - Luxury Rental Venue,https://www.hotelsdrop.com/hotel/villa-sardagna-lake-como-luxury-rental-venue-blevio
beb.danielarusso@libero.it,B&b La Terrazza sulle Madonie di Daniela Russo,https://www.hotelsdrop.com/hotel/b-b-la-terrazza-sulle-madonie-di-daniela-russo-blufi
polizzihouse.beb@libero.it,Bed and Breakfast ”Polizzi House”,https://www.hotelsdrop.com/hotel/bed-and-breakfast-polizzi-house-blufi
borgoistritti@tiscali.it,Borgo i Stritti,https://www.hotelsdrop.com/hotel/borgo-i-stritti-blufi
info@lafoscarina.it,Agriturismo La Foscarina - Specialità Arrosticini e Carne di Pecora,https://www.hotelsdrop.com/hotel/agriturismo-la-foscarina-specialita-arrosticini-boara-pisani
info@ilgiglioveneziano.it,Il Giglio Veneziano,https://www.hotelsdrop.com/hotel/il-giglio-veneziano-boara-pisani
info@acasadiele.com,B&B a Casa di Ele,https://www.hotelsdrop.com/hotel/b-b-a-casa-di-ele-bobbio
info@suitesbobbio.com,Suites Bobbio,https://www.hotelsdrop.com/hotel/suites-bobbio-bobbio
info@clubalpino.it,Albergo Club Alpino,https://www.hotelsdrop.com/hotel/albergo-club-alpino-bobbio-pellice
info@aifontana.com,B&B “Ai Fontana”,https://www.hotelsdrop.com/hotel/b-b-ai-fontana-bobbio-pellice
info@hotelsalei.it,Hotel Salei,https://www.hotelsdrop.com/hotel/hotel-salei-bobbio-pellice
info@pralapeira.com,Rifugio Pra la Peira,https://www.hotelsdrop.com/hotel/rifugio-pra-la-peira-bobbio-pellice
lecollinedimaggiora@gmail.com,Le Colline di Maggiora,https://www.hotelsdrop.com/hotel/le-colline-di-maggiora-boca
donemiliobeb@virgilio.it,B&B DON EMILIO,https://www.hotelsdrop.com/hotel/b-b-don-emilio-bocchigliero
info@lacasadigioacchino.it,B&B La Casa di Gioacchino,https://www.hotelsdrop.com/hotel/b-b-la-casa-di-gioacchino-bocchigliero
info@loricaly.it,B&B Loricaly,https://www.hotelsdrop.com/hotel/b-b-loricaly-bocchigliero
prenota@bebmastrogio.it,B&B Mastro Giò,https://www.hotelsdrop.com/hotel/b-b-mastro-gio-bocchigliero
info@rossiniluxury.it,B&B Rossini Luxury 2 - COSENZA,https://www.hotelsdrop.com/hotel/b-b-rossini-luxury-2-cosenza-bocchigliero
alvicolodelgallo@gmail.com,B&B Al Vicolo del Gallo,https://www.hotelsdrop.com/hotel/b-b-al-vicolo-del-gallo-boccioleto
info@landwasser.it,Ospitalità rurale familiare Land Wasser,https://www.hotelsdrop.com/hotel/ospitalita-rurale-familiare-land-wasser-boccioleto
info@mountbed.com,Rifugio “La Baita Alpe Seccio”,https://www.hotelsdrop.com/hotel/rifugio-la-baita-alpe-seccio-boccioleto
info@aparthotelstrembo.it,Aparthotel Strembo,https://www.hotelsdrop.com/hotel/aparthotel-strembo-bocenago
bebpiazzi@gmail.com,B&B Piazzi.,https://www.hotelsdrop.com/hotel/b-b-piazzi-bocenago
costaverdebb@gmail.com,Garnì Costa Verde S.r.l,https://www.hotelsdrop.com/hotel/garni-costa-verde-s-r-l-bocenago
lacribedandbreakfast@gmail.com,La CRI Bed & Breakfast,https://www.hotelsdrop.com/hotel/la-cri-bed-breakfast-bocenago
user@domain.com,B&B Lodi Centro,https://www.hotelsdrop.com/hotel/b-b-lodi-centro-boffalora-d-adda
geg_srl@ymail.com,La Mansarda B&B,https://www.hotelsdrop.com/hotel/la-mansarda-b-b-boffalora-d-adda
damarymagenta@gmail.com,B&B da Mary,https://www.hotelsdrop.com/hotel/b-b-da-mary-boffalora-sopra-ticino
info@alpiccoloscoglio.it,Al Piccolo Scoglio - Room & Breakfast,https://www.hotelsdrop.com/hotel/al-piccolo-scoglio-room-breakfast-bogliasco
locandadianage@gmail.com,Albergo Diana,https://www.hotelsdrop.com/hotel/albergo-diana-bogliasco
hotel.contact.us@gmail.com,Guesthouse La Briosa Nicole,https://www.hotelsdrop.com/hotel/guesthouse-la-briosa-nicole-bogliasco
stmartingenova@gmail.com,St. Martin House,https://www.hotelsdrop.com/hotel/st-martin-house-bogliasco
cascinadimoniaemario@libero.it,B&B La Cascina di Monia e Mario,https://www.hotelsdrop.com/hotel/b-b-la-cascina-di-monia-e-mario-bogogno
agrodolce-boissano@hotmail.it\,Agrodolce,https://www.hotelsdrop.com/hotel/agrodolce-boissano
casadeigelsiloano@gmail.com,B&B La Casa dei Gelsi,https://www.hotelsdrop.com/hotel/b-b-la-casa-dei-gelsi-boissano
cadafranca@gmail.com,Cà da Franca,https://www.hotelsdrop.com/hotel/ca-da-franca-boissano
dovidiogianluca@gmail.com,"B&B La Piazzetta, Bojano (CB)",https://www.hotelsdrop.com/hotel/b-b-la-piazzetta-bojano-cb-bojano
mrliving.bojano@gmail.com,B&B MR Living,https://www.hotelsdrop.com/hotel/b-b-mr-living-bojano
nellestanzedelmatese@gmail.com,B&B Nelle stanze del Matese,https://www.hotelsdrop.com/hotel/b-b-nelle-stanze-del-matese-bojano
lanticadimora2008@gmail.com,Bed & Breakfast L'Antica Dimora,https://www.hotelsdrop.com/hotel/bed-breakfast-l-antica-dimora-bojano
info@palazzocorsoumberto.it,Boutique Hotel Palazzo Corso Umberto,https://www.hotelsdrop.com/hotel/boutique-hotel-palazzo-corso-umberto-bojano
support@centralstay.eu,Il campanile,https://www.hotelsdrop.com/hotel/il-campanile-bojano
info@bnbamici.it,B&B Amici - Bed and Breakfast La Spezia,https://www.hotelsdrop.com/hotel/b-b-amici-bed-and-breakfast-la-spezia-bolano
elicrim@gmail.com,Elicrim,https://www.hotelsdrop.com/hotel/elicrim-bolano
info@residencemontebello.it,Residence Monte Bello,https://www.hotelsdrop.com/hotel/residence-monte-bello-bolano
bnbsakurami@gmail.com,BED & BREAKFAST SAKURA,https://www.hotelsdrop.com/hotel/bed-breakfast-sakura-bollate
hotel.contact.us@gmail.com,Hotel Salus Milano,https://www.hotelsdrop.com/hotel/hotel-salus-milano-bollate
info@7lakes.it,7 Lakes - Aparthotel Rta,https://www.hotelsdrop.com/hotel/7-lakes-aparthotel-rta-bollengo
ariannapaioli@gmail.com,affittacamere Borgonuovo,https://www.hotelsdrop.com/hotel/affittacamere-borgonuovo-bologna
info@sanfelice135.it,Affittacamere San Felice 135,https://www.hotelsdrop.com/hotel/affittacamere-san-felice-135-bologna
booking@bedandbreakfastbologna.net,Affitti Brevi Bologna,https://www.hotelsdrop.com/hotel/affitti-brevi-bologna-bologna
amendola16bologna@gmail.com,B&B Amendola16,https://www.hotelsdrop.com/hotel/b-b-amendola16-bologna
bbdielide@gmail.com,b&b Casa Elide,https://www.hotelsdrop.com/hotel/b-b-casa-elide-bologna
prenotazioni@bbdellorso.it,B&B Dell'Orso,https://www.hotelsdrop.com/hotel/b-b-dell-orso-bologna
bnbfuoridaicoppi@gmail.com,B&B Fuori Dai Coppi Bologna,https://www.hotelsdrop.com/hotel/b-b-fuori-dai-coppi-bologna-bologna
cavour.galleria@gmail.com,B&B Galleria Cavour,https://www.hotelsdrop.com/hotel/b-b-galleria-cavour-bologna
mirko.salomoni@gmail.com,B&B Hope Regency,https://www.hotelsdrop.com/hotel/b-b-hope-regency-bologna
info@bbilviaggio.it,B&B Il Viaggio Bologna,https://www.hotelsdrop.com/hotel/b-b-il-viaggio-bologna-bologna
info@lamagnolia-bologna.com,B&B La Magnolia,https://www.hotelsdrop.com/hotel/b-b-la-magnolia-casalecchio-di-reno
info@bb-arcobaleno.com,Bed And Breakfast Arcobaleno,https://www.hotelsdrop.com/hotel/bed-and-breakfast-arcobaleno-bologna
info@bolognasanfelice.it,Bed and Brekfast Bologna San Felice,https://www.hotelsdrop.com/hotel/bed-and-brekfast-bologna-san-felice-bologna
info@bibliorooms.com,Bibliò Rooms - Guesthouse Bologna,https://www.hotelsdrop.com/hotel/biblio-rooms-guesthouse-bologna-bologna
info@bohoostel.com,Bohoostel,https://www.hotelsdrop.com/hotel/bohoostel-bologna
info@bolognabedstation.it,BOLOGNA BED STATION,https://www.hotelsdrop.com/hotel/bologna-bed-station-bologna
camerebolognacentrale@gmail.com,Bologna Centrale Stanze B&B,https://www.hotelsdrop.com/hotel/bologna-centrale-stanze-b-b-bologna
bolognahomestay@gmail.com,Bologna Homestay B&B,https://www.hotelsdrop.com/hotel/bologna-homestay-b-b-bologna
bolognasuite@libero.it,BOLOGNA SUITE,https://www.hotelsdrop.com/hotel/bologna-suite-bologna
info@buonhotel.it,Buon Hotel Bologna Centro,https://www.hotelsdrop.com/hotel/buon-hotel-bologna-centro-bologna
cafoscaduetorri@gmail.com,Ca' Fosca Due Torri,https://www.hotelsdrop.com/hotel/ca-fosca-due-torri-bologna
info@casardizzoni.it,Casa Ardizzoni,https://www.hotelsdrop.com/hotel/casa-ardizzoni-bologna
iconoscentibologna@gmail.com,Casa Conoscenti,https://www.hotelsdrop.com/hotel/casa-conoscenti-bologna
info@centralcityinn.com,Central City Rooms Group,https://www.hotelsdrop.com/hotel/central-city-rooms-group-bologna
info@lacortedelsantorsola.com,Corte Sant'Orsola 4,https://www.hotelsdrop.com/hotel/corte-sant-orsola-4-bologna
ciao@bolognaexperience.org,Cozy Suite | Unique Stay in Bologna,https://www.hotelsdrop.com/hotel/cozy-suite-unique-stay-in-bologna-bologna
info@cristinarossi.it,Cristina Rossi Bed and Breakfast,https://www.hotelsdrop.com/hotel/cristina-rossi-bed-and-breakfast-bologna
checkin@bolognarooms.com,Falegnami Suites - BolognaRooms,https://www.hotelsdrop.com/hotel/falegnami-suites-bolognarooms-bologna
info@gallieraresidence.it,Galliera Residence B&B,https://www.hotelsdrop.com/hotel/galliera-residence-b-b-bologna
info@goodmorningbologna.com,Good Morning Bologna - Marsala R&B,https://www.hotelsdrop.com/hotel/good-morning-bologna-marsala-r-b-bologna
hotelperlabologna@gmail.com,Hotel Perla,https://www.hotelsdrop.com/hotel/hotel-perla-bologna
info4gatti@gmail.com,I 4 gatti guesthouse,https://www.hotelsdrop.com/hotel/i-4-gatti-guesthouse-bologna
lafeniceaffittacamere@gmail.com,IlLoto,https://www.hotelsdrop.com/hotel/illoto-bologna
info@lacasadelledee.com,La Casa delle Dee - Affittacamere Bologna Centro - Self check-in,https://www.hotelsdrop.com/hotel/la-casa-delle-dee-affittacamere-bologna-centro-s-bologna
laciliegia@hotmail.it,La Ciliegia Green Bed and Breakfast,https://www.hotelsdrop.com/hotel/la-ciliegia-green-bed-and-breakfast-bologna
info@casafaccioli.it,Luxury B&B Casa Faccioli & Wellness,https://www.hotelsdrop.com/hotel/luxury-b-b-casa-faccioli-wellness-bologna
madamebologna@hotmail.com,Madame Bologna,https://www.hotelsdrop.com/hotel/madame-bologna-bologna
info.maglocentro@gmail.com,Maglo Centro,https://www.hotelsdrop.com/hotel/maglo-centro-bologna
info.maglostation@gmail.com,Maglo Station,https://www.hotelsdrop.com/hotel/maglo-station-bologna
bbmarconiinn@gmail.com,Marconi inn,https://www.hotelsdrop.com/hotel/marconi-inn-bologna
muabologna@gmail.com,Muà Boutique Bologna,https://www.hotelsdrop.com/hotel/mua-boutique-bologna-bologna
info@palazzodialcina.com,Palazzo di Alcina - Residenza D'Epoca - Luxury Rooms -,https://www.hotelsdrop.com/hotel/palazzo-di-alcina-residenza-d-epoca-luxury-rooms-bologna
spacealaimo@gmail.com,R&B La Villa,https://www.hotelsdrop.com/hotel/r-b-la-villa-bologna
info@renosuite.it,Reno Suite Bologna Centro B&B,https://www.hotelsdrop.com/hotel/reno-suite-bologna-centro-b-b-bologna
checkin@bolognarooms.com,Santo Stefano Apartments - BolognaRooms,https://www.hotelsdrop.com/hotel/santo-stefano-apartments-bolognarooms-bologna
darionobile@yahoo.it,STANZE DI FRONTE OSPEDALE MAGGIORE IN MAGGIORE ROOMS,https://www.hotelsdrop.com/hotel/stanze-di-fronte-ospedale-maggiore-in-maggiore-r-bologna
booking@steamhouse.it,Steam House Room & Breakfast,https://www.hotelsdrop.com/hotel/steam-house-room-breakfast-bologna
info@zamboresidence.it,Zambo Residence,https://www.hotelsdrop.com/hotel/zambo-residence-bologna
info@casolarenonnomario.it,Agriturismo Il Casolare Di Nonno Mario.,https://www.hotelsdrop.com/hotel/agriturismo-il-casolare-di-nonno-mario-bolognano
p.a.byvoet@gmail.com,Villa Vista Monti,https://www.hotelsdrop.com/hotel/villa-vista-monti-bolognano
mymail@mailservice.com,B&B Puvogel,https://www.hotelsdrop.com/hotel/b-b-puvogel-bolognetta
affittacameredormodalia@gmail.com,Dormo Da Lia Srl,https://www.hotelsdrop.com/hotel/dormo-da-lia-srl-bolognetta
info@bblavilla.it,B&B La Villa - Lago di Fiastra,https://www.hotelsdrop.com/hotel/b-b-la-villa-lago-di-fiastra-bolognola
info@sarnanoneve.it,Baita Solaria,https://www.hotelsdrop.com/hotel/baita-solaria-bolognola
info@scimarche.it,Hermitage Sibillini,https://www.hotelsdrop.com/hotel/hermitage-sibillini-bolognola
info@palazzo-rossi.it,Palazzo Rossi | Historic Boutique Home in Marche,https://www.hotelsdrop.com/hotel/palazzo-rossi-historic-boutique-home-in-marche-bolognola
sassobianco@libero.it,Sasso Bianco,https://www.hotelsdrop.com/hotel/sasso-bianco-bolognola
sapigalva@gmail.com,Agriturismo Sa Pigalva,https://www.hotelsdrop.com/hotel/agriturismo-sa-pigalva-bolotana
info@agriturismofrancadu.it,Agriturismo Su Francadu,https://www.hotelsdrop.com/hotel/agriturismo-su-francadu-bolotana
info@bolotanaturismo360.it,B&b da Zia Carmela,https://www.hotelsdrop.com/hotel/b-b-da-zia-carmela-bolotana
info@levigne.it,Agriturismo Le Vigne lago di Bolsena,https://www.hotelsdrop.com/hotel/agriturismo-le-vigne-lago-di-bolsena-bolsena
contact@mysite.com,Il Palazzetto,https://www.hotelsdrop.com/hotel/il-palazzetto-bolsena
info@palazzobottinobolsena.it,PALAZZO BOTTINO a Bolsena,https://www.hotelsdrop.com/hotel/palazzo-bottino-a-bolsena-bolsena
info@dalmineluxurysuite.it,Dalmine Luxury Suite,https://www.hotelsdrop.com/hotel/dalmine-luxury-suite-boltiere
info@fattoriadelpino.it,Fattoria del Pino,https://www.hotelsdrop.com/hotel/fattoria-del-pino-bolzano-novarese
info@beb-relax.it,B&B Relax,https://www.hotelsdrop.com/hotel/b-b-relax-bolzano-vicentino
info@hotelquerini.com,HOTEL QUERINI. Essential Business Hotel a Sandrigo,https://www.hotelsdrop.com/hotel/hotel-querini-essential-business-hotel-a-sandrig-bolzano-vicentino
info@bbilmoai.it,B & B Il Moai,https://www.hotelsdrop.com/hotel/b-b-il-moai-bomarzo
info@ilbuongiornobb.it,Il Buongiorno B&B,https://www.hotelsdrop.com/hotel/il-buongiorno-b-b-bomarzo
mafe.viterbo@gmail.com,La Casa di Brancaleone Vitorchiano,https://www.hotelsdrop.com/hotel/la-casa-di-brancaleone-vitorchiano-bomarzo
agriolimpo@gmail.com,Agriturismo Olimpo,https://www.hotelsdrop.com/hotel/agriturismo-olimpo-bomba
info@pennadomoclimbinghouse.com,Pennadomo Climbing House,https://www.hotelsdrop.com/hotel/pennadomo-climbing-house-bomba
gialloficodindia@gmail.com,Giallo Ficodindia Bed & Breakfast,https://www.hotelsdrop.com/hotel/giallo-ficodindia-bed-breakfast-bompensiere
smarthotelcarpi@gmail.com,Smart Hotel,https://www.hotelsdrop.com/hotel/smart-hotel-bomporto
info@samurighesa.it,b&b Sa Murighesa,https://www.hotelsdrop.com/hotel/b-b-sa-murighesa-bonarcado
info@bisos.it,Bisos ospitalità diffusa ecosostenibile,https://www.hotelsdrop.com/hotel/bisos-ospitalita-diffusa-ecosostenibile-bonarcado
reservations@ischeas.com,Is Cheas Hotel & Restaurant,https://www.hotelsdrop.com/hotel/is-cheas-hotel-restaurant-bonarcado
info@piedelcastello.com,B&B Piè del Castello,https://www.hotelsdrop.com/hotel/b-b-pie-del-castello-bonassola
info@madonetta.it,La Madonnetta - Dimora d'epoca -,https://www.hotelsdrop.com/hotel/la-madonnetta-dimora-d-epoca-bonassola
rita.bb@tiscali.it,Rita B&B,https://www.hotelsdrop.com/hotel/rita-b-b-bonassola
info@bedandbreakfastpuravita.it,B&B Puravita,https://www.hotelsdrop.com/hotel/b-b-puravita-bonate-sopra
prenotazioni@villagiuliabonate.it,Villa Giulia,https://www.hotelsdrop.com/hotel/villa-giulia-bonate-sotto
info@lacortedianna.com,Agriturismo La Corte di Anna,https://www.hotelsdrop.com/hotel/agriturismo-la-corte-di-anna-bonavigo
info@villabrenzoni.it,B&B Villa Brenzoni,https://www.hotelsdrop.com/hotel/b-b-villa-brenzoni-bonavigo
residence3nidi@gmail.com,Residence 3 Nidi,https://www.hotelsdrop.com/hotel/residence-3-nidi-bonavigo
lacortedeiciliegi.tn@gmail.com,Agriturismo La Corte dei Ciliegi,https://www.hotelsdrop.com/hotel/agriturismo-la-corte-dei-ciliegi-bondone
info@pradasport.tn.it,Residence e Ristobar Prada,https://www.hotelsdrop.com/hotel/residence-e-ristobar-prada-bondone
lacortemontesarchio@gmail.com,La Corte B&B - Montesarchio,https://www.hotelsdrop.com/hotel/la-corte-b-b-montesarchio-bonea
support@centralstay.eu,Affittacamere Venere,https://www.hotelsdrop.com/hotel/affittacamere-venere-bonefro
contatti@sorgentediluna.it,Agriturismo Sorgente di Luna,https://www.hotelsdrop.com/hotel/agriturismo-sorgente-di-luna-bonefro
bbpensieridautore@gmail.com,B&B Pensieri d'autore,https://www.hotelsdrop.com/hotel/b-b-pensieri-d-autore-bonefro
info@primoadestra.it,B&B Primo a destra,https://www.hotelsdrop.com/hotel/b-b-primo-a-destra-bonefro
info@dimoradonnadora.it,Dimora Donna Dora,https://www.hotelsdrop.com/hotel/dimora-donna-dora-bonefro
info@hotelsantoianni.it,Hotel SantoIanni,https://www.hotelsdrop.com/hotel/hotel-santoianni-bonefro
pianisialbergo@gmail.com,Pianisi Albergo,https://www.hotelsdrop.com/hotel/pianisi-albergo-bonefro
info@bbmille.it,B&B Mille,https://www.hotelsdrop.com/hotel/b-b-mille-bonemerse
diletta.rapalli@live.it,B&B Stradivari,https://www.hotelsdrop.com/hotel/b-b-stradivari-bonemerse
info@farisengo.it,Cascina Farisengo: agriturismo e location matrimoni ed eventi,https://www.hotelsdrop.com/hotel/cascina-farisengo-agriturismo-e-location-matrimo-bonemerse
info@cremonainn.it,Cremona Inn Aparthotel,https://www.hotelsdrop.com/hotel/cremona-inn-aparthotel-bonemerse
bookings@maripetra.com,Maripetra B&B,https://www.hotelsdrop.com/hotel/maripetra-b-b-bonifati
info@balneumitalia.it,Balneum Rooms & Spa,https://www.hotelsdrop.com/hotel/balneum-rooms-spa-bonito
skylinerooms@libero.it,Skyline Rooms & Suites,https://www.hotelsdrop.com/hotel/skyline-rooms-suites-bonito
arcudechelubnb@gmail.com,Arcu de Chelu B&B,https://www.hotelsdrop.com/hotel/arcu-de-chelu-b-b-bonorva
sistellatinnura@gmail.com,S'istella Affittacamere,https://www.hotelsdrop.com/hotel/s-istella-affittacamere-bonorva
info@montisclari-monchiero-langhe.com,B & B Montisclari Monchiero Langhe,https://www.hotelsdrop.com/hotel/b-b-montisclari-monchiero-langhe-bonvicino
info@casabaricalino.com,Casa Baricalino Cantina,https://www.hotelsdrop.com/hotel/casa-baricalino-cantina-bonvicino
chiera.ssa@gmail.com,La casa di Talin,https://www.hotelsdrop.com/hotel/la-casa-di-talin-bonvicino
ilboscaiolo@hotmail.it,"Il Boscaiolo è un accogliente B&B vicino L'Aquila, situato a Sassa Scalo a pochi minuti dal centro.",https://www.hotelsdrop.com/hotel/il-boscaiolo-e-un-accogliente-b-b-vicino-l-aquil-borbona
luca.tennina@gmail.com,IL QUERCETO DELLE MARINE,https://www.hotelsdrop.com/hotel/il-querceto-delle-marine-borbona
oasievetoio@gmail.com,Room & Breakfast Oasi del Vetoio,https://www.hotelsdrop.com/hotel/room-breakfast-oasi-del-vetoio-borbona
info@nicadiego.com,Appartamenti Nica e Diego - Nica Sas,https://www.hotelsdrop.com/hotel/appartamenti-nica-e-diego-nica-sas-borca-di-cadore
info@villagaia.info,Dolomiti Lodge ristorante Villa Gaia,https://www.hotelsdrop.com/hotel/dolomiti-lodge-ristorante-villa-gaia-borca-di-cadore
info@italianhotelgroup.it,HG Casa Montana - Guest House,https://www.hotelsdrop.com/hotel/hg-casa-montana-guest-house-borca-di-cadore
sleepinfriuli@gmail.com,Sleep in Venzone,https://www.hotelsdrop.com/hotel/sleep-in-venzone-bordano
sleepinfriuli@gmail.com,Sleep In Venzone Depandance,https://www.hotelsdrop.com/hotel/sleep-in-venzone-depandance-bordano
info@ceraunavoltaagriturismo.it,Agriturismo C'Era Una Volta...,https://www.hotelsdrop.com/hotel/agriturismo-c-era-una-volta-bordighera
info@acquadimare.com,B&B Acqua Di Mare,https://www.hotelsdrop.com/hotel/b-b-acqua-di-mare-bordighera
info@hotelelandra.com,Hotel Elandra,https://www.hotelsdrop.com/hotel/hotel-elandra-bordighera
info@villabottini.it,Villa Bottini - La Limonaia,https://www.hotelsdrop.com/hotel/villa-bottini-la-limonaia-bordolano
posta@allelujacamp.eu,Agriturismo Alleluja: Country House and Glamping Resort,https://www.hotelsdrop.com/hotel/agriturismo-alleluja-country-house-and-glamping-bore
info@amicahotel.com,Hotel Amica,https://www.hotelsdrop.com/hotel/hotel-amica-bore
info@cantinaviscontivigoleno.com,Società Agricola Visconti Massimo & C.,https://www.hotelsdrop.com/hotel/societa-agricola-visconti-massimo-c-bore
info@agriturismosangiuseppe.com,Agriturismo San Giuseppe,https://www.hotelsdrop.com/hotel/agriturismo-san-giuseppe-boretto
605a7baede844d278b89dc95ae0a9123@sentry-next.wixpress.com,B&B Il Ponticello,https://www.hotelsdrop.com/hotel/b-b-il-ponticello-boretto
605a7baede844d278b89dc95ae0a9123@sentry-next.wixpress.com,B&B Stazione Don Camillo,https://www.hotelsdrop.com/hotel/b-b-stazione-don-camillo-boretto
info@lasosta-beb.it,La Sosta fuori stazione B&B,https://www.hotelsdrop.com/hotel/la-sosta-fuori-stazione-b-b-boretto
info@bbborgotrecase.it,B&B Borgo Tre Case (sulla Via Francigena a 2 passi da Pavia),https://www.hotelsdrop.com/hotel/b-b-borgo-tre-case-sulla-via-francigena-a-2-pass-borgarello
info@cascinadomina.comm,Agriturismo Cascina Domina,https://www.hotelsdrop.com/hotel/agriturismo-cascina-domina-borgaro-torinese
info@bebalba.com,B&B Alba,https://www.hotelsdrop.com/hotel/b-b-alba-borgetto
bagliocartaruffino@gmail.com,Baglio Carta,https://www.hotelsdrop.com/hotel/baglio-carta-borgetto
newriverhotel@gmail.com,New River Hotel,https://www.hotelsdrop.com/hotel/new-river-hotel-borgetto
info@oliorudasso.it,"Agriturismo ""Il glicine e la lucerna""",https://www.hotelsdrop.com/hotel/agriturismo-il-glicine-e-la-lucerna-borghetto-d-arroscia
la.chouette.nirasca@proton.me,Agriturismo La Chouette,https://www.hotelsdrop.com/hotel/agriturismo-la-chouette-borghetto-d-arroscia
agriturismolafattoria@gmail.com,AGRITURISMO LA FATTORIA,https://www.hotelsdrop.com/hotel/agriturismo-la-fattoria-borghetto-d-arroscia
info@amaccia.it,aMaccia,https://www.hotelsdrop.com/hotel/amaccia-borghetto-d-arroscia
latraversina@latraversina.com,La Traversina Agriturismo di Charme,https://www.hotelsdrop.com/hotel/la-traversina-agriturismo-di-charme-borghetto-di-borbera
info@ilnidonellabionda.com,Il Nido nella Bionda,https://www.hotelsdrop.com/hotel/il-nido-nella-bionda-borghetto-di-vara
locanda@locandadamarco.it,Locanda da Marco,https://www.hotelsdrop.com/hotel/locanda-da-marco-borghetto-di-vara
info@bb-lameridianapiacenza.it,Affittacamere La Meridiana di Francesco Casali,https://www.hotelsdrop.com/hotel/affittacamere-la-meridiana-di-francesco-casali-borghetto-lodigiano
info@bbpiacenza.it,B&B Il Piccolo,https://www.hotelsdrop.com/hotel/b-b-il-piccolo-borghetto-lodigiano
info@ilcortilettopiacenza.com,Il cortiletto,https://www.hotelsdrop.com/hotel/il-cortiletto-borghetto-lodigiano
info@milaenan.it,MILAeNAN B&B,https://www.hotelsdrop.com/hotel/milaenan-b-b-borghetto-santo-spirito
info@residenzadegliaranci.it,Residenza degli Aranci,https://www.hotelsdrop.com/hotel/residenza-degli-aranci-borghetto-santo-spirito
info@concaverdeclub.it,B&B Concaverde,https://www.hotelsdrop.com/hotel/b-b-concaverde-borghi
info@svegliarsineiborghi.it,B&B Svegliarsi nei Borghi,https://www.hotelsdrop.com/hotel/b-b-svegliarsi-nei-borghi-borghi
info@lemoie.it,Le Moie,https://www.hotelsdrop.com/hotel/le-moie-borgiallo
albergocalcagnoborgio@yahoo.it,Calcagno,https://www.hotelsdrop.com/hotel/calcagno-borgio-verezzi
giardinidivalerooms@gmail.com,Giardinidivale,https://www.hotelsdrop.com/hotel/giardinidivale-borgio-verezzi
%20info@svegliarsiaverezzi.com,La Canonica - Svegliarsi a Verezzi,https://www.hotelsdrop.com/hotel/la-canonica-svegliarsi-a-verezzi-borgio-verezzi
prenotazioni.bergallolocanda@gmail.com,Locanda del Bergallo,https://www.hotelsdrop.com/hotel/locanda-del-bergallo-borgio-verezzi
info@terrazzafelice.it,Terrazza Felice Room & Breakfast,https://www.hotelsdrop.com/hotel/terrazza-felice-room-breakfast-borgio-verezzi
villinosaracenorostain1911@gmail.com,Villino Saraceno Rostain 1911,https://www.hotelsdrop.com/hotel/villino-saraceno-rostain-1911-borgio-verezzi
info@agricolailpino.it,Agriturismo Il Pino,https://www.hotelsdrop.com/hotel/agriturismo-il-pino-borgo-a-mozzano
info@casettadibutia.it,Agriturismo la Casetta di Butia,https://www.hotelsdrop.com/hotel/agriturismo-la-casetta-di-butia-borgo-a-mozzano
borghidellamaddalena@gmail.com,Albergo Diffuso -I Borghi della Maddalena,https://www.hotelsdrop.com/hotel/albergo-diffuso-i-borghi-della-maddalena-borgo-a-mozzano
info@macea.it,Azienda Agricola Macea,https://www.hotelsdrop.com/hotel/azienda-agricola-macea-borgo-a-mozzano
residenza.morianese@gmail.com,Morianese Residence,https://www.hotelsdrop.com/hotel/morianese-residence-borgo-a-mozzano
info@villaguinigi.it,VILLA GUINIGI EXCLUSIVE RESIDENCE & POOL,https://www.hotelsdrop.com/hotel/villa-guinigi-exclusive-residence-pool-borgo-a-mozzano
ribagabruno@live.it,Agritur Al Marter,https://www.hotelsdrop.com/hotel/agritur-al-marter-borgo-chiese
bbledro@yahoo.it,B&B LEDRO - Affittacamere,https://www.hotelsdrop.com/hotel/b-b-ledro-affittacamere-borgo-chiese
az.ag.lagenziana@gmail.com,Garnì Dal Mozat,https://www.hotelsdrop.com/hotel/garni-dal-mozat-borgo-chiese
info@enjoyledro.it,Garnì Enjoy Ledro,https://www.hotelsdrop.com/hotel/garni-enjoy-ledro-borgo-chiese
info@tenutavariselle.it,Tenuta Variselle Roppolo,https://www.hotelsdrop.com/hotel/tenuta-variselle-roppolo-borgo-d-ale
info@bbanticadimora.com,Antica Dimora,https://www.hotelsdrop.com/hotel/antica-dimora-borgo-mantovano
info@casabellodi.it,Casa Bellodi,https://www.hotelsdrop.com/hotel/casa-bellodi-borgo-mantovano
info@allinsolutions.it,Garden Hotel & Residence,https://www.hotelsdrop.com/hotel/garden-hotel-residence-borgo-mantovano
info@daidubourdei.it,Agriturismo Dai Du Bourdei,https://www.hotelsdrop.com/hotel/agriturismo-dai-du-bourdei-borgo-pace
info@sacchifarm.it,Agriturismo Sacchiafarm,https://www.hotelsdrop.com/hotel/agriturismo-sacchiafarm-borgo-pace
info@borgocisterna.it,Borgo Storico Cisterna Agriturismo,https://www.hotelsdrop.com/hotel/borgo-storico-cisterna-agriturismo-borgo-pace
laroveda@malpaga.com,Agriturismo La Roveda,https://www.hotelsdrop.com/hotel/agriturismo-la-roveda-borgo-priolo
fattoriamondoantico@libero.it,Agriturismo Mondo Antico,https://www.hotelsdrop.com/hotel/agriturismo-mondo-antico-borgo-priolo
info@borgosantuletta.com,Azienda Agricola Borgo Santuletta,https://www.hotelsdrop.com/hotel/azienda-agricola-borgo-santuletta-borgo-priolo
casapercivalle@gmail.com,B&B Casa Percivalle,https://www.hotelsdrop.com/hotel/b-b-casa-percivalle-borgo-priolo
tenutailfienile@gmail.com,Tenuta Il Fienile,https://www.hotelsdrop.com/hotel/tenuta-il-fienile-borgo-priolo
info@lapiazzettadelborgo.com,B&B La Piazzetta Del Borgo,https://www.hotelsdrop.com/hotel/b-b-la-piazzetta-del-borgo-borgo-san-dalmazzo
info@bedandbreakfastcuneosanrock.it,B&B SanRock,https://www.hotelsdrop.com/hotel/b-b-sanrock-borgo-san-dalmazzo
info@agriturismorosita.it,Agriturismo Rosita,https://www.hotelsdrop.com/hotel/agriturismo-rosita-borgo-san-giovanni
info@bedandbreakfastsanbruno.it,Agriturismo San Bruno,https://www.hotelsdrop.com/hotel/agriturismo-san-bruno-borgo-san-giovanni
info@cattleya-rooms.it,Cattleya Rooms & Breakfast,https://www.hotelsdrop.com/hotel/cattleya-rooms-breakfast-borgo-san-giovanni
info@palazzovecchio.eu,Agriturismo Palazzo Vecchio,https://www.hotelsdrop.com/hotel/agriturismo-palazzo-vecchio-borgo-san-lorenzo
poderbadia@gmail.com\,Agriturismo Podere Badia ValDrago,https://www.hotelsdrop.com/hotel/agriturismo-podere-badia-valdrago-borgo-san-lorenzo
info@ilnidodigabbiano.it,Il Nido di Gabbiano,https://www.hotelsdrop.com/hotel/il-nido-di-gabbiano-borgo-san-lorenzo
info@locandadialberi.it,Locanda Di Alberi,https://www.hotelsdrop.com/hotel/locanda-di-alberi-borgo-san-lorenzo
info@borgosanmartinomonopoli.it,B&B Borgo San Martino,https://www.hotelsdrop.com/hotel/b-b-borgo-san-martino-borgo-san-martino
info@agriturismoraimondi.it,Agriturismo Raimondi Cominesi Amilcare,https://www.hotelsdrop.com/hotel/agriturismo-raimondi-cominesi-amilcare-borgo-san-siro
info@bebdallozio.it,B&B dalLo Zio,https://www.hotelsdrop.com/hotel/b-b-dallo-zio-borgo-san-siro
info@anticacasabalsari.it,Antica Casa Balsari,https://www.hotelsdrop.com/hotel/antica-casa-balsari-borgo-ticino
info@allacortedelpicchio.it,Alla Corte del Picchio Room & Breakfast,https://www.hotelsdrop.com/hotel/alla-corte-del-picchio-room-breakfast-borgo-tossignano
info@bedandbreakfast.eu,B&B di Paola e Luca,https://www.hotelsdrop.com/hotel/b-b-di-paola-e-luca-borgo-tossignano
info@casaflosa.it,Casa Flosa B&B,https://www.hotelsdrop.com/hotel/casa-flosa-b-b-borgo-tossignano
info@lacompagniabb.it,La Compagnia B&B,https://www.hotelsdrop.com/hotel/la-compagnia-b-b-borgo-tossignano
info@casaserafini.com,Ostello dei Gessi,https://www.hotelsdrop.com/hotel/ostello-dei-gessi-borgo-tossignano
rosecioccolato@gmail.com,B&B Rose e Cioccolato,https://www.hotelsdrop.com/hotel/b-b-rose-e-cioccolato-borgo-val-di-taro
agriturismosaetta@gmail.com,AGRITURISMO Az.Agr. SAETTA' di Marco Casagrande,https://www.hotelsdrop.com/hotel/agriturismo-az-agr-saetta-di-marco-casagrande-borgo-valbelluna
lacasaneiboschi@gmail.com,agriturismo la casa nei boschi,https://www.hotelsdrop.com/hotel/agriturismo-la-casa-nei-boschi-borgo-valbelluna
info@anticavillasophie.it,Antica Villa Sophie B&B,https://www.hotelsdrop.com/hotel/antica-villa-sophie-b-b-borgo-valbelluna
info@aipianai.it,B&B Ai Pianai,https://www.hotelsdrop.com/hotel/b-b-ai-pianai-borgo-valbelluna
loredanadacol62@gmail.com,B&B Al Portico,https://www.hotelsdrop.com/hotel/b-b-al-portico-borgo-valbelluna
b-ballalanterna@libero.it,b&b alla Lanterna,https://www.hotelsdrop.com/hotel/b-b-alla-lanterna-borgo-valbelluna
casaverdebelluno@gmail.com,B&B CasaVerde Belluno,https://www.hotelsdrop.com/hotel/b-b-casaverde-belluno-borgo-valbelluna
lacolombera.frontin@libero.it,Bed and Breakfast la Colombera,https://www.hotelsdrop.com/hotel/bed-and-breakfast-la-colombera-borgo-valbelluna
info@poggiopagnan.it,Relais Poggio Pagnan Agriturismo 5 Girasoli,https://www.hotelsdrop.com/hotel/relais-poggio-pagnan-agriturismo-5-girasoli-borgo-valbelluna
info@masovalli.it,Agritur Maso Valli,https://www.hotelsdrop.com/hotel/agritur-maso-valli-borgo-valsugana
info@agriturdalcastagne.it,Agriturismo Fattoria Dalcastagnè,https://www.hotelsdrop.com/hotel/agriturismo-fattoria-dalcastagne-borgo-valsugana
info@alcacciatorelevico.it,Al Cacciatore - Albergo - Ristorante - Bar,https://www.hotelsdrop.com/hotel/al-cacciatore-albergo-ristorante-bar-borgo-valsugana
yahoo@raducretu.ro,Hotel Ristorante Da Valerio,https://www.hotelsdrop.com/hotel/hotel-ristorante-da-valerio-borgo-velino
info@locandacavejo.it,Locanda Ca' Vejo srl,https://www.hotelsdrop.com/hotel/locanda-ca-vejo-srl-borgo-veneto
cefa77@hotmail.it,B&B Parco del Mincio,https://www.hotelsdrop.com/hotel/b-b-parco-del-mincio-borgo-virgilio
info@lalocandanelfrutteto.it,La Locanda nel Frutteto Room & Breakfast - Eventi,https://www.hotelsdrop.com/hotel/la-locanda-nel-frutteto-room-breakfast-eventi-borgocarbonara
info@locandadivinis.com,Locanda Divinis,https://www.hotelsdrop.com/hotel/locanda-divinis-borgocarbonara
info@le3stanze.it,LE3STANZE di Loredana,https://www.hotelsdrop.com/hotel/le3stanze-di-loredana-borgomanero
info@bbautin.com,B&B Autin,https://www.hotelsdrop.com/hotel/b-b-autin-borgone-susa
info@croaravecchia.it,Agriturismo Croara Vecchia,https://www.hotelsdrop.com/hotel/agriturismo-croara-vecchia-borgonovo-val-tidone
ilcorniolo@hotmail.it,Agriturismo Il Corniolo,https://www.hotelsdrop.com/hotel/agriturismo-il-corniolo-borgonovo-val-tidone
info@oasivalluretta.com,B&B Oasi Val Luretta,https://www.hotelsdrop.com/hotel/b-b-oasi-val-luretta-borgonovo-val-tidone
info@villa-chloe.it,De Chloé S.S.Agr. - Villa Chloé,https://www.hotelsdrop.com/hotel/de-chloe-s-s-agr-villa-chloe-borgonovo-val-tidone
info@lungacque.it,Locanda dei Melograni - Lungacque,https://www.hotelsdrop.com/hotel/locanda-dei-melograni-lungacque-borgonovo-val-tidone
info@albergo900.it,Albergo '900,https://www.hotelsdrop.com/hotel/albergo-900-borgoratto-alessandrino
cascinalamaddalena@gmail.com,Cascina La Maddalena Bed & Wine,https://www.hotelsdrop.com/hotel/cascina-la-maddalena-bed-wine-borgoratto-alessandrino
infovillamarengo@gmail.com,Villa Marengo Guest House,https://www.hotelsdrop.com/hotel/villa-marengo-guest-house-borgoratto-alessandrino
dellacosta@libero.it,Agriturismo della Costa,https://www.hotelsdrop.com/hotel/agriturismo-della-costa-borgoratto-mormorolo
lalocandadelmolino@gmail.com,La Locanda del Molino Azienda Agricola Madreselva,https://www.hotelsdrop.com/hotel/la-locanda-del-molino-azienda-agricola-madreselv-borgoratto-mormorolo
info@amoler.it,Amoler Agriturismo,https://www.hotelsdrop.com/hotel/amoler-agriturismo-borgoricco
info@villabertiguesthouse.it,B&B Villa Berti,https://www.hotelsdrop.com/hotel/b-b-villa-berti-borgoricco
prenotazioni@locandatabina.it,Hotel Tabina - Santa Maria di Sala,https://www.hotelsdrop.com/hotel/hotel-tabina-santa-maria-di-sala-borgoricco
info@larotondarelais.com,La Rotonda Relais,https://www.hotelsdrop.com/hotel/la-rotonda-relais-borgoricco
appartamentiilcapomandro@gmail.com,Appartamenti Il Capomandro,https://www.hotelsdrop.com/hotel/appartamenti-il-capomandro-borgorose
info@leofreninatura.it,B&B Leofreni Natura,https://www.hotelsdrop.com/hotel/b-b-leofreni-natura-borgorose
info@bandbsoleluna.it,B&B Sole e Luna,https://www.hotelsdrop.com/hotel/b-b-sole-e-luna-borgorose
info@motorhotel.it,Hotel Ai Ronchi - Ristorante e Parcheggio,https://www.hotelsdrop.com/hotel/hotel-ai-ronchi-ristorante-e-parcheggio-borgosatollo
info@albergosacromonte.it,Albergo Ristorante Sacro Monte,https://www.hotelsdrop.com/hotel/albergo-ristorante-sacro-monte-borgosesia
appartamentidelborgo@libero.it,Appartamenti del Borgo,https://www.hotelsdrop.com/hotel/appartamenti-del-borgo-borgosesia
info@loscoiattololanoce.it,B&b Lo scoiattolo e la noce,https://www.hotelsdrop.com/hotel/b-b-lo-scoiattolo-e-la-noce-borgosesia
bilocalevecchioborgo@hotmail.com,Bilocale Vecchio Borgo,https://www.hotelsdrop.com/hotel/bilocale-vecchio-borgo-borgosesia
info@villaagnona.it,Villa Agnona,https://www.hotelsdrop.com/hotel/villa-agnona-borgosesia
ilcantodellerane.finale@gmail.com,Agriturismo - Il canto delle Rane,https://www.hotelsdrop.com/hotel/agriturismo-il-canto-delle-rane-bormida
lumagin24@gmail.com,Bed & Breakfast Lumagin,https://www.hotelsdrop.com/hotel/bed-breakfast-lumagin-bormida
info@casacirio.it,CasaCirio agriturismo,https://www.hotelsdrop.com/hotel/casacirio-agriturismo-bormida
info@ilamoi.it,I Lamoi,https://www.hotelsdrop.com/hotel/i-lamoi-bormida
info@tecciudicuppi.it,"Villaggio Turistico ""Tecciu' di Cuppi""",https://www.hotelsdrop.com/hotel/villaggio-turistico-tecciu-di-cuppi-bormida
booking@bormio-ambassador.it,Ambassador Bormio | Hotel Restaurant Wine bar on Stelvio Slope,https://www.hotelsdrop.com/hotel/ambassador-bormio-hotel-restaurant-wine-bar-on-s-bormio
info@baitaeliseo.com,B&B Baita de Eliseo,https://www.hotelsdrop.com/hotel/b-b-baita-de-eliseo-bormio
info@residencefiordalpe.it,Residence Fior d'Alpe,https://www.hotelsdrop.com/hotel/residence-fior-d-alpe-bormio
info@linvoltmountainlodge.it,L'Invòlt Mountain Lodge,https://www.hotelsdrop.com/hotel/l-involt-mountain-lodge-borno
distanzaguido@gmail.com,B&B Il Tratturo,https://www.hotelsdrop.com/hotel/b-b-il-tratturo-borrello
trefiori@blu.it,B&B Tre Fiori,https://www.hotelsdrop.com/hotel/b-b-tre-fiori-borrello
info@ilpalazzodelprincipe.com,Palazzo del Principe,https://www.hotelsdrop.com/hotel/palazzo-del-principe-borrello
gianna.selle@hotmail.com,Appartamenti G&G | Borso Del Grappa,https://www.hotelsdrop.com/hotel/appartamenti-g-g-borso-del-grappa-borso-del-grappa
info@aicolori.com,"B & B ""Ai Colori""",https://www.hotelsdrop.com/hotel/b-b-ai-colori-borso-del-grappa
info@bbdamatteo.it,B&B Da Matteo,https://www.hotelsdrop.com/hotel/b-b-da-matteo-borso-del-grappa
info@bbreliefpossagno.it,B&B Relief Possagno,https://www.hotelsdrop.com/hotel/b-b-relief-possagno-borso-del-grappa
beehouse@libero.it,BeeHouse - La Casa delle Api Agriturismo,https://www.hotelsdrop.com/hotel/beehouse-la-casa-delle-api-agriturismo-borso-del-grappa
info@ingrappasporthouse.com,INGRAPPA SPORT HOUSE,https://www.hotelsdrop.com/hotel/ingrappa-sport-house-borso-del-grappa
kiki.montegrappa@gmail.com,Kiki,https://www.hotelsdrop.com/hotel/kiki-borso-del-grappa
info@corbezzole.it,Le Fate Corbezzole,https://www.hotelsdrop.com/hotel/le-fate-corbezzole-borso-del-grappa
gondaegiuliano@gmail.com,Residence Gonda&Giuliano,https://www.hotelsdrop.com/hotel/residence-gonda-giuliano-borso-del-grappa
info@tommyhouse.it,TommyHouse,https://www.hotelsdrop.com/hotel/tommyhouse-borso-del-grappa
info@casteldoria.it,Agriturismo Casteldoria di Rosso Francesco,https://www.hotelsdrop.com/hotel/agriturismo-casteldoria-di-rosso-francesco-bortigiadas
francescoperu1958@gmail.com,Agriturismo La Capanna,https://www.hotelsdrop.com/hotel/agriturismo-la-capanna-bortigiadas
agriturismo.spinalva@live.it,Agriturismo Spinalva,https://www.hotelsdrop.com/hotel/agriturismo-spinalva-bortigiadas
lacasadispinosella@gmail.com,La Casa di Spinosella Agriturismo,https://www.hotelsdrop.com/hotel/la-casa-di-spinosella-agriturismo-bortigiadas
info@agriturismomonteistulargiu.com,MONTE ISTULARGIU Azienda Agricola & Agriturismo,https://www.hotelsdrop.com/hotel/monte-istulargiu-azienda-agricola-agriturismo-bortigiadas
support@centralstay.eu,Domu Montegrappa 54,https://www.hotelsdrop.com/hotel/domu-montegrappa-54-borutta
shantihouse@libero.it,B&B Shanti House,https://www.hotelsdrop.com/hotel/b-b-shanti-house-borzonasca
info@villapaggi.com,Villa Paggi country house,https://www.hotelsdrop.com/hotel/villa-paggi-country-house-borzonasca
villaelisabosa@gmail.com,"B&B ""Villa Elisa""",https://www.hotelsdrop.com/hotel/b-b-villa-elisa-bosa
bomarosabandb@gmail.com,B&B Bomarosa,https://www.hotelsdrop.com/hotel/b-b-bomarosa-bosa
vistafiume.vacanze@gmail.com,B&B Vista Fiume,https://www.hotelsdrop.com/hotel/b-b-vista-fiume-bosa
info@blubosa.it,Blu B&B Bosa,https://www.hotelsdrop.com/hotel/blu-b-b-bosa-bosa
contact@bnbbosa.com,Guesthouse di Giuseppe,https://www.hotelsdrop.com/hotel/guesthouse-di-giuseppe-bosa
parkgardenbosa@gmail.com,Park Garden Guest House,https://www.hotelsdrop.com/hotel/park-garden-guest-house-bosa
info@regnosaltos.it,Regnos Altos Boutique Rooms,https://www.hotelsdrop.com/hotel/regnos-altos-boutique-rooms-bosa
info@ilpettirossovr.it,B & B Il Pettirosso,https://www.hotelsdrop.com/hotel/b-b-il-pettirosso-bosco-chiesanuova
bedandbreakfastdallaeli@gmail.com,B&B dalla ELI,https://www.hotelsdrop.com/hotel/b-b-dalla-eli-bosco-chiesanuova
info@bbmolina.it,BBmolina,https://www.hotelsdrop.com/hotel/bbmolina-bosco-chiesanuova
info@cortetrevigne.it,Corte Tre Vigne,https://www.hotelsdrop.com/hotel/corte-tre-vigne-bosco-chiesanuova
contact@globostay.com,Dormire alla Ruota,https://www.hotelsdrop.com/hotel/dormire-alla-ruota-bosco-chiesanuova
info@casalidiagavi.it,Casa Lidia Gavi,https://www.hotelsdrop.com/hotel/casa-lidia-gavi-bosco-marengo
info@cascinafolletto.com,Cascina Folletto,https://www.hotelsdrop.com/hotel/cascina-folletto-bosco-marengo
cascinamerlanetta@live.it,Cascina Merlanetta - Agriturismo & Fattoria didattica,https://www.hotelsdrop.com/hotel/cascina-merlanetta-agriturismo-fattoria-didattic-bosco-marengo
info@bblagerbolina.it,B&B La Gerbolina,https://www.hotelsdrop.com/hotel/b-b-la-gerbolina-bosconero
ladrintbb@gmail.com,Là Drint Bed & Breakfast,https://www.hotelsdrop.com/hotel/la-drint-bed-breakfast-bosconero
info@vesuvioinn.it,Vesuvio Inn Bed & Wine Experience,https://www.hotelsdrop.com/hotel/vesuvio-inn-bed-wine-experience-boscoreale
reservationandinfo@gmail.com,Vitiello Maria's home,https://www.hotelsdrop.com/hotel/vitiello-maria-s-home-boscoreale
info@tenutanunziata.com,Tenuta Nunziata - food / relax / biofarm,https://www.hotelsdrop.com/hotel/tenuta-nunziata-food-relax-biofarm-boscotrecase
info@yurteinlanga.it,Yurte In Langa,https://www.hotelsdrop.com/hotel/yurte-in-langa-bosia
agriturismoilburlino@gmail.com,Agriturismo Il Burlino,https://www.hotelsdrop.com/hotel/agriturismo-il-burlino-bosio
borgocortese@gmail.com,B&B Borgo Cortese,https://www.hotelsdrop.com/hotel/b-b-borgo-cortese-bosio
info@casalemilleseicento.com,Casale Milleseicento,https://www.hotelsdrop.com/hotel/casale-milleseicento-bosio
info@leondoro-pusiano.it,B&B Leon d'Oro,https://www.hotelsdrop.com/hotel/b-b-leon-d-oro-bosisio-parini
lamadonninabeb@gmail.com,Home And Breakfast - La Madonnina -,https://www.hotelsdrop.com/hotel/home-and-breakfast-la-madonnina-bosisio-parini
narcisobnbvalbrona@gmail.com,Narciso B&B Valbrona,https://www.hotelsdrop.com/hotel/narciso-b-b-valbrona-bosisio-parini
wine@piccolobaccodeiquaroni.it,Piccolo Bacco Dei Quaroni di Tommaso Cavalli,https://www.hotelsdrop.com/hotel/piccolo-bacco-dei-quaroni-di-tommaso-cavalli-bosnasco
agriturismocasarai@gmail.com,Agriturismo Casarai,https://www.hotelsdrop.com/hotel/agriturismo-casarai-bossico
info@thesecretsuite.it,The Secret Suite,https://www.hotelsdrop.com/hotel/the-secret-suite-bossico
info@maisonotto.it,Maison Otto,https://www.hotelsdrop.com/hotel/maison-otto-bossolasco
radiceverdecissone@gmail.com,Residence Radice Verde,https://www.hotelsdrop.com/hotel/residence-radice-verde-bossolasco
info@bb-bruno.com,Bruno Bed & Breakfast,https://www.hotelsdrop.com/hotel/bruno-bed-breakfast-botricello
bebfrancesca@gmail.com,B&B Francesca,https://www.hotelsdrop.com/hotel/b-b-francesca-botrugno
info@casacardignan.com,Casa Cardignan,https://www.hotelsdrop.com/hotel/casa-cardignan-botrugno
giardino.frannicola@gmail.com,Giardino Frannicola,https://www.hotelsdrop.com/hotel/giardino-frannicola-botrugno
tenutatrescasuites@gmail.com,Tenuta Tresca Suites - Dimora Storica,https://www.hotelsdrop.com/hotel/tenuta-tresca-suites-dimora-storica-botrugno
bb.villasitrie@libero.it,Villa Sitrie,https://www.hotelsdrop.com/hotel/villa-sitrie-botrugno
info@villaegarden.it,B&B Villa & Garden,https://www.hotelsdrop.com/hotel/b-b-villa-garden-bottanuco
info@naturooms.com,Cantina Al Silter - NatuRooms,https://www.hotelsdrop.com/hotel/cantina-al-silter-naturooms-bottanuco
levignesulladda@gmail.com,Le Vigne sull'Adda,https://www.hotelsdrop.com/hotel/le-vigne-sull-adda-bottanuco
contact@globostay.com,La Taverna Del Gufo,https://www.hotelsdrop.com/hotel/la-taverna-del-gufo-bottidda
info@aguni.it,AGUNI' Agriturismo & Locanda,https://www.hotelsdrop.com/hotel/aguni-agriturismo-locanda-bova
calistoleo96@gmail.com,B&b La Ginestra,https://www.hotelsdrop.com/hotel/b-b-la-ginestra-bova
info@stinplatia.com,B&B Stin Platìa,https://www.hotelsdrop.com/hotel/b-b-stin-platia-bova
info@hotelserrano.it,Hotel Tito Serranò,https://www.hotelsdrop.com/hotel/hotel-tito-serrano-bova
info@villaggiojammin.it,Jammin Village,https://www.hotelsdrop.com/hotel/jammin-village-bova-marina
info@lacasadianna.net,"Bed & Breakfast ""La Casa di Anna""",https://www.hotelsdrop.com/hotel/bed-breakfast-la-casa-di-anna-bovalino
support@test.com,Bed and Breakfast La Pieve,https://www.hotelsdrop.com/hotel/bed-and-breakfast-la-pieve-bovezzo
info@dimoremorelli.it,Dimore Morelli Brescia,https://www.hotelsdrop.com/hotel/dimore-morelli-brescia-bovezzo
info@bbabatjour.it,B&B Abatjour,https://www.hotelsdrop.com/hotel/b-b-abatjour-bovino
support@centralstay.eu,B&B La Casetta di Nonna Carmela,https://www.hotelsdrop.com/hotel/b-b-la-casetta-di-nonna-carmela-bovino
info@residenzaducale.it,B&B Residenza Ducale,https://www.hotelsdrop.com/hotel/b-b-residenza-ducale-bovino
lucio.liscio@gmail.com,Bed & Breakfast La Posta,https://www.hotelsdrop.com/hotel/bed-breakfast-la-posta-bovino
camere@borgocinquanta.it,Borgocinquanta,https://www.hotelsdrop.com/hotel/borgocinquanta-bovolone
lacortedellerose@gmail.com,B&B La Corte delle Rose,https://www.hotelsdrop.com/hotel/b-b-la-corte-delle-rose-bozzole
ilglicinesanmartino@gmail.com,B&B Il Glicine,https://www.hotelsdrop.com/hotel/b-b-il-glicine-bozzolo
laurabottoli64@gmail.com,Bed and breakfast-Borgo dei Duchi,https://www.hotelsdrop.com/hotel/bed-and-breakfast-borgo-dei-duchi-bozzolo
hotelvilladeitigli@allinsolutions.it,Villa Dei Tigli,https://www.hotelsdrop.com/hotel/villa-dei-tigli-bozzolo
info@asfodelorooms.it,B&B Asfodelo Rooms e Camere,https://www.hotelsdrop.com/hotel/b-b-asfodelo-rooms-e-camere-bra
bednbra@gmail.com,Bed&Bra,https://www.hotelsdrop.com/hotel/bed-bra-bra
c.elisacravero@yahoo.it,Guest house LangAmore,https://www.hotelsdrop.com/hotel/guest-house-langamore-bra
info@hotelterredeisalici.com,Hotel Terre dei Salici,https://www.hotelsdrop.com/hotel/hotel-terre-dei-salici-bra
contacts@esbnyc.com,L'Ombra della Collina Bra,https://www.hotelsdrop.com/hotel/l-ombra-della-collina-bra-bra
gabry.moli@gmail.com,La Buschera,https://www.hotelsdrop.com/hotel/la-buschera-bra
agrilbstud@gmail.com,agriturismo LBStud di Riccioni G.,https://www.hotelsdrop.com/hotel/agriturismo-lbstud-di-riccioni-g-bracciano
domusbiri@gmail.com,DomusBiri,https://www.hotelsdrop.com/hotel/domusbiri-bracciano
info@lecameredivittoria.it,Le camere di Vittoria,https://www.hotelsdrop.com/hotel/le-camere-di-vittoria-bracciano
oak@silvafeconda.it,OAK country relax,https://www.hotelsdrop.com/hotel/oak-country-relax-bracciano
support@centralstay.eu,B&B Dea Guest House,https://www.hotelsdrop.com/hotel/b-b-dea-guest-house-bracigliano
info@salernobb.com,B&B IL PICCOLO PRINCIPE,https://www.hotelsdrop.com/hotel/b-b-il-piccolo-principe-bracigliano
contact@globostay.com,B&B Le Rocce,https://www.hotelsdrop.com/hotel/b-b-le-rocce-bracigliano
civico31rooms@gmail.com,Civico 31 luxury rooms,https://www.hotelsdrop.com/hotel/civico-31-luxury-rooms-bracigliano
contact@globostay.com,i milord,https://www.hotelsdrop.com/hotel/i-milord-bracigliano
info@bergheim.bz,Residence Bergheim ***,https://www.hotelsdrop.com/hotel/residence-bergheim-braies-prags
info@steinwandterhof.it,Steinwandterhof,https://www.hotelsdrop.com/hotel/steinwandterhof-braies-prags
pgerboni@sullaviadelsale.it,Agriturismo Sulla Via Del Sale,https://www.hotelsdrop.com/hotel/agriturismo-sulla-via-del-sale-brallo-di-pregola
io_esmeralda@hotmail.com,Altarelli B&B,https://www.hotelsdrop.com/hotel/altarelli-b-b-brallo-di-pregola
info@bnbilcapponmagro.it,B&B Il Cappon Magro Bobbio,https://www.hotelsdrop.com/hotel/b-b-il-cappon-magro-bobbio-brallo-di-pregola
casabrallo@gmail.com,B&B La Casa nel Bosco,https://www.hotelsdrop.com/hotel/b-b-la-casa-nel-bosco-brallo-di-pregola
info@santacristinalozio.it,B&B Santa Cristina,https://www.hotelsdrop.com/hotel/b-b-santa-cristina-braone
casavisnenza@gmail.com,Casa Visnenza B&B,https://www.hotelsdrop.com/hotel/casa-visnenza-b-b-braone
ostellodivallecamonica@gmail.com,Ostello di Vallecamonica,https://www.hotelsdrop.com/hotel/ostello-di-vallecamonica-braone
info@sport-benessere.it,Residence Sport & Benessere,https://www.hotelsdrop.com/hotel/residence-sport-benessere-brebbia
info@babtreviso.com,B&B Madam,https://www.hotelsdrop.com/hotel/b-b-madam-breda-di-piave
contact@globostay.com,Big Brother B&B,https://www.hotelsdrop.com/hotel/big-brother-b-b-breda-di-piave
lacasadicampagna0@gmail.com,La Casa di Campagna,https://www.hotelsdrop.com/hotel/la-casa-di-campagna-breda-di-piave
605a7baede844d278b89dc95ae0a9123@sentry-next.wixpress.com,Agriturismo Dai Gobbi,https://www.hotelsdrop.com/hotel/agriturismo-dai-gobbi-breganze
info@anticoborgobrunelli.it,Antico Borgo Brunelli,https://www.hotelsdrop.com/hotel/antico-borgo-brunelli-breganze
samueleguidolin@gmail.com,B&B Al Cantico,https://www.hotelsdrop.com/hotel/b-b-al-cantico-breganze
info@affittacamere-isba.com,B&B alloggi affittacamere ISBA,https://www.hotelsdrop.com/hotel/b-b-alloggi-affittacamere-isba-breganze
info@casadicampagnacastello.it,Casa di Campagna Castello,https://www.hotelsdrop.com/hotel/casa-di-campagna-castello-breganze
info@hotelpedrocchi.it,Ristorante Hotel Pedrocchi,https://www.hotelsdrop.com/hotel/ristorante-hotel-pedrocchi-breganze
lucianalomazzo@gmail.com,B&B Les Fleurettes,https://www.hotelsdrop.com/hotel/b-b-les-fleurettes-bregnano
info@lamacinacomo.it,La Macina Agriturismo,https://www.hotelsdrop.com/hotel/la-macina-agriturismo-bregnano
simonavincenzi@libero.it,B&B Casa Lulù,https://www.hotelsdrop.com/hotel/b-b-casa-lulu-brembate
centerbergamo@libero.it,Golden Teal & Silver Birch apartments,https://www.hotelsdrop.com/hotel/golden-teal-silver-birch-apartments-brembate
info@hotel-tech.it,Hotel Tech,https://www.hotelsdrop.com/hotel/hotel-tech-brembate
info@locandascotti.it,Locanda Scotti,https://www.hotelsdrop.com/hotel/locanda-scotti-brembate-di-sopra
info@castellosannazzaro.it,"B&B Castello Sannazzaro - Per soggiorni romantici, vicino Casale Monferrato",https://www.hotelsdrop.com/hotel/b-b-castello-sannazzaro-per-soggiorni-romantici-breme
info@lacortedeigelsi.com,B&B “La Corte dei Gelsi”,https://www.hotelsdrop.com/hotel/b-b-la-corte-dei-gelsi-brendola
info@agriturismoelpavejo.it,Bed and Breakfast a Vicenza El Pavejo,https://www.hotelsdrop.com/hotel/bed-and-breakfast-a-vicenza-el-pavejo-brendola
info@goldenes-kreuz.it,Goldenes Kreuz Hotel,https://www.hotelsdrop.com/hotel/goldenes-kreuz-hotel-brennero-brenner
info@schaurhof.it,Hühnerspielhütte - Rifugio Cima Gallina,https://www.hotelsdrop.com/hotel/huhnerspielhutte-rifugio-cima-gallina-brennero-brenner
locanda@daibaldi.it,Locanda Da I Baldi,https://www.hotelsdrop.com/hotel/locanda-da-i-baldi-brenta
info@agriturismotreforti.com,Agriturismo Tre Forti,https://www.hotelsdrop.com/hotel/agriturismo-tre-forti-brentino-belluno
info@bblil.it,Bed and Breakfast Lil,https://www.hotelsdrop.com/hotel/bed-and-breakfast-lil-brenzone-sul-garda
info.garda.dom@gmail.com,Casa Bianca,https://www.hotelsdrop.com/hotel/casa-bianca-brenzone-sul-garda
info.garda.dom@gmail.com,Garda Doma,https://www.hotelsdrop.com/hotel/garda-doma-brenzone-sul-garda
info@anticocasalecaroli.it,Antico Casale Caroli,https://www.hotelsdrop.com/hotel/antico-casale-caroli-brescello
info@roomsdonalfonso.it,Rooms Don Alfonso,https://www.hotelsdrop.com/hotel/rooms-don-alfonso-brescello
info.albinariobrescia@gmail.com,Al Binario Brescia,https://www.hotelsdrop.com/hotel/al-binario-brescia-brescia
capitoliumad@icloud.com,BED AND BREAKFAST CAPITOLIUMAD,https://www.hotelsdrop.com/hotel/bed-and-breakfast-capitoliumad-brescia
info@lemusebrescia.it,Le Muse Bed and Breakfast,https://www.hotelsdrop.com/hotel/le-muse-bed-and-breakfast-brescia
info@locandadellemercanzie.com,Locanda Delle Mercanzie,https://www.hotelsdrop.com/hotel/locanda-delle-mercanzie-brescia
info@agriroom.it,Agriroom,https://www.hotelsdrop.com/hotel/agriroom-bresimo
direzione@trentinomarketing.org,Dimora la Meridiana,https://www.hotelsdrop.com/hotel/dimora-la-meridiana-bresimo
support@centralstay.eu,Atelier Guest House,https://www.hotelsdrop.com/hotel/atelier-guest-house-bressana-bottarone
info@suitevogue.com,Suite Vogue Sforza,https://www.hotelsdrop.com/hotel/suite-vogue-sforza-bressana-bottarone
matteo_bandb@live.it,B&B De I Bravi - Charming guest house,https://www.hotelsdrop.com/hotel/b-b-de-i-bravi-charming-guest-house-bresso
bblacasadelnespoloniguarda@gmail.com,B&B La Casa del Nespolo di... Niguarda,https://www.hotelsdrop.com/hotel/b-b-la-casa-del-nespolo-di-niguarda-bresso
info@casatitta.it,CasaTitta Bed & Breakfast,https://www.hotelsdrop.com/hotel/casatitta-bed-breakfast-bresso
info@ciaomilanohostel.it,CiaoMi Long & Short Stay - Training & Events - Niguarda Bicocca,https://www.hotelsdrop.com/hotel/ciaomi-long-short-stay-training-events-niguarda-bresso
info@milanoaffittacamere.it,milano affittacamere stazione centrale metropolitana,https://www.hotelsdrop.com/hotel/milano-affittacamere-stazione-centrale-metropoli-bresso
info@agriturismobetulla.com,Agriturismo La Betulla,https://www.hotelsdrop.com/hotel/agriturismo-la-betulla-brezzo-di-bedero
postmaster@agriturismomeridiana.it,Agriturismo La Meridiana,https://www.hotelsdrop.com/hotel/agriturismo-la-meridiana-briaglia
info@relaiscollemessino.it,Relais Colle Messino,https://www.hotelsdrop.com/hotel/relais-colle-messino-briaglia
ilgiardinosulmarebriatico@gmail.com,B&B Il Giardino Sul Mare,https://www.hotelsdrop.com/hotel/b-b-il-giardino-sul-mare-briatico
vvincentro1@gmail.com,In centro,https://www.hotelsdrop.com/hotel/in-centro-briatico
shop@baccablu.it,Agriturismo Bacca Blu,https://www.hotelsdrop.com/hotel/agriturismo-bacca-blu-bricherasio
info@agrialpi.com,B&B Agrialpi,https://www.hotelsdrop.com/hotel/b-b-agrialpi-bricherasio
sibiglia.agri@gmail.com,B&B L'Orto del Geo,https://www.hotelsdrop.com/hotel/b-b-l-orto-del-geo-bricherasio
cascinamarie@gmail.com,Cascina Marie Location e Beb,https://www.hotelsdrop.com/hotel/cascina-marie-location-e-beb-bricherasio
camping.ilglomere@gmail.com,Il Glomere Camping – quiet campsite in the Alps,https://www.hotelsdrop.com/hotel/il-glomere-camping-quiet-campsite-in-the-alps-bricherasio
cip43210@gmail.com,B&B Bosco Ralle,https://www.hotelsdrop.com/hotel/b-b-bosco-ralle-brienza
info@lavocedelfiume.it,La Voce del Fiume | B&B a Brienza,https://www.hotelsdrop.com/hotel/la-voce-del-fiume-b-b-a-brienza-brienza
info@palazzobrienza.it,Palazzo Brienza,https://www.hotelsdrop.com/hotel/palazzo-brienza-brienza
info@patatouc.it,Patatouc,https://www.hotelsdrop.com/hotel/patatouc-briga-alta
prenotazioni@ilborgoagnello.it,B&B Il Borgo Agnello,https://www.hotelsdrop.com/hotel/b-b-il-borgo-agnello-briga-novarese
bebilcortilesoriso@gmail.com,B&B IL CORTILE,https://www.hotelsdrop.com/hotel/b-b-il-cortile-briga-novarese
alcentro.brindisi@gmail.com,Al centro - exclusive apartment,https://www.hotelsdrop.com/hotel/al-centro-exclusive-apartment-brindisi
giuseppe.coverta@gmail.com,Filia Solis - Old Town SUITEs & SPA,https://www.hotelsdrop.com/hotel/filia-solis-old-town-suites-spa-brindisi
info@bbpotenza.it,B&B Potenza.it,https://www.hotelsdrop.com/hotel/b-b-potenza-it-brindisi-montagna
masseriastraziuso@gmail.com,Masseria Straziuso La Vaccariccia,https://www.hotelsdrop.com/hotel/masseria-straziuso-la-vaccariccia-brindisi-montagna
info@vignetivalleroncati.it,Agriturismo Cascina Del Castello,https://www.hotelsdrop.com/hotel/agriturismo-cascina-del-castello-briona
info@lefare.it,Le Fare - Your rooms on the hill,https://www.hotelsdrop.com/hotel/le-fare-your-rooms-on-the-hill-briona
info@cascinarossano.it,Agriturismo Cascina Rossano,https://www.hotelsdrop.com/hotel/agriturismo-cascina-rossano-brione
cortemartinola@gmail.com,Corte Martinola Bed & Breakfast in Franciacorta,https://www.hotelsdrop.com/hotel/corte-martinola-bed-breakfast-in-franciacorta-brione
omecasavacanze@gmail.com,Ome sweet Ome,https://www.hotelsdrop.com/hotel/ome-sweet-ome-brione
n.bala2476@gmail.com,Bala Dream House,https://www.hotelsdrop.com/hotel/bala-dream-house-briosco
info@bedwine.com,Bed&Wine,https://www.hotelsdrop.com/hotel/bed-wine-brisighella
info@brisighellagreenwellness.com,Brisighella GreenWellness,https://www.hotelsdrop.com/hotel/brisighella-greenwellness-brisighella
info@contea-agriturismo.it,Contea Di Val D'Amone,https://www.hotelsdrop.com/hotel/contea-di-val-d-amone-brisighella
info@trattoria-lacesetta.it,Modus Aquae,https://www.hotelsdrop.com/hotel/modus-aquae-brisighella
info@trattoria-lacesetta.it,Modus Vivendi Hotel & Spa,https://www.hotelsdrop.com/hotel/modus-vivendi-hotel-spa-brisighella
info@varnello.it,Relais Varnello,https://www.hotelsdrop.com/hotel/relais-varnello-brisighella
lacasadelborgo@outlook.com,"Bed & Breakfast ""La Casa del Borgo""",https://www.hotelsdrop.com/hotel/bed-breakfast-la-casa-del-borgo-brissago-valtravaglia
agrirelaisangiovanni@gmail.com,AgriRelais San Giovanni,https://www.hotelsdrop.com/hotel/agrirelais-san-giovanni-brittoli
iraccontidelfiume@gmail.com,I Racconti del Fiume,https://www.hotelsdrop.com/hotel/i-racconti-del-fiume-brittoli
info@1711.it,1711 - Luxury Guest House,https://www.hotelsdrop.com/hotel/1711-luxury-guest-house-brivio
deviscio@pec.deviscio.it,Agriturismo Deviscio B&B,https://www.hotelsdrop.com/hotel/agriturismo-deviscio-b-b-brivio
info@agriturismoilterrazzo.it,Agriturismo IL TERRAZZO,https://www.hotelsdrop.com/hotel/agriturismo-il-terrazzo-brivio
info@portelladellefate.it,Bed & Breakfast Portella delle Fate,https://www.hotelsdrop.com/hotel/bed-breakfast-portella-delle-fate-broccostella
info@morryslodge.it,Morry's lodge guest house,https://www.hotelsdrop.com/hotel/morry-s-lodge-guest-house-broccostella
%20jane.smith@domain.com,Agriturismo Il Borgo sul Lago Pizzo,https://www.hotelsdrop.com/hotel/agriturismo-il-borgo-sul-lago-pizzo-brognaturo
info@fiveroomsbrolo.it,Five Rooms Brolo,https://www.hotelsdrop.com/hotel/five-rooms-brolo-brolo
loscogliodellaformica@gmail.com,Lo Scoglio della Formica b&b Capo D'Orlando (Me),https://www.hotelsdrop.com/hotel/lo-scoglio-della-formica-b-b-capo-d-orlando-me-brolo
info@magicoappartamenti.it,Magico Appartamenti Scafa,https://www.hotelsdrop.com/hotel/magico-appartamenti-scafa-brolo
booking-michelangelohouse@hotmail.it,Michelangelo's House,https://www.hotelsdrop.com/hotel/michelangelo-s-house-brolo
remo.lemma64@gmail.com,Agricamping La Meyra,https://www.hotelsdrop.com/hotel/agricamping-la-meyra-brondello
605a7baede844d278b89dc95ae0a9123@sentry-next.wixpress.com,B&B Marietta,https://www.hotelsdrop.com/hotel/b-b-marietta-brondello
info@casabart.com,"Casa Bart, Bike & Outdoor Hospitality",https://www.hotelsdrop.com/hotel/casa-bart-bike-outdoor-hospitality-brondello
info@iosono-fiordiloto.it,IO SONO FIOR DI LOTO - B&B,https://www.hotelsdrop.com/hotel/io-sono-fior-di-loto-b-b-brondello
%20barlocandadlangel@gmail.com,Locanda Dl'Angel,https://www.hotelsdrop.com/hotel/locanda-dl-angel-brondello
info@segnavento-rooms.it,Segnavento-rooms and suites | B&b Manta,https://www.hotelsdrop.com/hotel/segnavento-rooms-and-suites-b-b-manta-brondello
%20info@alcantaratravel.it,"Albergo Diffuso Borgo Santa Caterina ""Vintage""",https://www.hotelsdrop.com/hotel/albergo-diffuso-borgo-santa-caterina-vintage-bronte
info@alvulcanetto.com,B&B Al Vulcanetto,https://www.hotelsdrop.com/hotel/b-b-al-vulcanetto-bronte
ilsognodiremi@libero.it,Il Sogno di Remì,https://www.hotelsdrop.com/hotel/il-sogno-di-remi-brossasco
info@lastelladellealpi.it,Affittacamere La stella delle Alpi,https://www.hotelsdrop.com/hotel/affittacamere-la-stella-delle-alpi-brosso
info@piccolorelais.com,B&B Piccolo Relais,https://www.hotelsdrop.com/hotel/b-b-piccolo-relais-brosso
info@bbranchmontanaria.it,"B&B ranch Alba Montanaria, dormire beb Valchiusella, Maneggio cavalli",https://www.hotelsdrop.com/hotel/b-b-ranch-alba-montanaria-dormire-beb-valchiusel-brosso
info@hotelluinastresa.it,Hotel Luina,https://www.hotelsdrop.com/hotel/hotel-luina-brovello-carpugnino
info@giardinociliegi.it,Agriturismo Il Giardino Del Ciliegi,https://www.hotelsdrop.com/hotel/agriturismo-il-giardino-del-ciliegi-brozolo
605a7baede844d278b89dc95ae0a9123@sentry-next.wixpress.com,"Agriturismo & Azienda Agricola ""Il Granaio""",https://www.hotelsdrop.com/hotel/agriturismo-azienda-agricola-il-granaio-brugherio
605a7baede844d278b89dc95ae0a9123@sentry-next.wixpress.com,Agriturismo Cascina Fogliana,https://www.hotelsdrop.com/hotel/agriturismo-cascina-fogliana-brugherio
agriturismo@cascinanibai.it,Agriturismo Cascina Nibai,https://www.hotelsdrop.com/hotel/agriturismo-cascina-nibai-brugherio
info@lacasadeisogni.one,B&B La Casa dei Sogni,https://www.hotelsdrop.com/hotel/b-b-la-casa-dei-sogni-brugherio
postmaster@villalodigiana.it,B&B Villa Lodigiana,https://www.hotelsdrop.com/hotel/b-b-villa-lodigiana-brugherio
bebvillaluisa@gmail.com,B&B Villa Luisa,https://www.hotelsdrop.com/hotel/b-b-villa-luisa-brugherio
terrymazza@gmail.com,GUEST HOUSE Top Suit Uno,https://www.hotelsdrop.com/hotel/guest-house-top-suit-uno-brugherio
larondinebeb@gmail.com,La rondine B&B,https://www.hotelsdrop.com/hotel/la-rondine-b-b-brugherio
ilvecchionoce1@gmail.com,Il Vecchio Noce,https://www.hotelsdrop.com/hotel/il-vecchio-noce-brugnato
b.b.bordigona@alice.it,La Bordigona . CIN IT01101013LJW8LWR,https://www.hotelsdrop.com/hotel/la-bordigona-cin-it01101013ljw8lwr-brugnato
info@capremuda.it,Ca' Premuda | Locazione Codognè,https://www.hotelsdrop.com/hotel/ca-premuda-locazione-codogne-brugnera
info@casacarrer.it,Casa Carrer B&B,https://www.hotelsdrop.com/hotel/casa-carrer-b-b-brugnera
605a7baede844d278b89dc95ae0a9123@sentry-next.wixpress.com,4 Racconti,https://www.hotelsdrop.com/hotel/4-racconti-brumano
info@miramontino.com,MIRAMONTINO Mountain Suite & Spa,https://www.hotelsdrop.com/hotel/miramontino-mountain-suite-spa-brumano
info@kangucavallo.eu,B&B Brunate Kangucavallo,https://www.hotelsdrop.com/hotel/b-b-brunate-kangucavallo-brunate
info@baitasorriso.com,Baita Sorriso,https://www.hotelsdrop.com/hotel/baita-sorriso-brunate
welcome@casadiemanuele.it,Casa di Emanuele - B&B,https://www.hotelsdrop.com/hotel/casa-di-emanuele-b-b-brunate
info@contebrunello.it,Agriturismo Conte Brunello,https://www.hotelsdrop.com/hotel/agriturismo-conte-brunello-brunello
baitaeleonora@gmail.com,Baita Eleonora,https://www.hotelsdrop.com/hotel/baita-eleonora-brunello
agalmabrunico@gmail.com,Agalma,https://www.hotelsdrop.com/hotel/agalma-brunico-bruneck
info@obermair.biz,B&B Apartment Obermair,https://www.hotelsdrop.com/hotel/b-b-apartment-obermair-brunico-bruneck
welcome@nmhof.it,B&B Niedermairhof,https://www.hotelsdrop.com/hotel/b-b-niedermairhof-brunico-bruneck
info@hattlerhof.com,Garni Hattlerhof B&B,https://www.hotelsdrop.com/hotel/garni-hattlerhof-b-b-brunico-bruneck
info@bbpro.it,B&B Profumi,https://www.hotelsdrop.com/hotel/b-b-profumi-bruno
gabry.guesthouse@gmail.com,Monferrato Guest House - Casa Gabry,https://www.hotelsdrop.com/hotel/monferrato-guest-house-casa-gabry-bruno
bbselfmatic@gmail.com,Orio Stay&Fly,https://www.hotelsdrop.com/hotel/orio-stay-fly-brusaporto
agriturismo.casamatilde@gmail.com,Agriturismo Casa Matilde,https://www.hotelsdrop.com/hotel/agriturismo-casa-matilde-brusasco
bnb.brusciano@gmail.com,B&B L’Attico e La Ballata Brusciano Centro,https://www.hotelsdrop.com/hotel/b-b-l-attico-e-la-ballata-brusciano-centro-brusciano
info@dimoradellerose.it,Dimora delle Rose,https://www.hotelsdrop.com/hotel/dimora-delle-rose-brusciano
info@roagrimaison.com,Ro agriMaison,https://www.hotelsdrop.com/hotel/ro-agrimaison-brusciano
ilcarpio@libero.it,"Agriturismo ""Il Carpio""",https://www.hotelsdrop.com/hotel/agriturismo-il-carpio-brusimpiano
info@aurascard.it,AU RASCARD - CHALET D'HOTES,https://www.hotelsdrop.com/hotel/au-rascard-chalet-d-hotes-brusson
info@brussonalloggivacanze.it,brusson alloggi vacanze,https://www.hotelsdrop.com/hotel/brusson-alloggi-vacanze-brusson
info@abarmadrola.it,Chambres d'hotes A Barma Drola,https://www.hotelsdrop.com/hotel/chambres-d-hotes-a-barma-drola-brusson
info@lecoindesmelezes.it,"Chambres d'Hòtes"" Le Coin Des Mélèzes""",https://www.hotelsdrop.com/hotel/chambres-d-hotes-le-coin-des-melezes-brusson
info@leshiboux.it,Les Hiboux,https://www.hotelsdrop.com/hotel/les-hiboux-brusson
info@residenceaquila.it,Residence Aquila,https://www.hotelsdrop.com/hotel/residence-aquila-brusson
silvano.vigitello@gmail.com,Yamabushi Bed & Breakfast,https://www.hotelsdrop.com/hotel/yamabushi-bed-breakfast-bruzolo
info@cadbecon.it,Ca d' Becon di Cresta Rita,https://www.hotelsdrop.com/hotel/ca-d-becon-di-cresta-rita-bubbio
info@borgodegliulivi.com,Borgo degli Ulivi,https://www.hotelsdrop.com/hotel/borgo-degli-ulivi-buccheri
servizio.sr.svilupporurale@regione.sicilia.it,Dimore Hyblon,https://www.hotelsdrop.com/hotel/dimore-hyblon-buccheri
info@domushyblaea.it,Domus Hyblaea Resort,https://www.hotelsdrop.com/hotel/domus-hyblaea-resort-buccheri
info@labellavita.online,La Bella Vita Agriturismo,https://www.hotelsdrop.com/hotel/la-bella-vita-agriturismo-buccheri
info@agriturismolameladivenere.com,La Mela di Venere Agriturismo,https://www.hotelsdrop.com/hotel/la-mela-di-venere-agriturismo-buccheri
info@villadesideri.it,B&B Villa dei Desideri - Bed and Breakfast Chieti,https://www.hotelsdrop.com/hotel/b-b-villa-dei-desideri-bed-and-breakfast-chieti-bucchianico
ilsoledibaggio@gmail.com,il Sole di Baggio - Rooms,https://www.hotelsdrop.com/hotel/il-sole-di-baggio-rooms-buccinasco
info@affittacamerelamaison.it,Affittacamere “La Maison”,https://www.hotelsdrop.com/hotel/affittacamere-la-maison-buccino
lasfruscia@gmail.com,Agriturismo La Sfruscià Resort,https://www.hotelsdrop.com/hotel/agriturismo-la-sfruscia-resort-buccino
support@centralstay.eu,B&B - Casa Vacanze il Vicolo - Oliveto Citra,https://www.hotelsdrop.com/hotel/b-b-casa-vacanze-il-vicolo-oliveto-citra-buccino
info@agrilemura.it,Agriturismo Le Mura,https://www.hotelsdrop.com/hotel/agriturismo-le-mura-bucine
info@campiglioni.it,Agriturismo Relais Campiglioni,https://www.hotelsdrop.com/hotel/agriturismo-relais-campiglioni-bucine
tontenano@gmail.com,Agriturismo Tontenano,https://www.hotelsdrop.com/hotel/agriturismo-tontenano-bucine
info@villalevigne.it,Agriturismo Villa Le Vigne,https://www.hotelsdrop.com/hotel/agriturismo-villa-le-vigne-bucine
info@hoteldelta.it,Hotel Delta,https://www.hotelsdrop.com/hotel/hotel-delta-bucine
info@isaliciagriturismo.com,I Salici Agriturismo,https://www.hotelsdrop.com/hotel/i-salici-agriturismo-bucine
info@poggiougo.it,Poggio Ugo,https://www.hotelsdrop.com/hotel/poggio-ugo-bucine
info@villapetrea.com,Villa Petrea,https://www.hotelsdrop.com/hotel/villa-petrea-bucine
gusinug@yahoo.com,Agriturismo F.lli Muzzu,https://www.hotelsdrop.com/hotel/agriturismo-f-lli-muzzu-buddus
mariangeladui@alice.it,Sa Corte Nova,https://www.hotelsdrop.com/hotel/sa-corte-nova-buddus
info@agriturismoalranch.it,Agriturismo al Ranch,https://www.hotelsdrop.com/hotel/agriturismo-al-ranch-budoia
%20lacasadielsa.polcenigo@gmail.com,B&B La Casa di Elsa,https://www.hotelsdrop.com/hotel/b-b-la-casa-di-elsa-budoia
palazzo.scolari@gmail.com,B&B Palazzo Scolari,https://www.hotelsdrop.com/hotel/b-b-palazzo-scolari-budoia
reservation@casatittipolcenigo.com,Casa Vacanza Polcenigo- Bed and Breakfast - B&B Casa Titti Polcenigo,https://www.hotelsdrop.com/hotel/casa-vacanza-polcenigo-bed-and-breakfast-b-b-cas-budoia
info@castellobudoni.com,Hotel Castello Budoni,https://www.hotelsdrop.com/hotel/hotel-castello-budoni-budoni
hotelpedraruja@gmail.com,Hotel Pedra Ruja,https://www.hotelsdrop.com/hotel/hotel-pedra-ruja-budoni
info@residenceluddastru.it,Residence L'Uddastru,https://www.hotelsdrop.com/hotel/residence-l-uddastru-budoni
tenutalubaroni@gmail.com,Tenuta Lu Baroni,https://www.hotelsdrop.com/hotel/tenuta-lu-baroni-budoni
acasadilella4@gmail.com,A casa di Lella,https://www.hotelsdrop.com/hotel/a-casa-di-lella-budrio
podereamati@gmail.com,Agriturismo Podere Amati,https://www.hotelsdrop.com/hotel/agriturismo-podere-amati-budrio
housebellaria@gmail.com,B&B House Bellaria,https://www.hotelsdrop.com/hotel/b-b-house-bellaria-budrio
info@alberone.net,B&B L'Alberone,https://www.hotelsdrop.com/hotel/b-b-l-alberone-budrio
bedlaterrazza@gmail.com,B&B La Terrazza,https://www.hotelsdrop.com/hotel/b-b-la-terrazza-budrio
prenotazioni@bblovebologna.com,bblovebologna,https://www.hotelsdrop.com/hotel/bblovebologna-budrio
support@centralstay.eu,Colibrì Art b&b,https://www.hotelsdrop.com/hotel/colibri-art-b-b-budrio
info@alelca.it,Alelca Domo B&B,https://www.hotelsdrop.com/hotel/alelca-domo-b-b-buggerru
info@casadichiabuggerru.it,B&B Casa di Chia,https://www.hotelsdrop.com/hotel/b-b-casa-di-chia-buggerru
bbgliombrellini@gmail.com,B&B Gli Ombrellini,https://www.hotelsdrop.com/hotel/b-b-gli-ombrellini-buggerru
buggerruamare.residence@gmail.com,Buggerru a Mare Residence,https://www.hotelsdrop.com/hotel/buggerru-a-mare-residence-buggerru
valentina.loddo88@gmail.com,Guest House Bellavista Nebida,https://www.hotelsdrop.com/hotel/guest-house-bellavista-nebida-buggerru
turismobuggerru@gmail.com,HOTEL '904,https://www.hotelsdrop.com/hotel/hotel-904-buggerru
efisiopilloni@gmail.com,XiHouse Bed & Apartment - Iglesias,https://www.hotelsdrop.com/hotel/xihouse-bed-apartment-iglesias-buggerru
comeacasapizzeria@gmail.com,Affittacamere Come a casa,https://www.hotelsdrop.com/hotel/affittacamere-come-a-casa-buggiano
info@aziendabellandi.it,Agriturismo - Azienda Agricola Bellandi,https://www.hotelsdrop.com/hotel/agriturismo-azienda-agricola-bellandi-buggiano
info@officinaweb.it,hotel Tarabaralla,https://www.hotelsdrop.com/hotel/hotel-tarabaralla-buggiano
reception@villa-sermolli.com,Hotel Villa Sermolli,https://www.hotelsdrop.com/hotel/hotel-villa-sermolli-buggiano
francesca@lamagionedeitodaro.com,Residenza Buggiano Antica B&B - Charme Apartment in Tuscany,https://www.hotelsdrop.com/hotel/residenza-buggiano-antica-b-b-charme-apartment-i-buggiano
tizianaborromini@yahoo.it,Agriturismo Adda Vegia,https://www.hotelsdrop.com/hotel/agriturismo-adda-vegia-buglio-in-monte
az.agricola.travaini@gmail.com,Agriturismo Luloc,https://www.hotelsdrop.com/hotel/agriturismo-luloc-buglio-in-monte
info@ilsottoboscovalmasino.it,Il Sottobosco - B&B,https://www.hotelsdrop.com/hotel/il-sottobosco-b-b-buglio-in-monte
info@bebilgirasole.com,B&B IL GIRASOLE,https://www.hotelsdrop.com/hotel/b-b-il-girasole-bugnara
info@bbsolimo.it,B&B Solimo,https://www.hotelsdrop.com/hotel/b-b-solimo-bugnara
info@hotelsagittario.it,Hotel Sagittario,https://www.hotelsdrop.com/hotel/hotel-sagittario-bugnara
info@tenutadelfatio.com,Agriturismo Tenuta del Fatio,https://www.hotelsdrop.com/hotel/agriturismo-tenuta-del-fatio-bulgarograsso
contact@bnbdomusdejanas.com,B&B Domus De Janas,https://www.hotelsdrop.com/hotel/b-b-domus-de-janas-bulzi
info@valledoria-ilginepro.it,Il Ginepro,https://www.hotelsdrop.com/hotel/il-ginepro-bulzi
direzione.ristosg@gmail.com,Su Arghentu Country Hotel,https://www.hotelsdrop.com/hotel/su-arghentu-country-hotel-bulzi
info@dipintodalsole.it,Agriturismo Dipinto dal Sole,https://www.hotelsdrop.com/hotel/agriturismo-dipinto-dal-sole-buonabitacolo
agriturismoladolcemela@gmail.com,B&B Agriturismo La Dolce Mela,https://www.hotelsdrop.com/hotel/b-b-agriturismo-la-dolce-mela-buonabitacolo
info@domain.com,Casa Vacanze Nicola e Lina,https://www.hotelsdrop.com/hotel/casa-vacanze-nicola-e-lina-buonabitacolo
info@dimoraforgione.it,Dimora Forgione B&B,https://www.hotelsdrop.com/hotel/dimora-forgione-b-b-buonalbergo
info@lamaisondupont.it,La Maison Du Pont Relais | Bed and breakfast Hotel Pietrelcina,https://www.hotelsdrop.com/hotel/la-maison-du-pont-relais-bed-and-breakfast-hotel-buonalbergo
martelli.c@outlook.com,Affittacamere Martelli,https://www.hotelsdrop.com/hotel/affittacamere-martelli-buonconvento
info@lafrattina.com,Agriturismo La Frattina,https://www.hotelsdrop.com/hotel/agriturismo-la-frattina-buonconvento
info@laripolina.it,Agriturismo La Ripolina,https://www.hotelsdrop.com/hotel/agriturismo-la-ripolina-buonconvento
poderecunina@gmail.com,Agriturismo Podere Cunina,https://www.hotelsdrop.com/hotel/agriturismo-podere-cunina-buonconvento
agriturismo.quarantallina@gmail.com,Agriturismo Quarantallina,https://www.hotelsdrop.com/hotel/agriturismo-quarantallina-buonconvento
info@casavacanzefornace.it,Casa Vacanze Fornace - Buonconvento,https://www.hotelsdrop.com/hotel/casa-vacanze-fornace-buonconvento-buonconvento
sanlorenzo@sanlorenzoagriturismo.it,San Lorenzo Agriturismo,https://www.hotelsdrop.com/hotel/san-lorenzo-agriturismo-buonconvento
support@localsmalltour.com,B&B Diamante Raro,https://www.hotelsdrop.com/hotel/b-b-diamante-raro-buonvicino
info@il-viaggiatore.com,B&B Il Viaggiatore,https://www.hotelsdrop.com/hotel/b-b-il-viaggiatore-buonvicino
info@hoteldiadema.com,Hotel Diadema Diamante,https://www.hotelsdrop.com/hotel/hotel-diadema-diamante-buonvicino
booking@vistadamare.eu,Vista d'amare B&B,https://www.hotelsdrop.com/hotel/vista-d-amare-b-b-buonvicino
info@ranabedandbreakfast.it,Rana B&B,https://www.hotelsdrop.com/hotel/rana-b-b-burago-di-molgora
info@lacasasullaspiaggia.com,B&B La Casa sulla Spiaggia,https://www.hotelsdrop.com/hotel/b-b-la-casa-sulla-spiaggia-burcei
info@bbsettefratelli.it,B&B Sette Fratelli IUN E4439,https://www.hotelsdrop.com/hotel/b-b-sette-fratelli-iun-e4439-burcei
vacanzecastiadas@libero.it,Free Zone Bed and Breakfast,https://www.hotelsdrop.com/hotel/free-zone-bed-and-breakfast-burcei
soleosardegna@gmail.com,Hotel Soleo,https://www.hotelsdrop.com/hotel/hotel-soleo-burcei
booking@iginepri.com,I Ginepri Ristorante Hotel,https://www.hotelsdrop.com/hotel/i-ginepri-ristorante-hotel-burcei
info@lafattoriadelletartarughe.it,La Fattoria delle Tartarughe - Tortoises Farm Eco&Veg friendly Lodge,https://www.hotelsdrop.com/hotel/la-fattoria-delle-tartarughe-tortoises-farm-eco-burcei
colibriibnb@gmail.com,B&B Colibrì,https://www.hotelsdrop.com/hotel/b-b-colibri-burgio
bebilcampanile@gmail.com,B&B Il Campanile,https://www.hotelsdrop.com/hotel/b-b-il-campanile-burgio
casasunrisesciacca@hotmail.com,Casa Sunrise - The Guest House,https://www.hotelsdrop.com/hotel/casa-sunrise-the-guest-house-burgio
info@sciaccacase.it,Le Casette del Porto,https://www.hotelsdrop.com/hotel/le-casette-del-porto-burgio
info@macramerelais.it,Macramè Fazello,https://www.hotelsdrop.com/hotel/macrame-fazello-burgio
info@cascinadonda.it,Cascina Donda Agriturismo,https://www.hotelsdrop.com/hotel/cascina-donda-agriturismo-buronzo
claudia.crosadv@gmail.com,B&B A o Soâ,https://www.hotelsdrop.com/hotel/b-b-a-o-soa-busalla
procedano@gmail.com,B&B Casa Galletti,https://www.hotelsdrop.com/hotel/b-b-casa-galletti-busalla
beblamoggia@hotmail.it,B&B La Moggia,https://www.hotelsdrop.com/hotel/b-b-la-moggia-busalla
info@mysite.com,Palazzo Cicala,https://www.hotelsdrop.com/hotel/palazzo-cicala-busalla
info@labonauda.it,La Bonauda Affittacamere,https://www.hotelsdrop.com/hotel/la-bonauda-affittacamere-busano
info@tettogarrone.it,Agriturismo Tetto Garrone,https://www.hotelsdrop.com/hotel/agriturismo-tetto-garrone-busca
info@ramassin.it,L Ramassin,https://www.hotelsdrop.com/hotel/l-ramassin-busca
st.gregory@hotmail.it,St. Gregory B&B,https://www.hotelsdrop.com/hotel/st-gregory-b-b-buscate
addimuraretreat@gmail.com,Addimura - Sicilian Retreat Center,https://www.hotelsdrop.com/hotel/addimura-sicilian-retreat-center-buscemi
info@anapama.it,B&B Anapama,https://www.hotelsdrop.com/hotel/b-b-anapama-buscemi
peluso.p89@gmail.com,Casa Agorà,https://www.hotelsdrop.com/hotel/casa-agora-buscemi
info@dimoradicatullo.it,Dimora di Catullo - Ospitalità di Charme,https://www.hotelsdrop.com/hotel/dimora-di-catullo-ospitalita-di-charme-buscemi
info@luestay.com,Lues Rooms,https://www.hotelsdrop.com/hotel/lues-rooms-buscemi
anto.ct78@virgilio.it,Oasi Iblea Affittacamere Bed and Breakfast Casa Vacanze Hotel Ragusa,https://www.hotelsdrop.com/hotel/oasi-iblea-affittacamere-bed-and-breakfast-casa-buscemi
info@sudestbb.com,Sud Est B&B,https://www.hotelsdrop.com/hotel/sud-est-b-b-buscemi
info@albamarina.info,ALBA MARINA B&B,https://www.hotelsdrop.com/hotel/alba-marina-b-b-buseto-palizzolo
info@bbcastiglione-custonaci.it,B&B Castiglione Custonaci,https://www.hotelsdrop.com/hotel/b-b-castiglione-custonaci-buseto-palizzolo
info@ladimoradipepe.it,B&B La Dimora di Pepè,https://www.hotelsdrop.com/hotel/b-b-la-dimora-di-pepe-buseto-palizzolo
info@bedandbreakfastbuseto.com,B&B U Puzzu Ranne,https://www.hotelsdrop.com/hotel/b-b-u-puzzu-ranne-buseto-palizzolo
info@bagliominaudo.it,Baglio Minaudo,https://www.hotelsdrop.com/hotel/baglio-minaudo-buseto-palizzolo
info@pocoroba.it,Baglio Pocoroba,https://www.hotelsdrop.com/hotel/baglio-pocoroba-buseto-palizzolo
info@manzil.it,MANZIL Country House (La locanda del Viandante),https://www.hotelsdrop.com/hotel/manzil-country-house-la-locanda-del-viandante-buseto-palizzolo
info@babuhaus.eu,BaBuHaus Bed & Breakfast,https://www.hotelsdrop.com/hotel/babuhaus-bed-breakfast-bussero
mina.ferrante@gmail.com,Le stanze di Mina,https://www.hotelsdrop.com/hotel/le-stanze-di-mina-bussero
bbiltrovatore@gmail.com,Bed & Breakfast Il Trovatore Busseto,https://www.hotelsdrop.com/hotel/bed-breakfast-il-trovatore-busseto-busseto
albergolavoglia@gmail.com,Hotel La Voglia,https://www.hotelsdrop.com/hotel/hotel-la-voglia-busseto
info@lacortedelmulino.it,La Corte del Mulino,https://www.hotelsdrop.com/hotel/la-corte-del-mulino-busseto
info@locandadellupo.it,Locanda del Lupo,https://www.hotelsdrop.com/hotel/locanda-del-lupo-busseto
davidemusini@gmail.com,The Green House,https://www.hotelsdrop.com/hotel/the-green-house-busseto
info@bebtirino.it,B&B Tirino,https://www.hotelsdrop.com/hotel/b-b-tirino-bussi-sul-tirino
user@domain.com,Baron's Estate/Tenuta del Barone,https://www.hotelsdrop.com/hotel/baron-s-estate-tenuta-del-barone-bussi-sul-tirino
bbmilu@tiscali.it,B&B Milù,https://www.hotelsdrop.com/hotel/b-b-milu-bussolengo
info@casacitella.it,"Casa Citella ""Alloggio Turistico"" - 37012 Bussolengo Verona",https://www.hotelsdrop.com/hotel/casa-citella-alloggio-turistico-37012-bussolengo-bussolengo
605a7baede844d278b89dc95ae0a9123@sentry-next.wixpress.com,Del Falco Agricamp,https://www.hotelsdrop.com/hotel/del-falco-agricamp-bussolengo
info@hotelkrystal.com,Hotel Krystal,https://www.hotelsdrop.com/hotel/hotel-krystal-bussolengo
albacamerechiomonte@gmail.com,Alba Camere,https://www.hotelsdrop.com/hotel/alba-camere-bussoleno
info@valchisone.com,Residence Madamin,https://www.hotelsdrop.com/hotel/residence-madamin-bussoleno
bbsoutitaly@gmail.com,B&B SouthItaly,https://www.hotelsdrop.com/hotel/b-b-southitaly-busto-arsizio
605a7baede844d278b89dc95ae0a9123@sentry-next.wixpress.com,Bed&Breakfast Milano Malpensa,https://www.hotelsdrop.com/hotel/bed-breakfast-milano-malpensa-busto-arsizio
info@depianteditore.it,De Piante Guest House,https://www.hotelsdrop.com/hotel/de-piante-guest-house-busto-arsizio
info@locationlory.it,Location Lory S.N.C Bed And Breakfast Busto Arsizio,https://www.hotelsdrop.com/hotel/location-lory-s-n-c-bed-and-breakfast-busto-arsi-busto-arsizio
info@bborchidea.com,bed and breakfast Orchidea,https://www.hotelsdrop.com/hotel/bed-and-breakfast-orchidea-busto-garolfo
bebilcortile@gmail.com,Affittacamere Il Cortile,https://www.hotelsdrop.com/hotel/affittacamere-il-cortile-butera
agriturismoalpa@gmail.com,Agriturismo ALPA Mazzarino,https://www.hotelsdrop.com/hotel/agriturismo-alpa-mazzarino-butera
info@beblacolonnadorica.it,B&B La colonna Dorica,https://www.hotelsdrop.com/hotel/b-b-la-colonna-dorica-butera
villasarafalconarareservations@gmail.com,B&B Villa Sara Falconara,https://www.hotelsdrop.com/hotel/b-b-villa-sara-falconara-butera
info@bb-ilprincipe.it,R&B Il Principe,https://www.hotelsdrop.com/hotel/r-b-il-principe-butera
info@guesthouselucca.it,Affittacamere Casa Vacanze “VILLA GIOVANNA”,https://www.hotelsdrop.com/hotel/affittacamere-casa-vacanze-villa-giovanna-buti
info@agriturismocimaallaserra.com,Agriturismo Cima alla Serra - Agriturismo con piscina Pisa,https://www.hotelsdrop.com/hotel/agriturismo-cima-alla-serra-agriturismo-con-pisc-buti
poderesanbastiano@gmail.com,Agriturismo San Bastiano,https://www.hotelsdrop.com/hotel/agriturismo-san-bastiano-buti
info@latorrettabeb.it,L'artè,https://www.hotelsdrop.com/hotel/l-arte-buti
pietradacqua@gmail.com,Pietra d'Acqua,https://www.hotelsdrop.com/hotel/pietra-d-acqua-buti
info@bbvillaveronabike.it,B&B Villa Verona Bike,https://www.hotelsdrop.com/hotel/b-b-villa-verona-bike-buttapietra
gabriellirooms@gmail.com,Gabrielli Rooms & Apartments,https://www.hotelsdrop.com/hotel/gabrielli-rooms-apartments-buttapietra
info@rostaresidence.it,Rosta Residence Ranverso,https://www.hotelsdrop.com/hotel/rosta-residence-ranverso-buttigliera-alta
informazioni@briccodeiciliegi.com,B&B Bricco dei Ciliegi,https://www.hotelsdrop.com/hotel/b-b-bricco-dei-ciliegi-buttigliera-d-asti
cascinabarosca@libero.it,Cascina Barosca,https://www.hotelsdrop.com/hotel/cascina-barosca-buttigliera-d-asti
info@beblavalleincantata.it,La valle incantata B&B e Home Restaurant,https://www.hotelsdrop.com/hotel/la-valle-incantata-b-b-e-home-restaurant-buttigliera-d-asti
friends@lusincollina.com,Lusi è in Collina,https://www.hotelsdrop.com/hotel/lusi-e-in-collina-buttigliera-d-asti
info@conac.it,Relais Conac 1888 - Luxury B&B - Adults Only,https://www.hotelsdrop.com/hotel/relais-conac-1888-luxury-b-b-adults-only-buttigliera-d-asti
info@agriturismomeridiano.it,Agriturismo Meridiano,https://www.hotelsdrop.com/hotel/agriturismo-meridiano-buttrio
info@alpalazzetto.it,Al Palazzetto,https://www.hotelsdrop.com/hotel/al-palazzetto-buttrio
lecameredellalberobianco@gmail.com,Le Camere dell'Albero Bianco | Affittacamere con uso cucina e piscina a Manzano,https://www.hotelsdrop.com/hotel/le-camere-dell-albero-bianco-affittacamere-con-u-buttrio
abbamelecabras@gmail.com,Abbamele,https://www.hotelsdrop.com/hotel/abbamele-cabras
sincantesinis@gmail.com,Agriturismo S'incant'e Sinis,https://www.hotelsdrop.com/hotel/agriturismo-s-incant-e-sinis-abbasanta
info@bb-alice.it,Alice Bed and Breakfast,https://www.hotelsdrop.com/hotel/alice-bed-and-breakfast-cabras
info@domolalaguna.com,Domo La Laguna,https://www.hotelsdrop.com/hotel/domo-la-laguna-cabras
info@iltuorelax.it,Il Tuo Relax,https://www.hotelsdrop.com/hotel/il-tuo-relax-cabras
info@bebcameraconvista.com,La Terrazza,https://www.hotelsdrop.com/hotel/la-terrazza-cabras
palazzomarilu2023@gmail.com,Palazzo Ma.Ri.lu.,https://www.hotelsdrop.com/hotel/palazzo-ma-ri-lu-cabras
villacalcasacco@gmail.com,Villa Calcasacco casa vacanza,https://www.hotelsdrop.com/hotel/villa-calcasacco-casa-vacanza-caccamo
info@granciadelvurdoj.it,Grancia del Vurdoj,https://www.hotelsdrop.com/hotel/grancia-del-vurdoj-caccuri
info@agriturismoaquilanera.it,Agriturismo Aquila Nera,https://www.hotelsdrop.com/hotel/agriturismo-aquila-nera-cadelbosco-di-sopra
loredanatesta.ilsalice@gmail.com,Agriturismo Il Salice,https://www.hotelsdrop.com/hotel/agriturismo-il-salice-cadelbosco-di-sopra
ilcasaleinemilia@gmail.com,IL CASALE Bed & Breakfast,https://www.hotelsdrop.com/hotel/il-casale-bed-breakfast-cadelbosco-di-sopra
utente@dominio.com,Master Hotel,https://www.hotelsdrop.com/hotel/master-hotel-cadelbosco-di-sopra
%20info@palazzolodronbertelli.it,Albergo Palazzo Lodron Bertelli,https://www.hotelsdrop.com/hotel/albergo-palazzo-lodron-bertelli-caderzone-terme
info@greenroselake.com,GreenRose Guest House,https://www.hotelsdrop.com/hotel/greenrose-guest-house-cadrezzate-con-osmate
info@aquasole.it,"Tenuta Aquasole, Hotel e Ristorante nella natura, Sale Meeting e Centro Congressi Aziendali a Mercallo",https://www.hotelsdrop.com/hotel/tenuta-aquasole-hotel-e-ristorante-nella-natura-cadrezzate-con-osmate
asdfloatingdream@gmail.com,Floating Dream,https://www.hotelsdrop.com/hotel/floating-dream-cafasse
info@gabrielelamberto.com,Il Mondo in Valle di Simonetti Monica,https://www.hotelsdrop.com/hotel/il-mondo-in-valle-di-simonetti-monica-cafasse
info@locandaseverino.com,Locanda Severino,https://www.hotelsdrop.com/hotel/locanda-severino-caggiano
info@agriturismocardella.it,Agriturismo Cardella,https://www.hotelsdrop.com/hotel/agriturismo-cardella-cagli
sanpietrofuorilemura@gmail.com%20,San Pietro Fuori le Mura B&B,https://www.hotelsdrop.com/hotel/san-pietro-fuori-le-mura-b-b-cagli
info@serendipitycantiano.it,"Serendipity, Boutique Country House",https://www.hotelsdrop.com/hotel/serendipity-boutique-country-house-cagli
info@aviewoncagliari.com,A View On Cagliari | Bed&Breakfast Centro Cagliari,https://www.hotelsdrop.com/hotel/a-view-on-cagliari-bed-breakfast-centro-cagliari-cagliari
almari.domo@gmail.com,Almarì Bed and Breakfast,https://www.hotelsdrop.com/hotel/almari-bed-and-breakfast-cagliari
info@mareya.it,Bed & Breakfast Mareya,https://www.hotelsdrop.com/hotel/bed-breakfast-mareya-cagliari
cagliarioldtown@gmail.com,Cagliari Old Town B&B,https://www.hotelsdrop.com/hotel/cagliari-old-town-b-b-cagliari
info@ilcagliarese.com,Il Cagliarese B&B,https://www.hotelsdrop.com/hotel/il-cagliarese-b-b-cagliari
info@samamaesusole.it,Sa mama 'e su sole - Bed and breakfast,https://www.hotelsdrop.com/hotel/sa-mama-e-su-sole-bed-and-breakfast-cagliari
lacanestra@libero.it,"Agriturismo La Canestra - cucina tipica, fattoria didattica, camere",https://www.hotelsdrop.com/hotel/agriturismo-la-canestra-cucina-tipica-fattoria-d-cagnano-amiterno
support@centralstay.eu,Camere Santa Lucia,https://www.hotelsdrop.com/hotel/camere-santa-lucia-cagnano-varano
info@igreci.it,B&b I Greci,https://www.hotelsdrop.com/hotel/b-b-i-greci-caianello
casaaulivo12@gmail.com,B&B Casa Aulivo,https://www.hotelsdrop.com/hotel/b-b-casa-aulivo-caiazzo
info@hotelcaserta-antica.it,Hotel Caserta Antica,https://www.hotelsdrop.com/hotel/hotel-caserta-antica-caiazzo
info@mandevillahome.it,Mandevilla Home,https://www.hotelsdrop.com/hotel/mandevilla-home-caiazzo
info@tischlerhof.it,Agriturismo Tischlerhof,https://www.hotelsdrop.com/hotel/agriturismo-tischlerhof-caines-kuens
info@agricaffevino.com,Agriturismo B&B Caffè e Vino,https://www.hotelsdrop.com/hotel/agriturismo-b-b-caffe-e-vino-caiolo
info@bbcastione.it,Balibà Ride & Relax,https://www.hotelsdrop.com/hotel/baliba-ride-relax-caiolo
silvia.faldarini@alice.it,Bed and Breakfast CARUNEI,https://www.hotelsdrop.com/hotel/bed-and-breakfast-carunei-caiolo
info@residenzasassella.it,Residenza Sassella,https://www.hotelsdrop.com/hotel/residenza-sassella-caiolo
info@valtellinamonamour.it,Valtellina Mon Amour,https://www.hotelsdrop.com/hotel/valtellina-mon-amour-caiolo
beb.lacanonica@gmail.com,B&B La Canonica,https://www.hotelsdrop.com/hotel/b-b-la-canonica-cairate
info@bbplanner.com,Color House Malpensa B&B,https://www.hotelsdrop.com/hotel/color-house-malpensa-b-b-cairate
info@lacorteb-b.com,La Corte B&B,https://www.hotelsdrop.com/hotel/la-corte-b-b-cairate
info@cabrichella.it,Ca'Brichella,https://www.hotelsdrop.com/hotel/ca-brichella-cairo-montenotte
agricascinadelvai@libero.it,Cascina del Vai,https://www.hotelsdrop.com/hotel/cascina-del-vai-cairo-montenotte
info@oconnellstreetpub.com,La Celestina (Nuova Gestione),https://www.hotelsdrop.com/hotel/la-celestina-nuova-gestione-cairo-montenotte
altamubeb@gmail.com,Altamu' B&B Acerra AFFITTACAMERE,https://www.hotelsdrop.com/hotel/altamu-b-b-acerra-affittacamere-caivano
contatto@esempio.it,B&B CUBE FRATTAMAGGIORE,https://www.hotelsdrop.com/hotel/b-b-cube-frattamaggiore-caivano
ahpx1g4a_r@o069nkdzusqixpi7eql3c5etvl.ckyoby,Bnb Villa Lendi,https://www.hotelsdrop.com/hotel/bnb-villa-lendi-caivano
laranceto@hotmail.it,L'Aranceto B&B,https://www.hotelsdrop.com/hotel/l-aranceto-b-b-caivano
info@lacasadimimma.it,"Bed and Breakfast ""La Casa di Mimma""",https://www.hotelsdrop.com/hotel/bed-and-breakfast-la-casa-di-mimma-calabritto
info@tartufohotel.it,Tartufo Hotel,https://www.hotelsdrop.com/hotel/tartufo-hotel-calabritto
info@tenutasanfelice.it,Tenuta San Felice B&B,https://www.hotelsdrop.com/hotel/tenuta-san-felice-b-b-calabritto
http://info@sognoincadore.it,B&B SognoInCadore,https://www.hotelsdrop.com/hotel/b-b-sognoincadore-calalzo-di-cadore
info@ceraunavoltaunre.net,C'era una volta un re,https://www.hotelsdrop.com/hotel/c-era-una-volta-un-re-calalzo-di-cadore
support@centralstay.eu,Le Stue - locazione turistica,https://www.hotelsdrop.com/hotel/le-stue-locazione-turistica-calalzo-di-cadore
info@rifugiogalassi.it,Rifugio Pietro Galassi al Monte Antelao - Rifugio Cai,https://www.hotelsdrop.com/hotel/rifugio-pietro-galassi-al-monte-antelao-rifugio-calalzo-di-cadore
denyzunino@gmail.com,Che Piasi,https://www.hotelsdrop.com/hotel/che-piasi-calamandrana
info@martinellabio.it,La Martinella Bio,https://www.hotelsdrop.com/hotel/la-martinella-bio-calamandrana
605a7baede844d278b89dc95ae0a9123@sentry-next.wixpress.com,Tenuta Miranda,https://www.hotelsdrop.com/hotel/tenuta-miranda-calamandrana
tenutapiazza@gmail.com,Agriturismo Tenute Piazza,https://www.hotelsdrop.com/hotel/agriturismo-tenute-piazza-calamonaci
info@lafinestrasulcortilebb.it,La Finestra sul Cortile CIN IT084041C1KQOWMJBT,https://www.hotelsdrop.com/hotel/la-finestra-sul-cortile-cin-it084041c1kqowmjbt-calamonaci
contatto@esempio.it,Affittacamere Gallurà,https://www.hotelsdrop.com/hotel/affittacamere-gallura-calangianus
info@agriturismolacerra.it,Agriturismo La Cerra Tempio Pausania,https://www.hotelsdrop.com/hotel/agriturismo-la-cerra-tempio-pausania-calangianus
info@bbsoleluna.com,B&B Sole e Luna,https://www.hotelsdrop.com/hotel/b-b-sole-e-luna-calangianus
llavecchiaposta@gmail.com,La Vecchia Posta B&b,https://www.hotelsdrop.com/hotel/la-vecchia-posta-b-b-calangianus
info@paltusa.it,Tenuta Paltusa,https://www.hotelsdrop.com/hotel/tenuta-paltusa-calangianus
aroundtheworldbb@gmail.com,Around the World,https://www.hotelsdrop.com/hotel/around-the-world-calanna
newzaravilla@hotmail.com,Bed e breakfast New Zarà Villa San Giovanni,https://www.hotelsdrop.com/hotel/bed-e-breakfast-new-zara-villa-san-giovanni-calanna
info@hotellesirenescilla.com,Hotel Le Sirene - Scilla (RC),https://www.hotelsdrop.com/hotel/hotel-le-sirene-scilla-rc-calanna
alessandro.angela@libero.it,Agriturismo In Valle Sul Fiume,https://www.hotelsdrop.com/hotel/agriturismo-in-valle-sul-fiume-calasca-castiglione
info@pgdesignennait.wpcomstaging.com,Dimora del Duomo,https://www.hotelsdrop.com/hotel/dimora-del-duomo-calascibetta
info@aziendeitalia.com,Dimora Storica suiteinncentro,https://www.hotelsdrop.com/hotel/dimora-storica-suiteinncentro-calascibetta
unacasaalbelvedere@virgilio.it,Una Casa al Belvedere,https://www.hotelsdrop.com/hotel/una-casa-al-belvedere-calascibetta
info@gransassoski.it,B&B Acca' Lascio,https://www.hotelsdrop.com/hotel/b-b-acca-lascio-calascio
info@destasu.it,Destasù Bed & Wellness,https://www.hotelsdrop.com/hotel/destasu-bed-wellness-calascio
zippirita@gmail.com,Palazzo Diamante,https://www.hotelsdrop.com/hotel/palazzo-diamante-calascio
info.villa.acquamarina@gmail.com,B&B Villa Acquamarina,https://www.hotelsdrop.com/hotel/b-b-villa-acquamarina-calasetta
info@calasettaresidence.com,Calasetta Residence,https://www.hotelsdrop.com/hotel/calasetta-residence-calasetta
info@itreschen.com,I Tre Schen - Albergo Rurale,https://www.hotelsdrop.com/hotel/i-tre-schen-albergo-rurale-calasetta
info@oasiblucalasetta.it,Oasi Blu,https://www.hotelsdrop.com/hotel/oasi-blu-calasetta
arcobalenodelletna@gmail.com,Arcobaleno dell'Etna,https://www.hotelsdrop.com/hotel/arcobaleno-dell-etna-calatabiano
info@domuscandida.com,B&B Domus Candida,https://www.hotelsdrop.com/hotel/b-b-domus-candida-calatabiano
villamagnolia@virgilio.it,B&B Villa Magnolia Taormina,https://www.hotelsdrop.com/hotel/b-b-villa-magnolia-taormina-calatabiano
stracuzzisara@gmail.com,I TRE CUORI,https://www.hotelsdrop.com/hotel/i-tre-cuori-calatabiano
gdarrigo@hotmail.com,Marty Luxury B&B,https://www.hotelsdrop.com/hotel/marty-luxury-b-b-calatabiano
info@minissalefarmhouse.it,Minissale Farmhouse,https://www.hotelsdrop.com/hotel/minissale-farmhouse-calatabiano
paradisesicilyrooms@hotmail.com,PARADISE SICILY ROOMS LICENZA:IT087010C25WIUB6FL,https://www.hotelsdrop.com/hotel/paradise-sicily-rooms-licenza-it087010c25wiub6fl-calatabiano
agriturismoolivo@libero.it,Agriturismo L' Olivo,https://www.hotelsdrop.com/hotel/agriturismo-l-olivo-calatafimi-segesta
info@lasuitedisegesta.com,La Suite di Segesta,https://www.hotelsdrop.com/hotel/la-suite-di-segesta-calatafimi-segesta
marganasas07@gmail.com,Tenute Margana,https://www.hotelsdrop.com/hotel/tenute-margana-calatafimi-segesta
info@agriturismoitretigli.it,"Agriturismo ""I Tre Tigli"" - Ristorante - Pizzeria - Eventi - Camere",https://www.hotelsdrop.com/hotel/agriturismo-i-tre-tigli-ristorante-pizzeria-even-calcata
info@agriturismocavalieri.it,Agriturismo Cavalieri,https://www.hotelsdrop.com/hotel/agriturismo-cavalieri-calcata
ilcielointerra@gmail.com,Agriturismo Il cielo in terra,https://www.hotelsdrop.com/hotel/agriturismo-il-cielo-in-terra-calcata
support@centralstay.eu,La Casa sui Tetti,https://www.hotelsdrop.com/hotel/la-casa-sui-tetti-calcata
info@aunpassodallago.com,A un passo dal lago,https://www.hotelsdrop.com/hotel/a-un-passo-dal-lago-calceranica-al-lago
casasullago.trentino@gmail.com,B&B Casa sul Lago,https://www.hotelsdrop.com/hotel/b-b-casa-sul-lago-calceranica-al-lago
info@alpalazzaccio.com,Agriturismo Al Palazzaccio,https://www.hotelsdrop.com/hotel/agriturismo-al-palazzaccio-calci
info@poderedelpari.it,Azienda Agricola Podere del Pari srl,https://www.hotelsdrop.com/hotel/azienda-agricola-podere-del-pari-srl-calci
info@hoteldacarlos.it,Hotel da Carlos,https://www.hotelsdrop.com/hotel/hotel-da-carlos-calci
langoloverde.pisa@gmail.com,L' Angolo Verde - Bed & Breakfast,https://www.hotelsdrop.com/hotel/l-angolo-verde-bed-breakfast-calci
info@lafabbricacalci.it,La Fabbrica Calci,https://www.hotelsdrop.com/hotel/la-fabbrica-calci-calci
605a7baede844d278b89dc95ae0a9123@sentry-next.wixpress.com,B&B Villino Francesca,https://www.hotelsdrop.com/hotel/b-b-villino-francesca-calciano
arivellinivicopisano@virgilio.it,B&B Arivellini,https://www.hotelsdrop.com/hotel/b-b-arivellini-calcinaia
info@lecarabattole.com,Le Carabattole Bed & Breakfast,https://www.hotelsdrop.com/hotel/le-carabattole-bed-breakfast-calcinaia
info@trovaretuscany.it,Villa Lenzi's B&B (TrOvare TUSCANY),https://www.hotelsdrop.com/hotel/villa-lenzi-s-b-b-trovare-tuscany-calcinaia
info@villamaya.it,Villa Maya,https://www.hotelsdrop.com/hotel/villa-maya-calcinaia
info@bbalfiume.it,Bed and Breakfast Al Fiume,https://www.hotelsdrop.com/hotel/bed-and-breakfast-al-fiume-calcinato
sibietamicissrl@gmail.com,Palazzo Barbò,https://www.hotelsdrop.com/hotel/palazzo-barbo-calcio
il_torchio@hotmail.com,B&B Il Torchio,https://www.hotelsdrop.com/hotel/b-b-il-torchio-calco
info@apartment-laterrazza.com,Residence La Terrazza,https://www.hotelsdrop.com/hotel/residence-la-terrazza-caldaro-sulla-strada-del-vino-ka
info@mazzamurello.it,Mazzamurello B&B,https://www.hotelsdrop.com/hotel/mazzamurello-b-b-caldarola
info@bbilgiardino.com,B&B Il Giardino,https://www.hotelsdrop.com/hotel/b-b-il-giardino-calderara-di-reno
info@giardinodimia.com,Giardino di Mia,https://www.hotelsdrop.com/hotel/giardino-di-mia-calderara-di-reno
info@latorredilongara.it,La Torre di Longara,https://www.hotelsdrop.com/hotel/la-torre-di-longara-calderara-di-reno
cesarini_a@yahoo.it,Le Case di Antonio,https://www.hotelsdrop.com/hotel/le-case-di-antonio-calderara-di-reno
info@malamubnbeventi.com,MalaMù BnB Eventi,https://www.hotelsdrop.com/hotel/malamu-bnb-eventi-calderara-di-reno
booking@triumviratorooms.it,Triumvirato Rooms,https://www.hotelsdrop.com/hotel/triumvirato-rooms-calderara-di-reno
info@agriturdellemele.it,Agriturismo Wellness IL TEMPO DELLE MELE,https://www.hotelsdrop.com/hotel/agriturismo-wellness-il-tempo-delle-mele-caldes
info@bebsoreghina.com,B&B Soreghina Malè,https://www.hotelsdrop.com/hotel/b-b-soreghina-male-caldes
casafellin1891@gmail.com,Casa Fellin 1891 B&B,https://www.hotelsdrop.com/hotel/casa-fellin-1891-b-b-caldes
fernanda.dapra@gmail.com,Chalet ai mulini,https://www.hotelsdrop.com/hotel/chalet-ai-mulini-caldes
info@kaiserkrone.it,Kaiserkrone Chalet & Spa,https://www.hotelsdrop.com/hotel/kaiserkrone-chalet-spa-caldes
info@viaverdibbverona.it,Via Verdi B&B,https://www.hotelsdrop.com/hotel/via-verdi-b-b-caldiero
agriturismoallacorte@gmail.com,Agriturismo alla Corte,https://www.hotelsdrop.com/hotel/agriturismo-alla-corte-caldogno
info@villasolatia.com,Villa Solatia,https://www.hotelsdrop.com/hotel/villa-solatia-caldogno
info@allaloggiadellimperatore.com,B&B & Appartamenti Alla Loggia Dell'imperatore,https://www.hotelsdrop.com/hotel/b-b-appartamenti-alla-loggia-dell-imperatore-caldonazzo
info@castelloerrante.it,Castello Errante Bio Bed & Breakfast,https://www.hotelsdrop.com/hotel/castello-errante-bio-bed-breakfast-caldonazzo
info@trecorone.it,Ostello Bar Ristorante le Tre Corone di Marian Rose Slater,https://www.hotelsdrop.com/hotel/ostello-bar-ristorante-le-tre-corone-di-marian-r-calendasco
info@salottocorsogaribaldi.it,Salotto Corso Garibaldi,https://www.hotelsdrop.com/hotel/salotto-corso-garibaldi-calendasco
info@lecameredimario.it,Le Camere di Mario,https://www.hotelsdrop.com/hotel/le-camere-di-mario-calenzano
info@casadiarola.it,B&B Casa di Arola,https://www.hotelsdrop.com/hotel/b-b-casa-di-arola-calestano
bbdellacanadella@gmail.com,B&B della Canadella,https://www.hotelsdrop.com/hotel/b-b-della-canadella-calestano
info@beblavecchiaquercia.it,B&B La Vecchia Quercia,https://www.hotelsdrop.com/hotel/b-b-la-vecchia-quercia-calestano
info@cancabaia.it,BB Cancabaia Parma,https://www.hotelsdrop.com/hotel/bb-cancabaia-parma-calestano
info@bb-villa-al-parco.it,BB Villa al Parco,https://www.hotelsdrop.com/hotel/bb-villa-al-parco-calestano
bordonedelpellegrino@gmail.com,Il Bordone del Pellegrino - B&B,https://www.hotelsdrop.com/hotel/il-bordone-del-pellegrino-b-b-calestano
info@larasora.com,La Rasora,https://www.hotelsdrop.com/hotel/la-rasora-calestano
prenota@lespineberceto.it,Le Spine B&B,https://www.hotelsdrop.com/hotel/le-spine-b-b-calestano
info@agriturismoidueghiri.com,Agriturismo I Due Ghiri - 5 Terre - Calice al Cornoviglio,https://www.hotelsdrop.com/hotel/agriturismo-i-due-ghiri-5-terre-calice-al-cornov-calice-al-cornoviglio
info@improntenelbosco.it,B&B Impronte nel bosco,https://www.hotelsdrop.com/hotel/b-b-impronte-nel-bosco-calice-al-cornoviglio
info@hometogo.it,Agriturismo del Ponte,https://www.hotelsdrop.com/hotel/agriturismo-del-ponte-calice-ligure
info@bebdiavolofurbetto.it,BeB Diavolo Furbetto,https://www.hotelsdrop.com/hotel/beb-diavolo-furbetto-calice-ligure
bebcasaviola@gmail.com,Casa Viola dimora di campagna,https://www.hotelsdrop.com/hotel/casa-viola-dimora-di-campagna-calice-ligure
freerideoutdoorvillage@gmail.com,Freeride Outdoor Village - Finale Ligure,https://www.hotelsdrop.com/hotel/freeride-outdoor-village-finale-ligure-calice-ligure
info@lericagorra.it,L'erica,https://www.hotelsdrop.com/hotel/l-erica-calice-ligure
farmhouselacontessa@gmail.com,La Contessa,https://www.hotelsdrop.com/hotel/la-contessa-calice-ligure
info@unmetrodamare.it,Agricola Chiani,https://www.hotelsdrop.com/hotel/agricola-chiani-calimera
agriturismotenutadongiovanni@gmail.com,Agriturismo Tenuta Don Giovanni,https://www.hotelsdrop.com/hotel/agriturismo-tenuta-don-giovanni-calimera
booking@azzurraaparthotel.it,Azzurra Aparthotel,https://www.hotelsdrop.com/hotel/azzurra-aparthotel-calimera
info@assuntinamartano.it,Dimora Assuntina Martano,https://www.hotelsdrop.com/hotel/dimora-assuntina-martano-calimera
info@masseriarifisa.it,Masseria Rifisa Agriresort,https://www.hotelsdrop.com/hotel/masseria-rifisa-agriresort-calimera
damiano.dima@gmail.com,Mya - soggiorno di lusso,https://www.hotelsdrop.com/hotel/mya-soggiorno-di-lusso-calimera
info@salentoadashouse.it,Salento Ada's House B&B,https://www.hotelsdrop.com/hotel/salento-ada-s-house-b-b-calimera
masseriadelgallo@gmail.com,Tenuta Masseria Del Gallo,https://www.hotelsdrop.com/hotel/tenuta-masseria-del-gallo-calimera
agriturismo@dimoracavalieri.it,Agriturismo La Dimora dei Cavalieri,https://www.hotelsdrop.com/hotel/agriturismo-la-dimora-dei-cavalieri-calitri
casamagnoliacalitri@gmail.com,Casa Vacanze Magnolia 42 Calitri,https://www.hotelsdrop.com/hotel/casa-vacanze-magnolia-42-calitri-calitri
info.cadeinonni@gmail.com,B&B CA' DEI NONNI DI BARBERO CHIARA,https://www.hotelsdrop.com/hotel/b-b-ca-dei-nonni-di-barbero-chiara-calliano
bbchiara.calavino@gmail.com,B&B CHIARA,https://www.hotelsdrop.com/hotel/b-b-chiara-calliano
info@bebdiele.it,B&B Diele,https://www.hotelsdrop.com/hotel/b-b-diele-calliano
info@bbnettuno.it,Bed & Breakfast Nettuno,https://www.hotelsdrop.com/hotel/bed-breakfast-nettuno-calliano
nidodirondine.lundo@gmail.com,Bed and breakfast Nido di Rondine,https://www.hotelsdrop.com/hotel/bed-and-breakfast-nido-di-rondine-calliano
casavertigo3@gmail.com,Casa Vertigo,https://www.hotelsdrop.com/hotel/casa-vertigo-calliano
info@incollinabb.it,In Collina B&B,https://www.hotelsdrop.com/hotel/in-collina-b-b-calliano
manicap@tin.it,Storie di bosco B&B,https://www.hotelsdrop.com/hotel/storie-di-bosco-b-b-calliano
info@wanderlustfolgaria.it,WANDERLUST B&B,https://www.hotelsdrop.com/hotel/wanderlust-b-b-calliano
info@casadeiciliegi.asti.it,CASA DEI CILIEGI - CIN IT005025B4M23OALTY,https://www.hotelsdrop.com/hotel/casa-dei-ciliegi-cin-it005025b4m23oalty-calliano-monferrato
castellodicalliano@gmail.com,Castello di Calliano Monferrato,https://www.hotelsdrop.com/hotel/castello-di-calliano-monferrato-calliano-monferrato
info@lacasadialice.net,La Casa di Alice,https://www.hotelsdrop.com/hotel/la-casa-di-alice-calliano-monferrato
info@relaissandesiderio.com,Relais San Desiderio,https://www.hotelsdrop.com/hotel/relais-san-desiderio-calliano-monferrato
booking@tenutadelbarone.it,Tenuta del Barone,https://www.hotelsdrop.com/hotel/tenuta-del-barone-calliano-monferrato
assistenza@webador.it,la dimora dei due laghi,https://www.hotelsdrop.com/hotel/la-dimora-dei-due-laghi-calolziocorte
info@agoravulcanobeb.it,Agorà Vulcano B&B,https://www.hotelsdrop.com/hotel/agora-vulcano-b-b-calopezzati
info@cithornohotel.com,Ci Thorno Hotel,https://www.hotelsdrop.com/hotel/ci-thorno-hotel-calopezzati
conventodeiriformati@gmail.com,Convento dei Riformati,https://www.hotelsdrop.com/hotel/convento-dei-riformati-calopezzati
info@hotel-anthony.it,Hotel Anthony Mirto Crosia - Ristorante i sapori del mare,https://www.hotelsdrop.com/hotel/hotel-anthony-mirto-crosia-ristorante-i-sapori-d-calopezzati
info@cascinabo.it,Agriturismo Cascina Bo,https://www.hotelsdrop.com/hotel/agriturismo-cascina-bo-calosso
lacasadelprof@gmail.com,B&B La casa del Prof CIN IT005015C1UUGF65TT- CIR 005015-BEB-00003,https://www.hotelsdrop.com/hotel/b-b-la-casa-del-prof-cin-it005015c1uugf65tt-cir-calosso
barilarogiovanna@gmail.com,B&B La Creusa,https://www.hotelsdrop.com/hotel/b-b-la-creusa-calosso
anticofienile@libero.it,Bed and Breakfast L'Antico Fienile,https://www.hotelsdrop.com/hotel/bed-and-breakfast-l-antico-fienile-calosso
info@villagiara.com,Bed and Breakfast Villa Giara,https://www.hotelsdrop.com/hotel/bed-and-breakfast-villa-giara-calosso
info@caboscodonne.it,Ca' Boscodonne,https://www.hotelsdrop.com/hotel/ca-boscodonne-calosso
info@tenutalemore.com,Tenuta Le More,https://www.hotelsdrop.com/hotel/tenuta-le-more-calosso
info@lapianadegliulivi.it,B&B La Piana degli Ulivi,https://www.hotelsdrop.com/hotel/b-b-la-piana-degli-ulivi-caloveto
reservations@lasacristanabnb.it,La Sacristana BnB,https://www.hotelsdrop.com/hotel/la-sacristana-bnb-caloveto
contatti@russabelladonna.it,Agriturismo Russa Belladonna,https://www.hotelsdrop.com/hotel/agriturismo-russa-belladonna-caltagirone
info@palazzotaranto.it,B&B Palazzo Taranto,https://www.hotelsdrop.com/hotel/b-b-palazzo-taranto-caltagirone
info@ilrusticogrammichele.com,Il Rustico,https://www.hotelsdrop.com/hotel/il-rustico-caltagirone
contact@globostay.com,Palazzo dei Vespri,https://www.hotelsdrop.com/hotel/palazzo-dei-vespri-caltagirone
l.belm@tin.it,Palazzo Sant'Elia,https://www.hotelsdrop.com/hotel/palazzo-sant-elia-caltagirone
info@vecchiamasseria.com,Vecchia Masseria,https://www.hotelsdrop.com/hotel/vecchia-masseria-caltagirone
info@anticorione.it,B&B Antico Rione,https://www.hotelsdrop.com/hotel/b-b-antico-rione-caltanissetta
bebgiuliacaltanissetta@gmail.com,B&B Caltanissetta Giulia,https://www.hotelsdrop.com/hotel/b-b-caltanissetta-giulia-caltanissetta
info@bbthule.com,B&B Thule,https://www.hotelsdrop.com/hotel/b-b-thule-caltanissetta
bebvillaantonio@gmail.com,B&B Villa da Antonio,https://www.hotelsdrop.com/hotel/b-b-villa-da-antonio-caltanissetta
info@giovitahome.com,Giovita Room and Suite,https://www.hotelsdrop.com/hotel/giovita-room-and-suite-caltanissetta
info@palazzocosentino.it,Palazzo Cosentino,https://www.hotelsdrop.com/hotel/palazzo-cosentino-caltanissetta
qalataparthotel@gmail.com,Qal’at Apart Hotel,https://www.hotelsdrop.com/hotel/qal-at-apart-hotel-caltanissetta
veraluce.caltavuturo@gmail.com,VeraLuce Affittacamere,https://www.hotelsdrop.com/hotel/veraluce-affittacamere-caltavuturo
cascinamoretta@gmail.com,Agriturismo Cascina Moretta,https://www.hotelsdrop.com/hotel/agriturismo-cascina-moretta-caltignaga
info@smarthotelferrara.com,SMART HOTEL FERRARA,https://www.hotelsdrop.com/hotel/smart-hotel-ferrara-calto
info.tolomei@gmail.com,Stella De' Tolomei,https://www.hotelsdrop.com/hotel/stella-de-tolomei-calto
info@alicehouse.it,La Casa di Alice,https://www.hotelsdrop.com/hotel/la-casa-di-alice-caltrano
info@nonnabettina.com,Agriturismo Nonna Bettina,https://www.hotelsdrop.com/hotel/agriturismo-nonna-bettina-calvagese-della-riviera
pinedagiardini@libero.it,El Rincon del Artista,https://www.hotelsdrop.com/hotel/el-rincon-del-artista-calvagese-della-riviera
info@agriturismoilghetto.it,Il Ghetto agriturismo holiday farm,https://www.hotelsdrop.com/hotel/il-ghetto-agriturismo-holiday-farm-calvagese-della-riviera
info@maevagh.it,Maeva Guesthouse Lake Garda,https://www.hotelsdrop.com/hotel/maeva-guesthouse-lake-garda-calvagese-della-riviera
info@casalepiedeco.com,Agriturismo Casale Piè D'eco,https://www.hotelsdrop.com/hotel/agriturismo-casale-pie-d-eco-calvanico
contatto@esempio.it,Casa Vacanze FioreStella,https://www.hotelsdrop.com/hotel/casa-vacanze-fiorestella-calvanico
info@rivieraoglio.com,Agriturismo Riviera Oglio,https://www.hotelsdrop.com/hotel/agriturismo-riviera-oglio-calvatone
contatto@esempio.it,CASA MIA GUESTHOUSE - AFFITTA CAMERE - FORESTERIA,https://www.hotelsdrop.com/hotel/casa-mia-guesthouse-affitta-camere-foresteria-calvatone
lucanto2014@gmail.com,Lucantò Accommodations,https://www.hotelsdrop.com/hotel/lucanto-accommodations-calvello
info@casapralunghi.it,B&B Casa Pralunghi,https://www.hotelsdrop.com/hotel/b-b-casa-pralunghi-calvene
info@calvenere.com,CalVenere,https://www.hotelsdrop.com/hotel/calvenere-calvene
info@castolda.com,Agriturismo Castolda,https://www.hotelsdrop.com/hotel/agriturismo-castolda-calvenzano
info@bassanella.it,Cascina Bassanella,https://www.hotelsdrop.com/hotel/cascina-bassanella-calvenzano
info@caraterralucana.it,Azienda Agrituristica CaRa Terra Lucana,https://www.hotelsdrop.com/hotel/azienda-agrituristica-cara-terra-lucana-calvera
info@ilmercantello.it,B&B Il Mercantello,https://www.hotelsdrop.com/hotel/b-b-il-mercantello-calvera
ifioridelpollino@gmail.com,I fiori del Pollino - Guest House,https://www.hotelsdrop.com/hotel/i-fiori-del-pollino-guest-house-calvera
info@loscrignobedandbreakfast.com,Lo Scrigno B&B,https://www.hotelsdrop.com/hotel/lo-scrigno-b-b-calvi
info@ilcollicello.com,Agriturismo Il Collicello,https://www.hotelsdrop.com/hotel/agriturismo-il-collicello-calvi-dell-umbria
info@isolaverdenarni.com,Agriturismo Isola Verde,https://www.hotelsdrop.com/hotel/agriturismo-isola-verde-calvi-dell-umbria
info@tenutasansavinodellerocchette.it,Agriturismo Tenuta San Savino delle Rocchette,https://www.hotelsdrop.com/hotel/agriturismo-tenuta-san-savino-delle-rocchette-calvi-dell-umbria
webmaster@bbdellerbe.it,B&B delle Erbe,https://www.hotelsdrop.com/hotel/b-b-delle-erbe-calvi-dell-umbria
support@centralstay.eu,B&B L'Uliveto,https://www.hotelsdrop.com/hotel/b-b-l-uliveto-calvi-dell-umbria
info@montanariagrivillage.com,I Montanari Agrivillage,https://www.hotelsdrop.com/hotel/i-montanari-agrivillage-calvi-dell-umbria
info@agriturismoilmerangolo.it,Il Merangolo Agriturismo,https://www.hotelsdrop.com/hotel/il-merangolo-agriturismo-calvi-dell-umbria
info@mammeristorante.com,La Casa di Helena,https://www.hotelsdrop.com/hotel/la-casa-di-helena-calvi-dell-umbria
info@parkhotelsabina.com,Park Hotel Sabina,https://www.hotelsdrop.com/hotel/park-hotel-sabina-calvi-dell-umbria
info@ilpozzodimontalto.com,B&B Il Pozzo,https://www.hotelsdrop.com/hotel/b-b-il-pozzo-calvignano
info@villaincampagna.it,B&B Villa in Campagna,https://www.hotelsdrop.com/hotel/b-b-villa-in-campagna-calvisano
antoniobalestrieri11@gmail.com,Agriturismo Balestrieri,https://www.hotelsdrop.com/hotel/agriturismo-balestrieri-calvizzano
info@rifugiodeglidei.it,"Agriturismo Country House ""Rifugio Degli Dei""",https://www.hotelsdrop.com/hotel/agriturismo-country-house-rifugio-degli-dei-calvizzano
info@ilgiardinodellorco.it,Il Giardino dell'Orco,https://www.hotelsdrop.com/hotel/il-giardino-dell-orco-calvizzano
11villarocco@gmail.com,Villa Rocco Country House,https://www.hotelsdrop.com/hotel/villa-rocco-country-house-camagna-monferrato
casalice.bb@gmail.com,B&B La Casa Di Alice,https://www.hotelsdrop.com/hotel/b-b-la-casa-di-alice-camaiore
info@casadelsolecamaiore.it,Casa del Sole | Bed & Breakfast,https://www.hotelsdrop.com/hotel/casa-del-sole-bed-breakfast-camaiore
la.stagione.arte@gmail.com,La Stagione dell'Arte,https://www.hotelsdrop.com/hotel/la-stagione-dell-arte-camaiore
la.stagione.arte@gmail.com,La Stagione dell'Arte B&B LGBTQ+ Friendly,https://www.hotelsdrop.com/hotel/la-stagione-dell-arte-b-b-lgbtq-friendly-camaiore
info@villaborgovecchio.it,Villa Borgovecchio B&B,https://www.hotelsdrop.com/hotel/villa-borgovecchio-b-b-camaiore
info@villalombardi.it,Villa Lombardi Bed & Breakfast,https://www.hotelsdrop.com/hotel/villa-lombardi-bed-breakfast-camaiore
bucaneve@oasizegna.com,Albergo Ristorante Bucaneve,https://www.hotelsdrop.com/hotel/albergo-ristorante-bucaneve-camandona
info@bagliosannicola.it,Agriturismo Baglio San Nicola,https://www.hotelsdrop.com/hotel/agriturismo-baglio-san-nicola-camastra
info@mediterraneobb.com,B&B MEDITERRANEO mare e sole,https://www.hotelsdrop.com/hotel/b-b-mediterraneo-mare-e-sole-camastra
info@thelibertypalacecampobello.com,B&B The Liberty Palace,https://www.hotelsdrop.com/hotel/b-b-the-liberty-palace-camastra
605a7baede844d278b89dc95ae0a9123@sentry-next.wixpress.com,Daedalium Cultural Resort - B&B,https://www.hotelsdrop.com/hotel/daedalium-cultural-resort-b-b-camastra
info@covoartistibeb.it,Il Covo degli Artisti,https://www.hotelsdrop.com/hotel/il-covo-degli-artisti-camastra
infolacollina@virgilio.it,La Collina sul Mare,https://www.hotelsdrop.com/hotel/la-collina-sul-mare-camastra
anapoli72@yahoo.it,La Dimora del Duca,https://www.hotelsdrop.com/hotel/la-dimora-del-duca-camastra
info@bebgardencactus.it,Relais Garden Cactus B&B,https://www.hotelsdrop.com/hotel/relais-garden-cactus-b-b-camastra
info@stelladelrio.it,Stella del Rio,https://www.hotelsdrop.com/hotel/stella-del-rio-camastra
info@terrazzechiaramontane.it,TERRAZZE CHIARAMONTANE | B&B | HOTEL | SICILIA | VALLE DEI TEMPLI | AGRIGENTO | GATTOPARDO | VISTA MARE | VIAGGI | GATTOPARDO,https://www.hotelsdrop.com/hotel/terrazze-chiaramontane-b-b-hotel-sicilia-valle-d-camastra
terrefortivillage@gmail.coom,Terreforti Luxury Village,https://www.hotelsdrop.com/hotel/terreforti-luxury-village-camastra
clorofillagarden@gmail.com,Garden Clorofilla Cambiago MI,https://www.hotelsdrop.com/hotel/garden-clorofilla-cambiago-mi-cambiago
clorofillagarden@gmail.com,Locanda Clorofilla Agriturismo Cambiago,https://www.hotelsdrop.com/hotel/locanda-clorofilla-agriturismo-cambiago-cambiago
info@locandailgallo.com,Locanda Il Gallo,https://www.hotelsdrop.com/hotel/locanda-il-gallo-cambiasca
info@ioetespaziobenessere.it,IO&TE room and spa lo Spazio del Benessere,https://www.hotelsdrop.com/hotel/io-te-room-and-spa-lo-spazio-del-benessere-camburzano
info@boschettoaltalanga.com,Boschetto AltaLanga,https://www.hotelsdrop.com/hotel/boschetto-altalanga-camerana
hoteldorico@gmail.com,Hotel Dorico,https://www.hotelsdrop.com/hotel/hotel-dorico-camerano
houselaterrazza@gmail.com,La Terrazza Affittacamere,https://www.hotelsdrop.com/hotel/la-terrazza-affittacamere-camerano-casasco
info@website.com,Albergo Diffuso Ornica,https://www.hotelsdrop.com/hotel/albergo-diffuso-ornica-camerata-cornello
chiara@dapieri.it,B&B DA PIERI,https://www.hotelsdrop.com/hotel/b-b-da-pieri-camerata-cornello
info@parinainn.it,ParinaInn-Locanda,https://www.hotelsdrop.com/hotel/parinainn-locanda-camerata-cornello
b.b.lagrotta@tiscali.it,B&B La Grotta,https://www.hotelsdrop.com/hotel/b-b-la-grotta-camerata-nuova
laquerciacheride@ippoagri.it,B&B La Quercia che Ride,https://www.hotelsdrop.com/hotel/b-b-la-quercia-che-ride-camerata-nuova
info@villaarboretum.com,b&b Villa Arboretum,https://www.hotelsdrop.com/hotel/b-b-villa-arboretum-camerata-nuova
laura.paolelli@libero.it,I Casali,https://www.hotelsdrop.com/hotel/i-casali-camerata-nuova
daziaore@gmail.com,B&B Da Zia Ore,https://www.hotelsdrop.com/hotel/b-b-da-zia-ore-camerata-picena
glicine.ancona@gmail.com,B&B Glicine,https://www.hotelsdrop.com/hotel/b-b-glicine-camerata-picena
em.menga@gmail.com,B&B La Dimora dell'ereoporto anche a ore,https://www.hotelsdrop.com/hotel/b-b-la-dimora-dell-ereoporto-anche-a-ore-camerata-picena
lagranciabb@gmail.com,B&B La Grancia,https://www.hotelsdrop.com/hotel/b-b-la-grancia-camerata-picena
natachalillac@gmail.com,B&B Lillac Cottage,https://www.hotelsdrop.com/hotel/b-b-lillac-cottage-camerata-picena
baffoleodavinci@gmail.com,B&B Residenza Leonardo Falconara Marittima,https://www.hotelsdrop.com/hotel/b-b-residenza-leonardo-falconara-marittima-camerata-picena
info@affittacamerenovara.it,Affitta Camere Novara,https://www.hotelsdrop.com/hotel/affitta-camere-novara-cameri
info.ilrosmarino@gmail.com,B&B Il Rosmarino,https://www.hotelsdrop.com/hotel/b-b-il-rosmarino-cameri
info@mazzini15.com,B&B Mazzini15,https://www.hotelsdrop.com/hotel/b-b-mazzini15-cameri
info@allascopertadellemarche.it,Alla Scoperta delle Marche,https://www.hotelsdrop.com/hotel/alla-scoperta-delle-marche-camerino
info@camerino-caselunghe.it,B&B Caselunghe,https://www.hotelsdrop.com/hotel/b-b-caselunghe-camerino
info@lecalvie.it,Country House Le Calvie,https://www.hotelsdrop.com/hotel/country-house-le-calvie-camerino
info@capocanto.com,Agriturismo Capocanto,https://www.hotelsdrop.com/hotel/agriturismo-capocanto-camerota
info@albergoriccio.it,Albergo Riccio – Hotel a Marina di Camerota,https://www.hotelsdrop.com/hotel/albergo-riccio-hotel-a-marina-di-camerota-camerota
info@bbverdemarecamerota.it,B&b VerdeMare Camerota,https://www.hotelsdrop.com/hotel/b-b-verdemare-camerota-camerota
info@albergodelfino.it,Hotel Delfino – Hotel a Marina di Camerota,https://www.hotelsdrop.com/hotel/hotel-delfino-hotel-a-marina-di-camerota-camerota
info@lilelo.it,Lilelo - Little Leisure Lodge,https://www.hotelsdrop.com/hotel/lilelo-little-leisure-lodge-camino
esempio@mail.com,Borgo dei Conti della Torre,https://www.hotelsdrop.com/hotel/borgo-dei-conti-della-torre-camino-al-tagliamento
reception@ladimorson.com,La di Morson,https://www.hotelsdrop.com/hotel/la-di-morson-camino-al-tagliamento
info@lamoneghina.it,Agriturismo La Moneghina,https://www.hotelsdrop.com/hotel/agriturismo-la-moneghina-camisano-vicentino
bb.bagnidisole@gmail.com,B&B Bagni di sole,https://www.hotelsdrop.com/hotel/b-b-bagni-di-sole-camisano-vicentino
info@bbcasarosa.it,Bed and Breakfast Casarosa,https://www.hotelsdrop.com/hotel/bed-and-breakfast-casarosa-camisano-vicentino
fattoriagrimana@gmail.com,Fattoria Grimana,https://www.hotelsdrop.com/hotel/fattoria-grimana-camisano-vicentino
lacasavecchia7@gmail.com,La Casa Vecchia B&B,https://www.hotelsdrop.com/hotel/la-casa-vecchia-b-b-camisano-vicentino
info@mikaleluxuryrooms.it,MikAle Luxury Rooms,https://www.hotelsdrop.com/hotel/mikale-luxury-rooms-cammarata
bnbcasaninni@gmail.com,B&B Casa Ninni,https://www.hotelsdrop.com/hotel/b-b-casa-ninni-camogli
info@lapriaguea.it,La Priaguea - House Beach,https://www.hotelsdrop.com/hotel/la-priaguea-house-beach-camogli
agriturismosangelo@outlook.it,Agriturismo Sant'Angelo,https://www.hotelsdrop.com/hotel/agriturismo-sant-angelo-campagna
info@magnolia-bb.it,B&B La Magnolia,https://www.hotelsdrop.com/hotel/b-b-la-magnolia-campagna
info@ilcastagnetoagriturismo.it,Ristorante Il Castagneto,https://www.hotelsdrop.com/hotel/ristorante-il-castagneto-campagna
hotelriesco.it@gmail.com,Hotel Riesco,https://www.hotelsdrop.com/hotel/hotel-riesco-campagnano-di-roma
info@casaolivo.com,Agriturismo Casa Olivo,https://www.hotelsdrop.com/hotel/agriturismo-casa-olivo-campagnatico
info@fontemarinaalta.it,Agriturismo in Toscana con Piscina - Fonte Marina Alta,https://www.hotelsdrop.com/hotel/agriturismo-in-toscana-con-piscina-fonte-marina-campagnatico
agriturismo@cortedegliulivi.net,BioAgriturismo CORTE DEGLI ULIVI - Maremma Toscana,https://www.hotelsdrop.com/hotel/bioagriturismo-corte-degli-ulivi-maremma-toscana-campagnatico
info@glampingledune.it,Glamping Le Dune,https://www.hotelsdrop.com/hotel/glamping-le-dune-campagnatico
info@santagenoveffa.it,Hotel Relais Santa Genoveffa,https://www.hotelsdrop.com/hotel/hotel-relais-santa-genoveffa-campagnatico
locandanelcassero98@gmail.com,Locanda nel Cassero Camere,https://www.hotelsdrop.com/hotel/locanda-nel-cassero-camere-campagnatico
antonietta.picciocchi@gmail.com,Monte di Bù affittacamere,https://www.hotelsdrop.com/hotel/monte-di-bu-affittacamere-campagnatico
info@paradiseagricamp.com,Paradise Agricamp,https://www.hotelsdrop.com/hotel/paradise-agricamp-campagnatico
info@sanclementecrema.com,B&B San Clemente - Crema,https://www.hotelsdrop.com/hotel/b-b-san-clemente-crema-campagnola-cremasca
laperladelmercante@gmail.com,La Perla del Mercante B&B,https://www.hotelsdrop.com/hotel/la-perla-del-mercante-b-b-campagnola-emilia
bandbbirillo@gmail.com,B&B Birillo Cariati,https://www.hotelsdrop.com/hotel/b-b-birillo-cariati-campana
bebsanpio@gmail.com,San Pio Bed & Breakfast B&B,https://www.hotelsdrop.com/hotel/san-pio-bed-breakfast-b-b-campana
support@centralstay.eu,CASCINA ANTICHE TERRE,https://www.hotelsdrop.com/hotel/cascina-antiche-terre-campegine
info@palazzofontanatrevi.it,B&B Palazzo Fontana,https://www.hotelsdrop.com/hotel/b-b-palazzo-fontana-campello-sul-clitunno
info@bed-and-breakfast-le-torrette.com,Bed and Breakfast Le Torrette,https://www.hotelsdrop.com/hotel/bed-and-breakfast-le-torrette-campello-sul-clitunno
info@guestarthouseaurora.eu,Guest Art House Aurora GAHA,https://www.hotelsdrop.com/hotel/guest-art-house-aurora-gaha-campello-sul-clitunno
ulivoinfiore@virgilio.it,l'Ulivo in Fiore,https://www.hotelsdrop.com/hotel/l-ulivo-in-fiore-campello-sul-clitunno
tanadelriccio1@gmail.com,La Tana Del Riccio,https://www.hotelsdrop.com/hotel/la-tana-del-riccio-campello-sul-clitunno
residences.emiliano@libero.it,Residenza Sant'Emiliano,https://www.hotelsdrop.com/hotel/residenza-sant-emiliano-campello-sul-clitunno
campeggioilgattoelavolpe@gmail.com,Il Gatto e la Volpe Campeggio,https://www.hotelsdrop.com/hotel/il-gatto-e-la-volpe-campeggio-campertogno
welcome@lerelais.it,Le Relais du Boucher,https://www.hotelsdrop.com/hotel/le-relais-du-boucher-campertogno
info@locandamargherita.com,Locanda Margherita B&B,https://www.hotelsdrop.com/hotel/locanda-margherita-b-b-campertogno
manuscopello@gmail.com,ManuEbbasta,https://www.hotelsdrop.com/hotel/manuebbasta-campertogno
info@villaottocento.it,Villa Ottocento,https://www.hotelsdrop.com/hotel/villa-ottocento-campertogno
info@lemake.it,Bed and Breakfast Le Makè,https://www.hotelsdrop.com/hotel/bed-and-breakfast-le-make-campi-bisenzio
info@agavebb.it,Agave Bed&Breakfast,https://www.hotelsdrop.com/hotel/agave-bed-breakfast-campi-salentina
info@agriturismolicalizzi.it,Agriturismo Li Calizzi Arte & Natura,https://www.hotelsdrop.com/hotel/agriturismo-li-calizzi-arte-natura-campi-salentina
marcolino.gabriele@gmail.com,Bed and Breakfast Villa Rita,https://www.hotelsdrop.com/hotel/bed-and-breakfast-villa-rita-campi-salentina
masseriavigneri@gmail.com,Casino Vigneri B&B,https://www.hotelsdrop.com/hotel/casino-vigneri-b-b-campi-salentina
book@guerrierisuites.com,Guerrieri Suites & Spa,https://www.hotelsdrop.com/hotel/guerrieri-suites-spa-campi-salentina
info@bblafocara.it,La Focara B&B,https://www.hotelsdrop.com/hotel/la-focara-b-b-campi-salentina
villadellepalmebb@gmail.com,Villa delle Palme B&B,https://www.hotelsdrop.com/hotel/villa-delle-palme-b-b-campi-salentina
info@bb-montmars.com,B&B MONT MARS,https://www.hotelsdrop.com/hotel/b-b-mont-mars-campiglia-cervo
info@villalussana.com,Hotel Ristorante Villa Lussana,https://www.hotelsdrop.com/hotel/hotel-ristorante-villa-lussana-campiglia-dei-berici
info@fontanellaonline.it,Agriturismo La Fontanella & Glamping,https://www.hotelsdrop.com/hotel/agriturismo-la-fontanella-glamping-campiglia-marittima
booking@bbsuvereto.it,Bed & Breakfast SUVERETO,https://www.hotelsdrop.com/hotel/bed-breakfast-suvereto-campiglia-marittima
info@amarantobeb.it,Amaranto B&B,https://www.hotelsdrop.com/hotel/amaranto-b-b-campiglione-fenile
info@agriturismocascinanuova.com,Azienda Agrituristica Cascina Nuova,https://www.hotelsdrop.com/hotel/azienda-agrituristica-cascina-nuova-campiglione-fenile
info@5frecce.com,Le 5 Frecce,https://www.hotelsdrop.com/hotel/le-5-frecce-campiglione-fenile
villacampitello@gmail.com,B&B Garnì Villa Campitello,https://www.hotelsdrop.com/hotel/b-b-garni-villa-campitello-campitello-di-fassa
info@margaritadaustria.it,B&B Margarita D'Austria,https://www.hotelsdrop.com/hotel/b-b-margarita-d-austria-campli
info@hotel-europa.eu,Europa Hotel,https://www.hotelsdrop.com/hotel/europa-hotel-campli
aduepassidalmare.rc@gmail.com,B&B A due passi dal mare,https://www.hotelsdrop.com/hotel/b-b-a-due-passi-dal-mare-campo-calabro
andrea.cannizzo52@gmail.com,Blu Infinito Bed & Breakfast,https://www.hotelsdrop.com/hotel/blu-infinito-bed-breakfast-campo-calabro
info@capricciodigiove.com,Agriturismo Capriccio di Giove,https://www.hotelsdrop.com/hotel/agriturismo-capriccio-di-giove-campo-di-giove
casantonetti@gmail.com,B&B Casa Antonetti,https://www.hotelsdrop.com/hotel/b-b-casa-antonetti-campo-di-giove
ilvecchiolupocdg@libero.it,B&B Il Vecchio Lupo Campo di Giove,https://www.hotelsdrop.com/hotel/b-b-il-vecchio-lupo-campo-di-giove-campo-di-giove
lapretera@gmail.com,B&B La Pretèra,https://www.hotelsdrop.com/hotel/b-b-la-pretera-campo-di-giove
info@bbpastoreabruzzese.it,Bed and Breakfast “Pastore Abruzzese”,https://www.hotelsdrop.com/hotel/bed-and-breakfast-pastore-abruzzese-campo-di-giove
booking@campingorsaminore.it,Camping Orsa Minore,https://www.hotelsdrop.com/hotel/camping-orsa-minore-campo-di-giove
info@fattoriatanadellavolpe.com,Fattoria Tana della Volpe,https://www.hotelsdrop.com/hotel/fattoria-tana-della-volpe-campo-di-giove
info@sachsenklemme.it,Hotel Sachsenklemme,https://www.hotelsdrop.com/hotel/hotel-sachsenklemme-campo-di-trens-freienfeld
labuscarellasas@gmail.com,La Buscarella,https://www.hotelsdrop.com/hotel/la-buscarella-campo-ligure
info@nonnotoni.it,Nonno Toni,https://www.hotelsdrop.com/hotel/nonno-toni-campo-ligure
info@hotellastella.it,Hotel la Stella,https://www.hotelsdrop.com/hotel/hotel-la-stella-campo-nell-elba
info@locandadellamicizia.it,Locanda Dell'Amicizia Di Pierulivo Enrica & C. S.A.S.,https://www.hotelsdrop.com/hotel/locanda-dell-amicizia-di-pierulivo-enrica-c-s-a-campo-nell-elba
%20info@maisonparcodelbrenta.it,B&B Maison Parco del Brenta Curtarolo,https://www.hotelsdrop.com/hotel/b-b-maison-parco-del-brenta-curtarolo-campo-san-martino
info@cameriniguesthouse.it,Camerini Guest House,https://www.hotelsdrop.com/hotel/camerini-guest-house-campo-san-martino
info@hotelbracco.it,Hotel Bracco,https://www.hotelsdrop.com/hotel/hotel-bracco-campo-san-martino
info@ahria-apartments.it,AhriaPura Apartments,https://www.hotelsdrop.com/hotel/ahriapura-apartments-campo-tures-sand-in-taufers
support@centralstay.eu,B&B Al Civico 49,https://www.hotelsdrop.com/hotel/b-b-al-civico-49-campobasso
centralcampobasso@gmail.com,Central Campobasso,https://www.hotelsdrop.com/hotel/central-campobasso-campobasso
info@residencevazzieri.com,Residence Vazzieri,https://www.hotelsdrop.com/hotel/residence-vazzieri-campobasso
villadelsolein@gmail.com,Villa Del Sole Inn B&B Residence,https://www.hotelsdrop.com/hotel/villa-del-sole-inn-b-b-residence-campobasso
info@bagliolauria.com,Agriturismo Baglio Làuria,https://www.hotelsdrop.com/hotel/agriturismo-baglio-lauria-campobello-di-licata
reservation@mandranova.com,Azienda Agricola Mandranova,https://www.hotelsdrop.com/hotel/azienda-agricola-mandranova-campobello-di-licata
info@allogio.com,Baglio Eldama,https://www.hotelsdrop.com/hotel/baglio-eldama-campobello-di-mazara
info@windresort.it,Wind Resort,https://www.hotelsdrop.com/hotel/wind-resort-campobello-di-mazara
support@centralstay.eu,Il Palazzetto dei Briganti,https://www.hotelsdrop.com/hotel/il-palazzetto-dei-briganti-campochiaro
info@your-site.com,VittoNico,https://www.hotelsdrop.com/hotel/vittonico-campochiaro
info@ilviaggiatore.cloud,Il Viaggiatore B&B,https://www.hotelsdrop.com/hotel/il-viaggiatore-b-b-campodarsego
info@villadaponte.it,Villa Da Ponte,https://www.hotelsdrop.com/hotel/villa-da-ponte-campodarsego
stefaniapezzi6@gmail.com,"Agritur Agrihouse - Val di Non, Trentino",https://www.hotelsdrop.com/hotel/agritur-agrihouse-val-di-non-trentino-campodenno
info@agriturcasamela.it,Agritur Casamela,https://www.hotelsdrop.com/hotel/agritur-casamela-campodenno
info@agriturlapieve.it,Agritur La Pieve,https://www.hotelsdrop.com/hotel/agritur-la-pieve-campodenno
info@agriturpiccolofiore.it,Agritur Piccolo Fiore,https://www.hotelsdrop.com/hotel/agritur-piccolo-fiore-campodenno
info@failecoccole.it,B&B Fai le Coccole,https://www.hotelsdrop.com/hotel/b-b-fai-le-coccole-campodenno
info@pradalares.com,B&B Pra da Lares,https://www.hotelsdrop.com/hotel/b-b-pra-da-lares-campodenno
bebvivilattimo@gmail.com,B&B Vivi l'Attimo,https://www.hotelsdrop.com/hotel/b-b-vivi-l-attimo-campodenno
info@chaletovel.it,Chalet Tovel - Mountain Lake,https://www.hotelsdrop.com/hotel/chalet-tovel-mountain-lake-campodenno
posta@hotelrifugiosores.it,Hotel Rifugio Sores,https://www.hotelsdrop.com/hotel/hotel-rifugio-sores-campodenno
yourclaudio@tiscali.it,B&B CITY,https://www.hotelsdrop.com/hotel/b-b-city-campodimele
info@camereprimavera.it,BedAndBreakfast Camere Primavera,https://www.hotelsdrop.com/hotel/bedandbreakfast-camere-primavera-campodimele
info@ostellossigeno.it,Ostello Ossigeno,https://www.hotelsdrop.com/hotel/ostello-ossigeno-campodimele
info@agriterraesapori.it,Agriturismo Terra e Sapori,https://www.hotelsdrop.com/hotel/agriturismo-terra-e-sapori-campodipietra
hostelsanmercurio@gmail.com,Hostel San Mercurio,https://www.hotelsdrop.com/hotel/hostel-san-mercurio-campodipietra
info@bbvalchiavenna.it,AFFITTACAMERE VALCHIAVENNA,https://www.hotelsdrop.com/hotel/affittacamere-valchiavenna-campodolcino
casaalpinasanluigi@gmail.com,Casa Alpina San Luigi,https://www.hotelsdrop.com/hotel/casa-alpina-san-luigi-campodolcino
prenotazioni@madeturismo.it,San Luigi Rooms & Apartments,https://www.hotelsdrop.com/hotel/san-luigi-rooms-apartments-campodolcino
info@elcriveo.it,B&B El Criveo,https://www.hotelsdrop.com/hotel/b-b-el-criveo-campodoro
irene.forestan80@gmail.com,Laghetto Ca' Brusà,https://www.hotelsdrop.com/hotel/laghetto-ca-brusa-campodoro
marelunavillageofficial@gmail.com,MareLuna Village,https://www.hotelsdrop.com/hotel/mareluna-village-campofelice-di-roccella
agriturismo@mareincampagna.it,B&B Villa Eugenia,https://www.hotelsdrop.com/hotel/b-b-villa-eugenia-campofilone
info@gaeleoncampofilone.it,GaeLeon B&B Campofilone,https://www.hotelsdrop.com/hotel/gaeleon-b-b-campofilone-campofilone
hotelcormorano@gmail.com,Hotel Cormorano,https://www.hotelsdrop.com/hotel/hotel-cormorano-campofilone
info@leresidenzedegliulivi.com,Le Residenze degli Ulivi,https://www.hotelsdrop.com/hotel/le-residenze-degli-ulivi-campofilone
chiosicountryclub@gmail.com,Chiosi Country Club (Turismo rurale),https://www.hotelsdrop.com/hotel/chiosi-country-club-turismo-rurale-campofiorito
%20info@dongiovannihotel.it,Don Giovanni Hotel,https://www.hotelsdrop.com/hotel/don-giovanni-hotel-campofiorito
info@ilbevaiodicorleone.it,Il Bevaio di Corleone,https://www.hotelsdrop.com/hotel/il-bevaio-di-corleone-campofiorito
linozp@gmail.com,"Bed & Breakfast ""Al Teatro""",https://www.hotelsdrop.com/hotel/bed-breakfast-al-teatro-campoformido
booking@villarahal.com,Villa Rahal,https://www.hotelsdrop.com/hotel/villa-rahal-campofranco
info@bebreggioemilia.com,B&B Dei Paduli,https://www.hotelsdrop.com/hotel/b-b-dei-paduli-campogalliano
info@bnbdelborgo.it,IL Borgo CAMERE,https://www.hotelsdrop.com/hotel/il-borgo-camere-campogalliano
grottinogc@libero.it,"Il Grottino (Fragneto Monforte) - Ristorante, Pizzeria, Hotel",https://www.hotelsdrop.com/hotel/il-grottino-fragneto-monforte-ristorante-pizzeri-campolattaro
lacartolinadelsannio@gmail.com,La Cartolina del Sannio,https://www.hotelsdrop.com/hotel/la-cartolina-del-sannio-campolattaro
contact@globostay.com,La Magnolia sul Lago,https://www.hotelsdrop.com/hotel/la-magnolia-sul-lago-campolattaro
info@casataty.it,Bed and Breakfast Casa Taty CIN: IT027012B4E3USENQO,https://www.hotelsdrop.com/hotel/bed-and-breakfast-casa-taty-cin-it027012b4e3usen-campolongo-maggiore
info@albadido.it,Albadido B&B,https://www.hotelsdrop.com/hotel/albadido-b-b-campomarino
info@oceanorooms.it,B&B Oceano Rooms,https://www.hotelsdrop.com/hotel/b-b-oceano-rooms-campomarino
gallos.city.rooms@gmail.com,Gallo's City Rooms,https://www.hotelsdrop.com/hotel/gallo-s-city-rooms-campomarino
info@la-casa-del-nonno.com,La Casa del Nonno,https://www.hotelsdrop.com/hotel/la-casa-del-nonno-campomarino
info@residence-nettuno.com,Residence Nettuno,https://www.hotelsdrop.com/hotel/residence-nettuno-campomarino
teodoradi@tiscali.it,Viola di Mare rooms e parking affittacamere,https://www.hotelsdrop.com/hotel/viola-di-mare-rooms-e-parking-affittacamere-campomarino
info@lacasadiada.com,B&B La Casa di Ada,https://www.hotelsdrop.com/hotel/b-b-la-casa-di-ada-campomorone
info@agriturismosanbasilio.it,Agriturismo San Basilio,https://www.hotelsdrop.com/hotel/agriturismo-san-basilio-campora
info@sangiorgioagriturismo.it,Agriturismo San Giorgio,https://www.hotelsdrop.com/hotel/agriturismo-san-giorgio-campora
support@centralstay.eu,APRILE Bed and Breakfast,https://www.hotelsdrop.com/hotel/aprile-bed-and-breakfast-campora
605a7baede844d278b89dc95ae0a9123@sentry-next.wixpress.com,Domus Letizia,https://www.hotelsdrop.com/hotel/domus-letizia-campora
info@lequercefarmhouse.it,Le Querce Farmhouse,https://www.hotelsdrop.com/hotel/le-querce-farmhouse-campora
info@sirignanowineresort.it,Agriturismo Sirignano Wine Resort,https://www.hotelsdrop.com/hotel/agriturismo-sirignano-wine-resort-camporeale
bebcasaazul@gmail.com,B&B Casa Azul,https://www.hotelsdrop.com/hotel/b-b-casa-azul-camporeale
info@borgobiaia.it,AGRITURISMO BORGO BIAIA,https://www.hotelsdrop.com/hotel/agriturismo-borgo-biaia-camporgiano
info@calabricchia.it,Agriturismo Calabricchia,https://www.hotelsdrop.com/hotel/agriturismo-calabricchia-camporgiano
%20jane.smith@domain.com,Agriturismo Il Corniolo,https://www.hotelsdrop.com/hotel/agriturismo-il-corniolo-camporgiano
info@lagrottadellafaina.it,Agriturismo La Grotta Della Faina,https://www.hotelsdrop.com/hotel/agriturismo-la-grotta-della-faina-camporgiano
agriturismopolla@gmail.com,Agriturismo Polla Piscina Ristorante Azienda Vinicola,https://www.hotelsdrop.com/hotel/agriturismo-polla-piscina-ristorante-azienda-vin-camporgiano
support@centralstay.eu,B&B IL Vecchio Convento,https://www.hotelsdrop.com/hotel/b-b-il-vecchio-convento-camporgiano
info@albergopanoramico.it,Hotel Ristorante Panoramico,https://www.hotelsdrop.com/hotel/hotel-ristorante-panoramico-camporgiano
info@lalunasulbosco.it,La Luna Sul Bosco Bubble Rooms,https://www.hotelsdrop.com/hotel/la-luna-sul-bosco-bubble-rooms-camporgiano
info@laroccadicamporgiano.it,La Rocca di Camporgiano - Maison Du Charme,https://www.hotelsdrop.com/hotel/la-rocca-di-camporgiano-maison-du-charme-camporgiano
info@ranconelodges.com,Rancone Lodges,https://www.hotelsdrop.com/hotel/rancone-lodges-camporgiano
marisacamporosso@gmail.com,Casa Marisa,https://www.hotelsdrop.com/hotel/casa-marisa-camporosso
info@olmodicasigliano.it,Agriturismo L'Olmo di Casigliano,https://www.hotelsdrop.com/hotel/agriturismo-l-olmo-di-casigliano-camporotondo-di-fiastrone
lucaematilde@alrespironelbosco.it,"Al Respiro nel Bosco, Agriturismo e Azienda Agricola biologica",https://www.hotelsdrop.com/hotel/al-respiro-nel-bosco-agriturismo-e-azienda-agric-camporotondo-di-fiastrone
info@bbvillasabrina.com,Villa Sabrina Country House,https://www.hotelsdrop.com/hotel/villa-sabrina-country-house-camporotondo-di-fiastrone
info@bbsanmartino.it,B&B SAN MARTINO,https://www.hotelsdrop.com/hotel/b-b-san-martino-camporotondo-etneo
terrazzadelletna@gmail.com,B&B Terrazza dell'Etna,https://www.hotelsdrop.com/hotel/b-b-terrazza-dell-etna-camporotondo-etneo
masagado@gmail.com,B&B Valle Allegra,https://www.hotelsdrop.com/hotel/b-b-valle-allegra-camporotondo-etneo
mariadebora@hotmail.it,Debora Holiday House,https://www.hotelsdrop.com/hotel/debora-holiday-house-camporotondo-etneo
etnabotanicgarden@gmail.com,Etna Botanic Garden,https://www.hotelsdrop.com/hotel/etna-botanic-garden-camporotondo-etneo
ericagiargeri@gmail.com,Giargeri Home,https://www.hotelsdrop.com/hotel/giargeri-home-camporotondo-etneo
kalinkasicilia@gmail.com,La terrazza sull'Etna Affitto breve,https://www.hotelsdrop.com/hotel/la-terrazza-sull-etna-affitto-breve-camporotondo-etneo
info@mottapalace.com,Motta Palace Apartments & Rooms,https://www.hotelsdrop.com/hotel/motta-palace-apartments-rooms-camporotondo-etneo
mottaresidence@yahoo.it,Motta Residence Hotel,https://www.hotelsdrop.com/hotel/motta-residence-hotel-camporotondo-etneo
i9filari@gmail.com,Agriturismo I 9 Filari,https://www.hotelsdrop.com/hotel/agriturismo-i-9-filari-camposampiero
sottolemuracittadella@gmail.com,B&B Sotto le Mura,https://www.hotelsdrop.com/hotel/b-b-sotto-le-mura-camposampiero
caboin@libero.it,Ca' Boin Bed & Breakfast,https://www.hotelsdrop.com/hotel/ca-boin-bed-breakfast-camposampiero
monreve.mm@gmail.com,B&B Mon Rêve - Camposano (Na),https://www.hotelsdrop.com/hotel/b-b-mon-reve-camposano-na-camposano
trizzinop@gmail.com,B&B I Pioppi Cipressini,https://www.hotelsdrop.com/hotel/b-b-i-pioppi-cipressini-camposanto
info@fanesia.it,Fanesia Coliving,https://www.hotelsdrop.com/hotel/fanesia-coliving-campotosto
info@lafontana-bb.it,La Fontana,https://www.hotelsdrop.com/hotel/la-fontana-campotosto
info@anticomulino-bnb.it,B&B Antico Mulino,https://www.hotelsdrop.com/hotel/b-b-antico-mulino-camugnano
picchiobb@gmail.com,B&B Picchio,https://www.hotelsdrop.com/hotel/b-b-picchio-camugnano
borgoguerzano77@gmail.com,BorgoGuerzano77,https://www.hotelsdrop.com/hotel/borgoguerzano77-camugnano
info@duelaghihotel.it,Hotel Due Laghi,https://www.hotelsdrop.com/hotel/hotel-due-laghi-camugnano
nomad.stay20@gmail.com,Nomad Stay,https://www.hotelsdrop.com/hotel/nomad-stay-camugnano
info@transilvaniahotel.it,Transilvania Rockstar Hotel,https://www.hotelsdrop.com/hotel/transilvania-rockstar-hotel-camugnano
info@albergoserenella.net,Albergo Serenella,https://www.hotelsdrop.com/hotel/albergo-serenella-canal-san-bovo
info@valmaschi.it,B&B Val Maschi,https://www.hotelsdrop.com/hotel/b-b-val-maschi-canal-san-bovo
casamaria.mo@gmail.com,CASA MARIA Bed & Breakfast,https://www.hotelsdrop.com/hotel/casa-maria-bed-breakfast-canal-san-bovo
info@edelweissalp.it,Edelweiss Alp Rooms,https://www.hotelsdrop.com/hotel/edelweiss-alp-rooms-canal-san-bovo
info@agrimagi.it,Agriturismo dei Magi,https://www.hotelsdrop.com/hotel/agriturismo-dei-magi-canale
info@cantinafrancogiacinto.it,Cantina Franco Giacinto e Agriturismo Cà Colomba,https://www.hotelsdrop.com/hotel/cantina-franco-giacinto-e-agriturismo-ca-colomba-canale
info@hotelmarianna.com,Hotel Marianna,https://www.hotelsdrop.com/hotel/hotel-marianna-canale-d-agordo
info@casalesasso.com,Agriturismo Casale Sasso,https://www.hotelsdrop.com/hotel/agriturismo-casale-sasso-canale-monterano
info@voltarina.com,Agriturismo Voltarina,https://www.hotelsdrop.com/hotel/agriturismo-voltarina-canale-monterano
info@casacoco.it,Casacocò,https://www.hotelsdrop.com/hotel/casacoco-canale-monterano
alamanna@hotmail.com,La Corte dei Signoretti,https://www.hotelsdrop.com/hotel/la-corte-dei-signoretti-canale-monterano
infolatorretta@gmail.com,La Torretta,https://www.hotelsdrop.com/hotel/la-torretta-canale-monterano
info@alsaracenoferrara.com,Al Saraceno - Antica Dimora,https://www.hotelsdrop.com/hotel/al-saraceno-antica-dimora-canaro
info.dimora800@gmail.com,Dimora della Ghiara,https://www.hotelsdrop.com/hotel/dimora-della-ghiara-canaro
arizona.motel63@gmail.com,Arizona Motel,https://www.hotelsdrop.com/hotel/arizona-motel-cancello-ed-arnone
info@albergoristorantepalladio.it,Albergo Palladio,https://www.hotelsdrop.com/hotel/albergo-palladio-canda
info@anticamasseriailcasone.it,Antica masseria “Il Casone” - Candela,https://www.hotelsdrop.com/hotel/antica-masseria-il-casone-candela-candela
lacasinadeliceto@libero.it,La Casina Residenza rurale 1865,https://www.hotelsdrop.com/hotel/la-casina-residenza-rurale-1865-candela
info@orecchietta.it,RistoMuseo l'Orecchietta B&b da Ercole all'Orecchietta,https://www.hotelsdrop.com/hotel/ristomuseo-l-orecchietta-b-b-da-ercole-all-orecc-candela
bb.borgobiella@gmail.com,BB • Borgo Biella - Candelo,https://www.hotelsdrop.com/hotel/bb-borgo-biella-candelo-candelo
bb.borgobiella@gmail.com,BB • Borgo Biella Bis - Soggiorni turistici,https://www.hotelsdrop.com/hotel/bb-borgo-biella-bis-soggiorni-turistici-candelo
bb.borgobiella@gmail.com,BB • Borgo Biella Tree,https://www.hotelsdrop.com/hotel/bb-borgo-biella-tree-candelo
corrado_bocca@hotmail.com,La terrazza sul Ricetto GuestHouse,https://www.hotelsdrop.com/hotel/la-terrazza-sul-ricetto-guesthouse-candelo
info@atenedelcanavese.it,Atene del Canavese,https://www.hotelsdrop.com/hotel/atene-del-canavese-candia-canavese
info@lacasagialladiluca.it,B&B Lacasagialladiluca di Fabio Comazzi,https://www.hotelsdrop.com/hotel/b-b-lacasagialladiluca-di-fabio-comazzi-candia-canavese
support@centralstay.eu,Stanze Don Gesualdo Alloggio Turistico,https://www.hotelsdrop.com/hotel/stanze-don-gesualdo-alloggio-turistico-candida
cascinagai@libero.it,Agriturismo Cascina Gai,https://www.hotelsdrop.com/hotel/agriturismo-cascina-gai-candiolo
agriturismo@cascinagorgia.it,Agriturismo Cascina Gorgia,https://www.hotelsdrop.com/hotel/agriturismo-cascina-gorgia-candiolo
info@lacortecandiolo.com,B&B La Corte,https://www.hotelsdrop.com/hotel/b-b-la-corte-candiolo
support@centralstay.eu,B&B Ca 'nsel Bric,https://www.hotelsdrop.com/hotel/b-b-ca-nsel-bric-canelli
info@camerecentrostorico.it,Camere Centro Storico,https://www.hotelsdrop.com/hotel/camere-centro-storico-canelli
mail@allombradellatorre.info,B&B All’Ombra della Torre,https://www.hotelsdrop.com/hotel/b-b-all-ombra-della-torre-canepina
dolceposada@gmail.com,B&B DolcePosada -Vittorio Veneto - Via Sant'Andrea 25,https://www.hotelsdrop.com/hotel/b-b-dolceposada-vittorio-veneto-via-sant-andrea-caneva
info@tenutamalvolti.it,Tenuta Malvolti - Al Vecchio Convento,https://www.hotelsdrop.com/hotel/tenuta-malvolti-al-vecchio-convento-caneva
info@agrimilo.it,Agrimilo,https://www.hotelsdrop.com/hotel/agrimilo-canicattini-bagni
agriturismostallaini@hotmail.it,Agriturismo Stallaini,https://www.hotelsdrop.com/hotel/agriturismo-stallaini-canicattini-bagni
mundusterrae@gmail.com,Mundus Terrae Country House,https://www.hotelsdrop.com/hotel/mundus-terrae-country-house-canicattini-bagni
info@tramontoibleoresort.com,Tramonto Ibleo Resort,https://www.hotelsdrop.com/hotel/tramonto-ibleo-resort-canicattini-bagni
info@alqattabb.it,Al Qatta B&B,https://www.hotelsdrop.com/hotel/al-qatta-b-b-canicatt
info@areasudcanicatti.com,Area Sud Affittacamere,https://www.hotelsdrop.com/hotel/area-sud-affittacamere-canicatt
info@letreperle.it,B&B Le Tre Perle,https://www.hotelsdrop.com/hotel/b-b-le-tre-perle-canicatt
support@centralstay.eu,B&B QUATTRO TESORI,https://www.hotelsdrop.com/hotel/b-b-quattro-tesori-canicatt
bebvittorioemanuele155c@gmail.com,B&B Vittorio Emanuele,https://www.hotelsdrop.com/hotel/b-b-vittorio-emanuele-canicatt
info@terredimusignano.com,Agriturismo Terre di Musignano,https://www.hotelsdrop.com/hotel/agriturismo-terre-di-musignano-canino
info@fontevulci.it,Resort Fonte Vulci / Agriturismo,https://www.hotelsdrop.com/hotel/resort-fonte-vulci-agriturismo-canino
info@bbnovasiri.it,B&B Nova Siri,https://www.hotelsdrop.com/hotel/b-b-nova-siri-canna
info@hotelvillacirigliano.it,Hotel Villa Cirigliano,https://www.hotelsdrop.com/hotel/hotel-villa-cirigliano-canna
info@ilgigliorotondella.com,Il Giglio Casa Albergo,https://www.hotelsdrop.com/hotel/il-giglio-casa-albergo-canna
askiaroom2019@gmail.com,Askia Rooms & Breakfast,https://www.hotelsdrop.com/hotel/askia-rooms-breakfast-cannalonga
info@palazzoresilente.com,Palazzo Resilente,https://www.hotelsdrop.com/hotel/palazzo-resilente-cannalonga
info@incantodellanatura.com,AGRITURISMO INCANTO DELLA NATURA,https://www.hotelsdrop.com/hotel/agriturismo-incanto-della-natura-cannara
info@bedandbreakfastassisi.it,b & b antica dimora delle acque,https://www.hotelsdrop.com/hotel/b-b-antica-dimora-delle-acque-cannara
lacasadeitiglibb@gmail.com,B&B La Casa dei Tigli Cannara,https://www.hotelsdrop.com/hotel/b-b-la-casa-dei-tigli-cannara-cannara
ciancaleonivacanze@libero.it,Bed and Breakfast Ciancaleoni,https://www.hotelsdrop.com/hotel/bed-and-breakfast-ciancaleoni-cannara
info@palazzodellesignorine.it,Palazzo delle Signorine,https://www.hotelsdrop.com/hotel/palazzo-delle-signorine-cannara
info@rf-lakevibes.com,Franziska's Place,https://www.hotelsdrop.com/hotel/franziska-s-place-cannero-riviera
info@rf-lakevibes.com,Villa Angelina - Lake View Dreams,https://www.hotelsdrop.com/hotel/villa-angelina-lake-view-dreams-cannero-riviera
info@villa-morissolina.it,Villa Morissolina Bed & Breakfast Ristorante,https://www.hotelsdrop.com/hotel/villa-morissolina-bed-breakfast-ristorante-cannero-riviera
dimoraearte@hotmail.it,Dimora e Arte - Bed and Breakfast,https://www.hotelsdrop.com/hotel/dimora-e-arte-bed-and-breakfast-canneto-sull-oglio
info@anticoborgocannobio.it,Antico Borgo B&B Cannobio,https://www.hotelsdrop.com/hotel/antico-borgo-b-b-cannobio-cannobio
info@azaleacannobio.it,B&B a Cannobio: Azalea,https://www.hotelsdrop.com/hotel/b-b-a-cannobio-azalea-cannobio
baerbel1@libero.it,B&B Casa Edenrock,https://www.hotelsdrop.com/hotel/b-b-casa-edenrock-cannobio
info@bnblagomaggiore.com,B&B Lagomaggiore,https://www.hotelsdrop.com/hotel/b-b-lagomaggiore-cannobio
info@locandadeipini.eu,Bed & Breakfast Villa dei Pini,https://www.hotelsdrop.com/hotel/bed-breakfast-villa-dei-pini-cannobio
info@cameison.it,Ca Meison B&B Cannobio,https://www.hotelsdrop.com/hotel/ca-meison-b-b-cannobio-cannobio
lucazaccagni@libero.it,eden,https://www.hotelsdrop.com/hotel/eden-cannobio
info@hotelcasaarizzoli.com,Hotel Casa Arizzoli,https://www.hotelsdrop.com/hotel/hotel-casa-arizzoli-cannobio
info@cuserina.it,Residenza Cascina nel Bosco,https://www.hotelsdrop.com/hotel/residenza-cascina-nel-bosco-cannobio
info@rivalago.eu,Rivalago Lounge Bar and B&B,https://www.hotelsdrop.com/hotel/rivalago-lounge-bar-and-b-b-cannobio
info@villacuserina.it,Villa Cuserina,https://www.hotelsdrop.com/hotel/villa-cuserina-cannobio
info@bel-ami.it,Belami - Hotel Ristorante Cantina,https://www.hotelsdrop.com/hotel/belami-hotel-ristorante-cantina-cannole
info@cortedeifrancesi.it,Hotel Corte dei Francesi,https://www.hotelsdrop.com/hotel/hotel-corte-dei-francesi-cannole
contact@globostay.com,La Stella Di Keplero,https://www.hotelsdrop.com/hotel/la-stella-di-keplero-cannole
bedandbreakfastmirna@gmail.com,B&B Mirna,https://www.hotelsdrop.com/hotel/b-b-mirna-canonica-d-adda
roomslaperladelmare@gmail.com,Affittacamere La Perla del Mare,https://www.hotelsdrop.com/hotel/affittacamere-la-perla-del-mare-canosa-di-puglia
ladeabusa@gmail.com,La Dea Busa,https://www.hotelsdrop.com/hotel/la-dea-busa-canosa-di-puglia
info@lunaledimore.com,Lunà - Le Dimore -,https://www.hotelsdrop.com/hotel/luna-le-dimore-canosa-di-puglia
contact@globostay.com,Palazzo Rossi suite,https://www.hotelsdrop.com/hotel/palazzo-rossi-suite-canosa-di-puglia
%20bbsottosopra@gmail.com,SOTTOSOPRA,https://www.hotelsdrop.com/hotel/sottosopra-canosa-di-puglia
info@tenutasanfrancesco.it,Tenuta San Francesco,https://www.hotelsdrop.com/hotel/tenuta-san-francesco-canosa-di-puglia
prenota@lacasadelpalombaro.it,B&B La Casa Del Palombaro,https://www.hotelsdrop.com/hotel/b-b-la-casa-del-palombaro-canosa-sannita
info@lafinestrasuitetti.it,B&B La Finestra Sui Tetti,https://www.hotelsdrop.com/hotel/b-b-la-finestra-sui-tetti-canosa-sannita
info@campingtorremucchia.it,Campeggio Torre Mucchia,https://www.hotelsdrop.com/hotel/campeggio-torre-mucchia-canosa-sannita
casale905@gmail.com,Casale905,https://www.hotelsdrop.com/hotel/casale905-canosa-sannita
info@ceaglio-vallemaira.it,Albergo diffuso Ceaglio,https://www.hotelsdrop.com/hotel/albergo-diffuso-ceaglio-canosio
info@dimidiumbnb.it,Dimidium B&B in Emilia,https://www.hotelsdrop.com/hotel/dimidium-b-b-in-emilia-canossa
contatto@esempio.it,Hotel Natros,https://www.hotelsdrop.com/hotel/hotel-natros-cansano
cademagnani@libero.it,Agriturismo Ca' De' Magnani,https://www.hotelsdrop.com/hotel/agriturismo-ca-de-magnani-cantagallo
info@agrifabio.com,Agriturismo il Ponticello,https://www.hotelsdrop.com/hotel/agriturismo-il-ponticello-cantagallo
info@rifugiolecave.it,Rifugio le Cave,https://www.hotelsdrop.com/hotel/rifugio-le-cave-cantagallo
info@rifugioluigipacini.it,Rifugio Pacini - Pian della Rasa,https://www.hotelsdrop.com/hotel/rifugio-pacini-pian-della-rasa-cantagallo
605a7baede844d278b89dc95ae0a9123@sentry-next.wixpress.com,B&B Il Casale dei Nonni,https://www.hotelsdrop.com/hotel/b-b-il-casale-dei-nonni-cantalice
info@stellapolarerieti.it,B&B Stella Polare,https://www.hotelsdrop.com/hotel/b-b-stella-polare-cantalice
casavacanzesangiacomo@gmail.com,Casa Vacanze San Giacomo,https://www.hotelsdrop.com/hotel/casa-vacanze-san-giacomo-cantalice
bblaciuenda@gmail.com,B&b La Ciuenda,https://www.hotelsdrop.com/hotel/b-b-la-ciuenda-cantalupa
ilviandanteinsabina@gmail.com,La Casa del Viandante | Guest House in Sabina,https://www.hotelsdrop.com/hotel/la-casa-del-viandante-guest-house-in-sabina-cantalupo-in-sabina
lavalledeltevere.bb@gmail.com,La Valle del Tevere,https://www.hotelsdrop.com/hotel/la-valle-del-tevere-cantalupo-in-sabina
resort.sabino@gmail.com,Resort Sabino,https://www.hotelsdrop.com/hotel/resort-sabino-cantalupo-in-sabina
info@saint-hubert.it,Azienda Agricola Saint Hubert,https://www.hotelsdrop.com/hotel/azienda-agricola-saint-hubert-cantalupo-ligure
605a7baede844d278b89dc95ae0a9123@sentry-next.wixpress.com,B&B I Mulini,https://www.hotelsdrop.com/hotel/b-b-i-mulini-cantalupo-nel-sannio
lecanonichenelmatese@virgilio.it,Le Canoniche nel Matese,https://www.hotelsdrop.com/hotel/le-canoniche-nel-matese-cantalupo-nel-sannio
info@villabordone.it,Agriturismo Villa Bordone,https://www.hotelsdrop.com/hotel/agriturismo-villa-bordone-cantarana
info@bblocandadeitigli.com,B&B Locanda dei Tigli,https://www.hotelsdrop.com/hotel/b-b-locanda-dei-tigli-cantarana
info@cadcarlot.it,Cà 'd Carlot,https://www.hotelsdrop.com/hotel/ca-d-carlot-cantarana
info@ilmartinetto.it,Il Martinetto,https://www.hotelsdrop.com/hotel/il-martinetto-cantarana
maisoncavanna@gmail.com,Villa San Giovanni,https://www.hotelsdrop.com/hotel/villa-san-giovanni-cantarana
infoborgonelbosco@gmail.com,Agriturismo Il Borgo nel Bosco,https://www.hotelsdrop.com/hotel/agriturismo-il-borgo-nel-bosco-canterano
auroraagriturismo@gmail.com,Agriturismo Aurora Gubbio Umbria,https://www.hotelsdrop.com/hotel/agriturismo-aurora-gubbio-umbria-cantiano
info@dimoramorelli.it,B&B Dimora Morelli,https://www.hotelsdrop.com/hotel/b-b-dimora-morelli-cantiano
castellocortevecchio@gmail.com,Castello Cortevecchio Gubbio Umbria,https://www.hotelsdrop.com/hotel/castello-cortevecchio-gubbio-umbria-cantiano
info@civico10.it,Civico 10,https://www.hotelsdrop.com/hotel/civico-10-cantiano
support@centralstay.eu,L'Inferno di Dante Gubbio B&B,https://www.hotelsdrop.com/hotel/l-inferno-di-dante-gubbio-b-b-cantiano
lastazionedipostacantiano@gmail.com,La Stazione Di Posta,https://www.hotelsdrop.com/hotel/la-stazione-di-posta-cantiano
info@ostellodelvolo.com,OSTELLO DEL VOLO,https://www.hotelsdrop.com/hotel/ostello-del-volo-cantiano
605a7baede844d278b89dc95ae0a9123@sentry-next.wixpress.com,B&B Villino Oberto,https://www.hotelsdrop.com/hotel/b-b-villino-oberto-cantoira
info@ariadicasabb.it,Aria di Casa Country Resort,https://www.hotelsdrop.com/hotel/aria-di-casa-country-resort-cant
info@anticoulivo.it,B&B Antico Ulivo,https://www.hotelsdrop.com/hotel/b-b-antico-ulivo-cant
agliantichitrulli@libero.it,b&b in masseria Agli antichi trulli,https://www.hotelsdrop.com/hotel/b-b-in-masseria-agli-antichi-trulli-cant
lacascata@hotmail.it,B&B LA CASCATA,https://www.hotelsdrop.com/hotel/b-b-la-cascata-cant
bbsalitadellepere@gmail.com,B&B Salita Delle Pere,https://www.hotelsdrop.com/hotel/b-b-salita-delle-pere-cant
info@unaperlanelverde.it,B&B Una Perla Nel Verde,https://www.hotelsdrop.com/hotel/b-b-una-perla-nel-verde-cant
support@centralstay.eu,Dimora Carucci,https://www.hotelsdrop.com/hotel/dimora-carucci-cant
info@sanlorenzosuites.it,San Lorenzo Suites,https://www.hotelsdrop.com/hotel/san-lorenzo-suites-cant
info@agrilemacine.it,"Agriturismo Le Macine- Poggio Cono,TE",https://www.hotelsdrop.com/hotel/agriturismo-le-macine-poggio-cono-te-canzano
annunziatalattanzi99@gmail.com,B&B I Tre Ulivi,https://www.hotelsdrop.com/hotel/b-b-i-tre-ulivi-canzano
info@bb-villaflora.it,Bed & Breakfast Villa Flora,https://www.hotelsdrop.com/hotel/bed-breakfast-villa-flora-capaccio-paestum
contact@globostay.com,Domus Hera,https://www.hotelsdrop.com/hotel/domus-hera-capaccio-paestum
agrialbergo@gmail.com,Agrialbergo Capalbio La Sugherella,https://www.hotelsdrop.com/hotel/agrialbergo-capalbio-la-sugherella-capalbio
cantimelissa@yahoo.it,Agriturismo Il Quarto,https://www.hotelsdrop.com/hotel/agriturismo-il-quarto-capalbio
agriturismo.lasiesta2025@gmail.com,Agriturismo La Siesta,https://www.hotelsdrop.com/hotel/agriturismo-la-siesta-capalbio
walter.rinelli@gmail.com,Agriturismo La Verde Rosa,https://www.hotelsdrop.com/hotel/agriturismo-la-verde-rosa-capalbio
agriturismo.podere.del.sole@gmail.com,Agriturismo Podere del Sole,https://www.hotelsdrop.com/hotel/agriturismo-podere-del-sole-capalbio
info@poderelolmaia.it,Agriturismo podere l'Olmaia,https://www.hotelsdrop.com/hotel/agriturismo-podere-l-olmaia-capalbio
erico@casaleartemisia.it,Casale Artemisia Capalbio,https://www.hotelsdrop.com/hotel/casale-artemisia-capalbio-capalbio
agrialbergo@gmail.com,Hotel Il Cipresso Capalbio,https://www.hotelsdrop.com/hotel/hotel-il-cipresso-capalbio-capalbio
info@ortidicapalbio.it,Orti di Capalbio,https://www.hotelsdrop.com/hotel/orti-di-capalbio-capalbio
info@igirasolidilari.it,Agriturismo Biologico I Girasoli di Lari,https://www.hotelsdrop.com/hotel/agriturismo-biologico-i-girasoli-di-lari-capannoli
magdalena@toscanizzazione.com,Agriturismo Terra Di Dio Toscanizzazione,https://www.hotelsdrop.com/hotel/agriturismo-terra-di-dio-toscanizzazione-capannoli
welcome@tuscanytime.it,Farm Resort Tuscany Time,https://www.hotelsdrop.com/hotel/farm-resort-tuscany-time-capannoli
info@ilcastellodisanruffino.com,Il Castello di San Ruffino,https://www.hotelsdrop.com/hotel/il-castello-di-san-ruffino-capannoli
info@room-rent.it,Room Rent Morrona,https://www.hotelsdrop.com/hotel/room-rent-morrona-capannoli
apartments@poggiosanruffino.com,San Ruffino Apartments,https://www.hotelsdrop.com/hotel/san-ruffino-apartments-capannoli
info@camugliano.com,Villa Casanova,https://www.hotelsdrop.com/hotel/villa-casanova-capannoli
giardinocameliebnb@gmail.com,B&B Giardino delle Camelie,https://www.hotelsdrop.com/hotel/b-b-giardino-delle-camelie-capannori
ruzina7676@gmail.com,B&B Toringo Country Home,https://www.hotelsdrop.com/hotel/b-b-toringo-country-home-capannori
sangennarocastellolucca@gmail.com,San Gennaro Castello,https://www.hotelsdrop.com/hotel/san-gennaro-castello-capannori
ilsolengo.agriturismo@gmail.com,Agriturismo Il Solengo,https://www.hotelsdrop.com/hotel/agriturismo-il-solengo-capena
info@vallesiriaca.it,Agriturismo Valle Siriaca,https://www.hotelsdrop.com/hotel/agriturismo-valle-siriaca-capena
allaquerciabedbreakfast@gmail.com,ALLA QUERCIA - CENTRO STORICO,https://www.hotelsdrop.com/hotel/alla-quercia-centro-storico-capena
info@alberodelpepe.it,B&B L'Albero del Pepe,https://www.hotelsdrop.com/hotel/b-b-l-albero-del-pepe-capena
commerciale@hotelstarroma.it,Hotel Star,https://www.hotelsdrop.com/hotel/hotel-star-capena
hello@lalighieri.it,L'Alighieri B&B,https://www.hotelsdrop.com/hotel/l-alighieri-b-b-capena
info@lacostapernottamenti.it,Agriturismo La Costa,https://www.hotelsdrop.com/hotel/agriturismo-la-costa-capergnanica
info.casasenatore@gmail.com,Casa Senatore,https://www.hotelsdrop.com/hotel/casa-senatore-capestrano
info@agriturismobardari.it,Agriturismo Bardari,https://www.hotelsdrop.com/hotel/agriturismo-bardari-capistrano
info@stelladoropizzo.it,B&B stella d'oro,https://www.hotelsdrop.com/hotel/b-b-stella-d-oro-capistrano
info@domuspiedigrotta.it,Domus Piedigrotta,https://www.hotelsdrop.com/hotel/domus-piedigrotta-capistrano
hoteldellapiazza@gmail.com%20,Hotel della Piazza,https://www.hotelsdrop.com/hotel/hotel-della-piazza-capistrano
ilcasalinoapts@gmail.com,Il Casalino,https://www.hotelsdrop.com/hotel/il-casalino-capistrano
info@puertoseguro.it,Puerto Seguro B&B a Pizzo,https://www.hotelsdrop.com/hotel/puerto-seguro-b-b-a-pizzo-capistrano
support@centralstay.eu,Residenza Vinci,https://www.hotelsdrop.com/hotel/residenza-vinci-capistrano
casalevirginiasrl@gmail.com,Casale Virginia,https://www.hotelsdrop.com/hotel/casale-virginia-capitignano
leanzaturismorurale@gmail.com,"Agriturismo Leanza ""La Baita""",https://www.hotelsdrop.com/hotel/agriturismo-leanza-la-baita-capizzi
wordpress@sanprocopioholiday.it,B&b San Procopio,https://www.hotelsdrop.com/hotel/b-b-san-procopio-capizzi
info@heartofsicily.it,Heart of Sicily,https://www.hotelsdrop.com/hotel/heart-of-sicily-capizzi
lacasadeltempocerami@gmail.com,LA CASA DEL TEMPO,https://www.hotelsdrop.com/hotel/la-casa-del-tempo-capizzi
bebthepalace@gmail.com,"la struttura è immersa nel cuore del centro storico, tra le tante coloratissime botteghe di ceramiche artigianali",https://www.hotelsdrop.com/hotel/la-struttura-e-immersa-nel-cuore-del-centro-stor-capizzi
info@bbstellamarina.it,B&B Stella Marina,https://www.hotelsdrop.com/hotel/b-b-stella-marina-capo-d-orlando
info@mydreamcapodorlando.it,My Dream - Bed And Breakfast e Affitta Camere - Capo d'Orlando,https://www.hotelsdrop.com/hotel/my-dream-bed-and-breakfast-e-affitta-camere-capo-capo-d-orlando
info@qurchiti.com,Qurchiti - Boutique Rooms,https://www.hotelsdrop.com/hotel/qurchiti-boutique-rooms-capo-d-orlando
info@vuelleresidence.com,Vuelle Residence,https://www.hotelsdrop.com/hotel/vuelle-residence-capo-d-orlando
info.affittacameremary@gmail.com,Affittacamere Mary,https://www.hotelsdrop.com/hotel/affittacamere-mary-capo-di-ponte
info@lakohostel.com,LAKO Hostel,https://www.hotelsdrop.com/hotel/lako-hostel-capodimonte
info@poggiolindo.it,Poggiolindo B&B,https://www.hotelsdrop.com/hotel/poggiolindo-b-b-capodimonte
danna.benedetto@gmail.com,B&B Benny,https://www.hotelsdrop.com/hotel/b-b-benny-capodrise
beblecorti@libero.it,B&B Le Corti,https://www.hotelsdrop.com/hotel/b-b-le-corti-capodrise
contact@globostay.com,B&B Tartaglione,https://www.hotelsdrop.com/hotel/b-b-tartaglione-capodrise
info@ifioridisalici.it,I Fiori di Salici,https://www.hotelsdrop.com/hotel/i-fiori-di-salici-capoliveri
info@agripozzo.it,AGRITURISMO Azienda Agricola Il Pozzo,https://www.hotelsdrop.com/hotel/agriturismo-azienda-agricola-il-pozzo-capolona
orninawine@gmail.com,Agriturismo Borgo Ornina,https://www.hotelsdrop.com/hotel/agriturismo-borgo-ornina-capolona
info@yourdomain.com,Agriturismo Molinvecchio sul Capraia,https://www.hotelsdrop.com/hotel/agriturismo-molinvecchio-sul-capraia-capolona
bblavandaerosmarino@gmail.com,B&B Lavanda e Rosmarino,https://www.hotelsdrop.com/hotel/b-b-lavanda-e-rosmarino-capolona
team@ilvigno.com,Bio Agriturismo Il Vigno,https://www.hotelsdrop.com/hotel/bio-agriturismo-il-vigno-capolona
info@agriturismoilcasotto.com,Il Casotto,https://www.hotelsdrop.com/hotel/il-casotto-capolona
federico.hadziefendic@gmail.com,Villa La Ginestra - Casa vacanze / Bed & breakfast,https://www.hotelsdrop.com/hotel/villa-la-ginestra-casa-vacanze-bed-breakfast-capolona
info@bigatt.com,Bigatt B&B,https://www.hotelsdrop.com/hotel/bigatt-b-b-caponago
info@camera40.it,Camera 40,https://www.hotelsdrop.com/hotel/camera-40-caponago
info@grow.green,Grow Green,https://www.hotelsdrop.com/hotel/grow-green-caponago
iltopaziomelzo@libero.it,Il Topazio B&B,https://www.hotelsdrop.com/hotel/il-topazio-b-b-caponago
info@anticadimoradeltratturomagno.it,Antica Dimora del Tratturo Magno,https://www.hotelsdrop.com/hotel/antica-dimora-del-tratturo-magno-caporciano
info@palazzodalessandro.it,Palazzo D'Alessandro Wunderkammer & Suites,https://www.hotelsdrop.com/hotel/palazzo-d-alessandro-wunderkammer-suites-caporciano
support@centralstay.eu,Al Chiaro di Luna B&B,https://www.hotelsdrop.com/hotel/al-chiaro-di-luna-b-b-caposele
bbsasindria@gmail.com,Sa Sindria - Cagliari,https://www.hotelsdrop.com/hotel/sa-sindria-cagliari-capoterra
giorgiasalamon6@gmail.com,Azienda Agrituristica La Giarda,https://www.hotelsdrop.com/hotel/azienda-agrituristica-la-giarda-cappadocia
guazzonizaccaria@gmail.com,Palazzo Guazzoni Zaccaria,https://www.hotelsdrop.com/hotel/palazzo-guazzoni-zaccaria-cappella-cantone
605a7baede844d278b89dc95ae0a9123@sentry-next.wixpress.com,Agriturismo Il Bosco,https://www.hotelsdrop.com/hotel/agriturismo-il-bosco-cappella-maggiore
info@valbare.it,Agriturismo ValBarè,https://www.hotelsdrop.com/hotel/agriturismo-valbare-cappella-maggiore
info@algiardinodeilaghi.com,B&B Al Giardino dei Laghi,https://www.hotelsdrop.com/hotel/b-b-al-giardino-dei-laghi-cappella-maggiore
info@sanmartinocolleumberto.it,B&B San Martino Colle Umberto,https://www.hotelsdrop.com/hotel/b-b-san-martino-colle-umberto-cappella-maggiore
info@cadeagondola.it,Cà Dea Gondola,https://www.hotelsdrop.com/hotel/ca-dea-gondola-cappella-maggiore
info@alexandershome.it,Alexander’s Home | B&B,https://www.hotelsdrop.com/hotel/alexander-s-home-b-b-cappelle-sul-tavo
info@bebraffaelloamare.it,B&B Raffaello a Mare,https://www.hotelsdrop.com/hotel/b-b-raffaello-a-mare-cappelle-sul-tavo
villamariamontesilvano@gmail.com,B&B VILLA MARIA,https://www.hotelsdrop.com/hotel/b-b-villa-maria-cappelle-sul-tavo
info@hotelexcelsiorabruzzo.com,Hotel Excelsior,https://www.hotelsdrop.com/hotel/hotel-excelsior-cappelle-sul-tavo
sofia.fernandez.dibattista@gmail.com,Le margherite,https://www.hotelsdrop.com/hotel/le-margherite-cappelle-sul-tavo
%20info@residencemarcopolo.it,Residence Marco Polo,https://www.hotelsdrop.com/hotel/residence-marco-polo-cappelle-sul-tavo
info@lacamia.com,B&B La Camia,https://www.hotelsdrop.com/hotel/b-b-la-camia-capracotta
elenaboccalone@gmail.com,B&b Masseria Cerasella,https://www.hotelsdrop.com/hotel/b-b-masseria-cerasella-capracotta
forconifabrizio@gmail.com,Agriturismo Podere Dell'Anselmo,https://www.hotelsdrop.com/hotel/agriturismo-podere-dell-anselmo-capraia-e-limite
ecommerce@tenutacantagallo.it,Agriturismo Tenuta Cantagallo,https://www.hotelsdrop.com/hotel/agriturismo-tenuta-cantagallo-capraia-e-limite
info@lacasadizefiro.it,B&B La Casa di Zefiro,https://www.hotelsdrop.com/hotel/b-b-la-casa-di-zefiro-capraia-e-limite
info@casaercoli.it,Casa Ercoli - B&B VINCI,https://www.hotelsdrop.com/hotel/casa-ercoli-b-b-vinci-capraia-e-limite
empolirooms@gmail.com,Empoli Rooms,https://www.hotelsdrop.com/hotel/empoli-rooms-capraia-e-limite
info@villalamalva.it,Villa la Malva,https://www.hotelsdrop.com/hotel/villa-la-malva-capraia-e-limite
info@alcasalegiallo.it,Al Casale Giallo B&B,https://www.hotelsdrop.com/hotel/al-casale-giallo-b-b-capranica
info@bbdeipapi.it,B&B dei Papi Boutique Hotel,https://www.hotelsdrop.com/hotel/b-b-dei-papi-boutique-hotel-capranica
johndoe@domain.com,Bed & Breakfast Le Bacette,https://www.hotelsdrop.com/hotel/bed-breakfast-le-bacette-capranica
info@villalatrinita.com,Relais Villa La Trinità,https://www.hotelsdrop.com/hotel/relais-villa-la-trinita-capranica
info@lasuitenegliorti.it,La Suite Negli Orti,https://www.hotelsdrop.com/hotel/la-suite-negli-orti-caprarica-di-lecce
info@masseriastali.it,"Masseria Stali, The Originals Relais",https://www.hotelsdrop.com/hotel/masseria-stali-the-originals-relais-caprarica-di-lecce
resciosrooms@gmail.com,Rescio's Rooms B&B,https://www.hotelsdrop.com/hotel/rescio-s-rooms-b-b-caprarica-di-lecce
ilvicolo.caprarola@gmail.com,Il Vicolo bed and breakfast,https://www.hotelsdrop.com/hotel/il-vicolo-bed-and-breakfast-caprarola
info@lavalledivico.it,La Valle di Vico | Agriturismo - Bed and Breakfast,https://www.hotelsdrop.com/hotel/la-valle-di-vico-agriturismo-bed-and-breakfast-caprarola
prenotazioni@leceregne.it,Agriturismo Le Ceregne Bio,https://www.hotelsdrop.com/hotel/agriturismo-le-ceregne-bio-caprese-michelangelo
info@poderetovari.com,AGRITURISMO PODERE TOVARI,https://www.hotelsdrop.com/hotel/agriturismo-podere-tovari-caprese-michelangelo
info@borgofaeta.com,Borgo Faeta Country Relais,https://www.hotelsdrop.com/hotel/borgo-faeta-country-relais-caprese-michelangelo
info@locandadelviandante.com,Locanda del Viandante Apartments&Pool - Valle di Mezzo,https://www.hotelsdrop.com/hotel/locanda-del-viandante-apartments-pool-valle-di-m-caprese-michelangelo
tuscanyvillaresort@outlook.com,Tuscany Villa Resort,https://www.hotelsdrop.com/hotel/tuscany-villa-resort-caprese-michelangelo
itapad2013@gmail.com,B&B Antica Capri,https://www.hotelsdrop.com/hotel/b-b-antica-capri-capri
bookings@montesolarocapri.com,Bed & Breakfast Monte Solaro,https://www.hotelsdrop.com/hotel/bed-breakfast-monte-solaro-capri
info@capriinn.it,Capri Inn,https://www.hotelsdrop.com/hotel/capri-inn-capri
info@villapolliocapri.com,Villa Pollio Guest House,https://www.hotelsdrop.com/hotel/villa-pollio-guest-house-capri
casagattina@yahoo.it,B&B Gàttina,https://www.hotelsdrop.com/hotel/b-b-gattina-capri-leone
viadelcarretto@gmail.com,La Via del Carretto - B&B,https://www.hotelsdrop.com/hotel/la-via-del-carretto-b-b-capri-leone
info@fichtenhof.it,Fichtenhof,https://www.hotelsdrop.com/hotel/fichtenhof-capriana
booking@garniedy.it,Hotel Garni Edy Daiano Cavalese,https://www.hotelsdrop.com/hotel/hotel-garni-edy-daiano-cavalese-capriana
info@masovalfloriana.com,Maso Valfloriana,https://www.hotelsdrop.com/hotel/maso-valfloriana-capriana
lacasadelmugnaio@gmail.com,B&B La Casa del Mugnaio,https://www.hotelsdrop.com/hotel/b-b-la-casa-del-mugnaio-capriata-d-orba
residenzanovi@gmail.com,Residenza Novi,https://www.hotelsdrop.com/hotel/residenza-novi-capriata-d-orba
nome@email.it,B&B - B2in Suite and Office,https://www.hotelsdrop.com/hotel/b-b-b2in-suite-and-office-capriate-san-gervasio
info@bebfamilyfirst.it,"B&B FAMILY FIRST, Piscina e Parco Giochi [Bed & Breakfast a Leolandia]",https://www.hotelsdrop.com/hotel/b-b-family-first-piscina-e-parco-giochi-bed-brea-capriate-san-gervasio
support@imcreator.com,B&B Cascina Dei Levrieri,https://www.hotelsdrop.com/hotel/b-b-cascina-dei-levrieri-capriglio
info@foresterialapaladina.it,La Paladina Foresteria Lombarda,https://www.hotelsdrop.com/hotel/la-paladina-foresteria-lombarda-caprino-bergamasco
elena.cortecaiar@gmail.com,CORTE CAIAR Bed&Breakfast,https://www.hotelsdrop.com/hotel/corte-caiar-bed-breakfast-caprino-veronese
info@poggiocaiar.it,POGGIO CAIAR Bed & Breakfast,https://www.hotelsdrop.com/hotel/poggio-caiar-bed-breakfast-caprino-veronese
relaisfontanarosa@gmail.com,Relais Fontana Rosa,https://www.hotelsdrop.com/hotel/relais-fontana-rosa-caprino-veronese
%20info@civico69franciacorta.com,B&B Civico 69 Franciacorta,https://www.hotelsdrop.com/hotel/b-b-civico-69-franciacorta-capriolo
casitamia19@gmail.com,Casitamia,https://www.hotelsdrop.com/hotel/casitamia-capriolo
info@lunasulcollio.it,B&B Luna sul Collio,https://www.hotelsdrop.com/hotel/b-b-luna-sul-collio-capriva-del-friuli
giardinidieva@yahoo.com,Giardini di Eva B&B,https://www.hotelsdrop.com/hotel/giardini-di-eva-b-b-capriva-del-friuli
info@marcofelluga.it,Relais Russiz Superiore,https://www.hotelsdrop.com/hotel/relais-russiz-superiore-capriva-del-friuli
info@bbcasadigraziaacapua.com,B&B Grazia Bed and Breakfast a Capua,https://www.hotelsdrop.com/hotel/b-b-grazia-bed-and-breakfast-a-capua-capua
info@bebportaroma.it,beb porta roma,https://www.hotelsdrop.com/hotel/beb-porta-roma-capua
sambasstays@gmail.com,Carioca Aparthotel,https://www.hotelsdrop.com/hotel/carioca-aparthotel-capua
info@casaaragona.it,Casa aragona b&b,https://www.hotelsdrop.com/hotel/casa-aragona-b-b-capua
info@royalresidence.it,Royal Residence,https://www.hotelsdrop.com/hotel/royal-residence-capua
taninobattista@gmail.com,casa dei nonni,https://www.hotelsdrop.com/hotel/casa-dei-nonni-capurso
dimoradelbali@gmail.com,Dimora del Balì,https://www.hotelsdrop.com/hotel/dimora-del-bali-capurso
info@ilcanticobeb.it,Il Cantico B&B,https://www.hotelsdrop.com/hotel/il-cantico-b-b-capurso
info@rosessuite.it,Roses Suite & Apartments,https://www.hotelsdrop.com/hotel/roses-suite-apartments-capurso
info@tenutabaroneresort.it,Tenuta Barone,https://www.hotelsdrop.com/hotel/tenuta-barone-capurso
info@ceratti.it,Agriturismo Ceratti,https://www.hotelsdrop.com/hotel/agriturismo-ceratti-caraffa-del-bianco
info@bebterredelsud.it,Bed and Breakfast Terre del Sud,https://www.hotelsdrop.com/hotel/bed-and-breakfast-terre-del-sud-caraffa-del-bianco
assistenza@webador.it,B&B Catanzaro Russo Rooms,https://www.hotelsdrop.com/hotel/b-b-catanzaro-russo-rooms-caraffa-di-catanzaro
info@googaia.it,B&B La Collina Dei Poeti,https://www.hotelsdrop.com/hotel/b-b-la-collina-dei-poeti-caraffa-di-catanzaro
info@bbmelina.it,B&B Melina Catanzaro Settingiano,https://www.hotelsdrop.com/hotel/b-b-melina-catanzaro-settingiano-caraffa-di-catanzaro
info@blu-marine.it,Blu Marine,https://www.hotelsdrop.com/hotel/blu-marine-caraffa-di-catanzaro
info@villamariabb.com,Villa Maria Bed & Breakfast,https://www.hotelsdrop.com/hotel/villa-maria-bed-breakfast-caraffa-di-catanzaro
infocascinarosa@gmail.com,Cascina Rosa,https://www.hotelsdrop.com/hotel/cascina-rosa-caraglio
info@virasol.it,Virasol B&B,https://www.hotelsdrop.com/hotel/virasol-b-b-caraglio
affittacamerefamigliado@gmail.com,Affittacamere Famiglia Do,https://www.hotelsdrop.com/hotel/affittacamere-famiglia-do-caramagna-piemonte
info@fattoriasocialepaideia.it,Fattoria Sociale Paideia - Caramagna Piemonte,https://www.hotelsdrop.com/hotel/fattoria-sociale-paideia-caramagna-piemonte-caramagna-piemonte
prenotazioni@hotelcercone.it,Hotel Cercone,https://www.hotelsdrop.com/hotel/hotel-cercone-caramanico-terme
info@lamaielletta.it,Hotel La Maielletta,https://www.hotelsdrop.com/hotel/hotel-la-maielletta-caramanico-terme
info@violahotel.it,"HOTEL VIOLA & PIZZERIA ""DAI VIOLA""",https://www.hotelsdrop.com/hotel/hotel-viola-pizzeria-dai-viola-caramanico-terme
contact@globostay.com,B&B '900,https://www.hotelsdrop.com/hotel/b-b-900-carapelle
bebmarilu.fg@gmail.com,B&B MariLù,https://www.hotelsdrop.com/hotel/b-b-marilu-carapelle
paolabuccinotti@gmail.com,Bunker degli inventori,https://www.hotelsdrop.com/hotel/bunker-degli-inventori-carapelle
info@dimorainfiore.it,Dimora in Fiore,https://www.hotelsdrop.com/hotel/dimora-in-fiore-carapelle
residenzadelsele@gmail.com,Residenza del Sele B&B Luxury,https://www.hotelsdrop.com/hotel/residenza-del-sele-b-b-luxury-carapelle
info@bb-laterrazza.it,B&B La Terrazza,https://www.hotelsdrop.com/hotel/b-b-la-terrazza-carasco
info@bbrivarola.it,B&B Rivarola al Tempo dei Castelli,https://www.hotelsdrop.com/hotel/b-b-rivarola-al-tempo-dei-castelli-carasco
info@dakota-ent.it,Ca' da Tollo B&B,https://www.hotelsdrop.com/hotel/ca-da-tollo-b-b-carasco
info@agriturismoannarella.it,Agriturismo Annarella,https://www.hotelsdrop.com/hotel/agriturismo-annarella-carassai
fattoriaceraunavolta@gmail.com,Agriturismo C'era una volta,https://www.hotelsdrop.com/hotel/agriturismo-c-era-una-volta-carassai
contatti@casavecchiomulino.it,Agriturismo La casa del vecchio mulino,https://www.hotelsdrop.com/hotel/agriturismo-la-casa-del-vecchio-mulino-carassai
agrit.lafavella@gmail.com,Agriturismo La Favella,https://www.hotelsdrop.com/hotel/agriturismo-la-favella-carassai
info@nonnopio.it,Agriturismo Nonno Pio,https://www.hotelsdrop.com/hotel/agriturismo-nonno-pio-carassai
info@sanprocolo.com,Camping San Procolo,https://www.hotelsdrop.com/hotel/camping-san-procolo-carassai
info@lacicalagriturismo.it,La Cicala Agriturismo,https://www.hotelsdrop.com/hotel/la-cicala-agriturismo-carassai
info@larosaelaviola.it,La Rosa e La Viola,https://www.hotelsdrop.com/hotel/la-rosa-e-la-viola-carassai
contatto@esempio.it,Locanda del Sole Agriturismo Ristorante Osteria Cucina Tradizionale Carne Marchigiana Alloggi Piscina Eventi,https://www.hotelsdrop.com/hotel/locanda-del-sole-agriturismo-ristorante-osteria-carassai
info@agriturismosangenesio.it,Agriturismo San Genesio,https://www.hotelsdrop.com/hotel/agriturismo-san-genesio-carate-brianza
info@casa-morelli.com,CASA MORELLI | Boutique Hotel in Brianza,https://www.hotelsdrop.com/hotel/casa-morelli-boutique-hotel-in-brianza-carate-brianza
info@locandalapiana.it,Locanda La Piana,https://www.hotelsdrop.com/hotel/locanda-la-piana-carate-brianza
info@acasadicamilla.it,B&B A Casa di Camilla,https://www.hotelsdrop.com/hotel/b-b-a-casa-di-camilla-carate-urio
info@ladarsenadirivagrande.com,Darsena di Riva Grande,https://www.hotelsdrop.com/hotel/darsena-di-riva-grande-carate-urio
info@rentallcomo.com,Una Terrazza da Sogno,https://www.hotelsdrop.com/hotel/una-terrazza-da-sogno-carate-urio
larosadellago@gmail.com,La Rosa Del Lago,https://www.hotelsdrop.com/hotel/la-rosa-del-lago-caravate
agriprimobacio@gmail.com,Agriturismo Primo Bacio - IT008019B56FLUOB9S,https://www.hotelsdrop.com/hotel/agriturismo-primo-bacio-it008019b56fluob9s-caravonica
bbinfinito@hotmail.it,B&B L'Infinito,https://www.hotelsdrop.com/hotel/b-b-l-infinito-carbognano
info@dimoresantamaria.it,Dimore Santa Maria,https://www.hotelsdrop.com/hotel/dimore-santa-maria-carbognano
contact@globostay.com,Ros's house,https://www.hotelsdrop.com/hotel/ros-s-house-carbognano
info@agriturismocascinasancarlo.com,Agriturismo Cascina San Carlo,https://www.hotelsdrop.com/hotel/agriturismo-cascina-san-carlo-carbonara-al-ticino
info@hotel.com,Raphaëlle Relais,https://www.hotelsdrop.com/hotel/raphaelle-relais-carbonara-di-nola
sette.mezzo@tiscali.it,Hotel Sette e Mezzo,https://www.hotelsdrop.com/hotel/hotel-sette-e-mezzo-carbone
leukosprenotazioni@gmail.com,Leukòs Bed and Breakfast,https://www.hotelsdrop.com/hotel/leukos-bed-and-breakfast-carbone
booking@acasadiita.it,A casa di Ita,https://www.hotelsdrop.com/hotel/a-casa-di-ita-carbonera
info@canziane.it,Bed and breakfast Canziane - Treviso,https://www.hotelsdrop.com/hotel/bed-and-breakfast-canziane-treviso-carbonera
%20info@royhotel.it,Hotel Roy Treviso,https://www.hotelsdrop.com/hotel/hotel-roy-treviso-carbonera
info@palazzina300.com,Palazzina 300,https://www.hotelsdrop.com/hotel/palazzina-300-carbonera
bebtrevisi27@gmail.com,Trevisi27,https://www.hotelsdrop.com/hotel/trevisi27-carbonera
delvialebnb@gmail.com,B&B Del Viale,https://www.hotelsdrop.com/hotel/b-b-del-viale-carbonia
ledunebedandbreakfast@gmail.com,B&B Le Dune,https://www.hotelsdrop.com/hotel/b-b-le-dune-carbonia
info@bblunablu.it,B&B Luna Blu,https://www.hotelsdrop.com/hotel/b-b-luna-blu-carbonia
bnboasi1@gmail.com,B&B Oasi,https://www.hotelsdrop.com/hotel/b-b-oasi-carbonia
bbdomusdejanas@gmail.com,BED and BREAKFAST Domus de Janas,https://www.hotelsdrop.com/hotel/bed-and-breakfast-domus-de-janas-carbonia
info@ilnidobeb.com,BED AND BREAKFAST IL Nido SANT'ANTIOCO,https://www.hotelsdrop.com/hotel/bed-and-breakfast-il-nido-sant-antioco-carbonia
prenotazioni@tzialillina.it,Tzia Lillina B&B,https://www.hotelsdrop.com/hotel/tzia-lillina-b-b-carbonia
info@acasadialfonso.com,A casa di Alfonso Malpensa Airport,https://www.hotelsdrop.com/hotel/a-casa-di-alfonso-malpensa-airport-cardano-al-campo
francesca.lebetulle@outlook.com,B&B Le Betulle,https://www.hotelsdrop.com/hotel/b-b-le-betulle-cardano-al-campo
angelabonomo1962@gmail.com,Cristel Malpensa Bed & Breakfast,https://www.hotelsdrop.com/hotel/cristel-malpensa-bed-breakfast-cardano-al-campo
bedfiera@gmail.com,Fly Bed - For,https://www.hotelsdrop.com/hotel/fly-bed-for-cardano-al-campo
francesca.lebetulle@outlook.com,La casa delle Betulle,https://www.hotelsdrop.com/hotel/la-casa-delle-betulle-cardano-al-campo
info@rada.homes,Le Quattro Stelle Villa CIN: IT012032B4U8Y7CGSB,https://www.hotelsdrop.com/hotel/le-quattro-stelle-villa-cin-it012032b4u8y7cgsb-cardano-al-campo
nuraghemurtarba@tiscali.it,Agriturismo Nuraghe Murtarba,https://www.hotelsdrop.com/hotel/agriturismo-nuraghe-murtarba-cardedu
info@perdaarrubia.it,Agriturismo Sa Perda Arrubia(Solo pernottamento e uso cucina in comune),https://www.hotelsdrop.com/hotel/agriturismo-sa-perda-arrubia-solo-pernottamento-cardedu
info@subarraccu.it,Agriturismo Su Barraccu,https://www.hotelsdrop.com/hotel/agriturismo-su-barraccu-cardedu
agriturudhis@gmail.com,Agriturismo Turudhis,https://www.hotelsdrop.com/hotel/agriturismo-turudhis-cardedu
bbcardedu.casamuseddu@gmail.com,B&B Cardedu,https://www.hotelsdrop.com/hotel/b-b-cardedu-cardedu
info@atmyhomebeb.com,@MYHOME,https://www.hotelsdrop.com/hotel/myhome-cardeto
alfaefi2@gmail.com,Alfa & Phi (prezzo ridotto per prenotazioni dirette),https://www.hotelsdrop.com/hotel/alfa-phi-prezzo-ridotto-per-prenotazioni-dirette-cardeto
info@paveansuites.com,Pavean Suites Frattaminore,https://www.hotelsdrop.com/hotel/pavean-suites-frattaminore-cardito
info@bbapochipassi.it,B&B A Pochi Passi,https://www.hotelsdrop.com/hotel/b-b-a-pochi-passi-card
info@aicappuccini.it,"B&B Guest House Ai Cappuccini, Noicattaro Ba",https://www.hotelsdrop.com/hotel/b-b-guest-house-ai-cappuccini-noicattaro-ba-card
info@apuliaaccommodation.it,B&B Relais Del Senatore,https://www.hotelsdrop.com/hotel/b-b-relais-del-senatore-card
a.galati2004@libero.it,Bed & Breakfast di Nonna Pina,https://www.hotelsdrop.com/hotel/bed-breakfast-di-nonna-pina-card
info@soffiodivento.it,Bed and Breakfast Soffio di Vento,https://www.hotelsdrop.com/hotel/bed-and-breakfast-soffio-di-vento-carema
info@dartemisia.it,d'ARTEmisia Chambre d'hôtes,https://www.hotelsdrop.com/hotel/d-artemisia-chambre-d-hotes-carema
info@sanmartinvda.it,San Martin Holidays Home,https://www.hotelsdrop.com/hotel/san-martin-holidays-home-carema
casamanaralatte@gmail.com,B&B L’Altro Tempo,https://www.hotelsdrop.com/hotel/b-b-l-altro-tempo-caresanablot
lacampeggia@unatresca.it,la Campeggia,https://www.hotelsdrop.com/hotel/la-campeggia-carezzano
info@almareacalabria.it,Almarea case vacanza,https://www.hotelsdrop.com/hotel/almarea-case-vacanza-carfizzi
info@bebnonnapina.it,"B&B ""Nonna Pina""",https://www.hotelsdrop.com/hotel/b-b-nonna-pina-carfizzi
info@bebmediterraneo.it,Mediterraneo bed and breakfast ed appartamenti,https://www.hotelsdrop.com/hotel/mediterraneo-bed-and-breakfast-ed-appartamenti-carfizzi
leanticheconce@gmail.com,Antiche Conce rooms,https://www.hotelsdrop.com/hotel/antiche-conce-rooms-cargeghe
sanlorenzocariati@gmail.com,B&B SAN LORENZO CARIATI,https://www.hotelsdrop.com/hotel/b-b-san-lorenzo-cariati-cariati
info@tramentaemeliga.it,Affittacamere Carignano: Tra Menta e Meliga,https://www.hotelsdrop.com/hotel/affittacamere-carignano-tra-menta-e-meliga-carignano
cappuccinigreenrelax@gmail.com,Cappuccini Green Relax,https://www.hotelsdrop.com/hotel/cappuccini-green-relax-carini
contatto@esempio.it,Dojo Idro rooms,https://www.hotelsdrop.com/hotel/dojo-idro-rooms-carini
hubcoworking24@gmail.com,HUB Rooms,https://www.hotelsdrop.com/hotel/hub-rooms-carini
info@masseriacampierti.it,Agriturismo Masseria Campierti,https://www.hotelsdrop.com/hotel/agriturismo-masseria-campierti-carinola
info@sinuessahotel.it,Hotel Sinuessa Terme,https://www.hotelsdrop.com/hotel/hotel-sinuessa-terme-carinola
info@villaceciliabeb.it,VILLA CECILIA BED AND BREAKFAST,https://www.hotelsdrop.com/hotel/villa-cecilia-bed-and-breakfast-carinola
bebcasadilia@gmail.com,B&B Casa di Lia,https://www.hotelsdrop.com/hotel/b-b-casa-di-lia-carisio
info@casailsasso.it,B&B Casa il Sasso Pinzolo,https://www.hotelsdrop.com/hotel/b-b-casa-il-sasso-pinzolo-carisolo
ciao@agriturismodegirolamo.it,Agriturismo De Girolamo (Equiturismo),https://www.hotelsdrop.com/hotel/agriturismo-de-girolamo-equiturismo-carlantino
oasidirosi@gmail.com%20,l'Oasi di Rosi - Affittacamere,https://www.hotelsdrop.com/hotel/l-oasi-di-rosi-affittacamere-carlantino
reservation@villaggiolagodorato.com,Villaggio turistico lago dorato,https://www.hotelsdrop.com/hotel/villaggio-turistico-lago-dorato-carlazzo
agriturismo@lechiuse.net,Agriturismo Le Chiuse,https://www.hotelsdrop.com/hotel/agriturismo-le-chiuse-carlentini
info@isantuzzi.com,i Santuzzi BeB,https://www.hotelsdrop.com/hotel/i-santuzzi-beb-carlentini
info@ilgiardinodelsole.it,Il Giardino del Sole,https://www.hotelsdrop.com/hotel/il-giardino-del-sole-carlentini
beblaterrazzadicirico@gmail.com,La Terrazza di Cirico',https://www.hotelsdrop.com/hotel/la-terrazza-di-cirico-carlentini
forestisrl@arubapec.it,Residenza Cuntin Carloforte,https://www.hotelsdrop.com/hotel/residenza-cuntin-carloforte-carloforte
info@trilliecobnb.com,Trilli EcoBnb,https://www.hotelsdrop.com/hotel/trilli-ecobnb-carloforte
info@ilsognidoro.it,Affittacamere Sogni d'Oro,https://www.hotelsdrop.com/hotel/affittacamere-sogni-d-oro-carlopoli
gaglianeseylenia@libero.it,B&B I Portici,https://www.hotelsdrop.com/hotel/b-b-i-portici-carlopoli
assistenza@webador.it,B&B La Casa Dama Guest-House,https://www.hotelsdrop.com/hotel/b-b-la-casa-dama-guest-house-carlopoli
giovannichiavazza@gmail.com,Trattoria Dei Due Citroni,https://www.hotelsdrop.com/hotel/trattoria-dei-due-citroni-carmagnola
info@terradinegroamaro.it,Terra di Negroamaro Agriturismo,https://www.hotelsdrop.com/hotel/terra-di-negroamaro-agriturismo-carmiano
%20info@frigionaia.it,Agriturismo Frigionaia,https://www.hotelsdrop.com/hotel/agriturismo-frigionaia-carmignano
capezzana@capezzana.it,Agriturismo La Fattoria di Capezzana,https://www.hotelsdrop.com/hotel/agriturismo-la-fattoria-di-capezzana-carmignano
info@damerini.it,Agriturismo Sotto la Rocca,https://www.hotelsdrop.com/hotel/agriturismo-sotto-la-rocca-carmignano
info@bnb-larocca.com,B&B La Rocca,https://www.hotelsdrop.com/hotel/b-b-la-rocca-carmignano
info@hotelvillasanmichele.com,"BB ""Al 21""",https://www.hotelsdrop.com/hotel/bb-al-21-carmignano
info@hotelvillasanmichele.com,Hotel Villa S. Michele,https://www.hotelsdrop.com/hotel/hotel-villa-s-michele-carmignano
cinzia@matana-bb.it,Matana B&B,https://www.hotelsdrop.com/hotel/matana-b-b-carmignano
ristorantetradate@gmail.com,Ristorante Tradate con Alloggio,https://www.hotelsdrop.com/hotel/ristorante-tradate-con-alloggio-carnago
info@rossiniluxury.it,B&B Rossini luxury 3,https://www.hotelsdrop.com/hotel/b-b-rossini-luxury-3-carolei
lacasettanelborgo7@gmail.com,La Casetta nel Borgo,https://www.hotelsdrop.com/hotel/la-casetta-nel-borgo-carolei
bbcampobase@gmail.com,B&B Campo Base,https://www.hotelsdrop.com/hotel/b-b-campo-base-carona
info@rifugioterrerosse.com,Rifugio Terrerosse Nuova Gestione 2023,https://www.hotelsdrop.com/hotel/rifugio-terrerosse-nuova-gestione-2023-carona
casavancanzecamastra@gmail.com,Casa Vacanze Camastra,https://www.hotelsdrop.com/hotel/casa-vacanze-camastra-caronia
lecasette91@libero.it,Casa Vacanze Le Casette,https://www.hotelsdrop.com/hotel/casa-vacanze-le-casette-caronia
ghe.sem.morazzone@gmail.com,B&B Ghe Sem Morazzone Storia e Tradizione,https://www.hotelsdrop.com/hotel/b-b-ghe-sem-morazzone-storia-e-tradizione-caronno-varesino
villamonterosa@gmail.com,B&B VillaMonterosa,https://www.hotelsdrop.com/hotel/b-b-villamonterosa-caronno-varesino
bbneresperienzepugliesi@gmail.com,B&B Nanze' e Rete' - Esperienze Pugliesi,https://www.hotelsdrop.com/hotel/b-b-nanze-e-rete-esperienze-pugliesi-carosino
info@sancataldohotel.it,San Cataldo Hotel,https://www.hotelsdrop.com/hotel/san-cataldo-hotel-carosino
info@resortarya.com,Arya Nobile Dimora,https://www.hotelsdrop.com/hotel/arya-nobile-dimora-carovigno
bebdemetracarovigno@gmail.com,Bed and Breakfast Demetra,https://www.hotelsdrop.com/hotel/bed-and-breakfast-demetra-carovigno
bbreadpiazza@gmail.com,BED&BREAD Piazza 'Nzegna,https://www.hotelsdrop.com/hotel/bed-bread-piazza-nzegna-carovigno
info@angelarosa.it,Casa Angela Rosa,https://www.hotelsdrop.com/hotel/casa-angela-rosa-carovigno
info@isolaverdeagriturismo.it,Isola Verde Agriturismo,https://www.hotelsdrop.com/hotel/isola-verde-agriturismo-carovigno
lacalettabb@gmail.com,La Caletta B&B,https://www.hotelsdrop.com/hotel/la-caletta-b-b-carovigno
snowakehouse@gmail.com,Snowake House,https://www.hotelsdrop.com/hotel/snowake-house-carovilli
info@campo-grande.com,Agriturismo Campogrande,https://www.hotelsdrop.com/hotel/agriturismo-campogrande-carpaneto-piacentino
info@ilbughetto.it,B&B Il Bughetto,https://www.hotelsdrop.com/hotel/b-b-il-bughetto-carpegna
bbpoggio@gmail.com,B&B IL POGGIO,https://www.hotelsdrop.com/hotel/b-b-il-poggio-carpegna
info@molinodelgobbo.com,B&B Molino Del Gobbo,https://www.hotelsdrop.com/hotel/b-b-molino-del-gobbo-carpegna
info.daltenente@gmail.com,Bed and Breakfast Dal Tenente - Caffè del Corso,https://www.hotelsdrop.com/hotel/bed-and-breakfast-dal-tenente-caffe-del-corso-carpegna
eben@eyebytes.com,Locanda al Coppo,https://www.hotelsdrop.com/hotel/locanda-al-coppo-carpegna
prenotazioni@poderefabbrani.it,Podere Fabbrani,https://www.hotelsdrop.com/hotel/podere-fabbrani-carpegna
info@casanelvicolo.it,Casa nel Vicolo,https://www.hotelsdrop.com/hotel/casa-nel-vicolo-carpenedolo
info@montebi.it,Agriturismo Montebi,https://www.hotelsdrop.com/hotel/agriturismo-montebi-carpeneto
info@casadormiveglia.com,B&B Casa Dormiveglia,https://www.hotelsdrop.com/hotel/b-b-casa-dormiveglia-carpeneto
info@cascinarosacamilla.it,B&B Cascina Rosa Camilla,https://www.hotelsdrop.com/hotel/b-b-cascina-rosa-camilla-carpeneto
juririsso37@gmail.com,Hotel Ristorante La Bruceta,https://www.hotelsdrop.com/hotel/hotel-ristorante-la-bruceta-carpeneto
605a7baede844d278b89dc95ae0a9123@sentry-next.wixpress.com,WineBikeHostel,https://www.hotelsdrop.com/hotel/winebikehostel-carpeneto
agrilastumina@gmail.com,Agriturismo La Stumina,https://www.hotelsdrop.com/hotel/agriturismo-la-stumina-carpi
beblafrancesa@gmail.com,B&B La Francesa,https://www.hotelsdrop.com/hotel/b-b-la-francesa-carpi
villadeicignireali@virgilio.it,B&B Villa dei Cigni Reali,https://www.hotelsdrop.com/hotel/b-b-villa-dei-cigni-reali-carpi
info@carpisuite.it,Carpi Suite – Appartamento B&B a Carpi,https://www.hotelsdrop.com/hotel/carpi-suite-appartamento-b-b-a-carpi-carpi
support@centralstay.eu,Da Maxim affittacamere,https://www.hotelsdrop.com/hotel/da-maxim-affittacamere-carpi
info@landito.it,L'Andito,https://www.hotelsdrop.com/hotel/l-andito-carpi
info@tenutakyrios.it,AGRITURISMO TENUTA KYRIOS,https://www.hotelsdrop.com/hotel/agriturismo-tenuta-kyrios-carpignano-salentino
info@caluraresidence.com,Calura Residence,https://www.hotelsdrop.com/hotel/calura-residence-carpignano-salentino
cortedeisalentini@gmail.com,Corte dei Salentini B&B,https://www.hotelsdrop.com/hotel/corte-dei-salentini-b-b-carpignano-salentino
info@masseriagiamarra.it,Masseria Giamarra,https://www.hotelsdrop.com/hotel/masseria-giamarra-carpignano-salentino
info@masseriasancosimo.it,Masseria San Cosimo Agriresort,https://www.hotelsdrop.com/hotel/masseria-san-cosimo-agriresort-carpignano-salentino
info2@salentoguesthouse.com,SALENTO GUESTHOUSE,https://www.hotelsdrop.com/hotel/salento-guesthouse-carpignano-salentino
info@hotelristoranteparco.it,Hotel Ristorante Pizzeria Parco,https://www.hotelsdrop.com/hotel/hotel-ristorante-pizzeria-parco-carpineti
apr.snc@gmail.com,Residence Albergo Tre Re,https://www.hotelsdrop.com/hotel/residence-albergo-tre-re-carpineti
info@villaclore.it,Villa Clorè Hotel & Spa,https://www.hotelsdrop.com/hotel/villa-clore-hotel-spa-carpineti
prenotazioni@almondbb.it,ALMOND B&B,https://www.hotelsdrop.com/hotel/almond-b-b-carpineto-della-nora
info@lalberodiantonia.it,B&B L'albero di Antonia,https://www.hotelsdrop.com/hotel/b-b-l-albero-di-antonia-carpineto-della-nora
info@lacasadelcasale.com,Bed and Breakfast La Casa del Casale,https://www.hotelsdrop.com/hotel/bed-and-breakfast-la-casa-del-casale-carpineto-della-nora
info@lacasadirinaldo.it,Bed and Breakfast La Casa di Rinaldo,https://www.hotelsdrop.com/hotel/bed-and-breakfast-la-casa-di-rinaldo-carpineto-della-nora
info@levallidelcerrano.com,Bed and Breakfast Le Valli del Cerrano,https://www.hotelsdrop.com/hotel/bed-and-breakfast-le-valli-del-cerrano-carpineto-della-nora
info@casaleadriatico.it,Casale Adriatico B&B,https://www.hotelsdrop.com/hotel/casale-adriatico-b-b-carpineto-della-nora
info@villaolimpia.com,B&B Villa Olimpia,https://www.hotelsdrop.com/hotel/b-b-villa-olimpia-carpineto-romano
assistenza@webador.it,Agriturismo Il Tratturo,https://www.hotelsdrop.com/hotel/agriturismo-il-tratturo-carpineto-sinello
info@bellavistavasto.it,B&B BellaVista,https://www.hotelsdrop.com/hotel/b-b-bellavista-carpineto-sinello
bebladimoragissi@gmail.com,B&B La Dimora,https://www.hotelsdrop.com/hotel/b-b-la-dimora-carpineto-sinello
bellavistagissi@gmail.com,Bella Vista B&B Gissi | Camere - Appartamenti Vacanze,https://www.hotelsdrop.com/hotel/bella-vista-b-b-gissi-camere-appartamenti-vacanz-carpineto-sinello
info@torrebruno.it,Agriturismo Torre Bruno,https://www.hotelsdrop.com/hotel/agriturismo-torre-bruno-carpino
info@donnaelena.it,B&B Donna Elena Vico del Gargano,https://www.hotelsdrop.com/hotel/b-b-donna-elena-vico-del-gargano-carpino
info@ctbelvedere.it,"Bed&Breakfast ""Belvedere""",https://www.hotelsdrop.com/hotel/bed-breakfast-belvedere-carpino
garganomareborghi@gmail.com,Garganomareborghi Vacanze,https://www.hotelsdrop.com/hotel/garganomareborghi-vacanze-carpino
info@holidaybb.net,Holiday B&B Vico Del Gargano,https://www.hotelsdrop.com/hotel/holiday-b-b-vico-del-gargano-carpino
carpinone.monte@gmail.com,Casa vacanze Quarto di Sopra,https://www.hotelsdrop.com/hotel/casa-vacanze-quarto-di-sopra-carpinone
info@alberica10.com,B&B Alberica10,https://www.hotelsdrop.com/hotel/b-b-alberica10-carrara
info@nannalia.it,B&B Nannalia,https://www.hotelsdrop.com/hotel/b-b-nannalia-carrara
info@residenzamarina.it,B&B Residenza Marina,https://www.hotelsdrop.com/hotel/b-b-residenza-marina-carrara
bbrossana1@gmail.com,B&B Rossana,https://www.hotelsdrop.com/hotel/b-b-rossana-carrara
sallysbnbit@gmail.com,Sally's B&B,https://www.hotelsdrop.com/hotel/sally-s-b-b-carrara
info@agriturismoilfilodipaglia.it,Agriturismo Il Filo di Paglia,https://www.hotelsdrop.com/hotel/agriturismo-il-filo-di-paglia-carro
info@torsivi.it,Agriturismo Torsivì,https://www.hotelsdrop.com/hotel/agriturismo-torsivi-carro
info@corallomoneglia.it,Hotel Bar Corallo Moneglia,https://www.hotelsdrop.com/hotel/hotel-bar-corallo-moneglia-carro
info@maison44.it,Maison44 Guesthouse Bar Bistrot,https://www.hotelsdrop.com/hotel/maison44-guesthouse-bar-bistrot-carro
contatto@esempio.it,Agriturismo Ghirlanda Norma Rita,https://www.hotelsdrop.com/hotel/agriturismo-ghirlanda-norma-rita-carrodano
info@ilghirodilevanto.it,B&B Il Ghiro,https://www.hotelsdrop.com/hotel/b-b-il-ghiro-carrodano
vistasulforte@gmail.com,Vista sul forte,https://www.hotelsdrop.com/hotel/vista-sul-forte-carrosio
info@mondoviridente.it,Duo Rooms,https://www.hotelsdrop.com/hotel/duo-rooms-carr
info@palazzofauzone.com,Palazzo Fauzone,https://www.hotelsdrop.com/hotel/palazzo-fauzone-carr
bassanosinfonia@gmail.com,Beb brekfast sinfonia,https://www.hotelsdrop.com/hotel/beb-brekfast-sinfonia-cartigliano
corniodellefronde@gmail.com,Bed And Breakfast Cornio delle Fronde,https://www.hotelsdrop.com/hotel/bed-and-breakfast-cornio-delle-fronde-cartoceto
casapartemio@gmail.com,"Casa Vacanze ""Il Monte"" CIN IT041010C2T5GVND3M",https://www.hotelsdrop.com/hotel/casa-vacanze-il-monte-cin-it041010c2t5gvnd3m-cartoceto
paolaceretti15@gmail.com,Agriturismo Luna di Miele,https://www.hotelsdrop.com/hotel/agriturismo-luna-di-miele-cartosio
bbsantalibera@gmail.com,B&B Santa Libera,https://www.hotelsdrop.com/hotel/b-b-santa-libera-cartosio
info@cascinaciosse.it,Cascina Ciosse,https://www.hotelsdrop.com/hotel/cascina-ciosse-cartosio
info@cacciatoricartosio.com,Ristorante Cacciatori di Milano Massimo,https://www.hotelsdrop.com/hotel/ristorante-cacciatori-di-milano-massimo-cartosio
welcomemilano.guesthouse@gmail.com,Welcome Milano Guest House,https://www.hotelsdrop.com/hotel/welcome-milano-guest-house-carugate
info@bebparadiso.it,B&B Paradiso,https://www.hotelsdrop.com/hotel/b-b-paradiso-carunchio
collinedelsole28@gmail.com,Colline del Sole,https://www.hotelsdrop.com/hotel/colline-del-sole-carunchio
info@abruzzocibus.com,Palazzo Tour D'Eau - Abruzzo Cibus,https://www.hotelsdrop.com/hotel/palazzo-tour-d-eau-abruzzo-cibus-carunchio
enteryour@addresshere.com,B&b e Ristorante Le Rose,https://www.hotelsdrop.com/hotel/b-b-e-ristorante-le-rose-carzano
lorenza.lg.lc@gmail.com,B&B Elisè,https://www.hotelsdrop.com/hotel/b-b-elise-carzano
info@masettoegidio.it,Masetto Egidio Eco-Agritur,https://www.hotelsdrop.com/hotel/masetto-egidio-eco-agritur-carzano
avvgiovanniiaconis_crotone@yahoo.itt\,Almaré B&B,https://www.hotelsdrop.com/hotel/almare-b-b-casabona
pitagoracrotone@libero.it,Bed & Breakfast Pitagora,https://www.hotelsdrop.com/hotel/bed-breakfast-pitagora-casabona
%20bbcastellokr@gmail.com,"Bed and Breakfast ""Castello""",https://www.hotelsdrop.com/hotel/bed-and-breakfast-castello-casabona
bbmagnagrecia@libero.it,"Bed and Breakfast ""Magna Grecia"" - Crotone",https://www.hotelsdrop.com/hotel/bed-and-breakfast-magna-grecia-crotone-casabona
beblognomo@libero.it,B&B Lo Gnomo,https://www.hotelsdrop.com/hotel/b-b-lo-gnomo-casacanditella
info@ranieribb.it,Ranieri Events and B&B,https://www.hotelsdrop.com/hotel/ranieri-events-and-b-b-casacanditella
afroditeguesthouse@gmail.com,Afrodite Guest House,https://www.hotelsdrop.com/hotel/afrodite-guest-house-casagiove
lefontanedelre@tim.it,Bed & Breakfast Le Fontane del Re,https://www.hotelsdrop.com/hotel/bed-breakfast-le-fontane-del-re-casagiove
info@lasostainsuite.it,La sosta in suite,https://www.hotelsdrop.com/hotel/la-sosta-in-suite-casal-di-principe
info@ilprofumodeisensi.it,Il Profumo dei Sensi,https://www.hotelsdrop.com/hotel/il-profumo-dei-sensi-casal-velino
info@pensionezioattilio.com,Pensione Zio Attilio,https://www.hotelsdrop.com/hotel/pensione-zio-attilio-casal-velino
support@webador.com,Agriturismo Arkadia,https://www.hotelsdrop.com/hotel/agriturismo-arkadia-casalanguida
info@lacostadeitrabocchi.it,Agriturismo La Costa dei Trabocchi,https://www.hotelsdrop.com/hotel/agriturismo-la-costa-dei-trabocchi-casalbordino
info@agririvomaris.it,Agriturismo Santo Stefano in Rivo Maris Casalbordino lido,https://www.hotelsdrop.com/hotel/agriturismo-santo-stefano-in-rivo-maris-casalbor-casalbordino
info@dimoraportanuova.it,B&B Dimora Portanuova,https://www.hotelsdrop.com/hotel/b-b-dimora-portanuova-casalbordino
borgosabelli@gmail.com,Borgo Sabelli,https://www.hotelsdrop.com/hotel/borgo-sabelli-casalbordino
info@iltremolardellamarina.it,Il Tremolar della Marina,https://www.hotelsdrop.com/hotel/il-tremolar-della-marina-casalbordino
info@selenebeb.it,Selene B&B,https://www.hotelsdrop.com/hotel/selene-b-b-casalbordino
info@viavai.to.it,Bed and breakfast - b&b Viavai,https://www.hotelsdrop.com/hotel/bed-and-breakfast-b-b-viavai-casalborgone
contatto@esempio.it,Ca'diFra b&b,https://www.hotelsdrop.com/hotel/ca-difra-b-b-casalborgone
info@casalborgone.com,Castello di Casalborgone,https://www.hotelsdrop.com/hotel/castello-di-casalborgone-casalborgone
info@emerotecadelnovecento.com,Emeroteca del 900,https://www.hotelsdrop.com/hotel/emeroteca-del-900-casalborgone
info@murike.it,Agriturismo Murikè,https://www.hotelsdrop.com/hotel/agriturismo-murike-casalbuono
nives.brizzi@gmail.com,B&B Tra i Laghi,https://www.hotelsdrop.com/hotel/b-b-tra-i-laghi-casale-corte-cerro
ilricciodiricciano@virgilio.it,Il riccio di Ricciano,https://www.hotelsdrop.com/hotel/il-riccio-di-ricciano-casale-corte-cerro
info@lacolombaracampandlodge.it,La Colombara Camp&Lodge,https://www.hotelsdrop.com/hotel/la-colombara-camp-lodge-casale-di-scodosia
casacerboneschi@gmail.com,B&B Casa Cerboneschi,https://www.hotelsdrop.com/hotel/b-b-casa-cerboneschi-casale-marittimo
info@fattoriadellagioiosa.it,Fattoria Podere i Luoghi,https://www.hotelsdrop.com/hotel/fattoria-podere-i-luoghi-casale-marittimo
info@ilpoggioagriturismo.it,Il Poggio,https://www.hotelsdrop.com/hotel/il-poggio-casale-marittimo
info@lecameredelborgo.it,Le Camere del Borgo,https://www.hotelsdrop.com/hotel/le-camere-del-borgo-casale-marittimo
info@sanbaiorelais.it,Relais San Baio - No Kids,https://www.hotelsdrop.com/hotel/relais-san-baio-no-kids-casale-marittimo
info@tuscanyresidence.it,Residence Le Fontanelle,https://www.hotelsdrop.com/hotel/residence-le-fontanelle-casale-marittimo
info@agriturismopoderesantarita.it,Ristorante & Agriturismo Podere Santa Rita,https://www.hotelsdrop.com/hotel/ristorante-agriturismo-podere-santa-rita-casale-marittimo
info@thelabs.it,THE LΛB™,https://www.hotelsdrop.com/hotel/the-l-b-casale-marittimo
villameryguesthouse@gmail.com,B&B Villa Mery guest house,https://www.hotelsdrop.com/hotel/b-b-villa-mery-guest-house-casale-monferrato
civico4.tv@gmail.com,Civico4,https://www.hotelsdrop.com/hotel/civico4-casale-sul-sile
info@dahotel.it,Hotel Duca D'Aosta,https://www.hotelsdrop.com/hotel/hotel-duca-d-aosta-casale-sul-sile
info@villairene.veneto.it,Villa Irene - luxury B&B,https://www.hotelsdrop.com/hotel/villa-irene-luxury-b-b-casale-sul-sile
caditrittoni@gmail.com,B&B Ca' di Trittoni,https://www.hotelsdrop.com/hotel/b-b-ca-di-trittoni-casalecchio-di-reno
info@lestanzedierika.it,B&B Le Stanze di Erika,https://www.hotelsdrop.com/hotel/b-b-le-stanze-di-erika-casalecchio-di-reno
chiusa.casalecchio.bb@gmail.com,Bed & Breakfast Chiusa di Casalecchio,https://www.hotelsdrop.com/hotel/bed-breakfast-chiusa-di-casalecchio-casalecchio-di-reno
contatto@esempio.it,Casa Gardel Appartamento per brevi periodi Bed and breakfast,https://www.hotelsdrop.com/hotel/casa-gardel-appartamento-per-brevi-periodi-bed-a-casalecchio-di-reno
cascinaburroni@gmail.com,Cascina Burroni Azienda agricola di Alessia Parodi,https://www.hotelsdrop.com/hotel/cascina-burroni-azienda-agricola-di-alessia-paro-casaleggio-boiro
support@villacometa.com,Villa Cometa,https://www.hotelsdrop.com/hotel/villa-cometa-casaleggio-novara
nome@email.com,Ai Tigli e La Casa Grande di Corte Italia,https://www.hotelsdrop.com/hotel/ai-tigli-e-la-casa-grande-di-corte-italia-casaleone
residenzastazione@gmail.com,Residenza Stazione,https://www.hotelsdrop.com/hotel/residenza-stazione-casaleone
info@ilcortileguesthouse.it,Il Cortile guesthouse Affitti brevi,https://www.hotelsdrop.com/hotel/il-cortile-guesthouse-affitti-brevi-casaletto-lodigiano
info@incantodiluna.it,Incanto di Luna,https://www.hotelsdrop.com/hotel/incanto-di-luna-casaletto-spartano
info@masseriacatacatascia.it,Masseria Agromusicale Cata Catascia,https://www.hotelsdrop.com/hotel/masseria-agromusicale-cata-catascia-casaletto-spartano
palazzomenghina@gmail.com,Palazzo Menghina,https://www.hotelsdrop.com/hotel/palazzo-menghina-casaletto-spartano
http://info@dozzahotel.it,Hotel Dozza,https://www.hotelsdrop.com/hotel/hotel-dozza-casalfiumanese
reservation@zappicyclinghotel.com,Zappi Cycling Hotel,https://www.hotelsdrop.com/hotel/zappi-cycling-hotel-casalfiumanese
agriturismoilcasalegrande@gmail.com,Agriturismo Il Casale Grande,https://www.hotelsdrop.com/hotel/agriturismo-il-casale-grande-casalgrande
locandariserva@gmail.com,La Riserva,https://www.hotelsdrop.com/hotel/la-riserva-casalgrande
info@laruotarooms.it,La Ruota Rooms,https://www.hotelsdrop.com/hotel/la-ruota-rooms-casalgrande
mailto.booking@boulevard900.it,Boulevard 900,https://www.hotelsdrop.com/hotel/boulevard-900-casalgrasso
info@morellihome.it,B&B Morelli Home,https://www.hotelsdrop.com/hotel/b-b-morelli-home-casali-del-manco
info@svevocosenza.it,B&B Svevo,https://www.hotelsdrop.com/hotel/b-b-svevo-casali-del-manco
info@centrosportivolorica.it,"Centro Sportivo lorica, B&BForesteria, Canoe, Pedalò, Bar Ristorante, Sala eventi, Terrazza panoramica.",https://www.hotelsdrop.com/hotel/centro-sportivo-lorica-b-bforesteria-canoe-pedal-casali-del-manco
info@dimoradematera.com,"Dimora ""De Matera""",https://www.hotelsdrop.com/hotel/dimora-de-matera-casali-del-manco
info@loricasuitelago.it,Lorica Suite Lago,https://www.hotelsdrop.com/hotel/lorica-suite-lago-casali-del-manco
giuseppe@lorichiamo.com,LorichiAmo B&b,https://www.hotelsdrop.com/hotel/lorichiamo-b-b-casali-del-manco
camere.agriturismograziosa@gmail.com,Agriturismo Cascina Graziosa AGMA,https://www.hotelsdrop.com/hotel/agriturismo-cascina-graziosa-agma-casalino
info@dachiappartamenti.com,Castramajora Alloggi,https://www.hotelsdrop.com/hotel/castramajora-alloggi-casalmaggiore
info@torrefazioneladycafe.com,TLcafè Hospitality B&B formula,https://www.hotelsdrop.com/hotel/tlcafe-hospitality-b-b-formula-casalmaggiore
info@residenceborromeo.com,Residence Borromeo Service,https://www.hotelsdrop.com/hotel/residence-borromeo-service-casalmaiocco
anticafornacesoresina@gmail.com,Agriturismo Antica Fornace,https://www.hotelsdrop.com/hotel/agriturismo-antica-fornace-casalmorano
cabiscott.mantova@gmail.com,Affittacamere Ca’ Biscòtt,https://www.hotelsdrop.com/hotel/affittacamere-ca-biscott-casalmoro
info@bbcasazzedream.it,B&B Casazze Dream,https://www.hotelsdrop.com/hotel/b-b-casazze-dream-casalmoro
lacasadellerondini302@gmail.com,B&B La Casa delle Rondini,https://www.hotelsdrop.com/hotel/b-b-la-casa-delle-rondini-casalmoro
pascolone@casapascolone.it,Bed and Breakfast Casa Pascolone,https://www.hotelsdrop.com/hotel/bed-and-breakfast-casa-pascolone-casalmoro
info@bebcasadelteatromantova.it,Foresteria Casa del Teatro,https://www.hotelsdrop.com/hotel/foresteria-casa-del-teatro-casalmoro
info@florebnb.com,Flore B&B,https://www.hotelsdrop.com/hotel/flore-b-b-casalnuovo-monterotaro
agriturismonuvolino@gmail.com,Agriturismo Nuvolino - Monzambano,https://www.hotelsdrop.com/hotel/agriturismo-nuvolino-monzambano-casaloldo
info@cortepomgrana.it,Corte Pomgrana' Bed and Breakfast,https://www.hotelsdrop.com/hotel/corte-pomgrana-bed-and-breakfast-casaloldo
info@bbpiacenza.com,B&B Antica Piacenza,https://www.hotelsdrop.com/hotel/b-b-antica-piacenza-casalpusterlengo
ing.francescoperi@gmail.com,Guest House Località Sorbara,https://www.hotelsdrop.com/hotel/guest-house-localita-sorbara-casalromano
gabriellaboggian@gmail.com,Al Casale B&B,https://www.hotelsdrop.com/hotel/al-casale-b-b-casalserugo
info@padovabnb.it,Room Garden,https://www.hotelsdrop.com/hotel/room-garden-casalserugo
domusantica@gmail.com,Domus Antica Guest House,https://www.hotelsdrop.com/hotel/domus-antica-guest-house-casaluce
info@ilcortilettodelborgo.it,il Cortiletto del Borgo,https://www.hotelsdrop.com/hotel/il-cortiletto-del-borgo-casalvecchio-di-puglia
info@bebpietramontecorvino.it,Vista Normanna,https://www.hotelsdrop.com/hotel/vista-normanna-casalvecchio-di-puglia
info@lalocandadegliamici.it,La Locanda degli amici,https://www.hotelsdrop.com/hotel/la-locanda-degli-amici-casalvecchio-siculo
mauparisi@hotmail.com,NUOVA AURORA Rent Rooms,https://www.hotelsdrop.com/hotel/nuova-aurora-rent-rooms-casalvecchio-siculo
info@castelcicala.com,B&B Castelcicala,https://www.hotelsdrop.com/hotel/b-b-castelcicala-casamarciano
info@bnbguarini.it,B&B Guarini,https://www.hotelsdrop.com/hotel/b-b-guarini-casamassima
prenotazioni@relaisdelmarchese.it,B&B Relais del Marchese,https://www.hotelsdrop.com/hotel/b-b-relais-del-marchese-casamassima
info@bb-viaroma.it,Bed & Breakfast Via Roma 15,https://www.hotelsdrop.com/hotel/bed-breakfast-via-roma-15-casamassima
prenotazioni@dimorarossi.it,Dimora Rossi,https://www.hotelsdrop.com/hotel/dimora-rossi-casamassima
palazzodidonna@gmail.com,Dimora Storica Palazzo Didonna,https://www.hotelsdrop.com/hotel/dimora-storica-palazzo-didonna-casamassima
info@holidayresidence.it,Holiday Residence di Michele Lucente,https://www.hotelsdrop.com/hotel/holiday-residence-di-michele-lucente-casamassima
beblamaison.acquaviva@gmail.com,La Maison,https://www.hotelsdrop.com/hotel/la-maison-casamassima
info@latorredeltempo.it,La Torre del Tempo,https://www.hotelsdrop.com/hotel/la-torre-del-tempo-casamassima
info@elpamas.com,Hotel El Pamas,https://www.hotelsdrop.com/hotel/hotel-el-pamas-casandrino
agriturismo.acanonica@gmail.com,Agriturismo A Canonica,https://www.hotelsdrop.com/hotel/agriturismo-a-canonica-casanova-lerrone
info@agriturismouspigu.it,Agriturismo U' Spigu Paravenna - Garlenda,https://www.hotelsdrop.com/hotel/agriturismo-u-spigu-paravenna-garlenda-casanova-lerrone
borgoameno@libero.it,Borgoameno,https://www.hotelsdrop.com/hotel/borgoameno-casanova-lerrone
info@villabarca.com,VILLA BARCA (Casa Carpe Diem),https://www.hotelsdrop.com/hotel/villa-barca-casa-carpe-diem-casanova-lerrone
contact@mysite.com,Residence Mirage,https://www.hotelsdrop.com/hotel/residence-mirage-caselle-torinese
bebvanvitelli@gmail.com,B&B Vanvitelli,https://www.hotelsdrop.com/hotel/b-b-vanvitelli-caserta
info@contespencer.it,Bed And Breakfast - Conte Spencer,https://www.hotelsdrop.com/hotel/bed-and-breakfast-conte-spencer-caserta
info@realborbone.it,Real Borbone,https://www.hotelsdrop.com/hotel/real-borbone-caserta
beb.carina@gmail.com,B&B Ca' Rina,https://www.hotelsdrop.com/hotel/b-b-ca-rina-casier
ranieri.g@live.it,Infinity House,https://www.hotelsdrop.com/hotel/infinity-house-casier
info@terredicasalia.it,Agriturismo Terre di Casalia,https://www.hotelsdrop.com/hotel/agriturismo-terre-di-casalia-casina
bebluvafragolina@gmail.com,Bed & Breakfast L'Uva Fragolina,https://www.hotelsdrop.com/hotel/bed-breakfast-l-uva-fragolina-casina
info@madonnadellacorte.com,Madonna della Corte,https://www.hotelsdrop.com/hotel/madonna-della-corte-casina
info@home4you.it,Home4you Treviglio,https://www.hotelsdrop.com/hotel/home4you-treviglio-casirate-d-adda
contatto@esempio.it,B&B ARCOBALENO,https://www.hotelsdrop.com/hotel/b-b-arcobaleno-caslino-d-erba
info@agriturismocadellago.com,Agriturismo Ca del Lago,https://www.hotelsdrop.com/hotel/agriturismo-ca-del-lago-casnate-con-bernate
info@agriturismozertin.com,AGRITURISMO ZERTIN,https://www.hotelsdrop.com/hotel/agriturismo-zertin-casnate-con-bernate
info@alciliegio.com,B&B Alciliegio,https://www.hotelsdrop.com/hotel/b-b-alciliegio-casnate-con-bernate
info@tenutaroncoregio.it,Tenuta Ronco Regio,https://www.hotelsdrop.com/hotel/tenuta-ronco-regio-casnate-con-bernate
k4b-am@kayak.com,La Vigna del Vento,https://www.hotelsdrop.com/hotel/la-vigna-del-vento-casola-di-napoli
info@villacasola.it,Villa Casola B&B,https://www.hotelsdrop.com/hotel/villa-casola-b-b-casola-di-napoli
larisorgiva.fivizzano@gmail.com,B&b La Risorgiva,https://www.hotelsdrop.com/hotel/b-b-la-risorgiva-casola-in-lunigiana
info@casavinicia.it,Casa Vinicia,https://www.hotelsdrop.com/hotel/casa-vinicia-casola-in-lunigiana
info@castellodifosdinovo.it,Castello Malaspina di Fosdinovo,https://www.hotelsdrop.com/hotel/castello-malaspina-di-fosdinovo-casola-in-lunigiana
info@agriturismodiladallacqua.it,podere groppini,https://www.hotelsdrop.com/hotel/podere-groppini-casola-in-lunigiana
info@agriturismocaminata.com,Agriturismo Caminata,https://www.hotelsdrop.com/hotel/agriturismo-caminata-casola-valsenio
info@agriturismomariano.it,Agriturismo Mariano,https://www.hotelsdrop.com/hotel/agriturismo-mariano-casola-valsenio
info@agriturismoicasali.com,Agriturismo I Casali,https://www.hotelsdrop.com/hotel/agriturismo-i-casali-casole-d-elsa
info@poderetremulini.it,Agriturismo Podere Tremulini,https://www.hotelsdrop.com/hotel/agriturismo-podere-tremulini-casole-d-elsa
info@borgoalcerro.com,Borgo al Cerro,https://www.hotelsdrop.com/hotel/borgo-al-cerro-casole-d-elsa
info@grecinella.com,Grecinella,https://www.hotelsdrop.com/hotel/grecinella-casole-d-elsa
info@madreselva.it,HOTEL LA SELVA - HOLISTIC HOTEL,https://www.hotelsdrop.com/hotel/hotel-la-selva-holistic-hotel-casole-d-elsa
info@poderemonti.net,Monti 1824 - Cottages & Apartments,https://www.hotelsdrop.com/hotel/monti-1824-cottages-apartments-casole-d-elsa
giovannarapino@gmail.com,B&B La Casa di Giò,https://www.hotelsdrop.com/hotel/b-b-la-casa-di-gio-casoli
lotushouselanciano@gmail.com,Lotus House Boutique B&b,https://www.hotelsdrop.com/hotel/lotus-house-boutique-b-b-casoli
margaret.bottini@gmail.com,Agriturismo Sant'Anna,https://www.hotelsdrop.com/hotel/agriturismo-sant-anna-casorate-sempione
info@beblafilanda.it,B&B La Filanda di Francesca Meneghin,https://www.hotelsdrop.com/hotel/b-b-la-filanda-di-francesca-meneghin-casorezzo
posta@sangiacomohorses.it,San Giacomo Horses & Agriturismo,https://www.hotelsdrop.com/hotel/san-giacomo-horses-agriturismo-casorezzo
stay@countryhousemontessino.com,Country House Montessino,https://www.hotelsdrop.com/hotel/country-house-montessino-casorzo-monferrato
cortebuenavista@gmail.com,Corte Buenavista Guest House,https://www.hotelsdrop.com/hotel/corte-buenavista-guest-house-casperia
info@relaisborgogentile.it,Relais Borgo Gentile,https://www.hotelsdrop.com/hotel/relais-borgo-gentile-casperia
webmaster@agarthisuites.com,Agarthi Suites,https://www.hotelsdrop.com/hotel/agarthi-suites-caspoggio
info@aduepassidalmondo.it,B&B A due passi dal mondo,https://www.hotelsdrop.com/hotel/b-b-a-due-passi-dal-mondo-cassago-brianza
prenotazioni@bblacasatadelprof.it,B&B La Casata del Prof,https://www.hotelsdrop.com/hotel/b-b-la-casata-del-prof-cassano-all-ionio
info@lacastellanacivita.it,B&B La Castellana,https://www.hotelsdrop.com/hotel/b-b-la-castellana-cassano-all-ionio
laghiroom@gmail.com,Laghi Room Only,https://www.hotelsdrop.com/hotel/laghi-room-only-cassano-all-ionio
agriturismotrepini@gmail.com,Agriturismo Tre Pini Cassano delle murge di Plantamura Felicia Antonia,https://www.hotelsdrop.com/hotel/agriturismo-tre-pini-cassano-delle-murge-di-plan-cassano-delle-murge
aracoeli20contatti@gmail.com,ARACOELI 20,https://www.hotelsdrop.com/hotel/aracoeli-20-cassano-delle-murge
info@finestresulborgo.it,Finestre sul Borgo,https://www.hotelsdrop.com/hotel/finestre-sul-borgo-cassano-delle-murge
ilcantuccio@gmail.com,Il Cantuccio,https://www.hotelsdrop.com/hotel/il-cantuccio-cassano-delle-murge
info@dimoredelgaribaldi.it,Le Dimore del Garibaldi,https://www.hotelsdrop.com/hotel/le-dimore-del-garibaldi-cassano-delle-murge
info@palazzo-novecento.com,Palazzo Novecento B&B,https://www.hotelsdrop.com/hotel/palazzo-novecento-b-b-cassano-delle-murge
info@runhouse07.it,Run House 07 Rooms & Apartments,https://www.hotelsdrop.com/hotel/run-house-07-rooms-apartments-cassano-delle-murge
info@agrihousedamarisa.it,Agriturismo Agrihouse Da Marisa,https://www.hotelsdrop.com/hotel/agriturismo-agrihouse-da-marisa-cassano-irpino
info@lafollonella.it,Agriturismo La Follonella,https://www.hotelsdrop.com/hotel/agriturismo-la-follonella-cassano-irpino
support@centralstay.eu,Vinea del Selvatico Cascina Agricola,https://www.hotelsdrop.com/hotel/vinea-del-selvatico-cascina-agricola-cassano-irpino
typesetit@att.net,Tenuta San Giorgio,https://www.hotelsdrop.com/hotel/tenuta-san-giorgio-cassano-spinola
broglia.azienda@broglia.it,Villa Girardengo,https://www.hotelsdrop.com/hotel/villa-girardengo-cassano-spinola
info@agriturismoportapantalica.eu,Agriturismo Porta Pantalica,https://www.hotelsdrop.com/hotel/agriturismo-porta-pantalica-cassaro
info@casavendicari.it,Casa Vendicari Boutique Hotel,https://www.hotelsdrop.com/hotel/casa-vendicari-boutique-hotel-cassaro
ciclaminosr@gmail.com,Ciclamino Siracusa（仙客来华夏旅馆）,https://www.hotelsdrop.com/hotel/ciclamino-siracusa-cassaro
ficopalasuites@gmail.com,FICOPALA SUITES,https://www.hotelsdrop.com/hotel/ficopala-suites-cassaro
basilicofood123@gmail.com,AGRITURISMO CA' DI FRANCHI',https://www.hotelsdrop.com/hotel/agriturismo-ca-di-franchi-cassiglio
agriturismocadiracc@hotmail.it,Agriturismo Ca' di Racc,https://www.hotelsdrop.com/hotel/agriturismo-ca-di-racc-cassiglio
alcasot@gmail.com,Agriturismo I Pascoli -Azienda Agricola Al Casot- cucina casalinga,https://www.hotelsdrop.com/hotel/agriturismo-i-pascoli-azienda-agricola-al-casot-cassiglio
info@adelche.it,B&B Adelché,https://www.hotelsdrop.com/hotel/b-b-adelche-cassiglio
sviluppoimmobiliaretim@gmail.com,Appartamenti LECCO per brevi periodi,https://www.hotelsdrop.com/hotel/appartamenti-lecco-per-brevi-periodi-cassina-valsassina
cascinacornella2014@gmail.com,B&B CASCINA CORNELLA CIN: IT097029C1OAXEL54H,https://www.hotelsdrop.com/hotel/b-b-cascina-cornella-cin-it097029c1oaxel54h-cassina-valsassina
borgodeipescatori.info@gmail.com,Borgo Dei Pescatori,https://www.hotelsdrop.com/hotel/borgo-dei-pescatori-cassina-valsassina
info@masozambo.com,Maso Zambo - Mountain Lodge and Restaurant,https://www.hotelsdrop.com/hotel/maso-zambo-mountain-lodge-and-restaurant-cassina-valsassina
rifugiobubbio@gmail.com,"Rifugio Escursionistico ex-scuola Grassi, Bubbio",https://www.hotelsdrop.com/hotel/rifugio-escursionistico-ex-scuola-grassi-bubbio-cassinasco
achillecava@gmail.com,Agriturismo il Buonvicino,https://www.hotelsdrop.com/hotel/agriturismo-il-buonvicino-cassine
webmaster@agriturismoamodomio.com,A Modo Mio,https://www.hotelsdrop.com/hotel/a-modo-mio-cassinelle
info@promoweb.me,Domus Cassino Centro,https://www.hotelsdrop.com/hotel/domus-cassino-centro-cassino
ilmagicorto@gmail.com,Agriturismo Il Magicorto,https://www.hotelsdrop.com/hotel/agriturismo-il-magicorto-cassola
info@tenutalapila.it,Tenuta la Pila - Agriturismo Verona,https://www.hotelsdrop.com/hotel/tenuta-la-pila-agriturismo-verona-castagnaro
info@gallinellaglamping.it,Agricamping La Gallinella,https://www.hotelsdrop.com/hotel/agricamping-la-gallinella-castagneto-carducci
info@relaislefornacelle.com,Relais Le Fornacelle,https://www.hotelsdrop.com/hotel/relais-le-fornacelle-castagneto-carducci
info@villacuriel.it,Villa Curiel,https://www.hotelsdrop.com/hotel/villa-curiel-castagneto-carducci
info@hotel-lameridiana.it,Hotel La Meridiana,https://www.hotelsdrop.com/hotel/hotel-la-meridiana-castagneto-po
bbcasamargot@gmail.com,B&B CASA MARGOT,https://www.hotelsdrop.com/hotel/b-b-casa-margot-castagnito
info@bbmarzia.it,B&B Marzia,https://www.hotelsdrop.com/hotel/b-b-marzia-castagnito
amabile@cascinabaresane.it,Cascina Baresane Da Amabile,https://www.hotelsdrop.com/hotel/cascina-baresane-da-amabile-castagnito
info@cascinacortine.com,Cascina Cortine,https://www.hotelsdrop.com/hotel/cascina-cortine-castagnito
info@dimoracortese.it,Dimora Cortese,https://www.hotelsdrop.com/hotel/dimora-cortese-castagnole-delle-lanze
discover@monvirelais.com,Monvì Wine Relais,https://www.hotelsdrop.com/hotel/monvi-wine-relais-castagnole-delle-lanze
vicoloalcastello.langhesuites@gmail.com,Vicolo Al Castello - Langhe e Monferrato Suites,https://www.hotelsdrop.com/hotel/vicolo-al-castello-langhe-e-monferrato-suites-castagnole-delle-lanze
info@villacristinasuite.it,Villa Cristina Suite,https://www.hotelsdrop.com/hotel/villa-cristina-suite-castagnole-delle-lanze
info@villa-perla.it,Villa Perla,https://www.hotelsdrop.com/hotel/villa-perla-castagnole-delle-lanze
office@lamondianese.com,La Mondianese D&Vine,https://www.hotelsdrop.com/hotel/la-mondianese-d-vine-castagnole-monferrato
bb.edera27@gmail.com,B&B Edera,https://www.hotelsdrop.com/hotel/b-b-edera-castagnole-piemonte
bbdelcorsocastano@gmail.com,B&B DEL CORSO,https://www.hotelsdrop.com/hotel/b-b-del-corso-castano-primo
info@imbeb.it,I’M B&B,https://www.hotelsdrop.com/hotel/i-m-b-b-castano-primo
info@villoresirooms.com,VILLORESI ROOMS,https://www.hotelsdrop.com/hotel/villoresi-rooms-castano-primo
beboltrepogloria@outlook.it,B&B Oltrepo di Albertini Gloria,https://www.hotelsdrop.com/hotel/b-b-oltrepo-di-albertini-gloria-casteggio
portierestella@hotmail.it,Agriturismo Masseria Portiere Stella,https://www.hotelsdrop.com/hotel/agriturismo-masseria-portiere-stella-castel-di-iudica
ilmiglioinpiu@yahoo.it,B&B Il Miglio In Più,https://www.hotelsdrop.com/hotel/b-b-il-miglio-in-piu-castel-di-lucio
info@heartofsicily.it,Exclusive Apartments in center,https://www.hotelsdrop.com/hotel/exclusive-apartments-in-center-castel-di-lucio
info@grandipgroup.com,La Rocca,https://www.hotelsdrop.com/hotel/la-rocca-castel-di-lucio
info@abadiahouse.it,a Badia,https://www.hotelsdrop.com/hotel/a-badia-castelbuono
info@bbportadellemadonie.it,B&B Porta Delle Madonie,https://www.hotelsdrop.com/hotel/b-b-porta-delle-madonie-castelbuono
info@bbtuliplotus.it,B&B TULIP LOTUS CASTELBUONO,https://www.hotelsdrop.com/hotel/b-b-tulip-lotus-castelbuono-castelbuono
villamletizia@alice.it,B&B Villa Letizia Inn,https://www.hotelsdrop.com/hotel/b-b-villa-letizia-inn-castelbuono
casegiannone@gmail.com,Bed and Breakfast Case Giannone,https://www.hotelsdrop.com/hotel/bed-and-breakfast-case-giannone-casteldaccia
roomgallettiinguaggiato@gmail.com,Room Galletti-Inguaggiato,https://www.hotelsdrop.com/hotel/room-galletti-inguaggiato-casteldaccia
solusbnb@gmail.com,Solus B&B,https://www.hotelsdrop.com/hotel/solus-b-b-casteldaccia
villainpalermo@gmail.com,Vile in Palermo,https://www.hotelsdrop.com/hotel/vile-in-palermo-casteldaccia
info@doncesarino.com,"Agriturismo ""Don Cesarino"" - Az. Agr. Ing. Dario Di Vincenzo",https://www.hotelsdrop.com/hotel/agriturismo-don-cesarino-az-agr-ing-dario-di-vin-castell-umberto
info@fattoriasanpio.it,Agriturismo Fattoria San Pio,https://www.hotelsdrop.com/hotel/agriturismo-fattoria-san-pio-castell-umberto
fontanapietra@gmail.com,Agriturismo Fontanapietra,https://www.hotelsdrop.com/hotel/agriturismo-fontanapietra-castell-umberto
info@agriturismolasorgentesinagra.it,AGRITURISMO LA SORGENTE,https://www.hotelsdrop.com/hotel/agriturismo-la-sorgente-castell-umberto
dcastano@fipporte.com,B&B Il Capitano,https://www.hotelsdrop.com/hotel/b-b-il-capitano-castell-umberto
me.gi.srls23@gmail.com,Tenuta Albachiara,https://www.hotelsdrop.com/hotel/tenuta-albachiara-castell-umberto
info@casedanna.it,Affittacamere Case D'Anna - Castellammare del Golfo,https://www.hotelsdrop.com/hotel/affittacamere-case-d-anna-castellammare-del-golf-castellammare-del-golfo
info@vacanzedelgolfo.it,B&B A Mare,https://www.hotelsdrop.com/hotel/b-b-a-mare-castellammare-del-golfo
info@lacasadelpittorepetralia.it,La Casa del Pittore di Petralia,https://www.hotelsdrop.com/hotel/la-casa-del-pittore-di-petralia-castellana-sicula
residenzaiportici@gmail.com,Residenza i Portici,https://www.hotelsdrop.com/hotel/residenza-i-portici-abbadia-cerreto
info@theviewtaormina.com,The View Luxury Apartments Taormina,https://www.hotelsdrop.com/hotel/the-view-luxury-apartments-taormina-castelmola
info@bbpalmentu.com,U Palmentu,https://www.hotelsdrop.com/hotel/u-palmentu-castelmola
info@villamabel.com,Villa Mabel Boutique Hotel,https://www.hotelsdrop.com/hotel/villa-mabel-boutique-hotel-castelmola
info@agrisicilia.it,Agrisicilia,https://www.hotelsdrop.com/hotel/agrisicilia-castelvetrano
pltmanagement@libero.it,B&B Camagna Country House,https://www.hotelsdrop.com/hotel/b-b-camagna-country-house-castelvetrano
info@iltempiodihera.com,B&B Il Tempio di Hera,https://www.hotelsdrop.com/hotel/b-b-il-tempio-di-hera-castelvetrano
info@baitanhotel.com,Baitan - Custom Experience Hotel,https://www.hotelsdrop.com/hotel/baitan-custom-experience-hotel-castelvetrano
salluzzo@gmail.com,Bed and Breakfast San Giovanni,https://www.hotelsdrop.com/hotel/bed-and-breakfast-san-giovanni-castelvetrano
info@palazzoalcarmine.it,Palazzo al Carmine Dimora Storica,https://www.hotelsdrop.com/hotel/palazzo-al-carmine-dimora-storica-castelvetrano
contatto@esempio.it,Animosa Suites,https://www.hotelsdrop.com/hotel/animosa-suites-castiglione-di-sicilia
info.iltanaceto@gmail.com,B&B - Country house- Il Tanaceto,https://www.hotelsdrop.com/hotel/b-b-country-house-il-tanaceto-castiglione-di-sicilia
carma.rooms@gmail.com,CarMa Luxury Rooms,https://www.hotelsdrop.com/hotel/carma-luxury-rooms-castiglione-di-sicilia
mariagiovanna.veroux@hotmail.it,Il Glicine,https://www.hotelsdrop.com/hotel/il-glicine-castiglione-di-sicilia
affittacamerearcodeisogni@gmail.com,L’ Arco dei Sogni,https://www.hotelsdrop.com/hotel/l-arco-dei-sogni-castiglione-di-sicilia
babilonia.ag.it@gmail.com%20,B&B Babilonia,https://www.hotelsdrop.com/hotel/b-b-babilonia-castrofilippo
info@nuovoborgotripi.it,B&b Nuovo Borgo,https://www.hotelsdrop.com/hotel/b-b-nuovo-borgo-castroreale
lacasettamilazzo@gmail.com,La Casetta B&B,https://www.hotelsdrop.com/hotel/la-casetta-b-b-castroreale
info@bblelefante.com,B&B l'Elefante,https://www.hotelsdrop.com/hotel/b-b-l-elefante-catania
info@badcatania.com,BAD - Bed & Breakfast and Design,https://www.hotelsdrop.com/hotel/bad-bed-breakfast-and-design-catania
info@palazzocerami.it,Bed & Breakfast Palazzo Cerami Catania,https://www.hotelsdrop.com/hotel/bed-breakfast-palazzo-cerami-catania-catania
info@charmesuites.it,Charme Catania Central Suites,https://www.hotelsdrop.com/hotel/charme-catania-central-suites-catania
info@etnasuiterooms.com,Etna Suite,https://www.hotelsdrop.com/hotel/etna-suite-catania
infopalazzosantalfano@gmail.com,Palazzo Sant'Alfano - B&B Catania centro storico,https://www.hotelsdrop.com/hotel/palazzo-sant-alfano-b-b-catania-centro-storico-catania
contact@globostay.com,San Giovanni Apartment - Guest House,https://www.hotelsdrop.com/hotel/san-giovanni-apartment-guest-house-catanzaro
valenti@bbdelcasale.com,B&B del Casale Valenti,https://www.hotelsdrop.com/hotel/b-b-del-casale-valenti-catenanuova
daidone_edoardo@hotmail.it,Beb Il Viandante di Edoardo Daidone,https://www.hotelsdrop.com/hotel/beb-il-viandante-di-edoardo-daidone-catenanuova
aduepassidal@gmail.com,B&b A due Passi dal sole,https://www.hotelsdrop.com/hotel/b-b-a-due-passi-dal-sole-cattolica-eraclea
bberacleaminoamare@gmail.com,Bed & Breakfast Eraclea Minoa Mare,https://www.hotelsdrop.com/hotel/bed-breakfast-eraclea-minoa-mare-cattolica-eraclea
torreletus@gmail.com,Torre Letus,https://www.hotelsdrop.com/hotel/torre-letus-cattolica-eraclea
info@emeraldcefalu.com,Emerald Hotel Residence Cefalu,https://www.hotelsdrop.com/hotel/emerald-hotel-residence-cefalu-cefal
bbleduesicilie@gmail.com,Le Due Sicilie B&B - CIN IT082044C1HCL3FJEB,https://www.hotelsdrop.com/hotel/le-due-sicilie-b-b-cin-it082044c1hcl3fjeb-cerda
leterredihimera@libero.it,Terre di Himera Sicily charming agriturismo near Cefalù with private jacuzzi,https://www.hotelsdrop.com/hotel/terre-di-himera-sicily-charming-agriturismo-near-cerda
info@villadeste.com,Villa d'Este,https://www.hotelsdrop.com/hotel/villa-d-este-cernobbio-lake-como
info@lescerze.it,"Agriturismo Borgagne ""Le Scerze""",https://www.hotelsdrop.com/hotel/agriturismo-borgagne-le-scerze-cesar
info@casadica.it,Casa di Ca Rooms,https://www.hotelsdrop.com/hotel/casa-di-ca-rooms-cesar
info@cesaranum.it,Cesaranum B&B,https://www.hotelsdrop.com/hotel/cesaranum-b-b-cesar
dearmarybeb@gmail.com,Dear Mary B&B,https://www.hotelsdrop.com/hotel/dear-mary-b-b-cesar
ladicesareventi@gmail.com,Là di Cesar - affittacamere,https://www.hotelsdrop.com/hotel/la-di-cesar-affittacamere-cesar
onlyfortwo@onlyfortwogiumbabulla.it,only for two giumbabulla home and spa,https://www.hotelsdrop.com/hotel/only-for-two-giumbabulla-home-and-spa-chiaramonte-gulfi
info@masseria-rossella.com,Agriturismo Masseria Rossella,https://www.hotelsdrop.com/hotel/agriturismo-masseria-rossella-chiusa-sclafani
info@ilciliegio-bandb.it,Il Ciliegio Locazione Turistica,https://www.hotelsdrop.com/hotel/il-ciliegio-locazione-turistica-chiusa-sclafani
prenotazioni@lecasedicardellino.it,Le Case di Cardellino - AgriSpa,https://www.hotelsdrop.com/hotel/le-case-di-cardellino-agrispa-chiusa-sclafani
info@daltritempi.it,B&B D'ALTRITEMPI - elegance in Cianciana,https://www.hotelsdrop.com/hotel/b-b-d-altritempi-elegance-in-cianciana-cianciana
giada@bnbilmarediterrasini.com,B&B Il Mare di Terrasini,https://www.hotelsdrop.com/hotel/b-b-il-mare-di-terrasini-cinisi
italyrental@outlook.com,Capo Rama Suites & Rooms,https://www.hotelsdrop.com/hotel/capo-rama-suites-rooms-cinisi
kunesias@live.it\,Kunesias B&B Cinisi,https://www.hotelsdrop.com/hotel/kunesias-b-b-cinisi-cinisi
info@terrasolebb.it,TerraSole Bakery B&B,https://www.hotelsdrop.com/hotel/terrasole-bakery-b-b-cinisi
info@alcarugio.it,Albergo Al Carugio (CIN:IT011019A1F9RJLJHZ),https://www.hotelsdrop.com/hotel/albergo-al-carugio-cin-it011019a1f9rjljhz-cinque-terre
margherita@hotelmonterosso.it,Hotel Margherita,https://www.hotelsdrop.com/hotel/hotel-margherita-cinque-terre
utente@dominio.com,Villino Wanda,https://www.hotelsdrop.com/hotel/villino-wanda-cinque-terre
info@tabarani.it,Agriturismo Case Tabarani,https://www.hotelsdrop.com/hotel/agriturismo-case-tabarani-collesano
agriturismodispenza@gmail.com,Agriturismo Dispenza,https://www.hotelsdrop.com/hotel/agriturismo-dispenza-collesano
605a7baede844d278b89dc95ae0a9123@sentry-next.wixpress.com,AZIENDA AGRICOLA ROCCA DI MEZZOGIORNO,https://www.hotelsdrop.com/hotel/azienda-agricola-rocca-di-mezzogiorno-collesano
info@parcocavalonga.it,Relais Parco Cavalonga Hotel,https://www.hotelsdrop.com/hotel/relais-parco-cavalonga-hotel-comiso
info@bebconfine.com,B&B Confine,https://www.hotelsdrop.com/hotel/b-b-confine-como
info@residenzacavour.it,B&B Residenza Cavour,https://www.hotelsdrop.com/hotel/b-b-residenza-cavour-como
info@bbvillaolmo.com,B&B Villa Olmo,https://www.hotelsdrop.com/hotel/b-b-villa-olmo-como
civico29como@gmail.com,Civico29 rooms&breakfast,https://www.hotelsdrop.com/hotel/civico29-rooms-breakfast-como
info@comoluxuryrooms.com,Como Luxury Rooms,https://www.hotelsdrop.com/hotel/como-luxury-rooms-como
info@comolakeholidayhome.com,Downtown Rooms,https://www.hotelsdrop.com/hotel/downtown-rooms-como
info@lestanzedellago.com,Le Stanze del Lago Suites&Pool,https://www.hotelsdrop.com/hotel/le-stanze-del-lago-suites-pool-como
info@santagatacomo.com,SantAgata Bed & Breakfast - Como,https://www.hotelsdrop.com/hotel/santagata-bed-breakfast-como-como
info@suiteslakecomo.com,Suites & Atelier Lake Como,https://www.hotelsdrop.com/hotel/suites-atelier-lake-como-como
info@alearooms.it,Aléa Rooms,https://www.hotelsdrop.com/hotel/alea-rooms-condr
booking@antichevoltelecce.com,Antiche Volte B&B,https://www.hotelsdrop.com/hotel/antiche-volte-b-b-condr
info@dimihouse.com,B&B Dimi House,https://www.hotelsdrop.com/hotel/b-b-dimi-house-condr
info@ilgiardinodellascuncerta.it,B&B Il Giardino della Scuncerta,https://www.hotelsdrop.com/hotel/b-b-il-giardino-della-scuncerta-condr
info@nididifeo.it,B&B Nidi di Feo,https://www.hotelsdrop.com/hotel/b-b-nidi-di-feo-condr
bnbfico@gmail.com,BnB FICO - B&B - Bed&Breakfast,https://www.hotelsdrop.com/hotel/bnb-fico-b-b-bed-breakfast-condr
dimoradeisalentini@gmail.com,Dimora dei Salentini B&B,https://www.hotelsdrop.com/hotel/dimora-dei-salentini-b-b-condr
info@distintolecce.it,Distinto Suite & Rooms B&B,https://www.hotelsdrop.com/hotel/distinto-suite-rooms-b-b-condr
riccardodedonno@libero.com,Five Rooms - Dimore Centro Lecce,https://www.hotelsdrop.com/hotel/five-rooms-dimore-centro-lecce-condr
cortile.lecce@gmail.com,Il Cortile Delle Esperidi B&B,https://www.hotelsdrop.com/hotel/il-cortile-delle-esperidi-b-b-condr
info@leccehouse.it,Lecce House B&B,https://www.hotelsdrop.com/hotel/lecce-house-b-b-condr
info@dimorasiqu.com,Dimora SIQU,https://www.hotelsdrop.com/hotel/dimora-siqu-contessa-entellina
info@villasalisa.com,Villa Salisà - Hotel Lido Fiori - Menfi,https://www.hotelsdrop.com/hotel/villa-salisa-hotel-lido-fiori-menfi-contessa-entellina
info@agrirelaisprincipespa.it,Agrirelais Principe SPA,https://www.hotelsdrop.com/hotel/agrirelais-principe-spa-corleone
mulinodiprada@gmail.com,B&B Mulino di Prada,https://www.hotelsdrop.com/hotel/b-b-mulino-di-prada-abbadia-cerreto
info@ancoracortina.com,Ancora Cortina,https://www.hotelsdrop.com/hotel/ancora-cortina-cortina-d-ampezzo
info@bbcasadorotei.com,B&B Casa Dorotei,https://www.hotelsdrop.com/hotel/b-b-casa-dorotei-cortina-d-ampezzo
booking@hotelcortina.com,Hotel Cortina,https://www.hotelsdrop.com/hotel/hotel-cortina-cortina-d-ampezzo
info@hotelcristallino.com,Hotel Cristallino d’Ampezzo,https://www.hotelsdrop.com/hotel/hotel-cristallino-d-ampezzo-cortina-d-ampezzo
info@hotelvillaneve.it,Hotel Meublè Villa Neve,https://www.hotelsdrop.com/hotel/hotel-meuble-villa-neve-cortina-d-ampezzo
hotel@montanacortina.it,Hotel Montana,https://www.hotelsdrop.com/hotel/hotel-montana-cortina-d-ampezzo
info@hotelpontechiesa.it,Hotel Pontechiesa,https://www.hotelsdrop.com/hotel/hotel-pontechiesa-cortina-d-ampezzo
info@hotelserenacortina.it,Hotel Serena,https://www.hotelsdrop.com/hotel/hotel-serena-cortina-d-ampezzo
info@villaalpina.it,Hotel Villa Alpina,https://www.hotelsdrop.com/hotel/hotel-villa-alpina-cortina-d-ampezzo
info@bbcoppola.com,B&B Coppola - San Vito Lo Capo,https://www.hotelsdrop.com/hotel/b-b-coppola-san-vito-lo-capo-custonaci
oleacastelluzzo@gmail.com,B&B Olea,https://www.hotelsdrop.com/hotel/b-b-olea-custonaci
info@tdsrent.it,Cala Buguto Hotel Ristorante,https://www.hotelsdrop.com/hotel/cala-buguto-hotel-ristorante-custonaci
info@catarin.it,Catarin,https://www.hotelsdrop.com/hotel/catarin-custonaci
hotelachibea@gmail.com,Hotel Achibea,https://www.hotelsdrop.com/hotel/hotel-achibea-custonaci
info@ilgiardinodellanonna.com,Il Giardino della Nonna,https://www.hotelsdrop.com/hotel/il-giardino-della-nonna-custonaci
iltramontobeb@gmail.com,Il Tramonto B&B,https://www.hotelsdrop.com/hotel/il-tramonto-b-b-custonaci
info@rotteesentieri.com,Rotte e Sentieri B&B,https://www.hotelsdrop.com/hotel/rotte-e-sentieri-b-b-custonaci
info@bebangelo.it,B&B ANGELO,https://www.hotelsdrop.com/hotel/b-b-angelo-delia
info@aziendeitalia.com,B&B Centro Sicilia Enna Centro,https://www.hotelsdrop.com/hotel/b-b-centro-sicilia-enna-centro-enna
doctorhousenna@tiscali.it,Doctor House,https://www.hotelsdrop.com/hotel/doctor-house-enna
ericeanticoborgo@gmail.com,Affittacamere Antico Borgo Erice,https://www.hotelsdrop.com/hotel/affittacamere-antico-borgo-erice-erice
info@bellavistaerice.it,B&B Bella vista,https://www.hotelsdrop.com/hotel/b-b-bella-vista-erice
ericemare@libero.it,B&B Erice Mare,https://www.hotelsdrop.com/hotel/b-b-erice-mare-erice
sanmartinoresidenceerice@gmail.com,Residenza San Martino,https://www.hotelsdrop.com/hotel/residenza-san-martino-erice
info@labrezzabeb.it,La Brezza B & B,https://www.hotelsdrop.com/hotel/la-brezza-b-b-falcone
info@lesuitediviaveneto.it,Le Suite Di Via Veneto,https://www.hotelsdrop.com/hotel/le-suite-di-via-veneto-favara
info@ajamola.it,Ajamola '800,https://www.hotelsdrop.com/hotel/ajamola-800-favignana
bebscalovecchio@tiscali.it,B&B Scalo Vecchio,https://www.hotelsdrop.com/hotel/b-b-scalo-vecchio-favignana
info@bebsulmare.com,Bed & Breakfast Sulmare Marettimo,https://www.hotelsdrop.com/hotel/bed-breakfast-sulmare-marettimo-favignana
info@dimoralatorre.it,Dimora La Torre Room,https://www.hotelsdrop.com/hotel/dimora-la-torre-room-favignana
casevacanzeilcorallorosso@gmail.com,Il Corallo Rosso,https://www.hotelsdrop.com/hotel/il-corallo-rosso-favignana
info@ilmulinofavignana.it,Il Mulino,https://www.hotelsdrop.com/hotel/il-mulino-favignana
booking@borgodelcarato.com,Borgo del Carato Case Sollima,https://www.hotelsdrop.com/hotel/borgo-del-carato-case-sollima-ferla
ficodindiarooms@gmail.com,Ficodindia rooms Sortino Pantalica,https://www.hotelsdrop.com/hotel/ficodindia-rooms-sortino-pantalica-ferla
info@oasis-acitrezza.com,B&B Oasis - Acitrezza,https://www.hotelsdrop.com/hotel/b-b-oasis-acitrezza-ficarazzi
palazzocorselli@gmail.com,B&B Palazzo Corselli,https://www.hotelsdrop.com/hotel/b-b-palazzo-corselli-ficarazzi
info@bebfirenzecentro.it,3B Bed and Breakfast Firenze Centro,https://www.hotelsdrop.com/hotel/3b-bed-and-breakfast-firenze-centro-firenze
florence@fourseasons.com,Four Seasons Hotel Firenze,https://www.hotelsdrop.com/hotel/four-seasons-hotel-firenze
info@hotelbrunelleschi.it,Hotel Brunelleschi,https://www.hotelsdrop.com/hotel/hotel-brunelleschi-firenze
hoteldaliflorence@gmail.com,Hotel Dali,https://www.hotelsdrop.com/hotel/hotel-dali-firenze
info@ilmercatocentrale.it,Il Mercato Centrale B and B,https://www.hotelsdrop.com/hotel/il-mercato-centrale-b-and-b-firenze
lafonderiafirenzebb@gmail.com,La Fonderia Firenze Bed and Breakfast in Florence,https://www.hotelsdrop.com/hotel/la-fonderia-firenze-bed-and-breakfast-in-florenc-firenze
info@florenceluxuryhome.com,Oltrarno VM48 by Florence Luxury Home,https://www.hotelsdrop.com/hotel/oltrarno-vm48-by-florence-luxury-home-firenze
info@palazzobiancacappello.com,Palazzo Bianca Cappello - Residenza d'Epoca,https://www.hotelsdrop.com/hotel/palazzo-bianca-cappello-residenza-d-epoca-firenze
info@palazzoridolfi.com,Palazzo Ridolfi - Residenza d'Epoca,https://www.hotelsdrop.com/hotel/palazzo-ridolfi-residenza-d-epoca-firenze
info@pontenani.com,Residenza Marchesi Pontenani,https://www.hotelsdrop.com/hotel/residenza-marchesi-pontenani-firenze
info@sognandofirenze.it,Sognando Firenze Bed & Breakfast,https://www.hotelsdrop.com/hotel/sognando-firenze-bed-breakfast-firenze
infoabsoluteflorence@gmail.com,Spirit of Florence Boutique Rooms,https://www.hotelsdrop.com/hotel/spirit-of-florence-boutique-rooms-firenze
info@residenzatoscanelli.com,Toscanelli Residenza d'Epoca,https://www.hotelsdrop.com/hotel/toscanelli-residenza-d-epoca-firenze
castellodalcontres@gmail.com,Castello D'Alcontres B&B,https://www.hotelsdrop.com/hotel/castello-d-alcontres-b-b-fiumedinisi
info@ilcovodeire.it,Il Covo dei Re,https://www.hotelsdrop.com/hotel/il-covo-dei-re-fiumedinisi
info@oasidelfiumefreddo.it,Agriturismo Oasi del Fiumefreddo,https://www.hotelsdrop.com/hotel/agriturismo-oasi-del-fiumefreddo-fiumefreddo-di-sicilia
info@casapaolo.it,B&B Casa Paolo,https://www.hotelsdrop.com/hotel/b-b-casa-paolo-fiumefreddo-di-sicilia
info@feudogrande.it,Feudogrande Bio Relais Hotel,https://www.hotelsdrop.com/hotel/feudogrande-bio-relais-hotel-fiumefreddo-di-sicilia
vedaelegantrooms@gmail.com,Veda Elegant Rooms b&b casa vacanze hotel con piscina zona taormina,https://www.hotelsdrop.com/hotel/veda-elegant-rooms-b-b-casa-vacanze-hotel-con-pi-fiumefreddo-di-sicilia
info@ponteduearchi.it,Agriturismo Ponte Due Archi,https://www.hotelsdrop.com/hotel/agriturismo-ponte-due-archi-floresta
borgoanticomontalbano@gmail.com,ALBERGO DIFFUSO MONTALBANO BORGO ANTICO,https://www.hotelsdrop.com/hotel/albergo-diffuso-montalbano-borgo-antico-floresta
lepoiane@live.it,B&B Le Poiane,https://www.hotelsdrop.com/hotel/b-b-le-poiane-floresta
dottoreaugusto@yahoo.it,Camping Agatos,https://www.hotelsdrop.com/hotel/camping-agatos-floresta
info@addauro.com,Addauro Resort,https://www.hotelsdrop.com/hotel/addauro-resort-floridia
info@agriturismosantelia.it,Agriturismo Sant'Elia,https://www.hotelsdrop.com/hotel/agriturismo-sant-elia-floridia
info@bbmediterraneo.com,B&B Mediterraneo,https://www.hotelsdrop.com/hotel/b-b-mediterraneo-floridia
info@bbkosmos.it,Bed & Breakfast Kosmos,https://www.hotelsdrop.com/hotel/bed-breakfast-kosmos-floridia
info@italianaresort.it,Italiana Resort Maniace,https://www.hotelsdrop.com/hotel/italiana-resort-maniace-floridia
alvicolettohouse@gmail.com,Al Vicoletto House,https://www.hotelsdrop.com/hotel/al-vicoletto-house-forza-d-agr
info@bbmareagro.com,B&B MareAgró,https://www.hotelsdrop.com/hotel/b-b-mareagro-forza-d-agr
domusmeasicily@gmail.com,Domus Mea,https://www.hotelsdrop.com/hotel/domus-mea-forza-d-agr
info@oreadi.it,Le Oreadi,https://www.hotelsdrop.com/hotel/le-oreadi-francavilla-di-sicilia
//info@castellocamemi.com,Castello Camemi,https://www.hotelsdrop.com/hotel/castello-camemi-francofonte
ferulaloftsortino@gmail.comseguici,Ferula loft Sortino Pantalica,https://www.hotelsdrop.com/hotel/ferula-loft-sortino-pantalica-francofonte
info@furriabeb.com,Furrìa - bed & breakfast,https://www.hotelsdrop.com/hotel/furria-bed-breakfast-francofonte
infoladimoradellegrazie@gmail.com,B&B La Dimora delle Grazie,https://www.hotelsdrop.com/hotel/b-b-la-dimora-delle-grazie-frazzan
info@bebluxurylecce.it,Luxury B&B,https://www.hotelsdrop.com/hotel/luxury-b-b-frazzan
whitesuitebed@gmail.com,White Suite B&B Lecce,https://www.hotelsdrop.com/hotel/white-suite-b-b-lecce-frazzan
info@agri.me.it,AGRITURISMO AGRI,https://www.hotelsdrop.com/hotel/agriturismo-agri-furnari
prenotazioni@portorosaresidence.com,Corallo Residence Portorosa,https://www.hotelsdrop.com/hotel/corallo-residence-portorosa-furnari
info@portorosavillage.com,Portorosa Village,https://www.hotelsdrop.com/hotel/portorosa-village-furnari
info@alcantaranaturaresort.it,Bed and Breakfast Alcantara Natura,https://www.hotelsdrop.com/hotel/bed-and-breakfast-alcantara-natura-gaggi
info@hotelvillanefele.com,Hotel Villa Nefele,https://www.hotelsdrop.com/hotel/hotel-villa-nefele-gaggi
newnaxosvillage@gmail.com,New Naxos Village,https://www.hotelsdrop.com/hotel/new-naxos-village-gaggi
user@company.com,Sicily in Love,https://www.hotelsdrop.com/hotel/sicily-in-love-gaggi
info@villaseta.com,Villa Seta Bed & Breakfast,https://www.hotelsdrop.com/hotel/villa-seta-bed-breakfast-gaggi
annasod7@gmail.com,A-MURI b&b,https://www.hotelsdrop.com/hotel/a-muri-b-b-gangi
borgobuonanotte@libero.it,Antico Borgo Buonanotte,https://www.hotelsdrop.com/hotel/antico-borgo-buonanotte-gangi
info@bebsantaluciagangi.it,Santa Lucia B&B,https://www.hotelsdrop.com/hotel/santa-lucia-b-b-gangi
info@lapiazzettarooms.com,B&B La Piazzetta Rooms,https://www.hotelsdrop.com/hotel/b-b-la-piazzetta-rooms-genova
info@guesthouseroma.net,"Guest house Roma, Genova",https://www.hotelsdrop.com/hotel/guest-house-roma-genova-genova
homegrifondoro@hotmail.com,Home Grifondoro,https://www.hotelsdrop.com/hotel/home-grifondoro-genova
info@hotelgenovaliberty.it,Hotel Genova Liberty,https://www.hotelsdrop.com/hotel/hotel-genova-liberty-genova
info@bblapiazzettaischia.it,B&B La Piazzetta,https://www.hotelsdrop.com/hotel/b-b-la-piazzetta-ischia
info@bludalia.it,Blu D’Alia Exclusive Rooms,https://www.hotelsdrop.com/hotel/blu-d-alia-exclusive-rooms-ischia
liferooms212@gmail.com,Liferooms,https://www.hotelsdrop.com/hotel/liferooms-ischia
info@relaisbijouxischia.it,Relais Bijoux Bed and Breakfast - Isola d'Ischia,https://www.hotelsdrop.com/hotel/relais-bijoux-bed-and-breakfast-isola-d-ischia-ischia
info@villabinaischia.com,Villa Bina Sea Hotel,https://www.hotelsdrop.com/hotel/villa-bina-sea-hotel-ischia
villalietaischia@gmail.com,Villa Lieta,https://www.hotelsdrop.com/hotel/villa-lieta-ischia
info@arcovecchio.it,Arco Vecchio Urban Suite - Epoca Collection,https://www.hotelsdrop.com/hotel/arco-vecchio-urban-suite-epoca-collection-lecce
aedesresort@gmail.com,B&B Aedes - Il Giardino dei Sogni,https://www.hotelsdrop.com/hotel/b-b-aedes-il-giardino-dei-sogni-lecce
info@preziosolecce.it,B&B Prezioso Suites & Rooms Lecce,https://www.hotelsdrop.com/hotel/b-b-prezioso-suites-rooms-lecce-lecce
donnateresabedandbreakfast@gmail.com,Bed & Breakfast DONNA TERESA Guest House Lecce,https://www.hotelsdrop.com/hotel/bed-breakfast-donna-teresa-guest-house-lecce-lecce
info@labellalecce.it,La Bella Lecce B&B,https://www.hotelsdrop.com/hotel/la-bella-lecce-b-b-lecce
accoglienza@beb-leccesalento.com,LecceSalento B&B,https://www.hotelsdrop.com/hotel/leccesalento-b-b-lecce
info@nonnaiole.it,Nonna Jole B&B,https://www.hotelsdrop.com/hotel/nonna-jole-b-b-lecce
info@palazzobignami.com,Palazzo Bignami B&B,https://www.hotelsdrop.com/hotel/palazzo-bignami-b-b-lecce
info@palazzomaresgallo.com,Palazzo Maresgallo Suites & Spa,https://www.hotelsdrop.com/hotel/palazzo-maresgallo-suites-spa-lecce
gabriellabonaiti78@gmail.com,B&B Acqua Dolce. CIN IT097042C1FHQLWUK,https://www.hotelsdrop.com/hotel/b-b-acqua-dolce-cin-it097042c1fhqlwuk-abbadia-lariana
info@illagodipinto.it,B&B Il Lago Dipinto - Lecco,https://www.hotelsdrop.com/hotel/b-b-il-lago-dipinto-lecco-abbadia-lariana
info@casadilucio.it,Foresteria - Casa di Lucio,https://www.hotelsdrop.com/hotel/foresteria-casa-di-lucio-abbadia-cerreto
info@nonna-adriana.com,Guest house Nonna Adriana,https://www.hotelsdrop.com/hotel/guest-house-nonna-adriana-lucca
receptionilpontelucca@gmail.com,Il Ponte Affittacamere,https://www.hotelsdrop.com/hotel/il-ponte-affittacamere-lucca
lecameredicaterina@gmail.com,Le Camere di Caterina,https://www.hotelsdrop.com/hotel/le-camere-di-caterina-lucca
info@allatorredelbarbarossa.it,Alla Torre del Barbarossa B&B,https://www.hotelsdrop.com/hotel/alla-torre-del-barbarossa-b-b-abbadia-lariana
info@bbcasadellamusica.com,"B&B/FORESTERIA ""CASA DELLA MUSICA LAKE VIEW"" (codice CIN IT097046B4DSJ6PQGQ)",https://www.hotelsdrop.com/hotel/b-b-foresteria-casa-della-musica-lake-view-codic-abbadia-lariana
agliarchidimorestoriche@gmail.com,Agli Archi Dimore Storiche,https://www.hotelsdrop.com/hotel/agli-archi-dimore-storiche-matera
info@anticamateola.it,Antica Mateola Rooms & Suites,https://www.hotelsdrop.com/hotel/antica-mateola-rooms-suites-matera
ilredegliscalzi@gmail.com,Il Re degli Scalzi - Rooms in Matera,https://www.hotelsdrop.com/hotel/il-re-degli-scalzi-rooms-in-matera-matera
ineoutmatera@gmail.com,IN & OUT Matera b&b Affittacamere Residence,https://www.hotelsdrop.com/hotel/in-out-matera-b-b-affittacamere-residence-matera
info@lacasadiele.it,La Casa di Ele,https://www.hotelsdrop.com/hotel/la-casa-di-ele-matera
info@livingstonematera.it,Livingstone b&b,https://www.hotelsdrop.com/hotel/livingstone-b-b-matera
myricaematera@gmail.com,Myricae Affittacamere-Bed and breakfast Matera,https://www.hotelsdrop.com/hotel/myricae-affittacamere-bed-and-breakfast-matera-matera
info@stonerooms.it,stone rooms,https://www.hotelsdrop.com/hotel/stone-rooms-matera
info@tenutamargitello.com,Agriturismo Tenuta Margitello,https://www.hotelsdrop.com/hotel/agriturismo-tenuta-margitello-mazzarrone
info@gghotel.it,G&G Hotel,https://www.hotelsdrop.com/hotel/g-g-hotel-mazzarrone
ronnavona@gmail.com,Ronnavona Casa Vacanze B&B,https://www.hotelsdrop.com/hotel/ronnavona-casa-vacanze-b-b-mazzarrone
info@rosengartenbz.com,Manzoni Rooms,https://www.hotelsdrop.com/hotel/manzoni-rooms-merano
info@garibaldimessina.it,Garibaldi R&B Messina,https://www.hotelsdrop.com/hotel/garibaldi-r-b-messina-messina
info@isolamessina.com,ISOLA - Smart Accomodation,https://www.hotelsdrop.com/hotel/isola-smart-accomodation-messina
info@messina41.it,Messina 41 CondHotel,https://www.hotelsdrop.com/hotel/messina-41-condhotel-messina
aparthotelcasamia@gmail.com,Aparthotel Casamia,https://www.hotelsdrop.com/hotel/aparthotel-casamia-milano
info@bedinmilanodamara.it,Bed & Breakfast da Mara,https://www.hotelsdrop.com/hotel/bed-breakfast-da-mara-milano
info@camonteggia.it,Ca' Monteggia Guest House,https://www.hotelsdrop.com/hotel/ca-monteggia-guest-house-milano
info@cvm19milan.com,CVM 19 - Boutique Rooms Milan,https://www.hotelsdrop.com/hotel/cvm-19-boutique-rooms-milan-milano
reservations@staydomya.com,DOMYA - Manzoni 25,https://www.hotelsdrop.com/hotel/domya-manzoni-25-milano
duomocollection30@gmail.com,Duomo Collection Milano,https://www.hotelsdrop.com/hotel/duomo-collection-milano-milano
info@experiencedesignmilano.com,Experience Design Bed & Show,https://www.hotelsdrop.com/hotel/experience-design-bed-show-milano
spiga@homacollection.it,HÕMA Spiga,https://www.hotelsdrop.com/hotel/homa-spiga-milano
info@homebbmilano.com,HOME BB MILANO,https://www.hotelsdrop.com/hotel/home-bb-milano-milano
reservations.hps@dorchestercollection.com,Hotel Principe di Savoia,https://www.hotelsdrop.com/hotel/hotel-principe-di-savoia-milan
info@loftghospitality.com,Loft G Hospitality,https://www.hotelsdrop.com/hotel/loft-g-hospitality-milano
info@m20milano.com,M20 Boutique Hotel,https://www.hotelsdrop.com/hotel/m20-boutique-hotel-milano
shevaboutiquemilano@gmail.com,Sheva Boutique Hotel,https://www.hotelsdrop.com/hotel/sheva-boutique-hotel-milano
info@hotelsospeso.com,Sospeso Boutique Hotel,https://www.hotelsdrop.com/hotel/sospeso-boutique-hotel-milano
info@thedreamsuites.it,The Dream Suites Milano Centro,https://www.hotelsdrop.com/hotel/the-dream-suites-milano-centro-milano
info@velvetgreymilano.com,Velvet Grey Boutique Hotel,https://www.hotelsdrop.com/hotel/velvet-grey-boutique-hotel-milano
victorboutiquehotel@gmail.com,Victor Boutique Hotel,https://www.hotelsdrop.com/hotel/victor-boutique-hotel-milano
info@bbigeamodena.it,B&B Igea.50,https://www.hotelsdrop.com/hotel/b-b-igea-50-modena
info@lenocidifeo.com,B&B Le Noci di Feo,https://www.hotelsdrop.com/hotel/b-b-le-noci-di-feo-modena
info@countryroomsmodena.com,Country Resort Modena,https://www.hotelsdrop.com/hotel/country-resort-modena-modena
info@emiliasuite.it,EMILIA SUITE PALACE,https://www.hotelsdrop.com/hotel/emilia-suite-palace-modena
lacasadelviandante@gmail.com,La Casa del Viandante,https://www.hotelsdrop.com/hotel/la-casa-del-viandante-modena
contact@globostay.com,Loft Albinelli,https://www.hotelsdrop.com/hotel/loft-albinelli-modena
info@salottodellearti.it,Salotto delle Arti,https://www.hotelsdrop.com/hotel/salotto-delle-arti-modena
support@readymag.com,Villa Argiolas Bed & Breakfast,https://www.hotelsdrop.com/hotel/villa-argiolas-bed-breakfast-modena
info@vicogrande.it,B&B Vico Grande,https://www.hotelsdrop.com/hotel/b-b-vico-grande-napoli
info@direloguesthouse.it,Direlo Guest House B&B,https://www.hotelsdrop.com/hotel/direlo-guest-house-b-b-napoli
info@downtownnapoli.com,Downtown Napoli b&b “E si nun canto Moro..”,https://www.hotelsdrop.com/hotel/downtown-napoli-b-b-e-si-nun-canto-moro-napoli
info@garibaldi136.it,Garibaldi 136,https://www.hotelsdrop.com/hotel/garibaldi-136-napoli
info@citygardenolbia.it,Affittacamere Olbia | Bed and Breakfast Olbia | City Garden Guest House |,https://www.hotelsdrop.com/hotel/affittacamere-olbia-bed-and-breakfast-olbia-city-olbia
simonettapadre@hotmail.com,B&B Bibiebò,https://www.hotelsdrop.com/hotel/b-b-bibiebo-olbia
piermarioserra@gmail.com,B&B La Casa di Pier,https://www.hotelsdrop.com/hotel/b-b-la-casa-di-pier-olbia
info@ispileroomsolbia.com,BARRILE'S - guest rooms - affittacamere,https://www.hotelsdrop.com/hotel/barrile-s-guest-rooms-affittacamere-olbia
gio.santoro@gmail.com,bbolbia,https://www.hotelsdrop.com/hotel/bbolbia-olbia
info@ispileroomsolbia.com,Bullerjanos _ Rooms in Olbia,https://www.hotelsdrop.com/hotel/bullerjanos-rooms-in-olbia-olbia
contatti@bedandbreakfastportoromano.it,Porto Romano Guest House,https://www.hotelsdrop.com/hotel/porto-romano-guest-house-olbia
lapiazzettaorvieto@gmail.com,Affittacamere La Piazzetta,https://www.hotelsdrop.com/hotel/affittacamere-la-piazzetta-orvieto
rosadiorvieto@gmail.com,Affittacamere La Rosa di Orvieto,https://www.hotelsdrop.com/hotel/affittacamere-la-rosa-di-orvieto-orvieto
info@casaselita.com,B&B CasaSelita,https://www.hotelsdrop.com/hotel/b-b-casaselita-orvieto
danilof.df@gmail.com,B&B Il Terrazzo,https://www.hotelsdrop.com/hotel/b-b-il-terrazzo-orvieto
catia@torrepolidoriorvieto.it,B&B TORRE POLIDORI,https://www.hotelsdrop.com/hotel/b-b-torre-polidori-orvieto
info@casaveraorvieto.it,Casa Vèra Orvieto Affittacamere Appartamenti Centro Storico,https://www.hotelsdrop.com/hotel/casa-vera-orvieto-affittacamere-appartamenti-cen-orvieto
info@bborvieto.com,Sant'Angelo 42,https://www.hotelsdrop.com/hotel/sant-angelo-42-orvieto
info@lemandolare.it,"Agriturismo ""Le Mandolare""",https://www.hotelsdrop.com/hotel/agriturismo-le-mandolare-albettone
agriaigiardini@gmail.com,Agriturismo ai Giardini,https://www.hotelsdrop.com/hotel/agriturismo-ai-giardini-padova
info@agriturismoalba.it,Agriturismo Alba,https://www.hotelsdrop.com/hotel/agriturismo-alba-baone
info@buonaterrabio.it,Agriturismo Biologico La Buona Terra,https://www.hotelsdrop.com/hotel/agriturismo-biologico-la-buona-terra-padova
info@cortedacqua.it,Agriturismo Corte d'acqua,https://www.hotelsdrop.com/hotel/agriturismo-corte-d-acqua-padova
alloggi@imarzemini.it,Agriturismo I Marzemini,https://www.hotelsdrop.com/hotel/agriturismo-i-marzemini-bagnoli-di-sopra
zattalino@libero.it,Agriturismo Il Castagneto - Appartamenti,https://www.hotelsdrop.com/hotel/agriturismo-il-castagneto-appartamenti-agugliaro
rino.romagnolo@libero.it,Agriturismo Il Passo,https://www.hotelsdrop.com/hotel/agriturismo-il-passo-padova
info@agriturmillefiori.it,Agriturismo Millefiori la Corte delle Rose,https://www.hotelsdrop.com/hotel/agriturismo-millefiori-la-corte-delle-rose-belfiore
agriturismopapaveriepapere@gmail.com,Agriturismo Papaveri e Papere di azienda agricola Bottazzin Raffaela e figli -Caltana Ve,https://www.hotelsdrop.com/hotel/agriturismo-papaveri-e-papere-di-azienda-agricol-arcade
info@terrebianche.it,Agriturismo Terre Bianche,https://www.hotelsdrop.com/hotel/agriturismo-terre-bianche-padova
info@verdecielo.it,Agriturismo Verdecielo,https://www.hotelsdrop.com/hotel/agriturismo-verdecielo-albignasego
info@alfiumepiovego.it,Al Fiume Piovego,https://www.hotelsdrop.com/hotel/al-fiume-piovego-padova
info@apartmentspadova.it,ApartmentsPadova,https://www.hotelsdrop.com/hotel/apartmentspadova-padova
info@laroccia.info,"Azienda agricola ""La Roccia"" di Martini Massimiliano",https://www.hotelsdrop.com/hotel/azienda-agricola-la-roccia-di-martini-massimilia-padova
info@montemoscalbo.it,Azienda Agrituristica Monte Boscalbò,https://www.hotelsdrop.com/hotel/azienda-agrituristica-monte-boscalbo-padova
info@bebalsantopadova.it,B&B al Santo,https://www.hotelsdrop.com/hotel/b-b-al-santo-padova
chezelisabeth1952@libero.it,B&B Chezelisabeth - Bed and Breakfast Padova Centro,https://www.hotelsdrop.com/hotel/b-b-chezelisabeth-bed-and-breakfast-padova-centr-padova
maxchiria@gmail.com,"B&B La stanza di Max Padova, via Sorio, Piazzale san giovanni",https://www.hotelsdrop.com/hotel/b-b-la-stanza-di-max-padova-via-sorio-piazzale-s-padova
hello@villamargherita.padova.it,B&B Villa Margherita | Luxury Rooms in Padua,https://www.hotelsdrop.com/hotel/b-b-villa-margherita-luxury-rooms-in-padua-padova
info@bbvillarosapadova.it,B&B Villa Rosa,https://www.hotelsdrop.com/hotel/b-b-villa-rosa-padova
beb.biosalix@gmail.com,Bed and Breakfast Bio Salix,https://www.hotelsdrop.com/hotel/bed-and-breakfast-bio-salix-padova
info@bedstudent.it,BedStudent - PadPad - The Best Rooms and Studios in Padova!,https://www.hotelsdrop.com/hotel/bedstudent-padpad-the-best-rooms-and-studios-in-padova
info@breadandbutter-rooms.com,Bread and Butter rooms,https://www.hotelsdrop.com/hotel/bread-and-butter-rooms-albignasego
bsuitesb@gmail.com,Bsuites Scrovegni,https://www.hotelsdrop.com/hotel/bsuites-scrovegni-padova
info@cadememi.it,Ca' de Memi,https://www.hotelsdrop.com/hotel/ca-de-memi-padova
info@cameratua.com,Camera Tua ®,https://www.hotelsdrop.com/hotel/camera-tua-padova
info@cameratua.com,Camera Tua ® | Affittacamere Paccagnella,https://www.hotelsdrop.com/hotel/camera-tua-affittacamere-paccagnella-padova
info@cameratua.com,Camera Tua ® | Jappelli Rooms,https://www.hotelsdrop.com/hotel/camera-tua-jappelli-rooms-padova
cantondelgallopadova@gmail.com,Canton del Gallo,https://www.hotelsdrop.com/hotel/canton-del-gallo-padova
info@casaalcarmine.it,Casa al Carmine,https://www.hotelsdrop.com/hotel/casa-al-carmine-padova
info@casabattisti.it,Casa Battisti,https://www.hotelsdrop.com/hotel/casa-battisti-padova
casagennyhouse@gmail.com,Casa Genny,https://www.hotelsdrop.com/hotel/casa-genny-padova
booking@casagiotto.it,Casa Giotto | Urban Luxury,https://www.hotelsdrop.com/hotel/casa-giotto-urban-luxury-padova
info@casalocatelli.it,Casa Locatelli,https://www.hotelsdrop.com/hotel/casa-locatelli-padova
casapatavina@gmail.com,Casa Patavina,https://www.hotelsdrop.com/hotel/casa-patavina-padova
santacaterinaesantantonio@gmail.com,Casa Santa Caterina,https://www.hotelsdrop.com/hotel/casa-santa-caterina-padova
civico57.info@gmail.com,CIVICO 57 Al Santo - PADOVA,https://www.hotelsdrop.com/hotel/civico-57-al-santo-padova-padova
info@colledelbarbarossa.com,Colle del Barbarossa,https://www.hotelsdrop.com/hotel/colle-del-barbarossa-padova
info@colombarafarmhouse.it,Colombara Farmhouse,https://www.hotelsdrop.com/hotel/colombara-farmhouse-campodoro
info@dadihome.it,Dadi Home,https://www.hotelsdrop.com/hotel/dadi-home-padova
info@dimoradibosco.it,Dimora di Bosco room & breakfast,https://www.hotelsdrop.com/hotel/dimora-di-bosco-room-breakfast-cin-it028072b4gum-campodoro
dimorainprato@bandj.it,DIMORA IN PRATO | Affittacamere in Prato della Valle,https://www.hotelsdrop.com/hotel/dimora-in-prato-affittacamere-in-prato-della-val-padova
info@eriklanger.it,Erik Langer Pedrocchi Suites,https://www.hotelsdrop.com/hotel/erik-langer-pedrocchi-suites-padova
info@gracehousepadova.it,Grace House Padova,https://www.hotelsdrop.com/hotel/grace-house-padova-padova
info@ilcasalealcolle.it,Il Casale al Colle,https://www.hotelsdrop.com/hotel/il-casale-al-colle-padova
info@filorossobeb.it,Il Filo Rosso B&B,https://www.hotelsdrop.com/hotel/il-filo-rosso-b-b-padova
giammy@lalanternabb.it,La Lanterna Guest House,https://www.hotelsdrop.com/hotel/la-lanterna-guest-house-padova
lrps@luxuryroomspd.com,Luxury Rooms Padova Station,https://www.hotelsdrop.com/hotel/luxury-rooms-padova-station-padova
montedegliaromi@gmail.com,Monte degli Aromi,https://www.hotelsdrop.com/hotel/monte-degli-aromi-padova
palazzogilberto@gmail.com,Palazzo Gilberto,https://www.hotelsdrop.com/hotel/palazzo-gilberto-albignasego
suite@palazzomantuabenavides.com,Palazzo Mantua Benavides,https://www.hotelsdrop.com/hotel/palazzo-mantua-benavides-padova
mail.ilmaestrale@gmail.com,Palazzo Vittoria Locazione Turistica,https://www.hotelsdrop.com/hotel/palazzo-vittoria-locazione-turistica-padova
pratodellavalle34@gmail.com,Prato della Valle 34 Apartments,https://www.hotelsdrop.com/hotel/prato-della-valle-34-apartments-padova
info@eremitaniresidence.it,Residence Eremitani,https://www.hotelsdrop.com/hotel/residence-eremitani-padova
info@santaluciasuites.it,Santa Lucia Suites,https://www.hotelsdrop.com/hotel/santa-lucia-suites-padova
bbisolamemmia@gmail.com,Suites Isola Memmia,https://www.hotelsdrop.com/hotel/suites-isola-memmia-padova
605a7baede844d278b89dc95ae0a9123@sentry-next.wixpress.com,Va Oltre - La Tenuta,https://www.hotelsdrop.com/hotel/va-oltre-la-tenuta-bovolenta
booking@welc-om.it,Welc-ōM Royal Garden Luxury Rooms,https://www.hotelsdrop.com/hotel/welc-om-royal-garden-luxury-rooms-padova
info@bbvivaldi.it,Bed and Breakfast Vivaldi,https://www.hotelsdrop.com/hotel/bed-and-breakfast-vivaldi-palermo
%20germanopucci@gmail.com,Palazzo Benso Bed and Breakfast,https://www.hotelsdrop.com/hotel/palazzo-benso-bed-and-breakfast-palermo
info@palazzosantagostino.eu,Palazzo Sant'Agostino,https://www.hotelsdrop.com/hotel/palazzo-sant-agostino-palermo
info@palermoinn.com,Palermo Inn Bed and Breakfast,https://www.hotelsdrop.com/hotel/palermo-inn-bed-and-breakfast-palermo
bbaparmaduomo@gmail.com,B&B A Parma Duomo,https://www.hotelsdrop.com/hotel/b-b-a-parma-duomo-parma
contatti@albattisterodoro.it,B&B Al Battistero d'Oro,https://www.hotelsdrop.com/hotel/b-b-al-battistero-d-oro-parma
legrazieparma@gmail.com,B&B Le Grazie,https://www.hotelsdrop.com/hotel/b-b-le-grazie-parma
info@operaparma.it,B&B Opera 1,https://www.hotelsdrop.com/hotel/b-b-opera-1-parma
info@poderemerlo.it,B&B Podere Merlo,https://www.hotelsdrop.com/hotel/b-b-podere-merlo-parma
bbsanfrancescoparma@gmail.com,B&B San Francesco,https://www.hotelsdrop.com/hotel/b-b-san-francesco-parma
info@piorooms.it,Pio Rooms,https://www.hotelsdrop.com/hotel/pio-rooms-parma
info@algiardinodialice.com,Al giardino di Alice B&B,https://www.hotelsdrop.com/hotel/al-giardino-di-alice-b-b-perugia
paola@beblenaiadi.com,B&B Alle Naiadi,https://www.hotelsdrop.com/hotel/b-b-alle-naiadi-perugia
info@housestellina.com,b&b housestellina,https://www.hotelsdrop.com/hotel/b-b-housestellina-perugia
lalocandadelleideepg@gmail.com,B&B La Locanda delle Idee Perugia,https://www.hotelsdrop.com/hotel/b-b-la-locanda-delle-idee-perugia-perugia
info@bbifioridimargherita.it,I Fiori di Margherita Luxury B&B,https://www.hotelsdrop.com/hotel/i-fiori-di-margherita-luxury-b-b-perugia
bebdadebora@libero.it,B&B da Debora,https://www.hotelsdrop.com/hotel/b-b-da-debora-pisa
bbguerrazzipisa@gmail.com,B&B Guerrazzi,https://www.hotelsdrop.com/hotel/b-b-guerrazzi-pisa
info@deicavalieri.pisa.it,Bed & Breakfast Dei Cavalieri / CIN IT050026B4PFBNPP82,https://www.hotelsdrop.com/hotel/bed-breakfast-dei-cavalieri-cin-it050026b4pfbnpp-pisa
bbsognando@gmail.com,"Bed and Breakfast ""Sognando verso la Torre"" Pisa",https://www.hotelsdrop.com/hotel/bed-and-breakfast-sognando-verso-la-torre-pisa-pisa
info@coloradohome.it,Colorado Home Bed and Breakfast,https://www.hotelsdrop.com/hotel/colorado-home-bed-and-breakfast-pisa
harmonyhouseprestige@gmail.com,Harmony House Prestige,https://www.hotelsdrop.com/hotel/harmony-house-prestige-pisa
info@hotelmariapisa.it,Hotel Maria Pisa Albergo 3 Stelle,https://www.hotelsdrop.com/hotel/hotel-maria-pisa-albergo-3-stelle-pisa
info@guest-house.it,Michele Guest House Bed and Breakfast,https://www.hotelsdrop.com/hotel/michele-guest-house-bed-and-breakfast-pisa
info@mammarosapositano.com,B&B Mamma Rosa,https://www.hotelsdrop.com/hotel/b-b-mamma-rosa-positano
info@baciodelsole.com,Bacio del Sole B&B,https://www.hotelsdrop.com/hotel/bacio-del-sole-b-b-positano
vegascermino@gmail.com,Bed and Breakfast Salerno,https://www.hotelsdrop.com/hotel/bed-and-breakfast-salerno-positano
info@colledellara.it,Casa Mariagrazia b&b Positano,https://www.hotelsdrop.com/hotel/casa-mariagrazia-b-b-positano-positano
info@colledellara.it,Colle dell'ara B&B,https://www.hotelsdrop.com/hotel/colle-dell-ara-b-b-positano
info@casateresapositano.com,Hotel Casa Teresa,https://www.hotelsdrop.com/hotel/hotel-casa-teresa-positano
info@santiesaraceni.it,Santi e Saraceni,https://www.hotelsdrop.com/hotel/santi-e-saraceni-positano
sleepingpositano@yahoo.it,"VENUS Inn, B&B Positano",https://www.hotelsdrop.com/hotel/venus-inn-b-b-positano-positano
info@hotelbyron.com,Hotel Centrale Byron,https://www.hotelsdrop.com/hotel/hotel-centrale-byron-ravenna
info@maisondegliartisti.it,Maison degli Artisti,https://www.hotelsdrop.com/hotel/maison-degli-artisti-ravenna
info@valentinorooms.it,Valentino Luxury Rooms | B&B Ravenna,https://www.hotelsdrop.com/hotel/valentino-luxury-rooms-b-b-ravenna-ravenna
info@torrionehotel.it,Torrione Hotel,https://www.hotelsdrop.com/hotel/torrione-hotel-reggio-di-calabria
info@townhousecavour.it,Town House Morgana,https://www.hotelsdrop.com/hotel/town-house-morgana-reggio-di-calabria
info@triproomrc.com,Trip Room & Breakfast,https://www.hotelsdrop.com/hotel/trip-room-breakfast-reggio-di-calabria
info@acasadanoi.it,A casa da noi,https://www.hotelsdrop.com/hotel/a-casa-da-noi-rimini
ausonia@hotelinrimini.it,Hotel Ausonia B&B RiMiNi - Sito Ufficiale,https://www.hotelsdrop.com/hotel/hotel-ausonia-b-b-rimini-sito-ufficiale-rimini
info@hotelardearimini.it,Hotel B&B Ardea Rimini,https://www.hotelsdrop.com/hotel/hotel-b-b-ardea-rimini-rimini
%20agriturismobellu@tiscali.it,Agriturismo Bellu,https://www.hotelsdrop.com/hotel/agriturismo-bellu-abbasanta
info@sanea.it,Agriturismo S'Anea,https://www.hotelsdrop.com/hotel/agriturismo-s-anea-abbasanta
info@bbilcovo.com,Bed & Breakfast Il Covo Roma,https://www.hotelsdrop.com/hotel/bed-breakfast-il-covo-roma-roma
info@bedandbest.it,Bed And Best,https://www.hotelsdrop.com/hotel/bed-and-best-roma
info@gioiabedandbreakfast.com,Gioia Bed and Breakfast,https://www.hotelsdrop.com/hotel/gioia-bed-and-breakfast-roma
reservations.derussie@roccofortehotels.com,Hotel de Russie,https://www.hotelsdrop.com/hotel/hotel-de-russie-rome
reservations.her@dorchestercollection.com,Hotel Eden,https://www.hotelsdrop.com/hotel/hotel-eden-rome
info@hotelhassler.it,Hotel Hassler Roma,https://www.hotelsdrop.com/hotel/hotel-hassler-roma
pantaleorooms@gmail.com,Residenza Pantaleo Bed & Breakfast Roma,https://www.hotelsdrop.com/hotel/residenza-pantaleo-bed-breakfast-roma-roma
romhiwa.reservations@hilton.com,"Rome Cavalieri, A Waldorf Astoria Hotel",https://www.hotelsdrop.com/hotel/rome-cavalieri-a-waldorf-astoria-hotel-roma
glamourcenterofrome@gmail.com,The Center of Rome Bed and Breakfast,https://www.hotelsdrop.com/hotel/the-center-of-rome-bed-and-breakfast-roma
info@vintohouse.com,Vinto House Downtown,https://www.hotelsdrop.com/hotel/vinto-house-downtown-salerno
info@bebilfienile.it,Bed and Breakfast Il Fienile,https://www.hotelsdrop.com/hotel/bed-and-breakfast-il-fienile-san-gimignano
info@duccionaccirooms.it,Duccio Nacci Rooms-guest house,https://www.hotelsdrop.com/hotel/duccio-nacci-rooms-guest-house-san-gimignano
info.undicilune@gmail.com,Le Undici Lune,https://www.hotelsdrop.com/hotel/le-undici-lune-san-gimignano
info@palazzobuonaccorsi.it,Palazzo Buonaccorsi Residenza d'Epoca,https://www.hotelsdrop.com/hotel/palazzo-buonaccorsi-residenza-d-epoca-san-gimignano
info@poderesantelena.com,Podere Sant'Elena Bed Breakfast San Gimignano,https://www.hotelsdrop.com/hotel/podere-sant-elena-bed-breakfast-san-gimignano-san-gimignano
info@villaalbasangimignano.it,Villa Alba Bed & Breakfast,https://www.hotelsdrop.com/hotel/villa-alba-bed-breakfast-san-gimignano
raimondo.rizzu@14bnb.it,14bnb,https://www.hotelsdrop.com/hotel/14bnb-sassari
support@centralstay.eu,B.I.C. (bnb in centro),https://www.hotelsdrop.com/hotel/b-i-c-bnb-in-centro-sassari
caffe2000@virgilio.it,B&B 2000 - Bed and Breakfast,https://www.hotelsdrop.com/hotel/b-b-2000-bed-and-breakfast-sassari
support@localsmalltour.com,B&B La Terrazza di Anna,https://www.hotelsdrop.com/hotel/b-b-la-terrazza-di-anna-sassari
infosognoallegro@gmail.com,Bed and Breakfast Sogno Allegro a Sassari,https://www.hotelsdrop.com/hotel/bed-and-breakfast-sogno-allegro-a-sassari-sassari
casariston@gmail.comtelefono,Casa Ariston,https://www.hotelsdrop.com/hotel/casa-ariston-sassari
morfeo.bnb@gmail.com,Morfeo Bed and Breakfast,https://www.hotelsdrop.com/hotel/morfeo-bed-and-breakfast-sassari
info@albergobernini.com,Albergo Bernini,https://www.hotelsdrop.com/hotel/albergo-bernini-siena
info@senesino.it,B&B Il Senesino,https://www.hotelsdrop.com/hotel/b-b-il-senesino-siena
bebvillafiorita@gmail.com,Bed & Breakfast Villa Fiorita Siena,https://www.hotelsdrop.com/hotel/bed-breakfast-villa-fiorita-siena-siena
info@cabiancasiena.com,Ca' Bianca Tuscany Relais,https://www.hotelsdrop.com/hotel/ca-bianca-tuscany-relais-siena
info@casalevirgili.it,Casale Virgili,https://www.hotelsdrop.com/hotel/casale-virgili-siena
hospitality@battisterosiena.com,Il Battistero Siena - Residenza d'epoca,https://www.hotelsdrop.com/hotel/il-battistero-siena-residenza-d-epoca-siena
info@bbpalazzobulgarini.com,Palazzo Bulgarini,https://www.hotelsdrop.com/hotel/palazzo-bulgarini-siena
info@palazzodelmagnifico.it,Palazzo del Magnifico,https://www.hotelsdrop.com/hotel/palazzo-del-magnifico-siena
laterradiarchimede@gmail.com,BeB La Terra di Archimede Siracusa,https://www.hotelsdrop.com/hotel/beb-la-terra-di-archimede-siracusa-siracusa
dolcesorrisobb39@gmail.com,Bed & Breakfast Dolce Sorriso,https://www.hotelsdrop.com/hotel/bed-breakfast-dolce-sorriso-siracusa
info@guesthouse-elettra.com,"Guest House Elettra ""service B&B""",https://www.hotelsdrop.com/hotel/guest-house-elettra-service-b-b-siracusa
info@sannicolasiracusa.com,San Nicola Rooms Siracusa,https://www.hotelsdrop.com/hotel/san-nicola-rooms-siracusa-siracusa
siracusa.ortigia.by.duomo@gmail.com,Siracusa Ortigia by Duomo,https://www.hotelsdrop.com/hotel/siracusa-ortigia-by-duomo-siracusa
info@palazzosaltovar.it,Bed and Breakfast Palazzo Saltovar,https://www.hotelsdrop.com/hotel/bed-and-breakfast-palazzo-saltovar-sorrento
info@sorrentoflats.com,Boutique Hotel Sorrento Flats,https://www.hotelsdrop.com/hotel/boutique-hotel-sorrento-flats-sorrento
lastradaparlata@gmail.com,La Strada Parlata,https://www.hotelsdrop.com/hotel/la-strada-parlata-sorrento
info@palazzospasiano.com,Palazzo Spasiano,https://www.hotelsdrop.com/hotel/palazzo-spasiano-sorrento
info@belvederesorrento.com,Sorrento Belvedere B&B,https://www.hotelsdrop.com/hotel/sorrento-belvedere-b-b-sorrento
info@surrientosuites.com,Surriento Suites B&B,https://www.hotelsdrop.com/hotel/surriento-suites-b-b-sorrento
info@vhome.it,Vhome B&B,https://www.hotelsdrop.com/hotel/vhome-b-b-sorrento
info@bedandbreakfastdionisio.com,B&B Dionisio a Taormina,https://www.hotelsdrop.com/hotel/b-b-dionisio-a-taormina-taormina
info@bbevelyne.com,B&B Evelyne,https://www.hotelsdrop.com/hotel/b-b-evelyne-taormina
info@bedandbreakfastgiulia.it,B&B Giulia,https://www.hotelsdrop.com/hotel/b-b-giulia-taormina
ladyhill.tao@gmail.com,Lady Hill B&B - Taormina,https://www.hotelsdrop.com/hotel/lady-hill-b-b-taormina-taormina
info@art-to.it,ART'To,https://www.hotelsdrop.com/hotel/art-to-torino
info@lacasadiflora.it,B&B La casa di Flora,https://www.hotelsdrop.com/hotel/b-b-la-casa-di-flora-torino
lasavoiarda@gmail.com,B&B La Savoiarda,https://www.hotelsdrop.com/hotel/b-b-la-savoiarda-torino
info@bemate.com,Be Mate Torino Centro,https://www.hotelsdrop.com/hotel/be-mate-torino-centro-torino
casaganci@gmail.com,Casa Ganci,https://www.hotelsdrop.com/hotel/casa-ganci-torino
info@goldenpalaceweb.com,Golden Palace Hotel,https://www.hotelsdrop.com/hotel/golden-palace-hotel-torino
info@principidipiemonte.com,Principi di Piemonte,https://www.hotelsdrop.com/hotel/principi-di-piemonte-torino
info@turinartexperience.com,Turin Art Experience Bed & Breakfast,https://www.hotelsdrop.com/hotel/turin-art-experience-bed-breakfast-torino
info@ilprofumodelporto.it,B&B Il profumo del porto,https://www.hotelsdrop.com/hotel/b-b-il-profumo-del-porto-trapani
info@terrazzevillanova.it,Bed & Breakfast Terrazze Villanova,https://www.hotelsdrop.com/hotel/bed-breakfast-terrazze-villanova-trapani
info@bebilcavaliere.com,Bed And Breakfast Il Cavaliere,https://www.hotelsdrop.com/hotel/bed-and-breakfast-il-cavaliere-trapani
info@ilquadrifogliobb.it,Bed and Breakfast Il Quadrifoglio a Trapani - Casa Vacanze Trapani,https://www.hotelsdrop.com/hotel/bed-and-breakfast-il-quadrifoglio-a-trapani-casa-trapani
bebspalti52@gmail.com,Bed and Breakfast Via Spalti 52,https://www.hotelsdrop.com/hotel/bed-and-breakfast-via-spalti-52-trapani
latrinacriarooms@gmail.com,La Trinacria Rooms,https://www.hotelsdrop.com/hotel/la-trinacria-rooms-trapani
tetivacanze@gmail.com,Teti Sea View Rooms & Apts. Trapani City Center,https://www.hotelsdrop.com/hotel/teti-sea-view-rooms-apts-trapani-city-center-trapani
vidaroomstrapani@gmail.com,Vida Rooms,https://www.hotelsdrop.com/hotel/vida-rooms-trapani
info@bbeden.it,B&B Eden,https://www.hotelsdrop.com/hotel/b-b-eden-trento
info@bbmargot.com,B&B Margot Trento,https://www.hotelsdrop.com/hotel/b-b-margot-trento-trento
bbelisatrento@gmail.com,B&B Palazzo Malfatti,https://www.hotelsdrop.com/hotel/b-b-palazzo-malfatti-trento
info@piedicastellobeb.it,B&B PIEDICASTELLO,https://www.hotelsdrop.com/hotel/b-b-piedicastello-trento
trentonelverde@gmail.com,B&B Trento nel Verde,https://www.hotelsdrop.com/hotel/b-b-trento-nel-verde-trento
ristopat@tiscali.it,Bed E Breakfast Ai Tre Portoni,https://www.hotelsdrop.com/hotel/bed-e-breakfast-ai-tre-portoni-trento
info@hotelaldostrento.it,Hotel al Dos Trento - Breakfast & private SPA,https://www.hotelsdrop.com/hotel/hotel-al-dos-trento-breakfast-private-spa-trento
info@houseofbruno.com,House of Bruno Rooms & Apartments,https://www.hotelsdrop.com/hotel/house-of-bruno-rooms-apartments-trento
info@souloftrento.it,"Soul of Trento - Vicolo del Vo, 27",https://www.hotelsdrop.com/hotel/soul-of-trento-vicolo-del-vo-27-trento
info@ponterossosuite.com,Ponterosso Suite,https://www.hotelsdrop.com/hotel/ponterosso-suite-trieste
info@vecchiocastellotropea.it,B&B Al Vecchio Castello,https://www.hotelsdrop.com/hotel/b-b-al-vecchio-castello-tropea
casalepietrantica@libero.it,B&B Casale Pietrantica Tropea,https://www.hotelsdrop.com/hotel/b-b-casale-pietrantica-tropea-tropea
bbilarytropea@gmail.com,B&B ILary Tropea,https://www.hotelsdrop.com/hotel/b-b-ilary-tropea-tropea
info@sunset-tropea.com,B&B Sunset Tropea,https://www.hotelsdrop.com/hotel/b-b-sunset-tropea-tropea
bellatropeaaccommodation@gmail.com,Bella Tropea Accommodation,https://www.hotelsdrop.com/hotel/bella-tropea-accommodation-tropea
pepeaccomodation@libero.it,Pepè Accommodation Bed and breakfast,https://www.hotelsdrop.com/hotel/pepe-accommodation-bed-and-breakfast-tropea
tropeacasascirocco@gmail.com,Tropea Casa Scirocco CIN IT102044B4EECW6KF8,https://www.hotelsdrop.com/hotel/tropea-casa-scirocco-cin-it102044b4eecw6kf8-tropea
info@villagarden.eu,Villa Garden Tropea,https://www.hotelsdrop.com/hotel/villa-garden-tropea-tropea
605a7baede844d278b89dc95ae0a9123@sentry-next.wixpress.com,Villa Liberty Urbino,https://www.hotelsdrop.com/hotel/villa-liberty-urbino-urbino
book@hotelvacationvenice.com,Alloggi Vacation Venice,https://www.hotelsdrop.com/hotel/alloggi-vacation-venice-venezia
info@angelesinnvenice.com,Angeles Inn Venice,https://www.hotelsdrop.com/hotel/angeles-inn-venice-venezia
info@bedandbreakfastalteatro.com,B&B Al Teatro,https://www.hotelsdrop.com/hotel/b-b-al-teatro-venezia
info@vistasulcanalgrande.it,B&B Vista sul Canal Grande,https://www.hotelsdrop.com/hotel/b-b-vista-sul-canal-grande-venezia
info@bbyouandme.com,Bed and Breakfast you and me,https://www.hotelsdrop.com/hotel/bed-and-breakfast-you-and-me-venezia
cadalisera1386@gmail.com,Ca Dalisera B&B Venezia,https://www.hotelsdrop.com/hotel/ca-dalisera-b-b-venezia-venezia
info@venicerent.it,Ca' Rielo,https://www.hotelsdrop.com/hotel/ca-rielo-venezia
charmingsantafosca@gmail.com,Charming Palace Santa Fosca,https://www.hotelsdrop.com/hotel/charming-palace-santa-fosca-venezia
venicehub2022@gmail.com,Dream Hub Hotel,https://www.hotelsdrop.com/hotel/dream-hub-hotel-venezia
info@guesthousetrainstation.com,Guest House Train Station,https://www.hotelsdrop.com/hotel/guest-house-train-station-venezia
info@hotelorion.it,Hotel Orion,https://www.hotelsdrop.com/hotel/hotel-orion-venezia
sammer@hostelsclub.com,Hotel Rossi,https://www.hotelsdrop.com/hotel/hotel-rossi-venezia
info@marconihouse.it,Marconi House & Lodge,https://www.hotelsdrop.com/hotel/marconi-house-lodge-venezia
info@oceanomarebb.com,Oceano Mare B&B Venezia,https://www.hotelsdrop.com/hotel/oceano-mare-b-b-venezia-venezia
info@palazzobembo.com,Palazzo Bembo - Exclusive Accommodation,https://www.hotelsdrop.com/hotel/palazzo-bembo-exclusive-accommodation-venezia
palazzotittivenice@gmail.com,Palazzo Ti-tti Rialto Suites,https://www.hotelsdrop.com/hotel/palazzo-ti-tti-rialto-suites-venezia
info@rimonplace.com,Rimon Place,https://www.hotelsdrop.com/hotel/rimon-place-venezia
info@lagunablumestre.com,Rooms LagunaBlu Mestre,https://www.hotelsdrop.com/hotel/rooms-lagunablu-mestre-venezia
royalsuitesvenice@gmail.com,Royal Suites Venice,https://www.hotelsdrop.com/hotel/royal-suites-venice-venezia
10minbb@gmail.com,10 Minutes B&B Bed & Breakfast,https://www.hotelsdrop.com/hotel/10-minutes-b-b-bed-breakfast-verona
info@allarivaverona.it,Alla Riva Camere Verona,https://www.hotelsdrop.com/hotel/alla-riva-camere-verona-verona
info@arielverona.com,Ariel Bed & Breakfast Verona,https://www.hotelsdrop.com/hotel/ariel-bed-breakfast-verona-verona
info@agliorti.it,B&B agli Orti,https://www.hotelsdrop.com/hotel/b-b-agli-orti-verona
info@al19.it,B&B al 19,https://www.hotelsdrop.com/hotel/b-b-al-19-verona
info@allacasadilucia.it,B&B Alla Casa di Lucia,https://www.hotelsdrop.com/hotel/b-b-alla-casa-di-lucia-verona
darioperusi@alice.it,B&B Orti di Spagna,https://www.hotelsdrop.com/hotel/b-b-orti-di-spagna-verona
bebvalverde@gmail.com,B&B Valverde,https://www.hotelsdrop.com/hotel/b-b-valverde-verona
info@bbveronacentro.it,B&B Verona Centro,https://www.hotelsdrop.com/hotel/b-b-verona-centro-verona
info@vicolo22.it,BB Vicolo 22 locazione turistica,https://www.hotelsdrop.com/hotel/bb-vicolo-22-locazione-turistica-verona
bbarenaverona@gmail.com,Bed & Bra,https://www.hotelsdrop.com/hotel/bed-bra-verona
info@casababbuino.com,Casa Babbuino,https://www.hotelsdrop.com/hotel/casa-babbuino-verona
casafloraverona@gmail.com,Casa Flora Verona,https://www.hotelsdrop.com/hotel/casa-flora-verona-verona
info@casafola.com,Casa Fola - City Centre Rooms,https://www.hotelsdrop.com/hotel/casa-fola-city-centre-rooms-verona
info@casavittoriabb.it,Casa Vittoria,https://www.hotelsdrop.com/hotel/casa-vittoria-verona
3929276445info@corterealdi.com,Corte Realdi Suites,https://www.hotelsdrop.com/hotel/corte-realdi-suites-verona
3929276445info@corterealdi.com,Corte Realdi Suites Arena Verona,https://www.hotelsdrop.com/hotel/corte-realdi-suites-arena-verona-verona
learche.verona@gmail.com,Delle Rose Rooms - Le Arche Verona,https://www.hotelsdrop.com/hotel/delle-rose-rooms-le-arche-verona-verona
info@dolcenotteverona.com,Dolce Notte B&B,https://www.hotelsdrop.com/hotel/dolce-notte-b-b-verona
domus44verona@gmail.com,Domus 44 Rooms - Porta Nuova,https://www.hotelsdrop.com/hotel/domus-44-rooms-porta-nuova-verona
gabriellirooms@gmail.com,Gabrielli Rooms & Apartments - Alloggio # 2 (Porta Palio),https://www.hotelsdrop.com/hotel/gabrielli-rooms-apartments-alloggio-2-porta-pali-verona
casaalgiardinogiusti@gmail.com,Giardino Giusti House & Court,https://www.hotelsdrop.com/hotel/giardino-giusti-house-court-verona
info@hoteltorcolo.it,Hotel Torcolo (Residenze del Cuore),https://www.hotelsdrop.com/hotel/hotel-torcolo-residenze-del-cuore-verona
info@lacasadigreta.com,La Casa di Greta,https://www.hotelsdrop.com/hotel/la-casa-di-greta-verona
info@cortedigiulietta.it,La Corte di Giulietta Exclusive Suites,https://www.hotelsdrop.com/hotel/la-corte-di-giulietta-exclusive-suites-verona
info@magnoliaverona.it,La Magnolia - House,https://www.hotelsdrop.com/hotel/la-magnolia-house-verona
info@lamaisondecharmeverona.com,La Maison De Charme ROOMS,https://www.hotelsdrop.com/hotel/la-maison-de-charme-rooms-verona
info@lamerope.com,La Merope Guest House de Charme,https://www.hotelsdrop.com/hotel/la-merope-guest-house-de-charme-verona
winerelais@massimago.com,Massimago - Wine Suites,https://www.hotelsdrop.com/hotel/massimago-wine-suites-verona
naboovr@gmail.com,Naboo B&B Verona,https://www.hotelsdrop.com/hotel/naboo-b-b-verona-verona
ospite@nicchiaverona.it,Nicchia,https://www.hotelsdrop.com/hotel/nicchia-verona
info@operaetlove.it,Opera Et Love | B&B a Verona Centro,https://www.hotelsdrop.com/hotel/opera-et-love-b-b-a-verona-centro-verona
relearbb@gmail.com,Re Lear Apartments,https://www.hotelsdrop.com/hotel/re-lear-apartments-verona
residenzaalcastello@gmail.com,Residenza al Castello,https://www.hotelsdrop.com/hotel/residenza-al-castello-verona
book@residenzabonifacio.it,Residenza Bonifacio,https://www.hotelsdrop.com/hotel/residenza-bonifacio-verona
residenzaelisabetta@gmail.com,Residenza Elisabetta,https://www.hotelsdrop.com/hotel/residenza-elisabetta-verona
info@residenzasanfaustino.it,Residenza San Faustino | B&B Verona,https://www.hotelsdrop.com/hotel/residenza-san-faustino-b-b-verona-verona
rentalroomsgroup@gmail.com,Rigoletto Rental Rooms,https://www.hotelsdrop.com/hotel/rigoletto-rental-rooms-verona
info@sannicolo3.com,San Nicolò 3,https://www.hotelsdrop.com/hotel/san-nicolo-3-verona
info@suitedigiulietta.it,Suite di Giulietta,https://www.hotelsdrop.com/hotel/suite-di-giulietta-verona
info@veronarooms.com,Verona Rooms,https://www.hotelsdrop.com/hotel/verona-rooms-verona
info@veronajourneys.com,VERONETTA 52,https://www.hotelsdrop.com/hotel/veronetta-52-verona
